recipe_ingredient_code,recipe_code,ingredient_code,quantity,unit,is_optional,quantity_status,raw_text,source
RIN-F1C131CBACE0,RCP-MVP-001,ING-BERAS-MEDIUM,160,g,false,curated,,TAKARKUY kurasi MVP
RIN-D61F682A90BB,RCP-MVP-001,ING-TELUR-AYAM-BROILER,120,g,false,curated,,TAKARKUY kurasi MVP
RIN-4F40C2663546,RCP-MVP-001,ING-TOMAT,100,g,false,curated,,TAKARKUY kurasi MVP
RIN-CC11F2DBBC23,RCP-MVP-001,ING-BAWANG-MERAH,40,g,false,curated,,TAKARKUY kurasi MVP
RIN-224BC8EBA8C4,RCP-MVP-001,ING-MINYAK-GORENG-CURAH,12,g,false,curated,,TAKARKUY kurasi MVP
RIN-C80E0CFCDF67,RCP-MVP-002,ING-BERAS-MEDIUM,160,g,false,curated,,TAKARKUY kurasi MVP
RIN-E70457D33B3A,RCP-MVP-002,ING-DAGING-AYAM-BROILER,240,g,false,curated,,TAKARKUY kurasi MVP
RIN-BB4589E6A2BE,RCP-MVP-002,ING-BAWANG-MERAH,50,g,false,curated,,TAKARKUY kurasi MVP
RIN-C566A34DC1CB,RCP-MVP-002,ING-BAWANG-PUTIH,18,g,false,curated,,TAKARKUY kurasi MVP
RIN-6A18D22A0FBC,RCP-MVP-002,ING-MINYAK-GORENG-CURAH,12,g,false,curated,,TAKARKUY kurasi MVP
RIN-3C5E6FF9C9AE,RCP-MVP-003,ING-BERAS-MEDIUM,150,g,false,curated,,TAKARKUY kurasi MVP
RIN-4F5240F0B3BC,RCP-MVP-003,ING-TEMPE,200,g,false,curated,,TAKARKUY kurasi MVP
RIN-C566F7705A08,RCP-MVP-003,ING-CABAI-MERAH-KERITING,35,g,false,curated,,TAKARKUY kurasi MVP
RIN-62667AE81CD1,RCP-MVP-003,ING-BAWANG-MERAH,40,g,false,curated,,TAKARKUY kurasi MVP
RIN-9501476BAF58,RCP-MVP-003,ING-MINYAK-GORENG-CURAH,14,g,false,curated,,TAKARKUY kurasi MVP
RIN-5B8DA6E50B7C,RCP-MVP-004,ING-BERAS-MEDIUM,150,g,false,curated,,TAKARKUY kurasi MVP
RIN-8EF5F7ADC6D5,RCP-MVP-004,ING-TAHU-PUTIH,260,g,false,curated,,TAKARKUY kurasi MVP
RIN-57985CA2B63A,RCP-MVP-004,ING-BUNCIS,180,g,false,curated,,TAKARKUY kurasi MVP
RIN-4E0034E0A5C7,RCP-MVP-004,ING-BAWANG-PUTIH,16,g,false,curated,,TAKARKUY kurasi MVP
RIN-B75604D9CB30,RCP-MVP-004,ING-MINYAK-GORENG-CURAH,14,g,false,curated,,TAKARKUY kurasi MVP
RIN-472BFF6D590A,RCP-MVP-005,ING-BERAS-MEDIUM,150,g,false,curated,,TAKARKUY kurasi MVP
RIN-1876DC1032A8,RCP-MVP-005,ING-UDANG,240,g,false,curated,,TAKARKUY kurasi MVP
RIN-43EF9B4C75CD,RCP-MVP-005,ING-TOMAT,150,g,false,curated,,TAKARKUY kurasi MVP
RIN-9515AAC9BE63,RCP-MVP-005,ING-BAWANG-PUTIH,16,g,false,curated,,TAKARKUY kurasi MVP
RIN-73E58C82312C,RCP-MVP-005,ING-MINYAK-GORENG-CURAH,14,g,false,curated,,TAKARKUY kurasi MVP
RIN-47AC7C81C4F5,RCP-MVP-006,ING-BERAS-MEDIUM,150,g,false,curated,,TAKARKUY kurasi MVP
RIN-DBCF5A7F7D03,RCP-MVP-006,ING-IKAN-KEMBUNG,260,g,false,curated,,TAKARKUY kurasi MVP
RIN-F5A0FF6154BB,RCP-MVP-006,ING-CABAI-MERAH-KERITING,30,g,false,curated,,TAKARKUY kurasi MVP
RIN-C4E8F1AE6930,RCP-MVP-006,ING-BAWANG-MERAH,45,g,false,curated,,TAKARKUY kurasi MVP
RIN-371CDECF2E1E,RCP-MVP-006,ING-MINYAK-GORENG-CURAH,15,g,false,curated,,TAKARKUY kurasi MVP
RIN-233D7A924CBB,RCP-MVP-007,ING-BERAS-MEDIUM,150,g,false,curated,,TAKARKUY kurasi MVP
RIN-9965F65B24C0,RCP-MVP-007,ING-IKAN-BANDENG,260,g,false,curated,,TAKARKUY kurasi MVP
RIN-2B525B2A3574,RCP-MVP-007,ING-TOMAT,130,g,false,curated,,TAKARKUY kurasi MVP
RIN-922130544EE1,RCP-MVP-007,ING-BAWANG-MERAH,45,g,false,curated,,TAKARKUY kurasi MVP
RIN-BECA02F14297,RCP-MVP-007,ING-MINYAK-GORENG-CURAH,15,g,false,curated,,TAKARKUY kurasi MVP
RIN-59A2454B0FEC,RCP-MVP-008,ING-BERAS-MEDIUM,150,g,false,curated,,TAKARKUY kurasi MVP
RIN-E0AD25C55670,RCP-MVP-008,ING-DAGING-SAPI,220,g,false,curated,,TAKARKUY kurasi MVP
RIN-CCA50A801F3E,RCP-MVP-008,ING-CABAI-RAWIT-MERAH,18,g,false,curated,,TAKARKUY kurasi MVP
RIN-489DB8CAFD47,RCP-MVP-008,ING-BAWANG-MERAH,45,g,false,curated,,TAKARKUY kurasi MVP
RIN-D773ACCCCA40,RCP-MVP-008,ING-MINYAK-GORENG-CURAH,15,g,false,curated,,TAKARKUY kurasi MVP
RIN-BA0775C7797A,RCP-MVP-009,ING-KANGKUNG,300,g,false,curated,,TAKARKUY kurasi MVP
RIN-59096A3DC345,RCP-MVP-009,ING-TEMPE,220,g,false,curated,,TAKARKUY kurasi MVP
RIN-45F0010197D8,RCP-MVP-009,ING-BAWANG-MERAH,45,g,false,curated,,TAKARKUY kurasi MVP
RIN-8B5D70FB64C1,RCP-MVP-009,ING-BAWANG-PUTIH,15,g,false,curated,,TAKARKUY kurasi MVP
RIN-E121179A803B,RCP-MVP-009,ING-MINYAK-GORENG-CURAH,15,g,false,curated,,TAKARKUY kurasi MVP
RIN-96C043FD1962,RCP-MVP-010,ING-BAYAM,280,g,false,curated,,TAKARKUY kurasi MVP
RIN-9147C0633551,RCP-MVP-010,ING-TAHU-PUTIH,260,g,false,curated,,TAKARKUY kurasi MVP
RIN-A19A45FA34F9,RCP-MVP-010,ING-BAWANG-PUTIH,16,g,false,curated,,TAKARKUY kurasi MVP
RIN-5DB9E6DA304D,RCP-MVP-010,ING-MINYAK-GORENG-CURAH,14,g,false,curated,,TAKARKUY kurasi MVP
RIN-AC68CAB7228B,RCP-MVP-011,ING-DAGING-AYAM-BROILER,220,g,false,curated,,TAKARKUY kurasi MVP
RIN-424537592E19,RCP-MVP-011,ING-WORTEL,180,g,false,curated,,TAKARKUY kurasi MVP
RIN-BD418AF7EEA8,RCP-MVP-011,ING-KENTANG,260,g,false,curated,,TAKARKUY kurasi MVP
RIN-6C9A2CC0C608,RCP-MVP-011,ING-BAWANG-MERAH,35,g,false,curated,,TAKARKUY kurasi MVP
RIN-071C49BAE9A5,RCP-MVP-012,ING-UDANG,200,g,false,curated,,TAKARKUY kurasi MVP
RIN-3BE4B654EF59,RCP-MVP-012,ING-JAGUNG-MANIS,260,g,false,curated,,TAKARKUY kurasi MVP
RIN-65BE818EAF99,RCP-MVP-012,ING-TOMAT,120,g,false,curated,,TAKARKUY kurasi MVP
RIN-E618F34B052D,RCP-MVP-012,ING-BAWANG-MERAH,35,g,false,curated,,TAKARKUY kurasi MVP
RIN-5ACDF5F03AE5,RCP-MVP-013,ING-TELUR-AYAM-BROILER,180,g,false,curated,,TAKARKUY kurasi MVP
RIN-6A29C5784D67,RCP-MVP-013,ING-BUNCIS,220,g,false,curated,,TAKARKUY kurasi MVP
RIN-E64C8FA59626,RCP-MVP-013,ING-BAWANG-MERAH,45,g,false,curated,,TAKARKUY kurasi MVP
RIN-B697F2587E76,RCP-MVP-013,ING-MINYAK-GORENG-CURAH,12,g,false,curated,,TAKARKUY kurasi MVP
RIN-77D31A5C378A,RCP-MVP-014,ING-TELUR-AYAM-BROILER,180,g,false,curated,,TAKARKUY kurasi MVP
RIN-803ACBA9E06E,RCP-MVP-014,ING-PAKCOY,200,g,false,curated,,TAKARKUY kurasi MVP
RIN-AB0E8883C3A3,RCP-MVP-014,ING-BAWANG-PUTIH,14,g,false,curated,,TAKARKUY kurasi MVP
RIN-522C81985E41,RCP-MVP-014,ING-MINYAK-GORENG-CURAH,12,g,false,curated,,TAKARKUY kurasi MVP
RIN-2743926F4771,RCP-MVP-015,ING-SINGKONG,300,g,false,curated,,TAKARKUY kurasi MVP
RIN-8BB46FD8F48D,RCP-MVP-015,ING-DAGING-AYAM-BROILER,220,g,false,curated,,TAKARKUY kurasi MVP
RIN-A90359937C3B,RCP-MVP-015,ING-CABAI-MERAH-KERITING,30,g,false,curated,,TAKARKUY kurasi MVP
RIN-EB2BD98C4346,RCP-MVP-015,ING-BAWANG-MERAH,35,g,false,curated,,TAKARKUY kurasi MVP
RIN-4F9BA17C14B6,RCP-MVP-015,ING-MINYAK-GORENG-CURAH,12,g,false,curated,,TAKARKUY kurasi MVP
RIN-29F0716313D9,RCP-MVP-016,ING-UBI-JALAR-PUTIH,320,g,false,curated,,TAKARKUY kurasi MVP
RIN-CBF3C0FECBAD,RCP-MVP-016,ING-TELUR-AYAM-BROILER,180,g,false,curated,,TAKARKUY kurasi MVP
RIN-A8D935495120,RCP-MVP-017,ING-KENTANG,320,g,false,curated,,TAKARKUY kurasi MVP
RIN-85E7BFBF4D9B,RCP-MVP-017,ING-TEMPE,200,g,false,curated,,TAKARKUY kurasi MVP
RIN-6454F010628D,RCP-MVP-017,ING-BAWANG-MERAH,45,g,false,curated,,TAKARKUY kurasi MVP
RIN-6AAFBA47D08B,RCP-MVP-017,ING-CABAI-MERAH-KERITING,25,g,false,curated,,TAKARKUY kurasi MVP
RIN-81710ACED94C,RCP-MVP-017,ING-MINYAK-GORENG-CURAH,14,g,false,curated,,TAKARKUY kurasi MVP
RIN-46D739188F7F,RCP-MVP-018,ING-SAWI-PUTIH,320,g,false,curated,,TAKARKUY kurasi MVP
RIN-FA2CA77CE35C,RCP-MVP-018,ING-TAHU-PUTIH,240,g,false,curated,,TAKARKUY kurasi MVP
RIN-3098F3F81933,RCP-MVP-018,ING-BAWANG-MERAH,45,g,false,curated,,TAKARKUY kurasi MVP
RIN-C82D967B226B,RCP-MVP-018,ING-BAWANG-PUTIH,15,g,false,curated,,TAKARKUY kurasi MVP
RIN-82E915D2B750,RCP-MVP-018,ING-MINYAK-GORENG-CURAH,14,g,false,curated,,TAKARKUY kurasi MVP
RIN-8A15982CC2E5,RCP-MVP-019,ING-KUBIS,300,g,false,curated,,TAKARKUY kurasi MVP
RIN-EAED1215098E,RCP-MVP-019,ING-DAGING-AYAM-BROILER,230,g,false,curated,,TAKARKUY kurasi MVP
RIN-90CFAB80DF86,RCP-MVP-019,ING-WORTEL,120,g,false,curated,,TAKARKUY kurasi MVP
RIN-F775A95B50F5,RCP-MVP-019,ING-BAWANG-PUTIH,15,g,false,curated,,TAKARKUY kurasi MVP
RIN-6C74F08E0C0F,RCP-MVP-019,ING-MINYAK-GORENG-CURAH,14,g,false,curated,,TAKARKUY kurasi MVP
RIN-C4C46B21A0C5,RCP-MVP-020,ING-TAHU-PUTIH,230,g,false,curated,,TAKARKUY kurasi MVP
RIN-0345E2CC72FF,RCP-MVP-020,ING-TEMPE,210,g,false,curated,,TAKARKUY kurasi MVP
RIN-1E75DA041080,RCP-MVP-020,ING-CABAI-RAWIT-MERAH,20,g,false,curated,,TAKARKUY kurasi MVP
RIN-A0822DD0662F,RCP-MVP-020,ING-BAWANG-MERAH,45,g,false,curated,,TAKARKUY kurasi MVP
RIN-2059DCB7054E,RCP-MVP-020,ING-MINYAK-GORENG-CURAH,14,g,false,curated,,TAKARKUY kurasi MVP
RIN-452A51651ED1,RCP-MVP-021,ING-PISANG,400,g,false,curated,,TAKARKUY kurasi MVP
RIN-1F966AE16F7E,RCP-MVP-022,ING-PISANG,240,g,false,curated,,TAKARKUY kurasi MVP
RIN-C2870BFADB15,RCP-MVP-022,ING-JERUK,300,g,false,curated,,TAKARKUY kurasi MVP
RIN-00B60C5B0D1B,RCP-MVP-023,ING-MELON,300,g,false,curated,,TAKARKUY kurasi MVP
RIN-B73BE996FD6A,RCP-MVP-023,ING-PISANG,240,g,false,curated,,TAKARKUY kurasi MVP
RIN-3D624DFEBE9F,RCP-MVP-024,ING-JERUK,300,g,false,curated,,TAKARKUY kurasi MVP
RIN-16B573DD6684,RCP-MVP-024,ING-MELON,300,g,false,curated,,TAKARKUY kurasi MVP
RIN-720A31BABEE6,RCP-MVP-025,ING-PISANG,160,g,false,curated,,TAKARKUY kurasi MVP
RIN-B85D2726704A,RCP-MVP-025,ING-JERUK,160,g,false,curated,,TAKARKUY kurasi MVP
RIN-B93E1CEAB652,RCP-MVP-025,ING-MELON,160,g,false,curated,,TAKARKUY kurasi MVP
RIN-B7BCB7A7C2B6,RCP-MVP-026,ING-BERAS-MEDIUM,140,g,false,curated,,TAKARKUY kurasi MVP
RIN-087F89BB5E3A,RCP-MVP-026,ING-TELUR-AYAM-BROILER,100,g,false,curated,,TAKARKUY kurasi MVP
RIN-4E413E173D25,RCP-MVP-026,ING-BAWANG-MERAH,24,g,false,curated,,TAKARKUY kurasi MVP
RIN-B9850827544C,RCP-MVP-026,ING-MINYAK-GORENG-CURAH,6,g,false,curated,,TAKARKUY kurasi MVP
RIN-E63D2108ECFA,RCP-MVP-027,ING-BERAS-MEDIUM,140,g,false,curated,,TAKARKUY kurasi MVP
RIN-E8D3D918F717,RCP-MVP-027,ING-TELUR-AYAM-BROILER,100,g,false,curated,,TAKARKUY kurasi MVP
RIN-FC0090049817,RCP-MVP-027,ING-WORTEL,60,g,false,curated,,TAKARKUY kurasi MVP
RIN-6CCD003CB191,RCP-MVP-027,ING-KUBIS,80,g,false,curated,,TAKARKUY kurasi MVP
RIN-091F25EEB50A,RCP-MVP-027,ING-BAWANG-PUTIH,10,g,false,curated,,TAKARKUY kurasi MVP
RIN-DFEADF75E10E,RCP-MVP-027,ING-MINYAK-GORENG-CURAH,8,g,false,curated,,TAKARKUY kurasi MVP
RIN-265D7412EFBF,RCP-MVP-028,ING-KENTANG,260,g,false,curated,,TAKARKUY kurasi MVP
RIN-EC2E08B7DBD5,RCP-MVP-028,ING-TELUR-AYAM-BROILER,100,g,false,curated,,TAKARKUY kurasi MVP
RIN-4FEBDA063E6B,RCP-MVP-028,ING-BAWANG-MERAH,25,g,false,curated,,TAKARKUY kurasi MVP
RIN-006A605965AB,RCP-MVP-028,ING-MINYAK-GORENG-CURAH,8,g,false,curated,,TAKARKUY kurasi MVP
RIN-0A0D1FFD98F4,RCP-MVP-029,ING-JAGUNG-MANIS,240,g,false,curated,,TAKARKUY kurasi MVP
RIN-6690EC3E8613,RCP-MVP-029,ING-TELUR-AYAM-BROILER,100,g,false,curated,,TAKARKUY kurasi MVP
RIN-CEA569AAC89D,RCP-MVP-029,ING-TOMAT,80,g,false,curated,,TAKARKUY kurasi MVP
RIN-C96433413093,RCP-MVP-029,ING-BAWANG-MERAH,20,g,false,curated,,TAKARKUY kurasi MVP
RIN-80610967A43D,RCP-MVP-029,ING-MINYAK-GORENG-CURAH,8,g,false,curated,,TAKARKUY kurasi MVP
RIN-5BDE7E6B883C,RCP-MVP-030,ING-BERAS-MEDIUM,140,g,false,curated,,TAKARKUY kurasi MVP
RIN-7BD8E4CF5A6A,RCP-MVP-030,ING-TEMPE,120,g,false,curated,,TAKARKUY kurasi MVP
RIN-F1C1B7910832,RCP-MVP-030,ING-TELUR-AYAM-BROILER,80,g,false,curated,,TAKARKUY kurasi MVP
RIN-F949E0D808B7,RCP-MVP-030,ING-BAWANG-MERAH,20,g,false,curated,,TAKARKUY kurasi MVP
RIN-2E211BFA0130,RCP-MVP-030,ING-MINYAK-GORENG-CURAH,8,g,false,curated,,TAKARKUY kurasi MVP
RIN-97400819C838,RCP-MVP-031,ING-UBI-JALAR-PUTIH,300,g,false,curated,,TAKARKUY kurasi MVP
RIN-5771D8747345,RCP-MVP-031,ING-TEMPE,120,g,false,curated,,TAKARKUY kurasi MVP
RIN-0ED398F28180,RCP-MVP-031,ING-BAWANG-MERAH,20,g,false,curated,,TAKARKUY kurasi MVP
RIN-46D37D617ECA,RCP-MVP-031,ING-MINYAK-GORENG-CURAH,8,g,false,curated,,TAKARKUY kurasi MVP
RIN-3C54B333B753,RCP-MVP-032,ING-SINGKONG,280,g,false,curated,,TAKARKUY kurasi MVP
RIN-99FD027B59AD,RCP-MVP-032,ING-TELUR-AYAM-BROILER,100,g,false,curated,,TAKARKUY kurasi MVP
RIN-A87159C3E86C,RCP-MVP-032,ING-BAWANG-MERAH,20,g,false,curated,,TAKARKUY kurasi MVP
RIN-28331EE0EC22,RCP-MVP-032,ING-MINYAK-GORENG-CURAH,8,g,false,curated,,TAKARKUY kurasi MVP
RIN-FFB6A2146781,RCP-MVP-033,ING-BERAS-MEDIUM,140,g,false,curated,,TAKARKUY kurasi MVP
RIN-90A627FB4D5B,RCP-MVP-033,ING-TELUR-AYAM-BROILER,100,g,false,curated,,TAKARKUY kurasi MVP
RIN-E48C5D73668C,RCP-MVP-033,ING-PAKCOY,120,g,false,curated,,TAKARKUY kurasi MVP
RIN-736F398AA2BF,RCP-MVP-033,ING-BAWANG-PUTIH,10,g,false,curated,,TAKARKUY kurasi MVP
RIN-4428FB44116E,RCP-MVP-033,ING-MINYAK-GORENG-CURAH,8,g,false,curated,,TAKARKUY kurasi MVP
RIN-BF1473660A14,RCP-MVP-034,ING-BERAS-MEDIUM,150,g,false,curated,,TAKARKUY kurasi MVP
RIN-3A81B0D2081E,RCP-MVP-034,ING-DAGING-AYAM-BROILER,180,g,false,curated,,TAKARKUY kurasi MVP
RIN-1662E77A94EA,RCP-MVP-034,ING-JAGUNG-MANIS,100,g,false,curated,,TAKARKUY kurasi MVP
RIN-26AEAC7DB98C,RCP-MVP-034,ING-WORTEL,60,g,false,curated,,TAKARKUY kurasi MVP
RIN-63B186F14E55,RCP-MVP-034,ING-BAWANG-PUTIH,12,g,false,curated,,TAKARKUY kurasi MVP
RIN-6DCBED4D9603,RCP-MVP-034,ING-MINYAK-GORENG-CURAH,10,g,false,curated,,TAKARKUY kurasi MVP
RIN-ECFB846F5587,RCP-MVP-035,ING-BERAS-MEDIUM,150,g,false,curated,,TAKARKUY kurasi MVP
RIN-9EAEEDC770ED,RCP-MVP-035,ING-TEMPE,180,g,false,curated,,TAKARKUY kurasi MVP
RIN-6A3925F2DD0B,RCP-MVP-035,ING-BUNCIS,140,g,false,curated,,TAKARKUY kurasi MVP
RIN-6D134E68185D,RCP-MVP-035,ING-BAWANG-MERAH,25,g,false,curated,,TAKARKUY kurasi MVP
RIN-C53AC479B0E3,RCP-MVP-035,ING-MINYAK-GORENG-CURAH,10,g,false,curated,,TAKARKUY kurasi MVP
RIN-A4ADAFCD896E,RCP-MVP-036,ING-BERAS-MEDIUM,150,g,false,curated,,TAKARKUY kurasi MVP
RIN-0A89B9434914,RCP-MVP-036,ING-TELUR-AYAM-BROILER,120,g,false,curated,,TAKARKUY kurasi MVP
RIN-4693EE84E7F6,RCP-MVP-036,ING-KUBIS,140,g,false,curated,,TAKARKUY kurasi MVP
RIN-F904516D407D,RCP-MVP-036,ING-WORTEL,60,g,false,curated,,TAKARKUY kurasi MVP
RIN-3759FCFA9911,RCP-MVP-036,ING-BAWANG-PUTIH,10,g,false,curated,,TAKARKUY kurasi MVP
RIN-6F7F3A9038BD,RCP-MVP-036,ING-MINYAK-GORENG-CURAH,10,g,false,curated,,TAKARKUY kurasi MVP
RIN-BB56CCE481CA,RCP-MVP-037,ING-BERAS-MEDIUM,150,g,false,curated,,TAKARKUY kurasi MVP
RIN-B0FEC06F441E,RCP-MVP-037,ING-TAHU-PUTIH,180,g,false,curated,,TAKARKUY kurasi MVP
RIN-0AA9C2C0B9A3,RCP-MVP-037,ING-KANGKUNG,180,g,false,curated,,TAKARKUY kurasi MVP
RIN-15134911A10B,RCP-MVP-037,ING-BAWANG-PUTIH,12,g,false,curated,,TAKARKUY kurasi MVP
RIN-CC198A23D8A2,RCP-MVP-037,ING-MINYAK-GORENG-CURAH,10,g,false,curated,,TAKARKUY kurasi MVP
RIN-5C20D480A08F,RCP-MVP-038,ING-BERAS-MEDIUM,140,g,false,curated,,TAKARKUY kurasi MVP
RIN-FC03898FB323,RCP-MVP-038,ING-DAGING-SAPI,140,g,false,curated,,TAKARKUY kurasi MVP
RIN-A8DF2040D32C,RCP-MVP-038,ING-KENTANG,140,g,false,curated,,TAKARKUY kurasi MVP
RIN-DED17CB60D1D,RCP-MVP-038,ING-TOMAT,60,g,false,curated,,TAKARKUY kurasi MVP
RIN-B819A8FD7E48,RCP-MVP-038,ING-BAWANG-MERAH,20,g,false,curated,,TAKARKUY kurasi MVP
RIN-59E0FD361EC0,RCP-MVP-038,ING-MINYAK-GORENG-CURAH,10,g,false,curated,,TAKARKUY kurasi MVP
RIN-7755271A674A,RCP-MVP-039,ING-BERAS-MEDIUM,150,g,false,curated,,TAKARKUY kurasi MVP
RIN-AD2BD5318DBE,RCP-MVP-039,ING-IKAN-KEMBUNG,180,g,false,curated,,TAKARKUY kurasi MVP
RIN-D94DE7EF6759,RCP-MVP-039,ING-KANGKUNG,120,g,false,curated,,TAKARKUY kurasi MVP
RIN-572EBC82C763,RCP-MVP-039,ING-BAWANG-MERAH,20,g,false,curated,,TAKARKUY kurasi MVP
RIN-57FB20EA513B,RCP-MVP-039,ING-MINYAK-GORENG-CURAH,10,g,false,curated,,TAKARKUY kurasi MVP
RIN-4A4BD4ACE631,RCP-MVP-040,ING-BERAS-MEDIUM,150,g,false,curated,,TAKARKUY kurasi MVP
RIN-DC68C4C9200F,RCP-MVP-040,ING-DAGING-AYAM-BROILER,180,g,false,curated,,TAKARKUY kurasi MVP
RIN-1547C66B69CB,RCP-MVP-040,ING-KUBIS,100,g,false,curated,,TAKARKUY kurasi MVP
RIN-E1DE446AB225,RCP-MVP-040,ING-WORTEL,80,g,false,curated,,TAKARKUY kurasi MVP
RIN-D50EF7F1227E,RCP-MVP-040,ING-BAWANG-PUTIH,12,g,false,curated,,TAKARKUY kurasi MVP
RIN-2FDF41C74192,RCP-MVP-040,ING-MINYAK-GORENG-CURAH,10,g,false,curated,,TAKARKUY kurasi MVP
RIN-7F28027BD45A,RCP-MVP-041,ING-TAHU-PUTIH,180,g,false,curated,,TAKARKUY kurasi MVP
RIN-37B5975A3D41,RCP-MVP-041,ING-KENTANG,180,g,false,curated,,TAKARKUY kurasi MVP
RIN-3594BF3BF611,RCP-MVP-041,ING-WORTEL,100,g,false,curated,,TAKARKUY kurasi MVP
RIN-A2DB2A3A8F4D,RCP-MVP-041,ING-KUBIS,80,g,false,curated,,TAKARKUY kurasi MVP
RIN-B6BB55E53F73,RCP-MVP-041,ING-BAWANG-PUTIH,10,g,false,curated,,TAKARKUY kurasi MVP
RIN-2930A20B8081,RCP-MVP-042,ING-BERAS-MEDIUM,150,g,false,curated,,TAKARKUY kurasi MVP
RIN-1C0D83847162,RCP-MVP-042,ING-DAGING-AYAM-BROILER,180,g,false,curated,,TAKARKUY kurasi MVP
RIN-C28C5CC173D7,RCP-MVP-042,ING-PAKCOY,140,g,false,curated,,TAKARKUY kurasi MVP
RIN-5A090D466C22,RCP-MVP-042,ING-BAWANG-PUTIH,12,g,false,curated,,TAKARKUY kurasi MVP
RIN-35E21D5E141C,RCP-MVP-042,ING-MINYAK-GORENG-CURAH,10,g,false,curated,,TAKARKUY kurasi MVP
RIN-5DDA372C5E8E,RCP-MVP-043,ING-BERAS-MEDIUM,150,g,false,curated,,TAKARKUY kurasi MVP
RIN-D548DFC08590,RCP-MVP-043,ING-TEMPE,180,g,false,curated,,TAKARKUY kurasi MVP
RIN-5BB410FF828A,RCP-MVP-043,ING-BAYAM,140,g,false,curated,,TAKARKUY kurasi MVP
RIN-2360DF5F2203,RCP-MVP-043,ING-BAWANG-PUTIH,10,g,false,curated,,TAKARKUY kurasi MVP
RIN-9A4EBD351EF3,RCP-MVP-043,ING-MINYAK-GORENG-CURAH,10,g,false,curated,,TAKARKUY kurasi MVP
RIN-3158250CCCA5,RCP-MVP-044,ING-BERAS-MEDIUM,150,g,false,curated,,TAKARKUY kurasi MVP
RIN-8368C3366852,RCP-MVP-044,ING-TELUR-AYAM-BROILER,120,g,false,curated,,TAKARKUY kurasi MVP
RIN-CEA966E2C66E,RCP-MVP-044,ING-BAYAM,100,g,false,curated,,TAKARKUY kurasi MVP
RIN-8D04826008D4,RCP-MVP-044,ING-TOMAT,80,g,false,curated,,TAKARKUY kurasi MVP
RIN-A66DCC8EEDE5,RCP-MVP-044,ING-BAWANG-MERAH,20,g,false,curated,,TAKARKUY kurasi MVP
RIN-A32C7C88E497,RCP-MVP-044,ING-MINYAK-GORENG-CURAH,10,g,false,curated,,TAKARKUY kurasi MVP
RIN-75417780CE83,RCP-MVP-045,ING-BERAS-MEDIUM,150,g,false,curated,,TAKARKUY kurasi MVP
RIN-9A8BC755643E,RCP-MVP-045,ING-IKAN-KEMBUNG,180,g,false,curated,,TAKARKUY kurasi MVP
RIN-5E32817C3A43,RCP-MVP-045,ING-KUBIS,150,g,false,curated,,TAKARKUY kurasi MVP
RIN-50FAF28F6265,RCP-MVP-045,ING-TOMAT,60,g,false,curated,,TAKARKUY kurasi MVP
RIN-C565B2B30CCE,RCP-MVP-045,ING-BAWANG-MERAH,20,g,false,curated,,TAKARKUY kurasi MVP
RIN-EFE56B1B1F2F,RCP-MVP-045,ING-MINYAK-GORENG-CURAH,10,g,false,curated,,TAKARKUY kurasi MVP
RIN-3798077BDC7D,RCP-MVP-046,ING-BERAS-MEDIUM,140,g,false,curated,,TAKARKUY kurasi MVP
RIN-7AA839C17D57,RCP-MVP-046,ING-TAHU-PUTIH,100,g,false,curated,,TAKARKUY kurasi MVP
RIN-E51B051B0FD4,RCP-MVP-046,ING-TEMPE,100,g,false,curated,,TAKARKUY kurasi MVP
RIN-BF643358B695,RCP-MVP-046,ING-KENTANG,120,g,false,curated,,TAKARKUY kurasi MVP
RIN-C7A6B27D4BE0,RCP-MVP-046,ING-BAWANG-MERAH,20,g,false,curated,,TAKARKUY kurasi MVP
RIN-5580B89430F5,RCP-MVP-046,ING-MINYAK-GORENG-CURAH,10,g,false,curated,,TAKARKUY kurasi MVP
RIN-1A0565BF1E3C,RCP-MVP-047,ING-KACANG-HIJAU,120,g,false,curated,,TAKARKUY kurasi MVP
RIN-F52C2BF413E3,RCP-MVP-047,ING-GULA-MERAH,20,g,false,curated,,TAKARKUY kurasi MVP
RIN-2595BA7D3719,RCP-MVP-048,ING-PISANG,180,g,false,curated,,TAKARKUY kurasi MVP
RIN-106AA1DB0C4E,RCP-MVP-048,ING-TELUR-AYAM-BROILER,100,g,false,curated,,TAKARKUY kurasi MVP
RIN-0FECC6B47BD4,RCP-MVP-048,ING-TEPUNG-TERIGU-CURAH,50,g,false,curated,,TAKARKUY kurasi MVP
RIN-CB6DD5210870,RCP-MVP-048,ING-MINYAK-GORENG-CURAH,5,g,false,curated,,TAKARKUY kurasi MVP
RIN-30DE40552A84,RCP-MVP-049,ING-BERAS-MEDIUM,120,g,false,curated,,TAKARKUY kurasi MVP
RIN-D859508AC5E9,RCP-MVP-049,ING-JAGUNG-MANIS,120,g,false,curated,,TAKARKUY kurasi MVP
RIN-35034B0C5C86,RCP-MVP-049,ING-TELUR-AYAM-BROILER,100,g,false,curated,,TAKARKUY kurasi MVP
RIN-5B74F92EB7F8,RCP-MVP-049,ING-BAYAM,100,g,false,curated,,TAKARKUY kurasi MVP
RIN-D2BCD51FDD21,RCP-MVP-049,ING-MINYAK-GORENG-CURAH,8,g,false,curated,,TAKARKUY kurasi MVP
RIN-06870F7DB44A,RCP-MVP-050,ING-KENTANG,180,g,false,curated,,TAKARKUY kurasi MVP
RIN-6F529AA76099,RCP-MVP-050,ING-TELUR-AYAM-BROILER,120,g,false,curated,,TAKARKUY kurasi MVP
RIN-5B9D06EEF154,RCP-MVP-050,ING-KUBIS,80,g,false,curated,,TAKARKUY kurasi MVP
RIN-CC79B4B59AB4,RCP-MVP-050,ING-BAWANG-MERAH,15,g,false,curated,,TAKARKUY kurasi MVP
RIN-F1E87BE51062,RCP-MVP-050,ING-MINYAK-GORENG-CURAH,8,g,false,curated,,TAKARKUY kurasi MVP
RIN-854CBDFA7305,RCP-MVP-051,ING-BERAS-MEDIUM,120,g,false,curated,,TAKARKUY kurasi MVP
RIN-109F73178738,RCP-MVP-051,ING-DAGING-AYAM-BROILER,100,g,false,curated,,TAKARKUY kurasi MVP
RIN-947301011708,RCP-MVP-051,ING-WORTEL,60,g,false,curated,,TAKARKUY kurasi MVP
RIN-CBACDAF37C21,RCP-MVP-051,ING-BAWANG-PUTIH,8,g,false,curated,,TAKARKUY kurasi MVP
RIN-A80364A7D07A,RCP-MVP-052,ING-KACANG-HIJAU,100,g,false,curated,,TAKARKUY kurasi MVP
RIN-22BA3865EC29,RCP-MVP-052,ING-PISANG,120,g,false,curated,,TAKARKUY kurasi MVP
RIN-82C823ABB9E8,RCP-MVP-052,ING-GULA-MERAH,15,g,false,curated,,TAKARKUY kurasi MVP
RIN-6EC37C71A8A6,RCP-MVP-053,ING-UBI-JALAR-PUTIH,280,g,false,curated,,TAKARKUY kurasi MVP
RIN-C176E70C7F7D,RCP-MVP-053,ING-TEMPE,120,g,false,curated,,TAKARKUY kurasi MVP
RIN-F0315FC9DA5C,RCP-MVP-053,ING-BAWANG-MERAH,15,g,false,curated,,TAKARKUY kurasi MVP
RIN-2FB75A737DBA,RCP-MVP-053,ING-MINYAK-GORENG-CURAH,6,g,false,curated,,TAKARKUY kurasi MVP
RIN-5C328AD1E2FD,RCP-MVP-054,ING-BERAS-MEDIUM,130,g,false,curated,,TAKARKUY kurasi MVP
RIN-8D93B5B86870,RCP-MVP-054,ING-TELUR-AYAM-BROILER,100,g,false,curated,,TAKARKUY kurasi MVP
RIN-4F589EB994C0,RCP-MVP-054,ING-PAKCOY,100,g,false,curated,,TAKARKUY kurasi MVP
RIN-E919296AE4F7,RCP-MVP-054,ING-BAWANG-PUTIH,8,g,false,curated,,TAKARKUY kurasi MVP
RIN-C53D39F4663B,RCP-MVP-054,ING-MINYAK-GORENG-CURAH,8,g,false,curated,,TAKARKUY kurasi MVP
RIN-B7911B526958,RCP-MVP-055,ING-SINGKONG,260,g,false,curated,,TAKARKUY kurasi MVP
RIN-212CF8199E80,RCP-MVP-055,ING-TELUR-AYAM-BROILER,100,g,false,curated,,TAKARKUY kurasi MVP
RIN-88635E2A9CE4,RCP-MVP-055,ING-TOMAT,80,g,false,curated,,TAKARKUY kurasi MVP
RIN-7D6A7C0C00B0,RCP-MVP-055,ING-BAWANG-MERAH,15,g,false,curated,,TAKARKUY kurasi MVP
RIN-127CCA3F53EF,RCP-MVP-055,ING-MINYAK-GORENG-CURAH,6,g,false,curated,,TAKARKUY kurasi MVP
RIN-5B27E3BE7A26,RCP-MVP-056,ING-PISANG,220,g,false,curated,,TAKARKUY kurasi MVP
RIN-BB84C10A1FE7,RCP-MVP-056,ING-TELUR-AYAM-BROILER,100,g,false,curated,,TAKARKUY kurasi MVP
RIN-163FDAE6E1A2,RCP-MVP-056,ING-MINYAK-GORENG-CURAH,5,g,false,curated,,TAKARKUY kurasi MVP
RIN-AF954E15E450,RCP-MVP-057,ING-TAHU-PUTIH,160,g,false,curated,,TAKARKUY kurasi MVP
RIN-7F701C2B6CEF,RCP-MVP-057,ING-TELUR-AYAM-BROILER,100,g,false,curated,,TAKARKUY kurasi MVP
RIN-77CD6E7D2AD7,RCP-MVP-057,ING-BUNCIS,120,g,false,curated,,TAKARKUY kurasi MVP
RIN-E7981C85A0ED,RCP-MVP-057,ING-BAWANG-PUTIH,8,g,false,curated,,TAKARKUY kurasi MVP
RIN-0E7BAC103174,RCP-MVP-057,ING-MINYAK-GORENG-CURAH,8,g,false,curated,,TAKARKUY kurasi MVP
RIN-DD5B3F9DE146,RCP-MVP-058,ING-KACANG-HIJAU,80,g,false,curated,,TAKARKUY kurasi MVP
RIN-92591BB1E662,RCP-MVP-058,ING-UBI-JALAR-PUTIH,180,g,false,curated,,TAKARKUY kurasi MVP
RIN-241C363B0A73,RCP-MVP-058,ING-GULA-MERAH,15,g,false,curated,,TAKARKUY kurasi MVP
RIN-38EC5131D371,RCP-MVP-059,ING-BERAS-MEDIUM,150,g,false,curated,,TAKARKUY kurasi MVP
RIN-AD1BB450CFA8,RCP-MVP-059,ING-DAGING-AYAM-BROILER,180,g,false,curated,,TAKARKUY kurasi MVP
RIN-236020EFF893,RCP-MVP-059,ING-TOMAT,100,g,false,curated,,TAKARKUY kurasi MVP
RIN-F21DA4ED4C7C,RCP-MVP-059,ING-BUNCIS,100,g,false,curated,,TAKARKUY kurasi MVP
RIN-DEA82F577830,RCP-MVP-059,ING-BAWANG-PUTIH,10,g,false,curated,,TAKARKUY kurasi MVP
RIN-EFF36445D806,RCP-MVP-059,ING-MINYAK-GORENG-CURAH,10,g,false,curated,,TAKARKUY kurasi MVP
RIN-F53BCD1A2E88,RCP-MVP-060,ING-BERAS-MEDIUM,150,g,false,curated,,TAKARKUY kurasi MVP
RIN-5838706C7706,RCP-MVP-060,ING-UDANG,160,g,false,curated,,TAKARKUY kurasi MVP
RIN-EC44B1A37900,RCP-MVP-060,ING-KUBIS,100,g,false,curated,,TAKARKUY kurasi MVP
RIN-4A5C1A112B84,RCP-MVP-060,ING-WORTEL,80,g,false,curated,,TAKARKUY kurasi MVP
RIN-63E11ADC6A7A,RCP-MVP-060,ING-BAWANG-PUTIH,10,g,false,curated,,TAKARKUY kurasi MVP
RIN-94FA41028677,RCP-MVP-060,ING-MINYAK-GORENG-CURAH,10,g,false,curated,,TAKARKUY kurasi MVP
RIN-B11D48DB9AFA,RCP-MVP-061,ING-BERAS-MEDIUM,150,g,false,curated,,TAKARKUY kurasi MVP
RIN-3FC0B5576C14,RCP-MVP-061,ING-TELUR-AYAM-BROILER,140,g,false,curated,,TAKARKUY kurasi MVP
RIN-36203D564841,RCP-MVP-061,ING-BAYAM,100,g,false,curated,,TAKARKUY kurasi MVP
RIN-67D066864C26,RCP-MVP-061,ING-BAWANG-MERAH,15,g,false,curated,,TAKARKUY kurasi MVP
RIN-7E2238ED9FD3,RCP-MVP-061,ING-MINYAK-GORENG-CURAH,8,g,false,curated,,TAKARKUY kurasi MVP
RIN-E4AE5A8AC4BE,RCP-MVP-062,ING-BERAS-MEDIUM,150,g,false,curated,,TAKARKUY kurasi MVP
RIN-1F39C54C0CEF,RCP-MVP-062,ING-IKAN-BANDENG,200,g,false,curated,,TAKARKUY kurasi MVP
RIN-27563007EF95,RCP-MVP-062,ING-TOMAT,120,g,false,curated,,TAKARKUY kurasi MVP
RIN-ACFA8D056628,RCP-MVP-062,ING-BAWANG-MERAH,15,g,false,curated,,TAKARKUY kurasi MVP
RIN-09BEDCFAD387,RCP-MVP-062,ING-MINYAK-GORENG-CURAH,8,g,false,curated,,TAKARKUY kurasi MVP
RIN-EAECBC8573C9,RCP-MVP-063,ING-BERAS-MEDIUM,150,g,false,curated,,TAKARKUY kurasi MVP
RIN-6A075CF1A5D8,RCP-MVP-063,ING-DAGING-SAPI,160,g,false,curated,,TAKARKUY kurasi MVP
RIN-64B571CF8432,RCP-MVP-063,ING-KUBIS,140,g,false,curated,,TAKARKUY kurasi MVP
RIN-F7A904B2C212,RCP-MVP-063,ING-BAWANG-PUTIH,10,g,false,curated,,TAKARKUY kurasi MVP
RIN-8862F51199F4,RCP-MVP-063,ING-MINYAK-GORENG-CURAH,8,g,false,curated,,TAKARKUY kurasi MVP
RIN-93654C58A605,RCP-MVP-064,ING-BERAS-MEDIUM,150,g,false,curated,,TAKARKUY kurasi MVP
RIN-08E3EA4CF3FB,RCP-MVP-064,ING-IKAN-KEMBUNG,180,g,false,curated,,TAKARKUY kurasi MVP
RIN-83C366F55A14,RCP-MVP-064,ING-BUNCIS,120,g,false,curated,,TAKARKUY kurasi MVP
RIN-54677EF091E7,RCP-MVP-064,ING-BAWANG-MERAH,15,g,false,curated,,TAKARKUY kurasi MVP
RIN-E7BB93452D3C,RCP-MVP-064,ING-MINYAK-GORENG-CURAH,8,g,false,curated,,TAKARKUY kurasi MVP
RIN-71275BCF7D3B,RCP-MVP-065,ING-BERAS-MEDIUM,150,g,false,curated,,TAKARKUY kurasi MVP
RIN-DE06A8CD642A,RCP-MVP-065,ING-TEMPE,180,g,false,curated,,TAKARKUY kurasi MVP
RIN-6BF739D12278,RCP-MVP-065,ING-WORTEL,80,g,false,curated,,TAKARKUY kurasi MVP
RIN-5C54243D06ED,RCP-MVP-065,ING-PAKCOY,100,g,false,curated,,TAKARKUY kurasi MVP
RIN-F2883D169DB3,RCP-MVP-065,ING-BAWANG-PUTIH,10,g,false,curated,,TAKARKUY kurasi MVP
RIN-8678EDC7D585,RCP-MVP-065,ING-MINYAK-GORENG-CURAH,8,g,false,curated,,TAKARKUY kurasi MVP
RIN-BB9301A56857,RCP-MVP-066,ING-BERAS-MEDIUM,150,g,false,curated,,TAKARKUY kurasi MVP
RIN-8EAC69E09918,RCP-MVP-066,ING-TAHU-PUTIH,180,g,false,curated,,TAKARKUY kurasi MVP
RIN-B44C47B38E36,RCP-MVP-066,ING-TOMAT,100,g,false,curated,,TAKARKUY kurasi MVP
RIN-BC688F41A5CC,RCP-MVP-066,ING-KUBIS,100,g,false,curated,,TAKARKUY kurasi MVP
RIN-16AF1A4B0719,RCP-MVP-066,ING-BAWANG-MERAH,15,g,false,curated,,TAKARKUY kurasi MVP
RIN-2DEF81D4C7AE,RCP-MVP-066,ING-MINYAK-GORENG-CURAH,8,g,false,curated,,TAKARKUY kurasi MVP
RIN-BBCC25670CE8,RCP-MVP-067,ING-BERAS-MEDIUM,140,g,false,curated,,TAKARKUY kurasi MVP
RIN-61F65A6969FD,RCP-MVP-067,ING-DAGING-AYAM-BROILER,160,g,false,curated,,TAKARKUY kurasi MVP
RIN-960C4872E44C,RCP-MVP-067,ING-KENTANG,140,g,false,curated,,TAKARKUY kurasi MVP
RIN-A40541C3049C,RCP-MVP-067,ING-BAYAM,80,g,false,curated,,TAKARKUY kurasi MVP
RIN-B9BD44958A25,RCP-MVP-067,ING-BAWANG-PUTIH,8,g,false,curated,,TAKARKUY kurasi MVP
RIN-48C02BD3FA22,RCP-MVP-068,ING-BERAS-MEDIUM,140,g,false,curated,,TAKARKUY kurasi MVP
RIN-AF70E0749AD3,RCP-MVP-068,ING-TELUR-AYAM-BROILER,100,g,false,curated,,TAKARKUY kurasi MVP
RIN-C28698481091,RCP-MVP-068,ING-TEMPE,120,g,false,curated,,TAKARKUY kurasi MVP
RIN-22CE8234D005,RCP-MVP-068,ING-KANGKUNG,120,g,false,curated,,TAKARKUY kurasi MVP
RIN-2272180A9F33,RCP-MVP-068,ING-BAWANG-MERAH,15,g,false,curated,,TAKARKUY kurasi MVP
RIN-D600ADCB1651,RCP-MVP-068,ING-MINYAK-GORENG-CURAH,8,g,false,curated,,TAKARKUY kurasi MVP
RIN-D9503F691B9F,RCP-MVP-069,ING-BERAS-MEDIUM,140,g,false,curated,,TAKARKUY kurasi MVP
RIN-25BC81E739C1,RCP-MVP-069,ING-UDANG,140,g,false,curated,,TAKARKUY kurasi MVP
RIN-0C4CF00FA5E7,RCP-MVP-069,ING-JAGUNG-MANIS,100,g,false,curated,,TAKARKUY kurasi MVP
RIN-C972B46FD700,RCP-MVP-069,ING-BAYAM,80,g,false,curated,,TAKARKUY kurasi MVP
RIN-1D1E6FD337C9,RCP-MVP-069,ING-BAWANG-PUTIH,8,g,false,curated,,TAKARKUY kurasi MVP
RIN-658B88A2A056,RCP-MVP-069,ING-MINYAK-GORENG-CURAH,8,g,false,curated,,TAKARKUY kurasi MVP
RIN-D5C9AB2D0D5E,RCP-MVP-070,ING-BERAS-MEDIUM,150,g,false,curated,,TAKARKUY kurasi MVP
RIN-1AA49E5F4F70,RCP-MVP-070,ING-IKAN-DORI,180,g,false,curated,,TAKARKUY kurasi MVP
RIN-228883385A73,RCP-MVP-070,ING-TOMAT,120,g,false,curated,,TAKARKUY kurasi MVP
RIN-7CAE21B1DC76,RCP-MVP-070,ING-BAWANG-MERAH,15,g,false,curated,,TAKARKUY kurasi MVP
RIN-583C848BC35E,RCP-MVP-070,ING-MINYAK-GORENG-CURAH,8,g,false,curated,,TAKARKUY kurasi MVP
RIN-BE93D7367718,RCP-MVP-071,ING-BERAS-MEDIUM,150,g,false,curated,,TAKARKUY kurasi MVP
RIN-557E6C752EED,RCP-MVP-071,ING-DAGING-AYAM-BROILER,170,g,false,curated,,TAKARKUY kurasi MVP
RIN-7BD6915929D6,RCP-MVP-071,ING-PAKCOY,100,g,false,curated,,TAKARKUY kurasi MVP
RIN-6BF5B4DF9BD5,RCP-MVP-071,ING-WORTEL,80,g,false,curated,,TAKARKUY kurasi MVP
RIN-BD00F7AE704A,RCP-MVP-071,ING-BAWANG-PUTIH,10,g,false,curated,,TAKARKUY kurasi MVP
RIN-694A88AFB31E,RCP-MVP-071,ING-MINYAK-GORENG-CURAH,8,g,false,curated,,TAKARKUY kurasi MVP
RIN-79F2984C3C6C,RCP-MVP-072,ING-BERAS-MEDIUM,140,g,false,curated,,TAKARKUY kurasi MVP
RIN-8F1430CCF3AB,RCP-MVP-072,ING-TELUR-AYAM-BROILER,120,g,false,curated,,TAKARKUY kurasi MVP
RIN-55C5EE184E4A,RCP-MVP-072,ING-KENTANG,120,g,false,curated,,TAKARKUY kurasi MVP
RIN-299043E045D8,RCP-MVP-072,ING-KUBIS,100,g,false,curated,,TAKARKUY kurasi MVP
RIN-0021E794DFB4,RCP-MVP-072,ING-BAWANG-MERAH,15,g,false,curated,,TAKARKUY kurasi MVP
RIN-23E132987327,RCP-MVP-072,ING-MINYAK-GORENG-CURAH,8,g,false,curated,,TAKARKUY kurasi MVP
RIN-00ABB4D36AF7,RCP-MVP-073,ING-BERAS-MEDIUM,150,g,false,curated,,TAKARKUY kurasi MVP
RIN-EFBE4754DD66,RCP-MVP-073,ING-IKAN-BANDENG,180,g,false,curated,,TAKARKUY kurasi MVP
RIN-B48990206C07,RCP-MVP-073,ING-BUNCIS,100,g,false,curated,,TAKARKUY kurasi MVP
RIN-69E5B92A546D,RCP-MVP-073,ING-TOMAT,80,g,false,curated,,TAKARKUY kurasi MVP
RIN-87972FDA8604,RCP-MVP-073,ING-BAWANG-PUTIH,8,g,false,curated,,TAKARKUY kurasi MVP
RIN-C3F37A9F946C,RCP-MVP-073,ING-MINYAK-GORENG-CURAH,8,g,false,curated,,TAKARKUY kurasi MVP
RIN-C8D3505D318A,RCP-MVP-074,ING-DAGING-AYAM-BROILER,180,g,false,curated,,TAKARKUY kurasi MVP
RIN-83477C2801B9,RCP-MVP-074,ING-KENTANG,160,g,false,curated,,TAKARKUY kurasi MVP
RIN-4015603AEF6F,RCP-MVP-074,ING-KUBIS,120,g,false,curated,,TAKARKUY kurasi MVP
RIN-F6554C45152D,RCP-MVP-074,ING-WORTEL,80,g,false,curated,,TAKARKUY kurasi MVP
RIN-C513FAC8C437,RCP-MVP-074,ING-BAWANG-PUTIH,8,g,false,curated,,TAKARKUY kurasi MVP
RIN-01725855F508,RCP-MVP-075,ING-BERAS-MEDIUM,140,g,false,curated,,TAKARKUY kurasi MVP
RIN-E9A610720264,RCP-MVP-075,ING-TEMPE,140,g,false,curated,,TAKARKUY kurasi MVP
RIN-AFF39BF5742F,RCP-MVP-075,ING-KUBIS,100,g,false,curated,,TAKARKUY kurasi MVP
RIN-7273458BC3A8,RCP-MVP-075,ING-BAWANG-PUTIH,10,g,false,curated,,TAKARKUY kurasi MVP
RIN-5610064D188B,RCP-MVP-075,ING-MINYAK-GORENG-CURAH,8,g,false,curated,,TAKARKUY kurasi MVP
RIN-1EA08C120E15,RCP-MVP-076,ING-UDANG,180,g,false,curated,,TAKARKUY kurasi MVP
RIN-3FC09F463F63,RCP-MVP-076,ING-PAKCOY,140,g,false,curated,,TAKARKUY kurasi MVP
RIN-69399328AD88,RCP-MVP-076,ING-WORTEL,100,g,false,curated,,TAKARKUY kurasi MVP
RIN-02781BCD6B53,RCP-MVP-076,ING-BAWANG-PUTIH,10,g,false,curated,,TAKARKUY kurasi MVP
RIN-3B62B5DEED07,RCP-MVP-076,ING-MINYAK-GORENG-CURAH,8,g,false,curated,,TAKARKUY kurasi MVP
RIN-CB33BA5AE880,RCP-MVP-077,ING-BERAS-MEDIUM,150,g,false,curated,,TAKARKUY kurasi MVP
RIN-0F9261A66508,RCP-MVP-077,ING-DAGING-SAPI,150,g,false,curated,,TAKARKUY kurasi MVP
RIN-11AF31126D92,RCP-MVP-077,ING-TOMAT,100,g,false,curated,,TAKARKUY kurasi MVP
RIN-D4D49BE988EF,RCP-MVP-077,ING-BUNCIS,100,g,false,curated,,TAKARKUY kurasi MVP
RIN-BE1532A1F674,RCP-MVP-077,ING-BAWANG-MERAH,15,g,false,curated,,TAKARKUY kurasi MVP
RIN-0BE3FD8EE80B,RCP-MVP-077,ING-MINYAK-GORENG-CURAH,8,g,false,curated,,TAKARKUY kurasi MVP
RIN-0507A162C3C2,RCP-MVP-078,ING-IKAN-KEMBUNG,200,g,false,curated,,TAKARKUY kurasi MVP
RIN-0319C48108E0,RCP-MVP-078,ING-KUBIS,140,g,false,curated,,TAKARKUY kurasi MVP
RIN-A9D99B73FA1A,RCP-MVP-078,ING-TOMAT,80,g,false,curated,,TAKARKUY kurasi MVP
RIN-BF715C585E6A,RCP-MVP-078,ING-BAWANG-MERAH,15,g,false,curated,,TAKARKUY kurasi MVP
RIN-17D2087D1C9A,RCP-MVP-078,ING-MINYAK-GORENG-CURAH,8,g,false,curated,,TAKARKUY kurasi MVP
RIN-725791BC086B,RCP-MVP-079,ING-TAHU-PUTIH,180,g,false,curated,,TAKARKUY kurasi MVP
RIN-4D80B721EB8F,RCP-MVP-079,ING-BUNCIS,100,g,false,curated,,TAKARKUY kurasi MVP
RIN-3A2EE9A5D0E3,RCP-MVP-079,ING-WORTEL,100,g,false,curated,,TAKARKUY kurasi MVP
RIN-96B72FB71392,RCP-MVP-079,ING-KUBIS,80,g,false,curated,,TAKARKUY kurasi MVP
RIN-89B4DFCB962E,RCP-MVP-079,ING-BAWANG-PUTIH,8,g,false,curated,,TAKARKUY kurasi MVP
RIN-FC1A7D483C5D,RCP-MVP-080,ING-BERAS-MEDIUM,140,g,false,curated,,TAKARKUY kurasi MVP
RIN-359D2D403DAD,RCP-MVP-080,ING-DAGING-AYAM-BROILER,160,g,false,curated,,TAKARKUY kurasi MVP
RIN-59D39B0AB004,RCP-MVP-080,ING-UBI-JALAR-PUTIH,140,g,false,curated,,TAKARKUY kurasi MVP
RIN-8A06877F4197,RCP-MVP-080,ING-BAYAM,80,g,false,curated,,TAKARKUY kurasi MVP
RIN-7B167B48079B,RCP-MVP-080,ING-MINYAK-GORENG-CURAH,8,g,false,curated,,TAKARKUY kurasi MVP
RIN-0D73C1E215B0,RCP-MVP-081,ING-BERAS-MEDIUM,140,g,false,curated,,TAKARKUY kurasi MVP
RIN-0330EDFB9023,RCP-MVP-081,ING-TELUR-AYAM-BROILER,140,g,false,curated,,TAKARKUY kurasi MVP
RIN-1CE5DB9B5BC6,RCP-MVP-081,ING-PAKCOY,120,g,false,curated,,TAKARKUY kurasi MVP
RIN-5FB3E9516D28,RCP-MVP-081,ING-BAWANG-PUTIH,8,g,false,curated,,TAKARKUY kurasi MVP
RIN-33DDA98DC5D0,RCP-MVP-081,ING-MINYAK-GORENG-CURAH,8,g,false,curated,,TAKARKUY kurasi MVP
RIN-FB420CD02779,RCP-MVP-082,ING-BERAS-MEDIUM,140,g,false,curated,,TAKARKUY kurasi MVP
RIN-C1CAC532530C,RCP-MVP-082,ING-UDANG,140,g,false,curated,,TAKARKUY kurasi MVP
RIN-FC8A1D7FFB5A,RCP-MVP-082,ING-TOMAT,100,g,false,curated,,TAKARKUY kurasi MVP
RIN-8D066AF7D403,RCP-MVP-082,ING-KANGKUNG,100,g,false,curated,,TAKARKUY kurasi MVP
RIN-A337DD506709,RCP-MVP-082,ING-BAWANG-PUTIH,8,g,false,curated,,TAKARKUY kurasi MVP
RIN-A7CA5D026BBA,RCP-MVP-082,ING-MINYAK-GORENG-CURAH,8,g,false,curated,,TAKARKUY kurasi MVP
RIN-9C3BEC25B3DB,RCP-MVP-083,ING-KENTANG,180,g,false,curated,,TAKARKUY kurasi MVP
RIN-BDBF6255DE7A,RCP-MVP-083,ING-TEMPE,150,g,false,curated,,TAKARKUY kurasi MVP
RIN-D86514299686,RCP-MVP-083,ING-BAYAM,100,g,false,curated,,TAKARKUY kurasi MVP
RIN-CA1C67CAD02C,RCP-MVP-083,ING-BAWANG-MERAH,15,g,false,curated,,TAKARKUY kurasi MVP
RIN-8F9FFB03AB86,RCP-MVP-083,ING-MINYAK-GORENG-CURAH,8,g,false,curated,,TAKARKUY kurasi MVP
RIN-E50F98345D35,RCP-MVP-084,ING-BERAS-MEDIUM,140,g,false,curated,,TAKARKUY kurasi MVP
RIN-81A326573CD7,RCP-MVP-084,ING-IKAN-DORI,170,g,false,curated,,TAKARKUY kurasi MVP
RIN-366F74387DBD,RCP-MVP-084,ING-KUBIS,100,g,false,curated,,TAKARKUY kurasi MVP
RIN-EC476F4FADF0,RCP-MVP-084,ING-WORTEL,80,g,false,curated,,TAKARKUY kurasi MVP
RIN-040C2CC27CAE,RCP-MVP-084,ING-BAWANG-MERAH,15,g,false,curated,,TAKARKUY kurasi MVP
RIN-9C8BF12B2EAF,RCP-MVP-084,ING-MINYAK-GORENG-CURAH,8,g,false,curated,,TAKARKUY kurasi MVP
RIN-EB65A0BF608B,RCP-MVP-085,ING-DAGING-AYAM-BROILER,180,g,false,curated,,TAKARKUY kurasi MVP
RIN-3CBF46CC7D79,RCP-MVP-085,ING-SAWI-PUTIH,160,g,false,curated,,TAKARKUY kurasi MVP
RIN-A3DF290EFB23,RCP-MVP-085,ING-KENTANG,160,g,false,curated,,TAKARKUY kurasi MVP
RIN-4895A569CBF9,RCP-MVP-085,ING-BAWANG-PUTIH,8,g,false,curated,,TAKARKUY kurasi MVP
RIN-75463A2828CA,RCP-MVP-085,ING-MINYAK-GORENG-CURAH,8,g,false,curated,,TAKARKUY kurasi MVP
RIN-FFDA3C980FFE,RCP-MVP-086,ING-BERAS-MEDIUM,140,g,false,curated,,TAKARKUY kurasi MVP
RIN-E4B6DC3F97B8,RCP-MVP-086,ING-TEMPE,150,g,false,curated,,TAKARKUY kurasi MVP
RIN-9CB9110B5E15,RCP-MVP-086,ING-JAGUNG-MANIS,100,g,false,curated,,TAKARKUY kurasi MVP
RIN-4B1D3C3BD0E5,RCP-MVP-086,ING-TOMAT,80,g,false,curated,,TAKARKUY kurasi MVP
RIN-6C4DE6BA7AB5,RCP-MVP-086,ING-BAWANG-MERAH,15,g,false,curated,,TAKARKUY kurasi MVP
RIN-5353D3770451,RCP-MVP-086,ING-MINYAK-GORENG-CURAH,8,g,false,curated,,TAKARKUY kurasi MVP
RIN-023D0AE2ABFC,RCP-MVP-087,ING-UDANG,150,g,false,curated,,TAKARKUY kurasi MVP
RIN-12844AB4D17B,RCP-MVP-087,ING-KENTANG,160,g,false,curated,,TAKARKUY kurasi MVP
RIN-0F2A36D7244E,RCP-MVP-087,ING-KUBIS,100,g,false,curated,,TAKARKUY kurasi MVP
RIN-9E552AC20C1A,RCP-MVP-087,ING-TOMAT,80,g,false,curated,,TAKARKUY kurasi MVP
RIN-1A938FA84691,RCP-MVP-087,ING-BAWANG-PUTIH,8,g,false,curated,,TAKARKUY kurasi MVP
RIN-67F345D833B1,RCP-KAGGLE-4473027,ING-DAGING-AYAM-KAMPUNG,600,g,false,estimated,"[{""recipe_code"": ""RCP-KAGGLE-4473027"", ""ingredient_position"": ""1"", ""raw_ingredient"": ""1 Ekor Ayam Kampung (potong 12)"", ""raw_measure"": ""1 Ekor Ayam Kampung (potong 12)"", ""ingredient_code"": ""ING-DAGING-AYAM-KAMPUNG"", ""quantity_g"": 600.0, ""purchase_quantity_g"": 1000.0, ""status"": ""estimated"", ""estimation_note"": ""asumsi 1 ekor 1000 g × 60% daging termakan; belanja memakai berat utuh, gizi memakai daging"", ""reference_url"": """", ""recipe_source_url"": ""https://cookpad.com/id/resep/4473027-ayam-woku-manado"", ""rules_version"": ""takarkuy-estimates-2026-10-01-v2""}]",TAKARKUY adaptasi; inspirasi Kaggle/Cookpad; estimasi takaran/porsi
RIN-80DAB2CEE6A9,RCP-KAGGLE-4473027,ING-JERUK-NIPIS,88,g,false,estimated,"[{""recipe_code"": ""RCP-KAGGLE-4473027"", ""ingredient_position"": ""2"", ""raw_ingredient"": ""2 Buah Jeruk Nipis"", ""raw_measure"": ""2 Buah Jeruk Nipis"", ""ingredient_code"": ""ING-JERUK-NIPIS"", ""quantity_g"": 88.0, ""purchase_quantity_g"": 88.0, ""status"": ""estimated"", ""estimation_note"": ""asumsi TAKARKUY berat bagian termakan per unit 44 g; mengacu ukuran USDA, bukan bobot pasti produk"", ""reference_url"": ""https://fdc.nal.usda.gov/download-datasets/"", ""recipe_source_url"": ""https://cookpad.com/id/resep/4473027-ayam-woku-manado"", ""rules_version"": ""takarkuy-estimates-2026-10-01-v2""}]",TAKARKUY adaptasi; inspirasi Kaggle/Cookpad; estimasi takaran/porsi
RIN-8E730944A910,RCP-KAGGLE-4473027,ING-GARAM,36.5,g,false,estimated,"[{""recipe_code"": ""RCP-KAGGLE-4473027"", ""ingredient_position"": ""3"", ""raw_ingredient"": ""2 Sdm Garam"", ""raw_measure"": ""2 Sdm Garam"", ""ingredient_code"": ""ING-GARAM"", ""quantity_g"": 36.5, ""purchase_quantity_g"": 36.5, ""status"": ""estimated"", ""estimation_note"": ""perkiraan sdm; massa khusus bahan, cup ≈ 240 ml"", ""reference_url"": ""https://fdc.nal.usda.gov/download-datasets/; https://www.kingarthurbaking.com/learn/ingredient-weight-chart"", ""recipe_source_url"": ""https://cookpad.com/id/resep/4473027-ayam-woku-manado"", ""rules_version"": ""takarkuy-estimates-2026-10-01-v2""}]",TAKARKUY adaptasi; inspirasi Kaggle/Cookpad; estimasi takaran/porsi
RIN-CB56379EEE76,RCP-KAGGLE-4473027,ING-KUNYIT,30,g,false,estimated,"[{""recipe_code"": ""RCP-KAGGLE-4473027"", ""ingredient_position"": ""4"", ""raw_ingredient"": ""3 Ruas Kunyit"", ""raw_measure"": ""3 Ruas Kunyit"", ""ingredient_code"": ""ING-KUNYIT"", ""quantity_g"": 30.0, ""purchase_quantity_g"": 30.0, ""status"": ""estimated"", ""estimation_note"": ""asumsi TAKARKUY: 1 ruas ≈ 10 g, 1 cm ≈ 5 g"", ""reference_url"": """", ""recipe_source_url"": ""https://cookpad.com/id/resep/4473027-ayam-woku-manado"", ""rules_version"": ""takarkuy-estimates-2026-10-01-v2""}]",TAKARKUY adaptasi; inspirasi Kaggle/Cookpad; estimasi takaran/porsi
RIN-083F38339A2F,RCP-KAGGLE-4473027,ING-BAWANG-MERAH,70,g,false,estimated,"[{""recipe_code"": ""RCP-KAGGLE-4473027"", ""ingredient_position"": ""5"", ""raw_ingredient"": ""7 Bawang Merah"", ""raw_measure"": ""7 Bawang Merah"", ""ingredient_code"": ""ING-BAWANG-MERAH"", ""quantity_g"": 70.0, ""purchase_quantity_g"": 70.0, ""status"": ""estimated"", ""estimation_note"": ""asumsi TAKARKUY berat bagian termakan per unit 10 g; mengacu ukuran USDA, bukan bobot pasti produk"", ""reference_url"": ""https://fdc.nal.usda.gov/download-datasets/"", ""recipe_source_url"": ""https://cookpad.com/id/resep/4473027-ayam-woku-manado"", ""rules_version"": ""takarkuy-estimates-2026-10-01-v2""}]",TAKARKUY adaptasi; inspirasi Kaggle/Cookpad; estimasi takaran/porsi
RIN-5664361C6E32,RCP-KAGGLE-4473027,ING-BAWANG-PUTIH,21,g,false,estimated,"[{""recipe_code"": ""RCP-KAGGLE-4473027"", ""ingredient_position"": ""6"", ""raw_ingredient"": ""7 Bawang Putih"", ""raw_measure"": ""7 Bawang Putih"", ""ingredient_code"": ""ING-BAWANG-PUTIH"", ""quantity_g"": 21.0, ""purchase_quantity_g"": 21.0, ""status"": ""estimated"", ""estimation_note"": ""asumsi TAKARKUY berat bagian termakan per unit 3 g; mengacu ukuran USDA, bukan bobot pasti produk"", ""reference_url"": ""https://fdc.nal.usda.gov/download-datasets/"", ""recipe_source_url"": ""https://cookpad.com/id/resep/4473027-ayam-woku-manado"", ""rules_version"": ""takarkuy-estimates-2026-10-01-v2""}]",TAKARKUY adaptasi; inspirasi Kaggle/Cookpad; estimasi takaran/porsi
RIN-A29AD0A118E0,RCP-KAGGLE-4473027,ING-CABAI-MERAH-KERITING,100,g,false,estimated,"[{""recipe_code"": ""RCP-KAGGLE-4473027"", ""ingredient_position"": ""7"", ""raw_ingredient"": ""10 Cabe Merah"", ""raw_measure"": ""10 Cabe Merah"", ""ingredient_code"": ""ING-CABAI-MERAH-KERITING"", ""quantity_g"": 100.0, ""purchase_quantity_g"": 100.0, ""status"": ""estimated"", ""estimation_note"": ""asumsi TAKARKUY berat bagian termakan per unit 10 g; mengacu ukuran USDA, bukan bobot pasti produk"", ""reference_url"": ""https://fdc.nal.usda.gov/download-datasets/"", ""recipe_source_url"": ""https://cookpad.com/id/resep/4473027-ayam-woku-manado"", ""rules_version"": ""takarkuy-estimates-2026-10-01-v2""}]",TAKARKUY adaptasi; inspirasi Kaggle/Cookpad; estimasi takaran/porsi
RIN-FA63AB635FD8,RCP-KAGGLE-4473027,ING-CABAI-RAWIT-MERAH,30,g,false,estimated,"[{""recipe_code"": ""RCP-KAGGLE-4473027"", ""ingredient_position"": ""8"", ""raw_ingredient"": ""10 Cabe Rawit Merah (sesuai selera)"", ""raw_measure"": ""10 Cabe Rawit Merah (sesuai selera)"", ""ingredient_code"": ""ING-CABAI-RAWIT-MERAH"", ""quantity_g"": 30.0, ""purchase_quantity_g"": 30.0, ""status"": ""estimated"", ""estimation_note"": ""asumsi TAKARKUY berat bagian termakan per unit 3 g; mengacu ukuran USDA, bukan bobot pasti produk"", ""reference_url"": ""https://fdc.nal.usda.gov/download-datasets/"", ""recipe_source_url"": ""https://cookpad.com/id/resep/4473027-ayam-woku-manado"", ""rules_version"": ""takarkuy-estimates-2026-10-01-v2""}]",TAKARKUY adaptasi; inspirasi Kaggle/Cookpad; estimasi takaran/porsi
RIN-92810D6A1694,RCP-KAGGLE-4473027,ING-KEMIRI,12,g,false,estimated,"[{""recipe_code"": ""RCP-KAGGLE-4473027"", ""ingredient_position"": ""9"", ""raw_ingredient"": ""3 Butir Kemiri"", ""raw_measure"": ""3 Butir Kemiri"", ""ingredient_code"": ""ING-KEMIRI"", ""quantity_g"": 12.0, ""purchase_quantity_g"": 12.0, ""status"": ""estimated"", ""estimation_note"": ""asumsi TAKARKUY berat bagian termakan per unit 4 g; mengacu ukuran USDA, bukan bobot pasti produk"", ""reference_url"": ""https://fdc.nal.usda.gov/download-datasets/"", ""recipe_source_url"": ""https://cookpad.com/id/resep/4473027-ayam-woku-manado"", ""rules_version"": ""takarkuy-estimates-2026-10-01-v2""}]",TAKARKUY adaptasi; inspirasi Kaggle/Cookpad; estimasi takaran/porsi
RIN-CEC267C289B4,RCP-KAGGLE-4473027,ING-SERAI,40,g,false,estimated,"[{""recipe_code"": ""RCP-KAGGLE-4473027"", ""ingredient_position"": ""10"", ""raw_ingredient"": ""2 Batang Sereh"", ""raw_measure"": ""2 Batang Sereh"", ""ingredient_code"": ""ING-SERAI"", ""quantity_g"": 40.0, ""purchase_quantity_g"": 40.0, ""status"": ""estimated"", ""estimation_note"": ""asumsi TAKARKUY berat bagian termakan per unit 20 g; mengacu ukuran USDA, bukan bobot pasti produk"", ""reference_url"": ""https://fdc.nal.usda.gov/download-datasets/"", ""recipe_source_url"": ""https://cookpad.com/id/resep/4473027-ayam-woku-manado"", ""rules_version"": ""takarkuy-estimates-2026-10-01-v2""}]",TAKARKUY adaptasi; inspirasi Kaggle/Cookpad; estimasi takaran/porsi
RIN-C936508D2B06,RCP-KAGGLE-4473027,ING-DAUN-SALAM,1,g,false,estimated,"[{""recipe_code"": ""RCP-KAGGLE-4473027"", ""ingredient_position"": ""11"", ""raw_ingredient"": ""2 Lembar Daun Salam"", ""raw_measure"": ""2 Lembar Daun Salam"", ""ingredient_code"": ""ING-DAUN-SALAM"", ""quantity_g"": 1.0, ""purchase_quantity_g"": 1.0, ""status"": ""estimated"", ""estimation_note"": ""asumsi TAKARKUY berat bagian termakan per unit 0.5 g; mengacu ukuran USDA, bukan bobot pasti produk"", ""reference_url"": ""https://fdc.nal.usda.gov/download-datasets/"", ""recipe_source_url"": ""https://cookpad.com/id/resep/4473027-ayam-woku-manado"", ""rules_version"": ""takarkuy-estimates-2026-10-01-v2""}]",TAKARKUY adaptasi; inspirasi Kaggle/Cookpad; estimasi takaran/porsi
RIN-23069DC0DC97,RCP-KAGGLE-4473027,ING-KEMANGI,100,g,false,estimated,"[{""recipe_code"": ""RCP-KAGGLE-4473027"", ""ingredient_position"": ""12"", ""raw_ingredient"": ""2 Ikat Daun Kemangi"", ""raw_measure"": ""2 Ikat Daun Kemangi"", ""ingredient_code"": ""ING-KEMANGI"", ""quantity_g"": 100.0, ""purchase_quantity_g"": 100.0, ""status"": ""estimated"", ""estimation_note"": ""asumsi TAKARKUY: ikat ini 50 g, bukan konversi kemasan universal"", ""reference_url"": """", ""recipe_source_url"": ""https://cookpad.com/id/resep/4473027-ayam-woku-manado"", ""rules_version"": ""takarkuy-estimates-2026-10-01-v2""}]",TAKARKUY adaptasi; inspirasi Kaggle/Cookpad; estimasi takaran/porsi
RIN-D7380A24F279,RCP-KAGGLE-4473027,ING-KALDU-AYAM-BUBUK,3,g,false,estimated,"[{""recipe_code"": ""RCP-KAGGLE-4473027"", ""ingredient_position"": ""13"", ""raw_ingredient"": ""Penyedap Rasa"", ""raw_measure"": ""Penyedap Rasa"", ""ingredient_code"": ""ING-KALDU-AYAM-BUBUK"", ""quantity_g"": 3, ""purchase_quantity_g"": 3, ""status"": ""estimated"", ""estimation_note"": ""asumsi TAKARKUY untuk batch: 3 g; sumber tidak memberi angka pasti"", ""reference_url"": """", ""recipe_source_url"": ""https://cookpad.com/id/resep/4473027-ayam-woku-manado"", ""rules_version"": ""takarkuy-estimates-2026-10-01-v2""}]",TAKARKUY adaptasi; inspirasi Kaggle/Cookpad; estimasi takaran/porsi
RIN-AF7748E7FD71,RCP-KAGGLE-4471956,ING-DAGING-AYAM-BROILER,1000,g,false,estimated,"[{""recipe_code"": ""RCP-KAGGLE-4471956"", ""ingredient_position"": ""1"", ""raw_ingredient"": ""1 kg ayam (dipotong sesuai selera jangan kecil2 ya)"", ""raw_measure"": ""1 kg ayam (dipotong sesuai selera jangan kecil2 ya)"", ""ingredient_code"": ""ING-DAGING-AYAM-BROILER"", ""quantity_g"": 1000.0, ""purchase_quantity_g"": 1000.0, ""status"": ""estimated"", ""estimation_note"": ""konversi massa kg → g"", ""reference_url"": ""https://www.nist.gov/pml/owm/metric-si/unit-conversion/approximate-conversions-us-customary-measures-metric"", ""recipe_source_url"": ""https://cookpad.com/id/resep/4471956-ayam-goreng-tulang-lunak"", ""rules_version"": ""takarkuy-estimates-2026-10-01-v2""}]",TAKARKUY adaptasi; inspirasi Kaggle/Cookpad; estimasi takaran/porsi
RIN-BD515B76B39C,RCP-KAGGLE-4471956,ING-SERAI,40,g,false,estimated,"[{""recipe_code"": ""RCP-KAGGLE-4471956"", ""ingredient_position"": ""2"", ""raw_ingredient"": ""2 batang serai (memarkan)"", ""raw_measure"": ""2 batang serai (memarkan)"", ""ingredient_code"": ""ING-SERAI"", ""quantity_g"": 40.0, ""purchase_quantity_g"": 40.0, ""status"": ""estimated"", ""estimation_note"": ""asumsi TAKARKUY berat bagian termakan per unit 20 g; mengacu ukuran USDA, bukan bobot pasti produk"", ""reference_url"": ""https://fdc.nal.usda.gov/download-datasets/"", ""recipe_source_url"": ""https://cookpad.com/id/resep/4471956-ayam-goreng-tulang-lunak"", ""rules_version"": ""takarkuy-estimates-2026-10-01-v2""}]",TAKARKUY adaptasi; inspirasi Kaggle/Cookpad; estimasi takaran/porsi
RIN-561FE50D0492,RCP-KAGGLE-4471956,ING-DAUN-JERUK,2,g,false,estimated,"[{""recipe_code"": ""RCP-KAGGLE-4471956"", ""ingredient_position"": ""3"", ""raw_ingredient"": ""4 lembar daun jeruk"", ""raw_measure"": ""4 lembar daun jeruk"", ""ingredient_code"": ""ING-DAUN-JERUK"", ""quantity_g"": 2.0, ""purchase_quantity_g"": 2.0, ""status"": ""estimated"", ""estimation_note"": ""asumsi TAKARKUY berat bagian termakan per unit 0.5 g; mengacu ukuran USDA, bukan bobot pasti produk"", ""reference_url"": ""https://fdc.nal.usda.gov/download-datasets/"", ""recipe_source_url"": ""https://cookpad.com/id/resep/4471956-ayam-goreng-tulang-lunak"", ""rules_version"": ""takarkuy-estimates-2026-10-01-v2""}]",TAKARKUY adaptasi; inspirasi Kaggle/Cookpad; estimasi takaran/porsi
RIN-7C7FE3B224F2,RCP-KAGGLE-4471956,ING-BAWANG-PUTIH,21,g,false,estimated,"[{""recipe_code"": ""RCP-KAGGLE-4471956"", ""ingredient_position"": ""4"", ""raw_ingredient"": ""7 butir bawang putih (haluskan)"", ""raw_measure"": ""7 butir bawang putih (haluskan)"", ""ingredient_code"": ""ING-BAWANG-PUTIH"", ""quantity_g"": 21.0, ""purchase_quantity_g"": 21.0, ""status"": ""estimated"", ""estimation_note"": ""asumsi TAKARKUY berat bagian termakan per unit 3 g; mengacu ukuran USDA, bukan bobot pasti produk"", ""reference_url"": ""https://fdc.nal.usda.gov/download-datasets/"", ""recipe_source_url"": ""https://cookpad.com/id/resep/4471956-ayam-goreng-tulang-lunak"", ""rules_version"": ""takarkuy-estimates-2026-10-01-v2""}]",TAKARKUY adaptasi; inspirasi Kaggle/Cookpad; estimasi takaran/porsi
RIN-E27AF282E0CD,RCP-KAGGLE-4471956,ING-KETUMBAR-BIJI,5,g,false,estimated,"[{""recipe_code"": ""RCP-KAGGLE-4471956"", ""ingredient_position"": ""5"", ""raw_ingredient"": ""1 sdm ketumbar (haluskan)"", ""raw_measure"": ""1 sdm ketumbar (haluskan)"", ""ingredient_code"": ""ING-KETUMBAR-BIJI"", ""quantity_g"": 5.0, ""purchase_quantity_g"": 5.0, ""status"": ""estimated"", ""estimation_note"": ""perkiraan sdm; massa khusus bahan, cup ≈ 240 ml"", ""reference_url"": ""https://fdc.nal.usda.gov/download-datasets/; https://www.kingarthurbaking.com/learn/ingredient-weight-chart"", ""recipe_source_url"": ""https://cookpad.com/id/resep/4471956-ayam-goreng-tulang-lunak"", ""rules_version"": ""takarkuy-estimates-2026-10-01-v2""}]",TAKARKUY adaptasi; inspirasi Kaggle/Cookpad; estimasi takaran/porsi
RIN-3BAA5193F119,RCP-KAGGLE-4471956,ING-LENGKUAS,30,g,false,estimated,"[{""recipe_code"": ""RCP-KAGGLE-4471956"", ""ingredient_position"": ""6"", ""raw_ingredient"": ""3 ruas jari Laos (haluskan)"", ""raw_measure"": ""3 ruas jari Laos (haluskan)"", ""ingredient_code"": ""ING-LENGKUAS"", ""quantity_g"": 30.0, ""purchase_quantity_g"": 30.0, ""status"": ""estimated"", ""estimation_note"": ""asumsi TAKARKUY: 1 ruas ≈ 10 g, 1 cm ≈ 5 g"", ""reference_url"": """", ""recipe_source_url"": ""https://cookpad.com/id/resep/4471956-ayam-goreng-tulang-lunak"", ""rules_version"": ""takarkuy-estimates-2026-10-01-v2""}]",TAKARKUY adaptasi; inspirasi Kaggle/Cookpad; estimasi takaran/porsi
RIN-DA31029C7EEE,RCP-KAGGLE-4471956,ING-KUNYIT,30,g,false,estimated,"[{""recipe_code"": ""RCP-KAGGLE-4471956"", ""ingredient_position"": ""7"", ""raw_ingredient"": ""3 ruas jari kunyit (haluskan)"", ""raw_measure"": ""3 ruas jari kunyit (haluskan)"", ""ingredient_code"": ""ING-KUNYIT"", ""quantity_g"": 30.0, ""purchase_quantity_g"": 30.0, ""status"": ""estimated"", ""estimation_note"": ""asumsi TAKARKUY: 1 ruas ≈ 10 g, 1 cm ≈ 5 g"", ""reference_url"": """", ""recipe_source_url"": ""https://cookpad.com/id/resep/4471956-ayam-goreng-tulang-lunak"", ""rules_version"": ""takarkuy-estimates-2026-10-01-v2""}]",TAKARKUY adaptasi; inspirasi Kaggle/Cookpad; estimasi takaran/porsi
RIN-65F1965166EB,RCP-KAGGLE-4471956,ING-KEMIRI,8,g,false,estimated,"[{""recipe_code"": ""RCP-KAGGLE-4471956"", ""ingredient_position"": ""8"", ""raw_ingredient"": ""2 butir kemiri (haluskan)"", ""raw_measure"": ""2 butir kemiri (haluskan)"", ""ingredient_code"": ""ING-KEMIRI"", ""quantity_g"": 8.0, ""purchase_quantity_g"": 8.0, ""status"": ""estimated"", ""estimation_note"": ""asumsi TAKARKUY berat bagian termakan per unit 4 g; mengacu ukuran USDA, bukan bobot pasti produk"", ""reference_url"": ""https://fdc.nal.usda.gov/download-datasets/"", ""recipe_source_url"": ""https://cookpad.com/id/resep/4471956-ayam-goreng-tulang-lunak"", ""rules_version"": ""takarkuy-estimates-2026-10-01-v2""}]",TAKARKUY adaptasi; inspirasi Kaggle/Cookpad; estimasi takaran/porsi
RIN-3F1CBC1DBEC4,RCP-KAGGLE-4471956,ING-GARAM,3,g,false,estimated,"[{""recipe_code"": ""RCP-KAGGLE-4471956"", ""ingredient_position"": ""9"", ""raw_ingredient"": ""secukupnya Garam"", ""raw_measure"": ""secukupnya Garam"", ""ingredient_code"": ""ING-GARAM"", ""quantity_g"": 3, ""purchase_quantity_g"": 3, ""status"": ""estimated"", ""estimation_note"": ""asumsi TAKARKUY untuk batch: 3 g; sumber tidak memberi angka pasti"", ""reference_url"": """", ""recipe_source_url"": ""https://cookpad.com/id/resep/4471956-ayam-goreng-tulang-lunak"", ""rules_version"": ""takarkuy-estimates-2026-10-01-v2""}]",TAKARKUY adaptasi; inspirasi Kaggle/Cookpad; estimasi takaran/porsi
RIN-BB45C439A5EE,RCP-KAGGLE-4471956,ING-MINYAK-GORENG-CURAH,20,g,false,estimated,"[{""recipe_code"": ""RCP-KAGGLE-4471956"", ""ingredient_position"": ""11"", ""raw_ingredient"": ""Secukupnya Minyak goreng"", ""raw_measure"": ""Secukupnya Minyak goreng"", ""ingredient_code"": ""ING-MINYAK-GORENG-CURAH"", ""quantity_g"": 20, ""purchase_quantity_g"": 20, ""status"": ""estimated"", ""estimation_note"": ""asumsi TAKARKUY untuk batch: 20 g; sumber tidak memberi angka pasti"", ""reference_url"": """", ""recipe_source_url"": ""https://cookpad.com/id/resep/4471956-ayam-goreng-tulang-lunak"", ""rules_version"": ""takarkuy-estimates-2026-10-01-v2""}]",TAKARKUY adaptasi; inspirasi Kaggle/Cookpad; estimasi takaran/porsi
RIN-04498FEF2259,RCP-KAGGLE-4473057,ING-DAGING-AYAM-BROILER,250,g,false,estimated,"[{""recipe_code"": ""RCP-KAGGLE-4473057"", ""ingredient_position"": ""1"", ""raw_ingredient"": ""1/4 kg ayam"", ""raw_measure"": ""1/4 kg ayam"", ""ingredient_code"": ""ING-DAGING-AYAM-BROILER"", ""quantity_g"": 250.0, ""purchase_quantity_g"": 250.0, ""status"": ""estimated"", ""estimation_note"": ""konversi massa kg → g"", ""reference_url"": ""https://www.nist.gov/pml/owm/metric-si/unit-conversion/approximate-conversions-us-customary-measures-metric"", ""recipe_source_url"": ""https://cookpad.com/id/resep/4473057-ayam-cabai-kawin"", ""rules_version"": ""takarkuy-estimates-2026-10-01-v2""}]",TAKARKUY adaptasi; inspirasi Kaggle/Cookpad; estimasi takaran/porsi
RIN-7E0CA3682D35,RCP-KAGGLE-4473057,ING-CABE-HIJAU-BIASA,30,g,false,estimated,"[{""recipe_code"": ""RCP-KAGGLE-4473057"", ""ingredient_position"": ""2"", ""raw_ingredient"": ""3 buah cabai hijau besar"", ""raw_measure"": ""3 buah cabai hijau besar"", ""ingredient_code"": ""ING-CABE-HIJAU-BIASA"", ""quantity_g"": 30.0, ""purchase_quantity_g"": 30.0, ""status"": ""estimated"", ""estimation_note"": ""asumsi TAKARKUY berat bagian termakan per unit 10 g; mengacu ukuran USDA, bukan bobot pasti produk"", ""reference_url"": ""https://fdc.nal.usda.gov/download-datasets/"", ""recipe_source_url"": ""https://cookpad.com/id/resep/4473057-ayam-cabai-kawin"", ""rules_version"": ""takarkuy-estimates-2026-10-01-v2""}]",TAKARKUY adaptasi; inspirasi Kaggle/Cookpad; estimasi takaran/porsi
RIN-6FBC826367EC,RCP-KAGGLE-4473057,ING-CABAI-RAWIT-MERAH,21,g,false,estimated,"[{""recipe_code"": ""RCP-KAGGLE-4473057"", ""ingredient_position"": ""3"", ""raw_ingredient"": ""7 buah cabai merah rawit"", ""raw_measure"": ""7 buah cabai merah rawit"", ""ingredient_code"": ""ING-CABAI-RAWIT-MERAH"", ""quantity_g"": 21.0, ""purchase_quantity_g"": 21.0, ""status"": ""estimated"", ""estimation_note"": ""asumsi TAKARKUY berat bagian termakan per unit 3 g; mengacu ukuran USDA, bukan bobot pasti produk"", ""reference_url"": ""https://fdc.nal.usda.gov/download-datasets/"", ""recipe_source_url"": ""https://cookpad.com/id/resep/4473057-ayam-cabai-kawin"", ""rules_version"": ""takarkuy-estimates-2026-10-01-v2""}]",TAKARKUY adaptasi; inspirasi Kaggle/Cookpad; estimasi takaran/porsi
RIN-012A0C171AB3,RCP-KAGGLE-4473057,ING-BAWANG-PUTIH,9,g,false,estimated,"[{""recipe_code"": ""RCP-KAGGLE-4473057"", ""ingredient_position"": ""4"", ""raw_ingredient"": ""3 siung bawang putih"", ""raw_measure"": ""3 siung bawang putih"", ""ingredient_code"": ""ING-BAWANG-PUTIH"", ""quantity_g"": 9.0, ""purchase_quantity_g"": 9.0, ""status"": ""estimated"", ""estimation_note"": ""asumsi TAKARKUY berat bagian termakan per unit 3 g; mengacu ukuran USDA, bukan bobot pasti produk"", ""reference_url"": ""https://fdc.nal.usda.gov/download-datasets/"", ""recipe_source_url"": ""https://cookpad.com/id/resep/4473057-ayam-cabai-kawin"", ""rules_version"": ""takarkuy-estimates-2026-10-01-v2""}]",TAKARKUY adaptasi; inspirasi Kaggle/Cookpad; estimasi takaran/porsi
RIN-7C67B218A0CB,RCP-KAGGLE-4473057,ING-BAWANG-MERAH,20,g,false,estimated,"[{""recipe_code"": ""RCP-KAGGLE-4473057"", ""ingredient_position"": ""5"", ""raw_ingredient"": ""2 siung bawang merah"", ""raw_measure"": ""2 siung bawang merah"", ""ingredient_code"": ""ING-BAWANG-MERAH"", ""quantity_g"": 20.0, ""purchase_quantity_g"": 20.0, ""status"": ""estimated"", ""estimation_note"": ""asumsi TAKARKUY berat bagian termakan per unit 10 g; mengacu ukuran USDA, bukan bobot pasti produk"", ""reference_url"": ""https://fdc.nal.usda.gov/download-datasets/"", ""recipe_source_url"": ""https://cookpad.com/id/resep/4473057-ayam-cabai-kawin"", ""rules_version"": ""takarkuy-estimates-2026-10-01-v2""}]",TAKARKUY adaptasi; inspirasi Kaggle/Cookpad; estimasi takaran/porsi
RIN-CA0A802932A2,RCP-KAGGLE-4473057,ING-GULA-PASIR-DALAM-NEGERI,8,g,false,estimated,"[{""recipe_code"": ""RCP-KAGGLE-4473057"", ""ingredient_position"": ""6"", ""raw_ingredient"": ""secukupnya Gula"", ""raw_measure"": ""secukupnya Gula"", ""ingredient_code"": ""ING-GULA-PASIR-DALAM-NEGERI"", ""quantity_g"": 8, ""purchase_quantity_g"": 8, ""status"": ""estimated"", ""estimation_note"": ""asumsi TAKARKUY untuk batch: 8 g; sumber tidak memberi angka pasti"", ""reference_url"": """", ""recipe_source_url"": ""https://cookpad.com/id/resep/4473057-ayam-cabai-kawin"", ""rules_version"": ""takarkuy-estimates-2026-10-01-v2""}]",TAKARKUY adaptasi; inspirasi Kaggle/Cookpad; estimasi takaran/porsi
RIN-84DCDAFC2047,RCP-KAGGLE-4473057,ING-GARAM,3,g,false,estimated,"[{""recipe_code"": ""RCP-KAGGLE-4473057"", ""ingredient_position"": ""7"", ""raw_ingredient"": ""secukupnya Garam"", ""raw_measure"": ""secukupnya Garam"", ""ingredient_code"": ""ING-GARAM"", ""quantity_g"": 3, ""purchase_quantity_g"": 3, ""status"": ""estimated"", ""estimation_note"": ""asumsi TAKARKUY untuk batch: 3 g; sumber tidak memberi angka pasti"", ""reference_url"": """", ""recipe_source_url"": ""https://cookpad.com/id/resep/4473057-ayam-cabai-kawin"", ""rules_version"": ""takarkuy-estimates-2026-10-01-v2""}]",TAKARKUY adaptasi; inspirasi Kaggle/Cookpad; estimasi takaran/porsi
RIN-95EB398EC96D,RCP-KAGGLE-4473057,ING-TOMAT,30.75,g,false,estimated,"[{""recipe_code"": ""RCP-KAGGLE-4473057"", ""ingredient_position"": ""8"", ""raw_ingredient"": ""1/4 buah tomat merah"", ""raw_measure"": ""1/4 buah tomat merah"", ""ingredient_code"": ""ING-TOMAT"", ""quantity_g"": 30.75, ""purchase_quantity_g"": 30.75, ""status"": ""estimated"", ""estimation_note"": ""asumsi TAKARKUY berat bagian termakan per unit 123 g; mengacu ukuran USDA, bukan bobot pasti produk"", ""reference_url"": ""https://fdc.nal.usda.gov/download-datasets/"", ""recipe_source_url"": ""https://cookpad.com/id/resep/4473057-ayam-cabai-kawin"", ""rules_version"": ""takarkuy-estimates-2026-10-01-v2""}]",TAKARKUY adaptasi; inspirasi Kaggle/Cookpad; estimasi takaran/porsi
RIN-3E89090CE1A9,RCP-KAGGLE-4473057,ING-MINYAK-GORENG-CURAH,20,g,false,estimated,"[{""recipe_code"": ""RCP-KAGGLE-4473057"", ""ingredient_position"": ""10"", ""raw_ingredient"": ""secukupnya Minyak goreng"", ""raw_measure"": ""secukupnya Minyak goreng"", ""ingredient_code"": ""ING-MINYAK-GORENG-CURAH"", ""quantity_g"": 20, ""purchase_quantity_g"": 20, ""status"": ""estimated"", ""estimation_note"": ""asumsi TAKARKUY untuk batch: 20 g; sumber tidak memberi angka pasti"", ""reference_url"": """", ""recipe_source_url"": ""https://cookpad.com/id/resep/4473057-ayam-cabai-kawin"", ""rules_version"": ""takarkuy-estimates-2026-10-01-v2""}]",TAKARKUY adaptasi; inspirasi Kaggle/Cookpad; estimasi takaran/porsi
RIN-113C2F2979DC,RCP-KAGGLE-4472222,ING-DAGING-AYAM-BROILER,400,g,false,estimated,"[{""recipe_code"": ""RCP-KAGGLE-4472222"", ""ingredient_position"": ""1"", ""raw_ingredient"": ""400 grm dada ayam"", ""raw_measure"": ""400 grm dada ayam"", ""ingredient_code"": ""ING-DAGING-AYAM-BROILER"", ""quantity_g"": 400.0, ""purchase_quantity_g"": 400.0, ""status"": ""estimated"", ""estimation_note"": ""konversi massa grm → g"", ""reference_url"": ""https://www.nist.gov/pml/owm/metric-si/unit-conversion/approximate-conversions-us-customary-measures-metric"", ""recipe_source_url"": ""https://cookpad.com/id/resep/4472222-ayam-suwir"", ""rules_version"": ""takarkuy-estimates-2026-10-01-v2""}]",TAKARKUY adaptasi; inspirasi Kaggle/Cookpad; estimasi takaran/porsi
RIN-AE952A2B5D9E,RCP-KAGGLE-4472222,ING-DAUN-JERUK,1.5,g,false,estimated,"[{""recipe_code"": ""RCP-KAGGLE-4472222"", ""ingredient_position"": ""2"", ""raw_ingredient"": ""3 lembar daun jeruk"", ""raw_measure"": ""3 lembar daun jeruk"", ""ingredient_code"": ""ING-DAUN-JERUK"", ""quantity_g"": 1.5, ""purchase_quantity_g"": 1.5, ""status"": ""estimated"", ""estimation_note"": ""asumsi TAKARKUY berat bagian termakan per unit 0.5 g; mengacu ukuran USDA, bukan bobot pasti produk"", ""reference_url"": ""https://fdc.nal.usda.gov/download-datasets/"", ""recipe_source_url"": ""https://cookpad.com/id/resep/4472222-ayam-suwir"", ""rules_version"": ""takarkuy-estimates-2026-10-01-v2""}]",TAKARKUY adaptasi; inspirasi Kaggle/Cookpad; estimasi takaran/porsi
RIN-9B55CF80BAED,RCP-KAGGLE-4472222,ING-BAWANG-PUTIH,12,g,false,estimated,"[{""recipe_code"": ""RCP-KAGGLE-4472222"", ""ingredient_position"": ""3"", ""raw_ingredient"": ""4 siung bawang putih"", ""raw_measure"": ""4 siung bawang putih"", ""ingredient_code"": ""ING-BAWANG-PUTIH"", ""quantity_g"": 12.0, ""purchase_quantity_g"": 12.0, ""status"": ""estimated"", ""estimation_note"": ""asumsi TAKARKUY berat bagian termakan per unit 3 g; mengacu ukuran USDA, bukan bobot pasti produk"", ""reference_url"": ""https://fdc.nal.usda.gov/download-datasets/"", ""recipe_source_url"": ""https://cookpad.com/id/resep/4472222-ayam-suwir"", ""rules_version"": ""takarkuy-estimates-2026-10-01-v2""}]",TAKARKUY adaptasi; inspirasi Kaggle/Cookpad; estimasi takaran/porsi
RIN-D483A30AAA10,RCP-KAGGLE-4472222,ING-BAWANG-MERAH,60,g,false,estimated,"[{""recipe_code"": ""RCP-KAGGLE-4472222"", ""ingredient_position"": ""4"", ""raw_ingredient"": ""6 siung bawang merah"", ""raw_measure"": ""6 siung bawang merah"", ""ingredient_code"": ""ING-BAWANG-MERAH"", ""quantity_g"": 60.0, ""purchase_quantity_g"": 60.0, ""status"": ""estimated"", ""estimation_note"": ""asumsi TAKARKUY berat bagian termakan per unit 10 g; mengacu ukuran USDA, bukan bobot pasti produk"", ""reference_url"": ""https://fdc.nal.usda.gov/download-datasets/"", ""recipe_source_url"": ""https://cookpad.com/id/resep/4472222-ayam-suwir"", ""rules_version"": ""takarkuy-estimates-2026-10-01-v2""}]",TAKARKUY adaptasi; inspirasi Kaggle/Cookpad; estimasi takaran/porsi
RIN-3E41C49D38DF,RCP-KAGGLE-4472222,ING-JAHE,5,g,false,estimated,"[{""recipe_code"": ""RCP-KAGGLE-4472222"", ""ingredient_position"": ""5"", ""raw_ingredient"": ""1 cm jahe"", ""raw_measure"": ""1 cm jahe"", ""ingredient_code"": ""ING-JAHE"", ""quantity_g"": 5.0, ""purchase_quantity_g"": 5.0, ""status"": ""estimated"", ""estimation_note"": ""asumsi TAKARKUY: 1 ruas ≈ 10 g, 1 cm ≈ 5 g"", ""reference_url"": """", ""recipe_source_url"": ""https://cookpad.com/id/resep/4472222-ayam-suwir"", ""rules_version"": ""takarkuy-estimates-2026-10-01-v2""}]",TAKARKUY adaptasi; inspirasi Kaggle/Cookpad; estimasi takaran/porsi
RIN-D74F6CA55F00,RCP-KAGGLE-4472222,ING-KUNYIT,5,g,false,estimated,"[{""recipe_code"": ""RCP-KAGGLE-4472222"", ""ingredient_position"": ""6"", ""raw_ingredient"": ""1 cm kunyit"", ""raw_measure"": ""1 cm kunyit"", ""ingredient_code"": ""ING-KUNYIT"", ""quantity_g"": 5.0, ""purchase_quantity_g"": 5.0, ""status"": ""estimated"", ""estimation_note"": ""asumsi TAKARKUY: 1 ruas ≈ 10 g, 1 cm ≈ 5 g"", ""reference_url"": """", ""recipe_source_url"": ""https://cookpad.com/id/resep/4472222-ayam-suwir"", ""rules_version"": ""takarkuy-estimates-2026-10-01-v2""}]",TAKARKUY adaptasi; inspirasi Kaggle/Cookpad; estimasi takaran/porsi
RIN-FEFC232DB060,RCP-KAGGLE-4472222,ING-GARAM,3,g,false,estimated,"[{""recipe_code"": ""RCP-KAGGLE-4472222"", ""ingredient_position"": ""7.1"", ""raw_ingredient"": ""secukupnya Garam dan gula"", ""raw_measure"": ""secukupnya garam"", ""ingredient_code"": ""ING-GARAM"", ""quantity_g"": 3, ""purchase_quantity_g"": 3, ""status"": ""estimated"", ""estimation_note"": ""daftar bahan dipecah; takaran per komponen adalah estimasi terpisah, bukan angka bersama; komponen: secukupnya garam; asumsi TAKARKUY untuk batch: 3 g; sumber tidak memberi angka pasti"", ""reference_url"": """", ""recipe_source_url"": ""https://cookpad.com/id/resep/4472222-ayam-suwir"", ""rules_version"": ""takarkuy-estimates-2026-10-01-v2""}]",TAKARKUY adaptasi; inspirasi Kaggle/Cookpad; estimasi takaran/porsi
RIN-FBDFE8EA34F1,RCP-KAGGLE-4472222,ING-GULA-PASIR-DALAM-NEGERI,8,g,false,estimated,"[{""recipe_code"": ""RCP-KAGGLE-4472222"", ""ingredient_position"": ""7.2"", ""raw_ingredient"": ""secukupnya Garam dan gula"", ""raw_measure"": ""gula"", ""ingredient_code"": ""ING-GULA-PASIR-DALAM-NEGERI"", ""quantity_g"": 8, ""purchase_quantity_g"": 8, ""status"": ""estimated"", ""estimation_note"": ""daftar bahan dipecah; takaran per komponen adalah estimasi terpisah, bukan angka bersama; komponen: gula; asumsi TAKARKUY untuk batch: 8 g; sumber tidak memberi angka pasti"", ""reference_url"": """", ""recipe_source_url"": ""https://cookpad.com/id/resep/4472222-ayam-suwir"", ""rules_version"": ""takarkuy-estimates-2026-10-01-v2""}]",TAKARKUY adaptasi; inspirasi Kaggle/Cookpad; estimasi takaran/porsi
RIN-50279E092E62,RCP-KAGGLE-4472222,ING-MINYAK-GORENG-CURAH,20,g,false,estimated,"[{""recipe_code"": ""RCP-KAGGLE-4472222"", ""ingredient_position"": ""8"", ""raw_ingredient"": ""Minyak untuk menumis"", ""raw_measure"": ""Minyak untuk menumis"", ""ingredient_code"": ""ING-MINYAK-GORENG-CURAH"", ""quantity_g"": 20, ""purchase_quantity_g"": 20, ""status"": ""estimated"", ""estimation_note"": ""asumsi TAKARKUY untuk batch: 20 g; sumber tidak memberi angka pasti"", ""reference_url"": """", ""recipe_source_url"": ""https://cookpad.com/id/resep/4472222-ayam-suwir"", ""rules_version"": ""takarkuy-estimates-2026-10-01-v2""}]",TAKARKUY adaptasi; inspirasi Kaggle/Cookpad; estimasi takaran/porsi
RIN-FA94046615FB,RCP-KAGGLE-4472482,ING-DAGING-AYAM-BROILER,250,g,false,estimated,"[{""recipe_code"": ""RCP-KAGGLE-4472482"", ""ingredient_position"": ""1"", ""raw_ingredient"": ""1/4 kg ayam d fillet ambil dagingnya aja"", ""raw_measure"": ""1/4 kg ayam d fillet ambil dagingnya aja"", ""ingredient_code"": ""ING-DAGING-AYAM-BROILER"", ""quantity_g"": 250.0, ""purchase_quantity_g"": 250.0, ""status"": ""estimated"", ""estimation_note"": ""konversi massa kg → g"", ""reference_url"": ""https://www.nist.gov/pml/owm/metric-si/unit-conversion/approximate-conversions-us-customary-measures-metric"", ""recipe_source_url"": ""https://cookpad.com/id/resep/4472482-nugget-ayam-home-made"", ""rules_version"": ""takarkuy-estimates-2026-10-01-v2""}]",TAKARKUY adaptasi; inspirasi Kaggle/Cookpad; estimasi takaran/porsi
RIN-EE1B1C6506B5,RCP-KAGGLE-4472482,ING-WORTEL,61,g,false,estimated,"[{""recipe_code"": ""RCP-KAGGLE-4472482"", ""ingredient_position"": ""2"", ""raw_ingredient"": ""1 buah wortel"", ""raw_measure"": ""1 buah wortel"", ""ingredient_code"": ""ING-WORTEL"", ""quantity_g"": 61.0, ""purchase_quantity_g"": 61.0, ""status"": ""estimated"", ""estimation_note"": ""asumsi TAKARKUY berat bagian termakan per unit 61 g; mengacu ukuran USDA, bukan bobot pasti produk"", ""reference_url"": ""https://fdc.nal.usda.gov/download-datasets/"", ""recipe_source_url"": ""https://cookpad.com/id/resep/4472482-nugget-ayam-home-made"", ""rules_version"": ""takarkuy-estimates-2026-10-01-v2""}]",TAKARKUY adaptasi; inspirasi Kaggle/Cookpad; estimasi takaran/porsi
RIN-40CDF177120C,RCP-KAGGLE-4472482,ING-DAUN-BAWANG,15,g,false,estimated,"[{""recipe_code"": ""RCP-KAGGLE-4472482"", ""ingredient_position"": ""3"", ""raw_ingredient"": ""1 buah daun bawang prei"", ""raw_measure"": ""1 buah daun bawang prei"", ""ingredient_code"": ""ING-DAUN-BAWANG"", ""quantity_g"": 15.0, ""purchase_quantity_g"": 15.0, ""status"": ""estimated"", ""estimation_note"": ""asumsi TAKARKUY berat bagian termakan per unit 15 g; mengacu ukuran USDA, bukan bobot pasti produk"", ""reference_url"": ""https://fdc.nal.usda.gov/download-datasets/"", ""recipe_source_url"": ""https://cookpad.com/id/resep/4472482-nugget-ayam-home-made"", ""rules_version"": ""takarkuy-estimates-2026-10-01-v2""}]",TAKARKUY adaptasi; inspirasi Kaggle/Cookpad; estimasi takaran/porsi
RIN-D5EB31EE1F3E,RCP-KAGGLE-4472482,ING-BAWANG-PUTIH,12,g,false,estimated,"[{""recipe_code"": ""RCP-KAGGLE-4472482"", ""ingredient_position"": ""4"", ""raw_ingredient"": ""4 siung bawang putih"", ""raw_measure"": ""4 siung bawang putih"", ""ingredient_code"": ""ING-BAWANG-PUTIH"", ""quantity_g"": 12.0, ""purchase_quantity_g"": 12.0, ""status"": ""estimated"", ""estimation_note"": ""asumsi TAKARKUY berat bagian termakan per unit 3 g; mengacu ukuran USDA, bukan bobot pasti produk"", ""reference_url"": ""https://fdc.nal.usda.gov/download-datasets/"", ""recipe_source_url"": ""https://cookpad.com/id/resep/4472482-nugget-ayam-home-made"", ""rules_version"": ""takarkuy-estimates-2026-10-01-v2""}]",TAKARKUY adaptasi; inspirasi Kaggle/Cookpad; estimasi takaran/porsi
RIN-AE08B4836371,RCP-KAGGLE-4472482,ING-BAWANG-MERAH,80,g,false,estimated,"[{""recipe_code"": ""RCP-KAGGLE-4472482"", ""ingredient_position"": ""5"", ""raw_ingredient"": ""8 siung bawang merah"", ""raw_measure"": ""8 siung bawang merah"", ""ingredient_code"": ""ING-BAWANG-MERAH"", ""quantity_g"": 80.0, ""purchase_quantity_g"": 80.0, ""status"": ""estimated"", ""estimation_note"": ""asumsi TAKARKUY berat bagian termakan per unit 10 g; mengacu ukuran USDA, bukan bobot pasti produk"", ""reference_url"": ""https://fdc.nal.usda.gov/download-datasets/"", ""recipe_source_url"": ""https://cookpad.com/id/resep/4472482-nugget-ayam-home-made"", ""rules_version"": ""takarkuy-estimates-2026-10-01-v2""}]",TAKARKUY adaptasi; inspirasi Kaggle/Cookpad; estimasi takaran/porsi
RIN-8D7A20E92288,RCP-KAGGLE-4472482,ING-MERICA,2.29,g,false,estimated,"[{""recipe_code"": ""RCP-KAGGLE-4472482"", ""ingredient_position"": ""6"", ""raw_ingredient"": ""1 sdt merica"", ""raw_measure"": ""1 sdt merica"", ""ingredient_code"": ""ING-MERICA"", ""quantity_g"": 2.292, ""purchase_quantity_g"": 2.292, ""status"": ""estimated"", ""estimation_note"": ""perkiraan sdt; massa khusus bahan, cup ≈ 240 ml"", ""reference_url"": ""https://fdc.nal.usda.gov/download-datasets/; https://www.kingarthurbaking.com/learn/ingredient-weight-chart"", ""recipe_source_url"": ""https://cookpad.com/id/resep/4472482-nugget-ayam-home-made"", ""rules_version"": ""takarkuy-estimates-2026-10-01-v2""}]",TAKARKUY adaptasi; inspirasi Kaggle/Cookpad; estimasi takaran/porsi
RIN-CBC9C281EA5B,RCP-KAGGLE-4472482,ING-TEPUNG-TAPIOKA,500,g,false,estimated,"[{""recipe_code"": ""RCP-KAGGLE-4472482"", ""ingredient_position"": ""7"", ""raw_ingredient"": ""1/2 kg tepung tapioka"", ""raw_measure"": ""1/2 kg tepung tapioka"", ""ingredient_code"": ""ING-TEPUNG-TAPIOKA"", ""quantity_g"": 500.0, ""purchase_quantity_g"": 500.0, ""status"": ""estimated"", ""estimation_note"": ""konversi massa kg → g"", ""reference_url"": ""https://www.nist.gov/pml/owm/metric-si/unit-conversion/approximate-conversions-us-customary-measures-metric"", ""recipe_source_url"": ""https://cookpad.com/id/resep/4472482-nugget-ayam-home-made"", ""rules_version"": ""takarkuy-estimates-2026-10-01-v2""}]",TAKARKUY adaptasi; inspirasi Kaggle/Cookpad; estimasi takaran/porsi
RIN-1C54DDD6CD9D,RCP-KAGGLE-4472482,ING-TELUR-AYAM-BROILER,100,g,false,estimated,"[{""recipe_code"": ""RCP-KAGGLE-4472482"", ""ingredient_position"": ""8"", ""raw_ingredient"": ""2 telur ayam"", ""raw_measure"": ""2 telur ayam"", ""ingredient_code"": ""ING-TELUR-AYAM-BROILER"", ""quantity_g"": 100.0, ""purchase_quantity_g"": 100.0, ""status"": ""estimated"", ""estimation_note"": ""asumsi TAKARKUY berat bagian termakan per unit 50 g; mengacu ukuran USDA, bukan bobot pasti produk"", ""reference_url"": ""https://fdc.nal.usda.gov/download-datasets/"", ""recipe_source_url"": ""https://cookpad.com/id/resep/4472482-nugget-ayam-home-made"", ""rules_version"": ""takarkuy-estimates-2026-10-01-v2""}]",TAKARKUY adaptasi; inspirasi Kaggle/Cookpad; estimasi takaran/porsi
RIN-EAA7E0B1A6B0,RCP-KAGGLE-4472482,ING-GARAM,3,g,false,estimated,"[{""recipe_code"": ""RCP-KAGGLE-4472482"", ""ingredient_position"": ""9.1"", ""raw_ingredient"": ""Garam, penyedap rasa"", ""raw_measure"": ""garam"", ""ingredient_code"": ""ING-GARAM"", ""quantity_g"": 3, ""purchase_quantity_g"": 3, ""status"": ""estimated"", ""estimation_note"": ""daftar bahan dipecah; takaran per komponen adalah estimasi terpisah, bukan angka bersama; komponen: garam; asumsi TAKARKUY untuk batch: 3 g; sumber tidak memberi angka pasti"", ""reference_url"": """", ""recipe_source_url"": ""https://cookpad.com/id/resep/4472482-nugget-ayam-home-made"", ""rules_version"": ""takarkuy-estimates-2026-10-01-v2""}]",TAKARKUY adaptasi; inspirasi Kaggle/Cookpad; estimasi takaran/porsi
RIN-3248147DC156,RCP-KAGGLE-4472482,ING-KALDU-AYAM-BUBUK,3,g,false,estimated,"[{""recipe_code"": ""RCP-KAGGLE-4472482"", ""ingredient_position"": ""9.2"", ""raw_ingredient"": ""Garam, penyedap rasa"", ""raw_measure"": ""penyedap rasa"", ""ingredient_code"": ""ING-KALDU-AYAM-BUBUK"", ""quantity_g"": 3, ""purchase_quantity_g"": 3, ""status"": ""estimated"", ""estimation_note"": ""daftar bahan dipecah; takaran per komponen adalah estimasi terpisah, bukan angka bersama; komponen: penyedap rasa; asumsi TAKARKUY untuk batch: 3 g; sumber tidak memberi angka pasti"", ""reference_url"": """", ""recipe_source_url"": ""https://cookpad.com/id/resep/4472482-nugget-ayam-home-made"", ""rules_version"": ""takarkuy-estimates-2026-10-01-v2""}]",TAKARKUY adaptasi; inspirasi Kaggle/Cookpad; estimasi takaran/porsi
RIN-42E7C0F05416,RCP-KAGGLE-4472482,ING-TEPUNG-PANIR,50,g,false,estimated,"[{""recipe_code"": ""RCP-KAGGLE-4472482"", ""ingredient_position"": ""10"", ""raw_ingredient"": ""Tepung roti/ tepung panir"", ""raw_measure"": ""Tepung roti/ tepung panir"", ""ingredient_code"": ""ING-TEPUNG-PANIR"", ""quantity_g"": 50, ""purchase_quantity_g"": 50, ""status"": ""estimated"", ""estimation_note"": ""asumsi TAKARKUY untuk batch: 50 g; sumber tidak memberi angka pasti"", ""reference_url"": """", ""recipe_source_url"": ""https://cookpad.com/id/resep/4472482-nugget-ayam-home-made"", ""rules_version"": ""takarkuy-estimates-2026-10-01-v2""}]",TAKARKUY adaptasi; inspirasi Kaggle/Cookpad; estimasi takaran/porsi
RIN-87E94B99584C,RCP-KAGGLE-4472309,ING-DAGING-AYAM-BROILER,250,g,false,estimated,"[{""recipe_code"": ""RCP-KAGGLE-4472309"", ""ingredient_position"": ""1"", ""raw_ingredient"": ""250 gr ayam fillet, potong-potong"", ""raw_measure"": ""250 gr ayam fillet, potong-potong"", ""ingredient_code"": ""ING-DAGING-AYAM-BROILER"", ""quantity_g"": 250.0, ""purchase_quantity_g"": 250.0, ""status"": ""estimated"", ""estimation_note"": ""konversi massa gr → g"", ""reference_url"": ""https://www.nist.gov/pml/owm/metric-si/unit-conversion/approximate-conversions-us-customary-measures-metric"", ""recipe_source_url"": ""https://cookpad.com/id/resep/4472309-ayam-koloke"", ""rules_version"": ""takarkuy-estimates-2026-10-01-v2""}]",TAKARKUY adaptasi; inspirasi Kaggle/Cookpad; estimasi takaran/porsi
RIN-22DE29DA3131,RCP-KAGGLE-4472309,ING-TEPUNG-TERIGU-CURAH,30,g,false,estimated,"[{""recipe_code"": ""RCP-KAGGLE-4472309"", ""ingredient_position"": ""4"", ""raw_ingredient"": ""4 sdm tepung terigu"", ""raw_measure"": ""4 sdm tepung terigu"", ""ingredient_code"": ""ING-TEPUNG-TERIGU-CURAH"", ""quantity_g"": 30.0, ""purchase_quantity_g"": 30.0, ""status"": ""estimated"", ""estimation_note"": ""perkiraan sdm; massa khusus bahan, cup ≈ 240 ml"", ""reference_url"": ""https://fdc.nal.usda.gov/download-datasets/; https://www.kingarthurbaking.com/learn/ingredient-weight-chart"", ""recipe_source_url"": ""https://cookpad.com/id/resep/4472309-ayam-koloke"", ""rules_version"": ""takarkuy-estimates-2026-10-01-v2""}]",TAKARKUY adaptasi; inspirasi Kaggle/Cookpad; estimasi takaran/porsi
RIN-F96F350E71E4,RCP-KAGGLE-4472309,ING-MAIZENA,10.67,g,false,estimated,"[{""recipe_code"": ""RCP-KAGGLE-4472309"", ""ingredient_position"": ""5"", ""raw_ingredient"": ""1 sdm maizena"", ""raw_measure"": ""1 sdm maizena"", ""ingredient_code"": ""ING-MAIZENA"", ""quantity_g"": 8.0, ""purchase_quantity_g"": 8.0, ""status"": ""estimated"", ""estimation_note"": ""perkiraan sdm; massa khusus bahan, cup ≈ 240 ml"", ""reference_url"": ""https://fdc.nal.usda.gov/download-datasets/; https://www.kingarthurbaking.com/learn/ingredient-weight-chart"", ""recipe_source_url"": ""https://cookpad.com/id/resep/4472309-ayam-koloke"", ""rules_version"": ""takarkuy-estimates-2026-10-01-v2""}, {""recipe_code"": ""RCP-KAGGLE-4472309"", ""ingredient_position"": ""21"", ""raw_ingredient"": ""1 sdt maizena (larutlan dgn 1 sdm air)"", ""raw_measure"": ""1 sdt maizena (larutlan dgn 1 sdm air)"", ""ingredient_code"": ""ING-MAIZENA"", ""quantity_g"": 2.667, ""purchase_quantity_g"": 2.667, ""status"": ""estimated"", ""estimation_note"": ""perkiraan sdt; massa khusus bahan, cup ≈ 240 ml"", ""reference_url"": ""https://fdc.nal.usda.gov/download-datasets/; https://www.kingarthurbaking.com/learn/ingredient-weight-chart"", ""recipe_source_url"": ""https://cookpad.com/id/resep/4472309-ayam-koloke"", ""rules_version"": ""takarkuy-estimates-2026-10-01-v2""}]",TAKARKUY adaptasi; inspirasi Kaggle/Cookpad; estimasi takaran/porsi
RIN-21FB2BE083B8,RCP-KAGGLE-4472309,ING-MARGARIN,14.19,g,false,estimated,"[{""recipe_code"": ""RCP-KAGGLE-4472309"", ""ingredient_position"": ""7"", ""raw_ingredient"": ""1 sdm butter / margarin"", ""raw_measure"": ""1 sdm margarin"", ""ingredient_code"": ""ING-MARGARIN"", ""quantity_g"": 14.188, ""purchase_quantity_g"": 14.188, ""status"": ""estimated"", ""estimation_note"": ""varian demonstrasi memilih margarin dari alternatif sumber; komponen: 1 sdm margarin; perkiraan sdm; massa khusus bahan, cup ≈ 240 ml"", ""reference_url"": ""https://fdc.nal.usda.gov/download-datasets/; https://www.kingarthurbaking.com/learn/ingredient-weight-chart"", ""recipe_source_url"": ""https://cookpad.com/id/resep/4472309-ayam-koloke"", ""rules_version"": ""takarkuy-estimates-2026-10-01-v2""}]",TAKARKUY adaptasi; inspirasi Kaggle/Cookpad; estimasi takaran/porsi
RIN-0F07B5B5CB85,RCP-KAGGLE-4472309,ING-BAWANG-PUTIH,6,g,false,estimated,"[{""recipe_code"": ""RCP-KAGGLE-4472309"", ""ingredient_position"": ""8"", ""raw_ingredient"": ""2 siung bawang putih, cincang halus"", ""raw_measure"": ""2 siung bawang putih, cincang halus"", ""ingredient_code"": ""ING-BAWANG-PUTIH"", ""quantity_g"": 6.0, ""purchase_quantity_g"": 6.0, ""status"": ""estimated"", ""estimation_note"": ""asumsi TAKARKUY berat bagian termakan per unit 3 g; mengacu ukuran USDA, bukan bobot pasti produk"", ""reference_url"": ""https://fdc.nal.usda.gov/download-datasets/"", ""recipe_source_url"": ""https://cookpad.com/id/resep/4472309-ayam-koloke"", ""rules_version"": ""takarkuy-estimates-2026-10-01-v2""}]",TAKARKUY adaptasi; inspirasi Kaggle/Cookpad; estimasi takaran/porsi
RIN-0713453A45D3,RCP-KAGGLE-4472309,ING-BAWANG-BOMBAY,110,g,false,estimated,"[{""recipe_code"": ""RCP-KAGGLE-4472309"", ""ingredient_position"": ""9"", ""raw_ingredient"": ""1 siung bawang bombai uk. Kecil (iris halus)"", ""raw_measure"": ""1 siung bawang bombai uk. Kecil (iris halus)"", ""ingredient_code"": ""ING-BAWANG-BOMBAY"", ""quantity_g"": 110.0, ""purchase_quantity_g"": 110.0, ""status"": ""estimated"", ""estimation_note"": ""asumsi TAKARKUY berat bagian termakan per unit 110 g; mengacu ukuran USDA, bukan bobot pasti produk"", ""reference_url"": ""https://fdc.nal.usda.gov/download-datasets/"", ""recipe_source_url"": ""https://cookpad.com/id/resep/4472309-ayam-koloke"", ""rules_version"": ""takarkuy-estimates-2026-10-01-v2""}]",TAKARKUY adaptasi; inspirasi Kaggle/Cookpad; estimasi takaran/porsi
RIN-68EF8D5DAE50,RCP-KAGGLE-4472309,ING-WORTEL,30.5,g,false,estimated,"[{""recipe_code"": ""RCP-KAGGLE-4472309"", ""ingredient_position"": ""10"", ""raw_ingredient"": ""1/2 bh wortel (potong korek api)"", ""raw_measure"": ""1/2 bh wortel (potong korek api)"", ""ingredient_code"": ""ING-WORTEL"", ""quantity_g"": 30.5, ""purchase_quantity_g"": 30.5, ""status"": ""estimated"", ""estimation_note"": ""asumsi TAKARKUY berat bagian termakan per unit 61 g; mengacu ukuran USDA, bukan bobot pasti produk"", ""reference_url"": ""https://fdc.nal.usda.gov/download-datasets/"", ""recipe_source_url"": ""https://cookpad.com/id/resep/4472309-ayam-koloke"", ""rules_version"": ""takarkuy-estimates-2026-10-01-v2""}]",TAKARKUY adaptasi; inspirasi Kaggle/Cookpad; estimasi takaran/porsi
RIN-58CDBE8D8D8D,RCP-KAGGLE-4472309,ING-MENTIMUN,100,g,false,estimated,"[{""recipe_code"": ""RCP-KAGGLE-4472309"", ""ingredient_position"": ""11"", ""raw_ingredient"": ""1/2 bh timun (buang biji dan iris korek api)"", ""raw_measure"": ""1/2 bh timun (buang biji dan iris korek api)"", ""ingredient_code"": ""ING-MENTIMUN"", ""quantity_g"": 100.0, ""purchase_quantity_g"": 100.0, ""status"": ""estimated"", ""estimation_note"": ""asumsi TAKARKUY berat bagian termakan per unit 200 g; mengacu ukuran USDA, bukan bobot pasti produk"", ""reference_url"": ""https://fdc.nal.usda.gov/download-datasets/"", ""recipe_source_url"": ""https://cookpad.com/id/resep/4472309-ayam-koloke"", ""rules_version"": ""takarkuy-estimates-2026-10-01-v2""}]",TAKARKUY adaptasi; inspirasi Kaggle/Cookpad; estimasi takaran/porsi
RIN-10FC1A8AB09B,RCP-KAGGLE-4472309,ING-DAUN-BAWANG,15,g,false,estimated,"[{""recipe_code"": ""RCP-KAGGLE-4472309"", ""ingredient_position"": ""12"", ""raw_ingredient"": ""1 btg daun bawang (potong2)"", ""raw_measure"": ""1 btg daun bawang (potong2)"", ""ingredient_code"": ""ING-DAUN-BAWANG"", ""quantity_g"": 15.0, ""purchase_quantity_g"": 15.0, ""status"": ""estimated"", ""estimation_note"": ""asumsi TAKARKUY berat bagian termakan per unit 15 g; mengacu ukuran USDA, bukan bobot pasti produk"", ""reference_url"": ""https://fdc.nal.usda.gov/download-datasets/"", ""recipe_source_url"": ""https://cookpad.com/id/resep/4472309-ayam-koloke"", ""rules_version"": ""takarkuy-estimates-2026-10-01-v2""}]",TAKARKUY adaptasi; inspirasi Kaggle/Cookpad; estimasi takaran/porsi
RIN-0414D6DFD1C3,RCP-KAGGLE-4472309,ING-CABAI-MERAH-KERITING,20,g,false,estimated,"[{""recipe_code"": ""RCP-KAGGLE-4472309"", ""ingredient_position"": ""13"", ""raw_ingredient"": ""2 bh cabe merah (iris serong)"", ""raw_measure"": ""2 bh cabe merah (iris serong)"", ""ingredient_code"": ""ING-CABAI-MERAH-KERITING"", ""quantity_g"": 20.0, ""purchase_quantity_g"": 20.0, ""status"": ""estimated"", ""estimation_note"": ""asumsi TAKARKUY berat bagian termakan per unit 10 g; mengacu ukuran USDA, bukan bobot pasti produk"", ""reference_url"": ""https://fdc.nal.usda.gov/download-datasets/"", ""recipe_source_url"": ""https://cookpad.com/id/resep/4472309-ayam-koloke"", ""rules_version"": ""takarkuy-estimates-2026-10-01-v2""}]",TAKARKUY adaptasi; inspirasi Kaggle/Cookpad; estimasi takaran/porsi
RIN-B6E192D74156,RCP-KAGGLE-4472309,ING-CABAI-RAWIT-MERAH,9,g,false,estimated,"[{""recipe_code"": ""RCP-KAGGLE-4472309"", ""ingredient_position"": ""14"", ""raw_ingredient"": ""3 bh cabe rawit (iris serong)"", ""raw_measure"": ""3 bh cabe rawit (iris serong)"", ""ingredient_code"": ""ING-CABAI-RAWIT-MERAH"", ""quantity_g"": 9.0, ""purchase_quantity_g"": 9.0, ""status"": ""estimated"", ""estimation_note"": ""asumsi TAKARKUY berat bagian termakan per unit 3 g; mengacu ukuran USDA, bukan bobot pasti produk"", ""reference_url"": ""https://fdc.nal.usda.gov/download-datasets/"", ""recipe_source_url"": ""https://cookpad.com/id/resep/4472309-ayam-koloke"", ""rules_version"": ""takarkuy-estimates-2026-10-01-v2""}]",TAKARKUY adaptasi; inspirasi Kaggle/Cookpad; estimasi takaran/porsi
RIN-F460DAA5DE54,RCP-KAGGLE-4472309,ING-SAUS-TOMAT,51,g,false,estimated,"[{""recipe_code"": ""RCP-KAGGLE-4472309"", ""ingredient_position"": ""15"", ""raw_ingredient"": ""3 sdm saus tomat"", ""raw_measure"": ""3 sdm saus tomat"", ""ingredient_code"": ""ING-SAUS-TOMAT"", ""quantity_g"": 51.0, ""purchase_quantity_g"": 51.0, ""status"": ""estimated"", ""estimation_note"": ""perkiraan sdm; massa khusus bahan, cup ≈ 240 ml"", ""reference_url"": ""https://fdc.nal.usda.gov/download-datasets/; https://www.kingarthurbaking.com/learn/ingredient-weight-chart"", ""recipe_source_url"": ""https://cookpad.com/id/resep/4472309-ayam-koloke"", ""rules_version"": ""takarkuy-estimates-2026-10-01-v2""}]",TAKARKUY adaptasi; inspirasi Kaggle/Cookpad; estimasi takaran/porsi
RIN-3FEA236E53B9,RCP-KAGGLE-4472309,ING-SAUS-TIRAM,18,g,false,estimated,"[{""recipe_code"": ""RCP-KAGGLE-4472309"", ""ingredient_position"": ""16"", ""raw_ingredient"": ""1 sdm saus tiram"", ""raw_measure"": ""1 sdm saus tiram"", ""ingredient_code"": ""ING-SAUS-TIRAM"", ""quantity_g"": 18.0, ""purchase_quantity_g"": 18.0, ""status"": ""estimated"", ""estimation_note"": ""perkiraan sdm; massa khusus bahan, cup ≈ 240 ml"", ""reference_url"": ""https://fdc.nal.usda.gov/download-datasets/; https://www.kingarthurbaking.com/learn/ingredient-weight-chart"", ""recipe_source_url"": ""https://cookpad.com/id/resep/4472309-ayam-koloke"", ""rules_version"": ""takarkuy-estimates-2026-10-01-v2""}]",TAKARKUY adaptasi; inspirasi Kaggle/Cookpad; estimasi takaran/porsi
RIN-EE468D69245E,RCP-KAGGLE-4472309,ING-MINYAK-WIJEN,4.54,g,false,estimated,"[{""recipe_code"": ""RCP-KAGGLE-4472309"", ""ingredient_position"": ""17"", ""raw_ingredient"": ""1 sdt minyak wijen"", ""raw_measure"": ""1 sdt minyak wijen"", ""ingredient_code"": ""ING-MINYAK-WIJEN"", ""quantity_g"": 4.542, ""purchase_quantity_g"": 4.542, ""status"": ""estimated"", ""estimation_note"": ""perkiraan sdt; massa khusus bahan, cup ≈ 240 ml"", ""reference_url"": ""https://fdc.nal.usda.gov/download-datasets/; https://www.kingarthurbaking.com/learn/ingredient-weight-chart"", ""recipe_source_url"": ""https://cookpad.com/id/resep/4472309-ayam-koloke"", ""rules_version"": ""takarkuy-estimates-2026-10-01-v2""}]",TAKARKUY adaptasi; inspirasi Kaggle/Cookpad; estimasi takaran/porsi
RIN-FE58F4DA53C5,RCP-KAGGLE-4472309,ING-JERUK-NIPIS,5.04,g,false,estimated,"[{""recipe_code"": ""RCP-KAGGLE-4472309"", ""ingredient_position"": ""18"", ""raw_ingredient"": ""1 sdt air lemon / jeruk nipis / cuka masak"", ""raw_measure"": ""1 sdt air lemon / jeruk nipis / cuka masak"", ""ingredient_code"": ""ING-JERUK-NIPIS"", ""quantity_g"": 5.042, ""purchase_quantity_g"": 5.042, ""status"": ""estimated"", ""estimation_note"": ""perkiraan sdt; massa khusus bahan, cup ≈ 240 ml"", ""reference_url"": ""https://fdc.nal.usda.gov/download-datasets/; https://www.kingarthurbaking.com/learn/ingredient-weight-chart"", ""recipe_source_url"": ""https://cookpad.com/id/resep/4472309-ayam-koloke"", ""rules_version"": ""takarkuy-estimates-2026-10-01-v2""}]",TAKARKUY adaptasi; inspirasi Kaggle/Cookpad; estimasi takaran/porsi
RIN-8F0AB263168F,RCP-KAGGLE-4472309,ING-GARAM,3,g,false,estimated,"[{""recipe_code"": ""RCP-KAGGLE-4472309"", ""ingredient_position"": ""20.1"", ""raw_ingredient"": ""Garam, lada, gula"", ""raw_measure"": ""garam"", ""ingredient_code"": ""ING-GARAM"", ""quantity_g"": 3, ""purchase_quantity_g"": 3, ""status"": ""estimated"", ""estimation_note"": ""daftar bahan dipecah; takaran per komponen adalah estimasi terpisah, bukan angka bersama; komponen: garam; asumsi TAKARKUY untuk batch: 3 g; sumber tidak memberi angka pasti"", ""reference_url"": """", ""recipe_source_url"": ""https://cookpad.com/id/resep/4472309-ayam-koloke"", ""rules_version"": ""takarkuy-estimates-2026-10-01-v2""}]",TAKARKUY adaptasi; inspirasi Kaggle/Cookpad; estimasi takaran/porsi
RIN-52967CC67BA2,RCP-KAGGLE-4472309,ING-MERICA,1,g,false,estimated,"[{""recipe_code"": ""RCP-KAGGLE-4472309"", ""ingredient_position"": ""20.2"", ""raw_ingredient"": ""Garam, lada, gula"", ""raw_measure"": ""lada"", ""ingredient_code"": ""ING-MERICA"", ""quantity_g"": 1, ""purchase_quantity_g"": 1, ""status"": ""estimated"", ""estimation_note"": ""daftar bahan dipecah; takaran per komponen adalah estimasi terpisah, bukan angka bersama; komponen: lada; asumsi TAKARKUY untuk batch: 1 g; sumber tidak memberi angka pasti"", ""reference_url"": """", ""recipe_source_url"": ""https://cookpad.com/id/resep/4472309-ayam-koloke"", ""rules_version"": ""takarkuy-estimates-2026-10-01-v2""}]",TAKARKUY adaptasi; inspirasi Kaggle/Cookpad; estimasi takaran/porsi
RIN-62136A833E64,RCP-KAGGLE-4472309,ING-GULA-PASIR-DALAM-NEGERI,8,g,false,estimated,"[{""recipe_code"": ""RCP-KAGGLE-4472309"", ""ingredient_position"": ""20.3"", ""raw_ingredient"": ""Garam, lada, gula"", ""raw_measure"": ""gula"", ""ingredient_code"": ""ING-GULA-PASIR-DALAM-NEGERI"", ""quantity_g"": 8, ""purchase_quantity_g"": 8, ""status"": ""estimated"", ""estimation_note"": ""daftar bahan dipecah; takaran per komponen adalah estimasi terpisah, bukan angka bersama; komponen: gula; asumsi TAKARKUY untuk batch: 8 g; sumber tidak memberi angka pasti"", ""reference_url"": """", ""recipe_source_url"": ""https://cookpad.com/id/resep/4472309-ayam-koloke"", ""rules_version"": ""takarkuy-estimates-2026-10-01-v2""}]",TAKARKUY adaptasi; inspirasi Kaggle/Cookpad; estimasi takaran/porsi
RIN-3E093CD0E387,RCP-KAGGLE-4472084,ING-DAGING-AYAM-BROILER,250,g,false,estimated,"[{""recipe_code"": ""RCP-KAGGLE-4472084"", ""ingredient_position"": ""1"", ""raw_ingredient"": ""250 gram daging ayam giling"", ""raw_measure"": ""250 gram daging ayam giling"", ""ingredient_code"": ""ING-DAGING-AYAM-BROILER"", ""quantity_g"": 250.0, ""purchase_quantity_g"": 250.0, ""status"": ""estimated"", ""estimation_note"": ""konversi massa gram → g"", ""reference_url"": ""https://www.nist.gov/pml/owm/metric-si/unit-conversion/approximate-conversions-us-customary-measures-metric"", ""recipe_source_url"": ""https://cookpad.com/id/resep/4472084-nugget-ayam-wortel"", ""rules_version"": ""takarkuy-estimates-2026-10-01-v2""}]",TAKARKUY adaptasi; inspirasi Kaggle/Cookpad; estimasi takaran/porsi
RIN-1119E5C729FB,RCP-KAGGLE-4472084,ING-WORTEL,61,g,false,estimated,"[{""recipe_code"": ""RCP-KAGGLE-4472084"", ""ingredient_position"": ""2"", ""raw_ingredient"": ""1 buah wortel ukuran sedang"", ""raw_measure"": ""1 buah wortel ukuran sedang"", ""ingredient_code"": ""ING-WORTEL"", ""quantity_g"": 61.0, ""purchase_quantity_g"": 61.0, ""status"": ""estimated"", ""estimation_note"": ""asumsi TAKARKUY berat bagian termakan per unit 61 g; mengacu ukuran USDA, bukan bobot pasti produk"", ""reference_url"": ""https://fdc.nal.usda.gov/download-datasets/"", ""recipe_source_url"": ""https://cookpad.com/id/resep/4472084-nugget-ayam-wortel"", ""rules_version"": ""takarkuy-estimates-2026-10-01-v2""}]",TAKARKUY adaptasi; inspirasi Kaggle/Cookpad; estimasi takaran/porsi
RIN-94CCF0E952B4,RCP-KAGGLE-4472084,ING-BAWANG-BOMBAY,55,g,false,estimated,"[{""recipe_code"": ""RCP-KAGGLE-4472084"", ""ingredient_position"": ""3"", ""raw_ingredient"": ""1/2 buah bawang bombay"", ""raw_measure"": ""1/2 buah bawang bombay"", ""ingredient_code"": ""ING-BAWANG-BOMBAY"", ""quantity_g"": 55.0, ""purchase_quantity_g"": 55.0, ""status"": ""estimated"", ""estimation_note"": ""asumsi TAKARKUY berat bagian termakan per unit 110 g; mengacu ukuran USDA, bukan bobot pasti produk"", ""reference_url"": ""https://fdc.nal.usda.gov/download-datasets/"", ""recipe_source_url"": ""https://cookpad.com/id/resep/4472084-nugget-ayam-wortel"", ""rules_version"": ""takarkuy-estimates-2026-10-01-v2""}]",TAKARKUY adaptasi; inspirasi Kaggle/Cookpad; estimasi takaran/porsi
RIN-8B9BB7D04B1C,RCP-KAGGLE-4472084,ING-BAWANG-PUTIH,9,g,false,estimated,"[{""recipe_code"": ""RCP-KAGGLE-4472084"", ""ingredient_position"": ""4"", ""raw_ingredient"": ""2-3 siung bawang putih"", ""raw_measure"": ""2-3 siung bawang putih"", ""ingredient_code"": ""ING-BAWANG-PUTIH"", ""quantity_g"": 9.0, ""purchase_quantity_g"": 9.0, ""status"": ""estimated"", ""estimation_note"": ""asumsi TAKARKUY berat bagian termakan per unit 3 g; mengacu ukuran USDA, bukan bobot pasti produk"", ""reference_url"": ""https://fdc.nal.usda.gov/download-datasets/"", ""recipe_source_url"": ""https://cookpad.com/id/resep/4472084-nugget-ayam-wortel"", ""rules_version"": ""takarkuy-estimates-2026-10-01-v2""}]",TAKARKUY adaptasi; inspirasi Kaggle/Cookpad; estimasi takaran/porsi
RIN-557C5ADF900D,RCP-KAGGLE-4472084,ING-DAUN-BAWANG,45,g,false,estimated,"[{""recipe_code"": ""RCP-KAGGLE-4472084"", ""ingredient_position"": ""5"", ""raw_ingredient"": ""3 batang daun bawang"", ""raw_measure"": ""3 batang daun bawang"", ""ingredient_code"": ""ING-DAUN-BAWANG"", ""quantity_g"": 45.0, ""purchase_quantity_g"": 45.0, ""status"": ""estimated"", ""estimation_note"": ""asumsi TAKARKUY berat bagian termakan per unit 15 g; mengacu ukuran USDA, bukan bobot pasti produk"", ""reference_url"": ""https://fdc.nal.usda.gov/download-datasets/"", ""recipe_source_url"": ""https://cookpad.com/id/resep/4472084-nugget-ayam-wortel"", ""rules_version"": ""takarkuy-estimates-2026-10-01-v2""}]",TAKARKUY adaptasi; inspirasi Kaggle/Cookpad; estimasi takaran/porsi
RIN-60C807082922,RCP-KAGGLE-4472084,ING-TELUR-AYAM-BROILER,100,g,false,estimated,"[{""recipe_code"": ""RCP-KAGGLE-4472084"", ""ingredient_position"": ""6"", ""raw_ingredient"": ""2 butir telur ayam"", ""raw_measure"": ""2 butir telur ayam"", ""ingredient_code"": ""ING-TELUR-AYAM-BROILER"", ""quantity_g"": 100.0, ""purchase_quantity_g"": 100.0, ""status"": ""estimated"", ""estimation_note"": ""asumsi TAKARKUY berat bagian termakan per unit 50 g; mengacu ukuran USDA, bukan bobot pasti produk"", ""reference_url"": ""https://fdc.nal.usda.gov/download-datasets/"", ""recipe_source_url"": ""https://cookpad.com/id/resep/4472084-nugget-ayam-wortel"", ""rules_version"": ""takarkuy-estimates-2026-10-01-v2""}]",TAKARKUY adaptasi; inspirasi Kaggle/Cookpad; estimasi takaran/porsi
RIN-729DE5EBD639,RCP-KAGGLE-4472084,ING-TEPUNG-TERIGU-CURAH,100,g,false,estimated,"[{""recipe_code"": ""RCP-KAGGLE-4472084"", ""ingredient_position"": ""7"", ""raw_ingredient"": ""100 gram tepung terigu (kurang lebih)"", ""raw_measure"": ""100 gram tepung terigu (kurang lebih)"", ""ingredient_code"": ""ING-TEPUNG-TERIGU-CURAH"", ""quantity_g"": 100.0, ""purchase_quantity_g"": 100.0, ""status"": ""estimated"", ""estimation_note"": ""konversi massa gram → g"", ""reference_url"": ""https://www.nist.gov/pml/owm/metric-si/unit-conversion/approximate-conversions-us-customary-measures-metric"", ""recipe_source_url"": ""https://cookpad.com/id/resep/4472084-nugget-ayam-wortel"", ""rules_version"": ""takarkuy-estimates-2026-10-01-v2""}]",TAKARKUY adaptasi; inspirasi Kaggle/Cookpad; estimasi takaran/porsi
RIN-A6F3BDF5ED35,RCP-KAGGLE-4472084,ING-TEPUNG-PANIR,50,g,false,estimated,"[{""recipe_code"": ""RCP-KAGGLE-4472084"", ""ingredient_position"": ""8"", ""raw_ingredient"": ""secukupnya Tepung roti"", ""raw_measure"": ""secukupnya Tepung roti"", ""ingredient_code"": ""ING-TEPUNG-PANIR"", ""quantity_g"": 50, ""purchase_quantity_g"": 50, ""status"": ""estimated"", ""estimation_note"": ""asumsi TAKARKUY untuk batch: 50 g; sumber tidak memberi angka pasti"", ""reference_url"": """", ""recipe_source_url"": ""https://cookpad.com/id/resep/4472084-nugget-ayam-wortel"", ""rules_version"": ""takarkuy-estimates-2026-10-01-v2""}]",TAKARKUY adaptasi; inspirasi Kaggle/Cookpad; estimasi takaran/porsi
RIN-B61D51C07ED3,RCP-KAGGLE-4472084,ING-GARAM,3,g,false,estimated,"[{""recipe_code"": ""RCP-KAGGLE-4472084"", ""ingredient_position"": ""9"", ""raw_ingredient"": ""secukupnya Garam"", ""raw_measure"": ""secukupnya Garam"", ""ingredient_code"": ""ING-GARAM"", ""quantity_g"": 3, ""purchase_quantity_g"": 3, ""status"": ""estimated"", ""estimation_note"": ""asumsi TAKARKUY untuk batch: 3 g; sumber tidak memberi angka pasti"", ""reference_url"": """", ""recipe_source_url"": ""https://cookpad.com/id/resep/4472084-nugget-ayam-wortel"", ""rules_version"": ""takarkuy-estimates-2026-10-01-v2""}]",TAKARKUY adaptasi; inspirasi Kaggle/Cookpad; estimasi takaran/porsi
RIN-95E98F7287BC,RCP-KAGGLE-4472084,ING-MERICA,1,g,false,estimated,"[{""recipe_code"": ""RCP-KAGGLE-4472084"", ""ingredient_position"": ""10"", ""raw_ingredient"": ""secukupnya Lada"", ""raw_measure"": ""secukupnya Lada"", ""ingredient_code"": ""ING-MERICA"", ""quantity_g"": 1, ""purchase_quantity_g"": 1, ""status"": ""estimated"", ""estimation_note"": ""asumsi TAKARKUY untuk batch: 1 g; sumber tidak memberi angka pasti"", ""reference_url"": """", ""recipe_source_url"": ""https://cookpad.com/id/resep/4472084-nugget-ayam-wortel"", ""rules_version"": ""takarkuy-estimates-2026-10-01-v2""}]",TAKARKUY adaptasi; inspirasi Kaggle/Cookpad; estimasi takaran/porsi
RIN-FA81E8C86485,RCP-KAGGLE-4472084,ING-KALDU-AYAM-BUBUK,3,g,false,estimated,"[{""recipe_code"": ""RCP-KAGGLE-4472084"", ""ingredient_position"": ""11"", ""raw_ingredient"": ""secukupnya Penyedap rasa ayam"", ""raw_measure"": ""secukupnya Penyedap rasa ayam"", ""ingredient_code"": ""ING-KALDU-AYAM-BUBUK"", ""quantity_g"": 3, ""purchase_quantity_g"": 3, ""status"": ""estimated"", ""estimation_note"": ""asumsi TAKARKUY untuk batch: 3 g; sumber tidak memberi angka pasti"", ""reference_url"": """", ""recipe_source_url"": ""https://cookpad.com/id/resep/4472084-nugget-ayam-wortel"", ""rules_version"": ""takarkuy-estimates-2026-10-01-v2""}]",TAKARKUY adaptasi; inspirasi Kaggle/Cookpad; estimasi takaran/porsi
RIN-C4408B994234,RCP-KAGGLE-4472084,ING-MINYAK-GORENG-CURAH,20,g,false,estimated,"[{""recipe_code"": ""RCP-KAGGLE-4472084"", ""ingredient_position"": ""12"", ""raw_ingredient"": ""Minyak goreng"", ""raw_measure"": ""Minyak goreng"", ""ingredient_code"": ""ING-MINYAK-GORENG-CURAH"", ""quantity_g"": 20, ""purchase_quantity_g"": 20, ""status"": ""estimated"", ""estimation_note"": ""asumsi TAKARKUY untuk batch: 20 g; sumber tidak memberi angka pasti"", ""reference_url"": """", ""recipe_source_url"": ""https://cookpad.com/id/resep/4472084-nugget-ayam-wortel"", ""rules_version"": ""takarkuy-estimates-2026-10-01-v2""}]",TAKARKUY adaptasi; inspirasi Kaggle/Cookpad; estimasi takaran/porsi
RIN-32C1F0E7C0EB,RCP-KAGGLE-4469586,ING-DAGING-AYAM-BROILER,500,g,false,estimated,"[{""recipe_code"": ""RCP-KAGGLE-4469586"", ""ingredient_position"": ""1"", ""raw_ingredient"": ""500 gr Daging ayam iris memanjang"", ""raw_measure"": ""500 gr Daging ayam iris memanjang"", ""ingredient_code"": ""ING-DAGING-AYAM-BROILER"", ""quantity_g"": 500.0, ""purchase_quantity_g"": 500.0, ""status"": ""estimated"", ""estimation_note"": ""konversi massa gr → g"", ""reference_url"": ""https://www.nist.gov/pml/owm/metric-si/unit-conversion/approximate-conversions-us-customary-measures-metric"", ""recipe_source_url"": ""https://cookpad.com/id/resep/4469586-chicken-teriyaki"", ""rules_version"": ""takarkuy-estimates-2026-10-01-v2""}]",TAKARKUY adaptasi; inspirasi Kaggle/Cookpad; estimasi takaran/porsi
RIN-9E67A2F7EC79,RCP-KAGGLE-4469586,ING-BAWANG-BOMBAY,110,g,false,estimated,"[{""recipe_code"": ""RCP-KAGGLE-4469586"", ""ingredient_position"": ""2"", ""raw_ingredient"": ""1 bh Bawang bombay, iris memanjang"", ""raw_measure"": ""1 bh Bawang bombay, iris memanjang"", ""ingredient_code"": ""ING-BAWANG-BOMBAY"", ""quantity_g"": 110.0, ""purchase_quantity_g"": 110.0, ""status"": ""estimated"", ""estimation_note"": ""asumsi TAKARKUY berat bagian termakan per unit 110 g; mengacu ukuran USDA, bukan bobot pasti produk"", ""reference_url"": ""https://fdc.nal.usda.gov/download-datasets/"", ""recipe_source_url"": ""https://cookpad.com/id/resep/4469586-chicken-teriyaki"", ""rules_version"": ""takarkuy-estimates-2026-10-01-v2""}]",TAKARKUY adaptasi; inspirasi Kaggle/Cookpad; estimasi takaran/porsi
RIN-A23CC8DE21B3,RCP-KAGGLE-4469586,ING-GULA-PASIR-DALAM-NEGERI,2.06,g,false,estimated,"[{""recipe_code"": ""RCP-KAGGLE-4469586"", ""ingredient_position"": ""3"", ""raw_ingredient"": ""1/2 sdt Gula"", ""raw_measure"": ""1/2 sdt Gula"", ""ingredient_code"": ""ING-GULA-PASIR-DALAM-NEGERI"", ""quantity_g"": 2.062, ""purchase_quantity_g"": 2.062, ""status"": ""estimated"", ""estimation_note"": ""perkiraan sdt; massa khusus bahan, cup ≈ 240 ml"", ""reference_url"": ""https://fdc.nal.usda.gov/download-datasets/; https://www.kingarthurbaking.com/learn/ingredient-weight-chart"", ""recipe_source_url"": ""https://cookpad.com/id/resep/4469586-chicken-teriyaki"", ""rules_version"": ""takarkuy-estimates-2026-10-01-v2""}]",TAKARKUY adaptasi; inspirasi Kaggle/Cookpad; estimasi takaran/porsi
RIN-01BD6E119D6E,RCP-KAGGLE-4469586,ING-GARAM,1.52,g,false,estimated,"[{""recipe_code"": ""RCP-KAGGLE-4469586"", ""ingredient_position"": ""4"", ""raw_ingredient"": ""1/4 sdt Garan"", ""raw_measure"": ""1/4 sdt Garan"", ""ingredient_code"": ""ING-GARAM"", ""quantity_g"": 1.521, ""purchase_quantity_g"": 1.521, ""status"": ""estimated"", ""estimation_note"": ""perkiraan sdt; massa khusus bahan, cup ≈ 240 ml"", ""reference_url"": ""https://fdc.nal.usda.gov/download-datasets/; https://www.kingarthurbaking.com/learn/ingredient-weight-chart"", ""recipe_source_url"": ""https://cookpad.com/id/resep/4469586-chicken-teriyaki"", ""rules_version"": ""takarkuy-estimates-2026-10-01-v2""}]",TAKARKUY adaptasi; inspirasi Kaggle/Cookpad; estimasi takaran/porsi
RIN-BE93CBC741BF,RCP-KAGGLE-4469586,ING-MINYAK-GORENG-CURAH,20,g,false,estimated,"[{""recipe_code"": ""RCP-KAGGLE-4469586"", ""ingredient_position"": ""6"", ""raw_ingredient"": ""Minyak untuk menumis"", ""raw_measure"": ""Minyak untuk menumis"", ""ingredient_code"": ""ING-MINYAK-GORENG-CURAH"", ""quantity_g"": 20, ""purchase_quantity_g"": 20, ""status"": ""estimated"", ""estimation_note"": ""asumsi TAKARKUY untuk batch: 20 g; sumber tidak memberi angka pasti"", ""reference_url"": """", ""recipe_source_url"": ""https://cookpad.com/id/resep/4469586-chicken-teriyaki"", ""rules_version"": ""takarkuy-estimates-2026-10-01-v2""}]",TAKARKUY adaptasi; inspirasi Kaggle/Cookpad; estimasi takaran/porsi
RIN-FD82ACF0391E,RCP-KAGGLE-4469586,ING-SAUS-TERIYAKI,54,g,false,estimated,"[{""recipe_code"": ""RCP-KAGGLE-4469586"", ""ingredient_position"": ""8"", ""raw_ingredient"": ""3 sdm Saus teriyaki"", ""raw_measure"": ""3 sdm Saus teriyaki"", ""ingredient_code"": ""ING-SAUS-TERIYAKI"", ""quantity_g"": 54.0, ""purchase_quantity_g"": 54.0, ""status"": ""estimated"", ""estimation_note"": ""perkiraan sdm; massa khusus bahan, cup ≈ 240 ml"", ""reference_url"": ""https://fdc.nal.usda.gov/download-datasets/; https://www.kingarthurbaking.com/learn/ingredient-weight-chart"", ""recipe_source_url"": ""https://cookpad.com/id/resep/4469586-chicken-teriyaki"", ""rules_version"": ""takarkuy-estimates-2026-10-01-v2""}]",TAKARKUY adaptasi; inspirasi Kaggle/Cookpad; estimasi takaran/porsi
RIN-824B98FA955F,RCP-KAGGLE-4469586,ING-SAUS-TIRAM,36,g,false,estimated,"[{""recipe_code"": ""RCP-KAGGLE-4469586"", ""ingredient_position"": ""9"", ""raw_ingredient"": ""2 sdm Saus tiram"", ""raw_measure"": ""2 sdm Saus tiram"", ""ingredient_code"": ""ING-SAUS-TIRAM"", ""quantity_g"": 36.0, ""purchase_quantity_g"": 36.0, ""status"": ""estimated"", ""estimation_note"": ""perkiraan sdm; massa khusus bahan, cup ≈ 240 ml"", ""reference_url"": ""https://fdc.nal.usda.gov/download-datasets/; https://www.kingarthurbaking.com/learn/ingredient-weight-chart"", ""recipe_source_url"": ""https://cookpad.com/id/resep/4469586-chicken-teriyaki"", ""rules_version"": ""takarkuy-estimates-2026-10-01-v2""}]",TAKARKUY adaptasi; inspirasi Kaggle/Cookpad; estimasi takaran/porsi
RIN-D2B0137EEB72,RCP-KAGGLE-4469586,ING-KECAP-MANIS,19.5,g,false,estimated,"[{""recipe_code"": ""RCP-KAGGLE-4469586"", ""ingredient_position"": ""10"", ""raw_ingredient"": ""1 sdm Kecap manis"", ""raw_measure"": ""1 sdm Kecap manis"", ""ingredient_code"": ""ING-KECAP-MANIS"", ""quantity_g"": 19.5, ""purchase_quantity_g"": 19.5, ""status"": ""estimated"", ""estimation_note"": ""perkiraan sdm; massa khusus bahan, cup ≈ 240 ml"", ""reference_url"": ""https://fdc.nal.usda.gov/download-datasets/; https://www.kingarthurbaking.com/learn/ingredient-weight-chart"", ""recipe_source_url"": ""https://cookpad.com/id/resep/4469586-chicken-teriyaki"", ""rules_version"": ""takarkuy-estimates-2026-10-01-v2""}]",TAKARKUY adaptasi; inspirasi Kaggle/Cookpad; estimasi takaran/porsi
RIN-CB704250B495,RCP-KAGGLE-4469586,ING-MINYAK-WIJEN,4.54,g,false,estimated,"[{""recipe_code"": ""RCP-KAGGLE-4469586"", ""ingredient_position"": ""11"", ""raw_ingredient"": ""1 sdt Minyak wijen"", ""raw_measure"": ""1 sdt Minyak wijen"", ""ingredient_code"": ""ING-MINYAK-WIJEN"", ""quantity_g"": 4.542, ""purchase_quantity_g"": 4.542, ""status"": ""estimated"", ""estimation_note"": ""perkiraan sdt; massa khusus bahan, cup ≈ 240 ml"", ""reference_url"": ""https://fdc.nal.usda.gov/download-datasets/; https://www.kingarthurbaking.com/learn/ingredient-weight-chart"", ""recipe_source_url"": ""https://cookpad.com/id/resep/4469586-chicken-teriyaki"", ""rules_version"": ""takarkuy-estimates-2026-10-01-v2""}]",TAKARKUY adaptasi; inspirasi Kaggle/Cookpad; estimasi takaran/porsi
RIN-8F305ACD2A32,RCP-KAGGLE-4469586,ING-BAWANG-PUTIH,9,g,false,estimated,"[{""recipe_code"": ""RCP-KAGGLE-4469586"", ""ingredient_position"": ""12"", ""raw_ingredient"": ""3 siung bawang putih, haluskan"", ""raw_measure"": ""3 siung bawang putih, haluskan"", ""ingredient_code"": ""ING-BAWANG-PUTIH"", ""quantity_g"": 9.0, ""purchase_quantity_g"": 9.0, ""status"": ""estimated"", ""estimation_note"": ""asumsi TAKARKUY berat bagian termakan per unit 3 g; mengacu ukuran USDA, bukan bobot pasti produk"", ""reference_url"": ""https://fdc.nal.usda.gov/download-datasets/"", ""recipe_source_url"": ""https://cookpad.com/id/resep/4469586-chicken-teriyaki"", ""rules_version"": ""takarkuy-estimates-2026-10-01-v2""}]",TAKARKUY adaptasi; inspirasi Kaggle/Cookpad; estimasi takaran/porsi
RIN-6C62286193F5,RCP-KAGGLE-4469586,ING-JAHE,10,g,false,estimated,"[{""recipe_code"": ""RCP-KAGGLE-4469586"", ""ingredient_position"": ""13"", ""raw_ingredient"": ""2 cm Jahe, haluskan"", ""raw_measure"": ""2 cm Jahe, haluskan"", ""ingredient_code"": ""ING-JAHE"", ""quantity_g"": 10.0, ""purchase_quantity_g"": 10.0, ""status"": ""estimated"", ""estimation_note"": ""asumsi TAKARKUY: 1 ruas ≈ 10 g, 1 cm ≈ 5 g"", ""reference_url"": """", ""recipe_source_url"": ""https://cookpad.com/id/resep/4469586-chicken-teriyaki"", ""rules_version"": ""takarkuy-estimates-2026-10-01-v2""}]",TAKARKUY adaptasi; inspirasi Kaggle/Cookpad; estimasi takaran/porsi
RIN-2C92FC372EF4,RCP-KAGGLE-4469586,ING-MERICA,0.57,g,false,estimated,"[{""recipe_code"": ""RCP-KAGGLE-4469586"", ""ingredient_position"": ""14"", ""raw_ingredient"": ""1/4 sdt Merica"", ""raw_measure"": ""1/4 sdt Merica"", ""ingredient_code"": ""ING-MERICA"", ""quantity_g"": 0.573, ""purchase_quantity_g"": 0.573, ""status"": ""estimated"", ""estimation_note"": ""perkiraan sdt; massa khusus bahan, cup ≈ 240 ml"", ""reference_url"": ""https://fdc.nal.usda.gov/download-datasets/; https://www.kingarthurbaking.com/learn/ingredient-weight-chart"", ""recipe_source_url"": ""https://cookpad.com/id/resep/4469586-chicken-teriyaki"", ""rules_version"": ""takarkuy-estimates-2026-10-01-v2""}]",TAKARKUY adaptasi; inspirasi Kaggle/Cookpad; estimasi takaran/porsi
RIN-F4F2F669F4C6,RCP-KAGGLE-4469586,ING-KALDU-AYAM-BUBUK,1.33,g,false,estimated,"[{""recipe_code"": ""RCP-KAGGLE-4469586"", ""ingredient_position"": ""15"", ""raw_ingredient"": ""1/2 sdt Kaldu bubuk"", ""raw_measure"": ""1/2 sdt Kaldu bubuk"", ""ingredient_code"": ""ING-KALDU-AYAM-BUBUK"", ""quantity_g"": 1.333, ""purchase_quantity_g"": 1.333, ""status"": ""estimated"", ""estimation_note"": ""perkiraan sdt; massa khusus bahan, cup ≈ 240 ml"", ""reference_url"": ""https://fdc.nal.usda.gov/download-datasets/; https://www.kingarthurbaking.com/learn/ingredient-weight-chart"", ""recipe_source_url"": ""https://cookpad.com/id/resep/4469586-chicken-teriyaki"", ""rules_version"": ""takarkuy-estimates-2026-10-01-v2""}]",TAKARKUY adaptasi; inspirasi Kaggle/Cookpad; estimasi takaran/porsi
RIN-E779BD293431,RCP-KAGGLE-4472147,ING-DAGING-AYAM-BROILER,500,g,false,estimated,"[{""recipe_code"": ""RCP-KAGGLE-4472147"", ""ingredient_position"": ""1"", ""raw_ingredient"": ""1/2 Kg ayam"", ""raw_measure"": ""1/2 Kg ayam"", ""ingredient_code"": ""ING-DAGING-AYAM-BROILER"", ""quantity_g"": 500.0, ""purchase_quantity_g"": 500.0, ""status"": ""estimated"", ""estimation_note"": ""konversi massa kg → g"", ""reference_url"": ""https://www.nist.gov/pml/owm/metric-si/unit-conversion/approximate-conversions-us-customary-measures-metric"", ""recipe_source_url"": ""https://cookpad.com/id/resep/4472147-resep-ayam-kecap-rumahan"", ""rules_version"": ""takarkuy-estimates-2026-10-01-v2""}]",TAKARKUY adaptasi; inspirasi Kaggle/Cookpad; estimasi takaran/porsi
RIN-21182E4D5452,RCP-KAGGLE-4472147,ING-BAWANG-PUTIH,9,g,false,estimated,"[{""recipe_code"": ""RCP-KAGGLE-4472147"", ""ingredient_position"": ""3"", ""raw_ingredient"": ""3 Bawang Putih"", ""raw_measure"": ""3 Bawang Putih"", ""ingredient_code"": ""ING-BAWANG-PUTIH"", ""quantity_g"": 9.0, ""purchase_quantity_g"": 9.0, ""status"": ""estimated"", ""estimation_note"": ""asumsi TAKARKUY berat bagian termakan per unit 3 g; mengacu ukuran USDA, bukan bobot pasti produk"", ""reference_url"": ""https://fdc.nal.usda.gov/download-datasets/"", ""recipe_source_url"": ""https://cookpad.com/id/resep/4472147-resep-ayam-kecap-rumahan"", ""rules_version"": ""takarkuy-estimates-2026-10-01-v2""}]",TAKARKUY adaptasi; inspirasi Kaggle/Cookpad; estimasi takaran/porsi
RIN-E299193F6C1D,RCP-KAGGLE-4472147,ING-BAWANG-MERAH,70,g,false,estimated,"[{""recipe_code"": ""RCP-KAGGLE-4472147"", ""ingredient_position"": ""4"", ""raw_ingredient"": ""7 Bawang Merah"", ""raw_measure"": ""7 Bawang Merah"", ""ingredient_code"": ""ING-BAWANG-MERAH"", ""quantity_g"": 70.0, ""purchase_quantity_g"": 70.0, ""status"": ""estimated"", ""estimation_note"": ""asumsi TAKARKUY berat bagian termakan per unit 10 g; mengacu ukuran USDA, bukan bobot pasti produk"", ""reference_url"": ""https://fdc.nal.usda.gov/download-datasets/"", ""recipe_source_url"": ""https://cookpad.com/id/resep/4472147-resep-ayam-kecap-rumahan"", ""rules_version"": ""takarkuy-estimates-2026-10-01-v2""}]",TAKARKUY adaptasi; inspirasi Kaggle/Cookpad; estimasi takaran/porsi
RIN-B113285DB36D,RCP-KAGGLE-4472147,ING-CABAI-RAWIT-MERAH,12,g,false,estimated,"[{""recipe_code"": ""RCP-KAGGLE-4472147"", ""ingredient_position"": ""5.1"", ""raw_ingredient"": ""sesuai selera Cabe rawit dan cabe merah besar"", ""raw_measure"": ""sesuai selera cabe rawit"", ""ingredient_code"": ""ING-CABAI-RAWIT-MERAH"", ""quantity_g"": 12, ""purchase_quantity_g"": 12, ""status"": ""estimated"", ""estimation_note"": ""daftar bahan dipecah; takaran per komponen adalah estimasi terpisah, bukan angka bersama; komponen: sesuai selera cabe rawit; asumsi TAKARKUY untuk batch: 12 g; sumber tidak memberi angka pasti"", ""reference_url"": """", ""recipe_source_url"": ""https://cookpad.com/id/resep/4472147-resep-ayam-kecap-rumahan"", ""rules_version"": ""takarkuy-estimates-2026-10-01-v2""}]",TAKARKUY adaptasi; inspirasi Kaggle/Cookpad; estimasi takaran/porsi
RIN-52F8DC558EA9,RCP-KAGGLE-4472147,ING-CABAI-MERAH-KERITING,20,g,false,estimated,"[{""recipe_code"": ""RCP-KAGGLE-4472147"", ""ingredient_position"": ""5.2"", ""raw_ingredient"": ""sesuai selera Cabe rawit dan cabe merah besar"", ""raw_measure"": ""cabe merah besar"", ""ingredient_code"": ""ING-CABAI-MERAH-KERITING"", ""quantity_g"": 20, ""purchase_quantity_g"": 20, ""status"": ""estimated"", ""estimation_note"": ""daftar bahan dipecah; takaran per komponen adalah estimasi terpisah, bukan angka bersama; komponen: cabe merah besar; asumsi TAKARKUY untuk batch: 20 g; sumber tidak memberi angka pasti"", ""reference_url"": """", ""recipe_source_url"": ""https://cookpad.com/id/resep/4472147-resep-ayam-kecap-rumahan"", ""rules_version"": ""takarkuy-estimates-2026-10-01-v2""}]",TAKARKUY adaptasi; inspirasi Kaggle/Cookpad; estimasi takaran/porsi
RIN-02963CF4F997,RCP-KAGGLE-4472147,ING-JAHE,10,g,false,estimated,"[{""recipe_code"": ""RCP-KAGGLE-4472147"", ""ingredient_position"": ""6"", ""raw_ingredient"": ""2 cm Jahe"", ""raw_measure"": ""2 cm Jahe"", ""ingredient_code"": ""ING-JAHE"", ""quantity_g"": 10.0, ""purchase_quantity_g"": 10.0, ""status"": ""estimated"", ""estimation_note"": ""asumsi TAKARKUY: 1 ruas ≈ 10 g, 1 cm ≈ 5 g"", ""reference_url"": """", ""recipe_source_url"": ""https://cookpad.com/id/resep/4472147-resep-ayam-kecap-rumahan"", ""rules_version"": ""takarkuy-estimates-2026-10-01-v2""}]",TAKARKUY adaptasi; inspirasi Kaggle/Cookpad; estimasi takaran/porsi
RIN-9DD29A96BB44,RCP-KAGGLE-4472147,ING-MERICA,1,g,false,estimated,"[{""recipe_code"": ""RCP-KAGGLE-4472147"", ""ingredient_position"": ""7.1"", ""raw_ingredient"": ""secukupnya Lada dan Pala"", ""raw_measure"": ""secukupnya lada"", ""ingredient_code"": ""ING-MERICA"", ""quantity_g"": 1, ""purchase_quantity_g"": 1, ""status"": ""estimated"", ""estimation_note"": ""daftar bahan dipecah; takaran per komponen adalah estimasi terpisah, bukan angka bersama; komponen: secukupnya lada; asumsi TAKARKUY untuk batch: 1 g; sumber tidak memberi angka pasti"", ""reference_url"": """", ""recipe_source_url"": ""https://cookpad.com/id/resep/4472147-resep-ayam-kecap-rumahan"", ""rules_version"": ""takarkuy-estimates-2026-10-01-v2""}]",TAKARKUY adaptasi; inspirasi Kaggle/Cookpad; estimasi takaran/porsi
RIN-62885B559085,RCP-KAGGLE-4472147,ING-PALA,1,g,false,estimated,"[{""recipe_code"": ""RCP-KAGGLE-4472147"", ""ingredient_position"": ""7.2"", ""raw_ingredient"": ""secukupnya Lada dan Pala"", ""raw_measure"": ""pala"", ""ingredient_code"": ""ING-PALA"", ""quantity_g"": 1, ""purchase_quantity_g"": 1, ""status"": ""estimated"", ""estimation_note"": ""daftar bahan dipecah; takaran per komponen adalah estimasi terpisah, bukan angka bersama; komponen: pala; asumsi TAKARKUY untuk batch: 1 g; sumber tidak memberi angka pasti"", ""reference_url"": """", ""recipe_source_url"": ""https://cookpad.com/id/resep/4472147-resep-ayam-kecap-rumahan"", ""rules_version"": ""takarkuy-estimates-2026-10-01-v2""}]",TAKARKUY adaptasi; inspirasi Kaggle/Cookpad; estimasi takaran/porsi
RIN-D40528F96FF2,RCP-KAGGLE-4472147,ING-LENGKUAS,10,g,false,estimated,"[{""recipe_code"": ""RCP-KAGGLE-4472147"", ""ingredient_position"": ""8"", ""raw_ingredient"": ""Lengkuas se jempol kaki😂"", ""raw_measure"": ""Lengkuas se jempol kaki😂"", ""ingredient_code"": ""ING-LENGKUAS"", ""quantity_g"": 10, ""purchase_quantity_g"": 10, ""status"": ""estimated"", ""estimation_note"": ""asumsi TAKARKUY untuk batch: 10 g; sumber tidak memberi angka pasti"", ""reference_url"": """", ""recipe_source_url"": ""https://cookpad.com/id/resep/4472147-resep-ayam-kecap-rumahan"", ""rules_version"": ""takarkuy-estimates-2026-10-01-v2""}]",TAKARKUY adaptasi; inspirasi Kaggle/Cookpad; estimasi takaran/porsi
RIN-02241C742903,RCP-KAGGLE-4472147,ING-KEMIRI,16,g,false,estimated,"[{""recipe_code"": ""RCP-KAGGLE-4472147"", ""ingredient_position"": ""9"", ""raw_ingredient"": ""4 biji Kemiri"", ""raw_measure"": ""4 biji Kemiri"", ""ingredient_code"": ""ING-KEMIRI"", ""quantity_g"": 16.0, ""purchase_quantity_g"": 16.0, ""status"": ""estimated"", ""estimation_note"": ""asumsi TAKARKUY berat bagian termakan per unit 4 g; mengacu ukuran USDA, bukan bobot pasti produk"", ""reference_url"": ""https://fdc.nal.usda.gov/download-datasets/"", ""recipe_source_url"": ""https://cookpad.com/id/resep/4472147-resep-ayam-kecap-rumahan"", ""rules_version"": ""takarkuy-estimates-2026-10-01-v2""}]",TAKARKUY adaptasi; inspirasi Kaggle/Cookpad; estimasi takaran/porsi
RIN-CCB7DB31EF5C,RCP-KAGGLE-4466395,ING-DAGING-AYAM-BROILER,75,g,false,estimated,"[{""recipe_code"": ""RCP-KAGGLE-4466395"", ""ingredient_position"": ""1"", ""raw_ingredient"": ""1/2 ayam"", ""raw_measure"": ""1/2 ayam"", ""ingredient_code"": ""ING-DAGING-AYAM-BROILER"", ""quantity_g"": 75.0, ""purchase_quantity_g"": 75.0, ""status"": ""estimated"", ""estimation_note"": ""asumsi TAKARKUY berat bagian termakan per unit 150 g; mengacu ukuran USDA, bukan bobot pasti produk"", ""reference_url"": ""https://fdc.nal.usda.gov/download-datasets/"", ""recipe_source_url"": ""https://cookpad.com/id/resep/4466395-sop-ayam-garang-asam"", ""rules_version"": ""takarkuy-estimates-2026-10-01-v2""}]",TAKARKUY adaptasi; inspirasi Kaggle/Cookpad; estimasi takaran/porsi
RIN-E5FA69047570,RCP-KAGGLE-4466395,ING-SERAI,60,g,false,estimated,"[{""recipe_code"": ""RCP-KAGGLE-4466395"", ""ingredient_position"": ""2"", ""raw_ingredient"": ""3 serai"", ""raw_measure"": ""3 serai"", ""ingredient_code"": ""ING-SERAI"", ""quantity_g"": 60.0, ""purchase_quantity_g"": 60.0, ""status"": ""estimated"", ""estimation_note"": ""asumsi TAKARKUY berat bagian termakan per unit 20 g; mengacu ukuran USDA, bukan bobot pasti produk"", ""reference_url"": ""https://fdc.nal.usda.gov/download-datasets/"", ""recipe_source_url"": ""https://cookpad.com/id/resep/4466395-sop-ayam-garang-asam"", ""rules_version"": ""takarkuy-estimates-2026-10-01-v2""}]",TAKARKUY adaptasi; inspirasi Kaggle/Cookpad; estimasi takaran/porsi
RIN-54DFFBCC33B3,RCP-KAGGLE-4466395,ING-JAHE,15,g,false,estimated,"[{""recipe_code"": ""RCP-KAGGLE-4466395"", ""ingredient_position"": ""3"", ""raw_ingredient"": ""3 cm jahe"", ""raw_measure"": ""3 cm jahe"", ""ingredient_code"": ""ING-JAHE"", ""quantity_g"": 15.0, ""purchase_quantity_g"": 15.0, ""status"": ""estimated"", ""estimation_note"": ""asumsi TAKARKUY: 1 ruas ≈ 10 g, 1 cm ≈ 5 g"", ""reference_url"": """", ""recipe_source_url"": ""https://cookpad.com/id/resep/4466395-sop-ayam-garang-asam"", ""rules_version"": ""takarkuy-estimates-2026-10-01-v2""}]",TAKARKUY adaptasi; inspirasi Kaggle/Cookpad; estimasi takaran/porsi
RIN-2813AAE6838F,RCP-KAGGLE-4466395,ING-CABAI-RAWIT-MERAH,60,g,false,estimated,"[{""recipe_code"": ""RCP-KAGGLE-4466395"", ""ingredient_position"": ""4"", ""raw_ingredient"": ""20 cabe rawit merah"", ""raw_measure"": ""20 cabe rawit merah"", ""ingredient_code"": ""ING-CABAI-RAWIT-MERAH"", ""quantity_g"": 60.0, ""purchase_quantity_g"": 60.0, ""status"": ""estimated"", ""estimation_note"": ""asumsi TAKARKUY berat bagian termakan per unit 3 g; mengacu ukuran USDA, bukan bobot pasti produk"", ""reference_url"": ""https://fdc.nal.usda.gov/download-datasets/"", ""recipe_source_url"": ""https://cookpad.com/id/resep/4466395-sop-ayam-garang-asam"", ""rules_version"": ""takarkuy-estimates-2026-10-01-v2""}]",TAKARKUY adaptasi; inspirasi Kaggle/Cookpad; estimasi takaran/porsi
RIN-B8685A703EE6,RCP-KAGGLE-4466395,ING-BAWANG-PUTIH,24,g,false,estimated,"[{""recipe_code"": ""RCP-KAGGLE-4466395"", ""ingredient_position"": ""5"", ""raw_ingredient"": ""8 bawang putih"", ""raw_measure"": ""8 bawang putih"", ""ingredient_code"": ""ING-BAWANG-PUTIH"", ""quantity_g"": 24.0, ""purchase_quantity_g"": 24.0, ""status"": ""estimated"", ""estimation_note"": ""asumsi TAKARKUY berat bagian termakan per unit 3 g; mengacu ukuran USDA, bukan bobot pasti produk"", ""reference_url"": ""https://fdc.nal.usda.gov/download-datasets/"", ""recipe_source_url"": ""https://cookpad.com/id/resep/4466395-sop-ayam-garang-asam"", ""rules_version"": ""takarkuy-estimates-2026-10-01-v2""}]",TAKARKUY adaptasi; inspirasi Kaggle/Cookpad; estimasi takaran/porsi
RIN-4E04AAB37727,RCP-KAGGLE-4466395,ING-BAWANG-MERAH,40,g,false,estimated,"[{""recipe_code"": ""RCP-KAGGLE-4466395"", ""ingredient_position"": ""6"", ""raw_ingredient"": ""4 bawang merah"", ""raw_measure"": ""4 bawang merah"", ""ingredient_code"": ""ING-BAWANG-MERAH"", ""quantity_g"": 40.0, ""purchase_quantity_g"": 40.0, ""status"": ""estimated"", ""estimation_note"": ""asumsi TAKARKUY berat bagian termakan per unit 10 g; mengacu ukuran USDA, bukan bobot pasti produk"", ""reference_url"": ""https://fdc.nal.usda.gov/download-datasets/"", ""recipe_source_url"": ""https://cookpad.com/id/resep/4466395-sop-ayam-garang-asam"", ""rules_version"": ""takarkuy-estimates-2026-10-01-v2""}]",TAKARKUY adaptasi; inspirasi Kaggle/Cookpad; estimasi takaran/porsi
RIN-F708AC62F4F9,RCP-KAGGLE-4466395,ING-TOMAT,246,g,false,estimated,"[{""recipe_code"": ""RCP-KAGGLE-4466395"", ""ingredient_position"": ""7"", ""raw_ingredient"": ""2 tomat hijau"", ""raw_measure"": ""2 tomat hijau"", ""ingredient_code"": ""ING-TOMAT"", ""quantity_g"": 246.0, ""purchase_quantity_g"": 246.0, ""status"": ""estimated"", ""estimation_note"": ""asumsi TAKARKUY berat bagian termakan per unit 123 g; mengacu ukuran USDA, bukan bobot pasti produk"", ""reference_url"": ""https://fdc.nal.usda.gov/download-datasets/"", ""recipe_source_url"": ""https://cookpad.com/id/resep/4466395-sop-ayam-garang-asam"", ""rules_version"": ""takarkuy-estimates-2026-10-01-v2""}]",TAKARKUY adaptasi; inspirasi Kaggle/Cookpad; estimasi takaran/porsi
RIN-4F1E7E5A8E64,RCP-KAGGLE-4466395,ING-JERUK-NIPIS,88,g,false,estimated,"[{""recipe_code"": ""RCP-KAGGLE-4466395"", ""ingredient_position"": ""8"", ""raw_ingredient"": ""2 jeruk nipis (boleh lebih)"", ""raw_measure"": ""2 jeruk nipis (boleh lebih)"", ""ingredient_code"": ""ING-JERUK-NIPIS"", ""quantity_g"": 88.0, ""purchase_quantity_g"": 88.0, ""status"": ""estimated"", ""estimation_note"": ""asumsi TAKARKUY berat bagian termakan per unit 44 g; mengacu ukuran USDA, bukan bobot pasti produk"", ""reference_url"": ""https://fdc.nal.usda.gov/download-datasets/"", ""recipe_source_url"": ""https://cookpad.com/id/resep/4466395-sop-ayam-garang-asam"", ""rules_version"": ""takarkuy-estimates-2026-10-01-v2""}]",TAKARKUY adaptasi; inspirasi Kaggle/Cookpad; estimasi takaran/porsi
RIN-3A66BE90E1B5,RCP-KAGGLE-4466395,ING-DAUN-JERUK,2,g,false,estimated,"[{""recipe_code"": ""RCP-KAGGLE-4466395"", ""ingredient_position"": ""9"", ""raw_ingredient"": ""4 daun jeruk"", ""raw_measure"": ""4 daun jeruk"", ""ingredient_code"": ""ING-DAUN-JERUK"", ""quantity_g"": 2.0, ""purchase_quantity_g"": 2.0, ""status"": ""estimated"", ""estimation_note"": ""asumsi TAKARKUY berat bagian termakan per unit 0.5 g; mengacu ukuran USDA, bukan bobot pasti produk"", ""reference_url"": ""https://fdc.nal.usda.gov/download-datasets/"", ""recipe_source_url"": ""https://cookpad.com/id/resep/4466395-sop-ayam-garang-asam"", ""rules_version"": ""takarkuy-estimates-2026-10-01-v2""}]",TAKARKUY adaptasi; inspirasi Kaggle/Cookpad; estimasi takaran/porsi
RIN-C99EBDD4DE8B,RCP-KAGGLE-4466395,ING-DAUN-BAWANG,15,g,false,estimated,"[{""recipe_code"": ""RCP-KAGGLE-4466395"", ""ingredient_position"": ""10"", ""raw_ingredient"": ""secukupnya daun bawang"", ""raw_measure"": ""secukupnya daun bawang"", ""ingredient_code"": ""ING-DAUN-BAWANG"", ""quantity_g"": 15, ""purchase_quantity_g"": 15, ""status"": ""estimated"", ""estimation_note"": ""asumsi TAKARKUY untuk batch: 15 g; sumber tidak memberi angka pasti"", ""reference_url"": """", ""recipe_source_url"": ""https://cookpad.com/id/resep/4466395-sop-ayam-garang-asam"", ""rules_version"": ""takarkuy-estimates-2026-10-01-v2""}]",TAKARKUY adaptasi; inspirasi Kaggle/Cookpad; estimasi takaran/porsi
RIN-57EC13C881E0,RCP-KAGGLE-4466395,ING-GARAM,3,g,false,estimated,"[{""recipe_code"": ""RCP-KAGGLE-4466395"", ""ingredient_position"": ""11"", ""raw_ingredient"": ""secukupnya garam"", ""raw_measure"": ""secukupnya garam"", ""ingredient_code"": ""ING-GARAM"", ""quantity_g"": 3, ""purchase_quantity_g"": 3, ""status"": ""estimated"", ""estimation_note"": ""asumsi TAKARKUY untuk batch: 3 g; sumber tidak memberi angka pasti"", ""reference_url"": """", ""recipe_source_url"": ""https://cookpad.com/id/resep/4466395-sop-ayam-garang-asam"", ""rules_version"": ""takarkuy-estimates-2026-10-01-v2""}]",TAKARKUY adaptasi; inspirasi Kaggle/Cookpad; estimasi takaran/porsi
RIN-525D9A915E94,RCP-KAGGLE-4466395,ING-KALDU-AYAM-BUBUK,3,g,false,estimated,"[{""recipe_code"": ""RCP-KAGGLE-4466395"", ""ingredient_position"": ""12"", ""raw_ingredient"": ""secukupnya penyedap"", ""raw_measure"": ""secukupnya penyedap"", ""ingredient_code"": ""ING-KALDU-AYAM-BUBUK"", ""quantity_g"": 3, ""purchase_quantity_g"": 3, ""status"": ""estimated"", ""estimation_note"": ""asumsi TAKARKUY untuk batch: 3 g; sumber tidak memberi angka pasti"", ""reference_url"": """", ""recipe_source_url"": ""https://cookpad.com/id/resep/4466395-sop-ayam-garang-asam"", ""rules_version"": ""takarkuy-estimates-2026-10-01-v2""}]",TAKARKUY adaptasi; inspirasi Kaggle/Cookpad; estimasi takaran/porsi
RIN-B54C2A5E7BD2,RCP-KAGGLE-4471637,ING-DAGING-AYAM-BROILER,1600,g,false,estimated,"[{""recipe_code"": ""RCP-KAGGLE-4471637"", ""ingredient_position"": ""2"", ""raw_ingredient"": ""1 kg ayam potong sesuai selera"", ""raw_measure"": ""1 kg ayam potong sesuai selera"", ""ingredient_code"": ""ING-DAGING-AYAM-BROILER"", ""quantity_g"": 1000.0, ""purchase_quantity_g"": 1000.0, ""status"": ""estimated"", ""estimation_note"": ""konversi massa kg → g"", ""reference_url"": ""https://www.nist.gov/pml/owm/metric-si/unit-conversion/approximate-conversions-us-customary-measures-metric"", ""recipe_source_url"": ""https://cookpad.com/id/resep/4471637-ayam-panggang-saos-kecap"", ""rules_version"": ""takarkuy-estimates-2026-10-01-v2""}, {""recipe_code"": ""RCP-KAGGLE-4471637"", ""ingredient_position"": ""6"", ""raw_ingredient"": ""Untuk olesan ayam ;"", ""raw_measure"": ""Untuk olesan ayam ;"", ""ingredient_code"": ""ING-DAGING-AYAM-BROILER"", ""quantity_g"": 300, ""purchase_quantity_g"": 300, ""status"": ""estimated"", ""estimation_note"": ""asumsi TAKARKUY untuk batch: 300 g; sumber tidak memberi angka pasti"", ""reference_url"": """", ""recipe_source_url"": ""https://cookpad.com/id/resep/4471637-ayam-panggang-saos-kecap"", ""rules_version"": ""takarkuy-estimates-2026-10-01-v2""}, {""recipe_code"": ""RCP-KAGGLE-4471637"", ""ingredient_position"": ""15"", ""raw_ingredient"": ""Arang untuk memanggang ayam"", ""raw_measure"": ""Arang untuk memanggang ayam"", ""ingredient_code"": ""ING-DAGING-AYAM-BROILER"", ""quantity_g"": 300, ""purchase_quantity_g"": 300, ""status"": ""estimated"", ""estimation_note"": ""asumsi TAKARKUY untuk batch: 300 g; sumber tidak memberi angka pasti"", ""reference_url"": """", ""recipe_source_url"": ""https://cookpad.com/id/resep/4471637-ayam-panggang-saos-kecap"", ""rules_version"": ""takarkuy-estimates-2026-10-01-v2""}]",TAKARKUY adaptasi; inspirasi Kaggle/Cookpad; estimasi takaran/porsi
RIN-F9374C4CE967,RCP-KAGGLE-4471637,ING-BAWANG-MERAH,80,g,false,estimated,"[{""recipe_code"": ""RCP-KAGGLE-4471637"", ""ingredient_position"": ""3"", ""raw_ingredient"": ""3 siung bawang merah,ulek halus"", ""raw_measure"": ""3 siung bawang merah,ulek halus"", ""ingredient_code"": ""ING-BAWANG-MERAH"", ""quantity_g"": 30.0, ""purchase_quantity_g"": 30.0, ""status"": ""estimated"", ""estimation_note"": ""asumsi TAKARKUY berat bagian termakan per unit 10 g; mengacu ukuran USDA, bukan bobot pasti produk"", ""reference_url"": ""https://fdc.nal.usda.gov/download-datasets/"", ""recipe_source_url"": ""https://cookpad.com/id/resep/4471637-ayam-panggang-saos-kecap"", ""rules_version"": ""takarkuy-estimates-2026-10-01-v2""}, {""recipe_code"": ""RCP-KAGGLE-4471637"", ""ingredient_position"": ""10"", ""raw_ingredient"": ""5 siung bawang merah,iris melintang agak tebal"", ""raw_measure"": ""5 siung bawang merah,iris melintang agak tebal"", ""ingredient_code"": ""ING-BAWANG-MERAH"", ""quantity_g"": 50.0, ""purchase_quantity_g"": 50.0, ""status"": ""estimated"", ""estimation_note"": ""asumsi TAKARKUY berat bagian termakan per unit 10 g; mengacu ukuran USDA, bukan bobot pasti produk"", ""reference_url"": ""https://fdc.nal.usda.gov/download-datasets/"", ""recipe_source_url"": ""https://cookpad.com/id/resep/4471637-ayam-panggang-saos-kecap"", ""rules_version"": ""takarkuy-estimates-2026-10-01-v2""}]",TAKARKUY adaptasi; inspirasi Kaggle/Cookpad; estimasi takaran/porsi
RIN-4E1E2FD389BF,RCP-KAGGLE-4471637,ING-BAWANG-PUTIH,18,g,false,estimated,"[{""recipe_code"": ""RCP-KAGGLE-4471637"", ""ingredient_position"": ""4"", ""raw_ingredient"": ""3 siung bawang putih,ulek halus"", ""raw_measure"": ""3 siung bawang putih,ulek halus"", ""ingredient_code"": ""ING-BAWANG-PUTIH"", ""quantity_g"": 9.0, ""purchase_quantity_g"": 9.0, ""status"": ""estimated"", ""estimation_note"": ""asumsi TAKARKUY berat bagian termakan per unit 3 g; mengacu ukuran USDA, bukan bobot pasti produk"", ""reference_url"": ""https://fdc.nal.usda.gov/download-datasets/"", ""recipe_source_url"": ""https://cookpad.com/id/resep/4471637-ayam-panggang-saos-kecap"", ""rules_version"": ""takarkuy-estimates-2026-10-01-v2""}, {""recipe_code"": ""RCP-KAGGLE-4471637"", ""ingredient_position"": ""11"", ""raw_ingredient"": ""3 siung bawang putih,ulek halus"", ""raw_measure"": ""3 siung bawang putih,ulek halus"", ""ingredient_code"": ""ING-BAWANG-PUTIH"", ""quantity_g"": 9.0, ""purchase_quantity_g"": 9.0, ""status"": ""estimated"", ""estimation_note"": ""asumsi TAKARKUY berat bagian termakan per unit 3 g; mengacu ukuran USDA, bukan bobot pasti produk"", ""reference_url"": ""https://fdc.nal.usda.gov/download-datasets/"", ""recipe_source_url"": ""https://cookpad.com/id/resep/4471637-ayam-panggang-saos-kecap"", ""rules_version"": ""takarkuy-estimates-2026-10-01-v2""}]",TAKARKUY adaptasi; inspirasi Kaggle/Cookpad; estimasi takaran/porsi
RIN-97C81DBAB1EA,RCP-KAGGLE-4471637,ING-KUNYIT,10,g,false,estimated,"[{""recipe_code"": ""RCP-KAGGLE-4471637"", ""ingredient_position"": ""5.1"", ""raw_ingredient"": ""Sedikit kunyit,dan garam,ulek halus"", ""raw_measure"": ""sedikit kunyit"", ""ingredient_code"": ""ING-KUNYIT"", ""quantity_g"": 10, ""purchase_quantity_g"": 10, ""status"": ""estimated"", ""estimation_note"": ""daftar bahan dipecah; takaran per komponen adalah estimasi terpisah, bukan angka bersama; komponen: sedikit kunyit; asumsi TAKARKUY untuk batch: 10 g; sumber tidak memberi angka pasti"", ""reference_url"": """", ""recipe_source_url"": ""https://cookpad.com/id/resep/4471637-ayam-panggang-saos-kecap"", ""rules_version"": ""takarkuy-estimates-2026-10-01-v2""}]",TAKARKUY adaptasi; inspirasi Kaggle/Cookpad; estimasi takaran/porsi
RIN-3DA08716B4F3,RCP-KAGGLE-4471637,ING-GARAM,3,g,false,estimated,"[{""recipe_code"": ""RCP-KAGGLE-4471637"", ""ingredient_position"": ""5.2"", ""raw_ingredient"": ""Sedikit kunyit,dan garam,ulek halus"", ""raw_measure"": ""dan garam"", ""ingredient_code"": ""ING-GARAM"", ""quantity_g"": 3, ""purchase_quantity_g"": 3, ""status"": ""estimated"", ""estimation_note"": ""daftar bahan dipecah; takaran per komponen adalah estimasi terpisah, bukan angka bersama; komponen: dan garam; asumsi TAKARKUY untuk batch: 3 g; sumber tidak memberi angka pasti"", ""reference_url"": """", ""recipe_source_url"": ""https://cookpad.com/id/resep/4471637-ayam-panggang-saos-kecap"", ""rules_version"": ""takarkuy-estimates-2026-10-01-v2""}]",TAKARKUY adaptasi; inspirasi Kaggle/Cookpad; estimasi takaran/porsi
RIN-7AACD05AC3D9,RCP-KAGGLE-4471637,ING-KECAP-MANIS,40,g,false,estimated,"[{""recipe_code"": ""RCP-KAGGLE-4471637"", ""ingredient_position"": ""7.1"", ""raw_ingredient"": ""Kecap manis,saus tomat,sedikit minyak,dicampur"", ""raw_measure"": ""kecap manis"", ""ingredient_code"": ""ING-KECAP-MANIS"", ""quantity_g"": 20, ""purchase_quantity_g"": 20, ""status"": ""estimated"", ""estimation_note"": ""daftar bahan dipecah; takaran per komponen adalah estimasi terpisah, bukan angka bersama; komponen: kecap manis; asumsi TAKARKUY untuk batch: 20 g; sumber tidak memberi angka pasti"", ""reference_url"": """", ""recipe_source_url"": ""https://cookpad.com/id/resep/4471637-ayam-panggang-saos-kecap"", ""rules_version"": ""takarkuy-estimates-2026-10-01-v2""}, {""recipe_code"": ""RCP-KAGGLE-4471637"", ""ingredient_position"": ""9"", ""raw_ingredient"": ""sesuai selera Kecap manis"", ""raw_measure"": ""sesuai selera Kecap manis"", ""ingredient_code"": ""ING-KECAP-MANIS"", ""quantity_g"": 20, ""purchase_quantity_g"": 20, ""status"": ""estimated"", ""estimation_note"": ""asumsi TAKARKUY untuk batch: 20 g; sumber tidak memberi angka pasti"", ""reference_url"": """", ""recipe_source_url"": ""https://cookpad.com/id/resep/4471637-ayam-panggang-saos-kecap"", ""rules_version"": ""takarkuy-estimates-2026-10-01-v2""}]",TAKARKUY adaptasi; inspirasi Kaggle/Cookpad; estimasi takaran/porsi
RIN-4EF4809B2237,RCP-KAGGLE-4471637,ING-SAUS-TOMAT,20,g,false,estimated,"[{""recipe_code"": ""RCP-KAGGLE-4471637"", ""ingredient_position"": ""7.2"", ""raw_ingredient"": ""Kecap manis,saus tomat,sedikit minyak,dicampur"", ""raw_measure"": ""saus tomat"", ""ingredient_code"": ""ING-SAUS-TOMAT"", ""quantity_g"": 20, ""purchase_quantity_g"": 20, ""status"": ""estimated"", ""estimation_note"": ""daftar bahan dipecah; takaran per komponen adalah estimasi terpisah, bukan angka bersama; komponen: saus tomat; asumsi TAKARKUY untuk batch: 20 g; sumber tidak memberi angka pasti"", ""reference_url"": """", ""recipe_source_url"": ""https://cookpad.com/id/resep/4471637-ayam-panggang-saos-kecap"", ""rules_version"": ""takarkuy-estimates-2026-10-01-v2""}]",TAKARKUY adaptasi; inspirasi Kaggle/Cookpad; estimasi takaran/porsi
RIN-08F40385161D,RCP-KAGGLE-4471637,ING-MINYAK-GORENG-CURAH,20,g,false,estimated,"[{""recipe_code"": ""RCP-KAGGLE-4471637"", ""ingredient_position"": ""7.3"", ""raw_ingredient"": ""Kecap manis,saus tomat,sedikit minyak,dicampur"", ""raw_measure"": ""sedikit minyak"", ""ingredient_code"": ""ING-MINYAK-GORENG-CURAH"", ""quantity_g"": 20, ""purchase_quantity_g"": 20, ""status"": ""estimated"", ""estimation_note"": ""daftar bahan dipecah; takaran per komponen adalah estimasi terpisah, bukan angka bersama; komponen: sedikit minyak; asumsi TAKARKUY untuk batch: 20 g; sumber tidak memberi angka pasti"", ""reference_url"": """", ""recipe_source_url"": ""https://cookpad.com/id/resep/4471637-ayam-panggang-saos-kecap"", ""rules_version"": ""takarkuy-estimates-2026-10-01-v2""}]",TAKARKUY adaptasi; inspirasi Kaggle/Cookpad; estimasi takaran/porsi
RIN-96004249E6AB,RCP-KAGGLE-4471637,ING-CABAI-RAWIT-MERAH,15,g,false,estimated,"[{""recipe_code"": ""RCP-KAGGLE-4471637"", ""ingredient_position"": ""12"", ""raw_ingredient"": ""5 buah cabe rawit,ulek halus"", ""raw_measure"": ""5 buah cabe rawit,ulek halus"", ""ingredient_code"": ""ING-CABAI-RAWIT-MERAH"", ""quantity_g"": 15.0, ""purchase_quantity_g"": 15.0, ""status"": ""estimated"", ""estimation_note"": ""asumsi TAKARKUY berat bagian termakan per unit 3 g; mengacu ukuran USDA, bukan bobot pasti produk"", ""reference_url"": ""https://fdc.nal.usda.gov/download-datasets/"", ""recipe_source_url"": ""https://cookpad.com/id/resep/4471637-ayam-panggang-saos-kecap"", ""rules_version"": ""takarkuy-estimates-2026-10-01-v2""}]",TAKARKUY adaptasi; inspirasi Kaggle/Cookpad; estimasi takaran/porsi
RIN-14E62352E374,RCP-KAGGLE-4471637,ING-TOMAT,246,g,false,estimated,"[{""recipe_code"": ""RCP-KAGGLE-4471637"", ""ingredient_position"": ""13"", ""raw_ingredient"": ""2 buah tomat potong sesuai selera"", ""raw_measure"": ""2 buah tomat potong sesuai selera"", ""ingredient_code"": ""ING-TOMAT"", ""quantity_g"": 246.0, ""purchase_quantity_g"": 246.0, ""status"": ""estimated"", ""estimation_note"": ""asumsi TAKARKUY berat bagian termakan per unit 123 g; mengacu ukuran USDA, bukan bobot pasti produk"", ""reference_url"": ""https://fdc.nal.usda.gov/download-datasets/"", ""recipe_source_url"": ""https://cookpad.com/id/resep/4471637-ayam-panggang-saos-kecap"", ""rules_version"": ""takarkuy-estimates-2026-10-01-v2""}]",TAKARKUY adaptasi; inspirasi Kaggle/Cookpad; estimasi takaran/porsi
RIN-06093A1BA75D,RCP-KAGGLE-4471637,ING-JERUK-NIPIS,20,g,false,estimated,"[{""recipe_code"": ""RCP-KAGGLE-4471637"", ""ingredient_position"": ""14"", ""raw_ingredient"": ""Jeruk nipis (skip)"", ""raw_measure"": ""Jeruk nipis (skip)"", ""ingredient_code"": ""ING-JERUK-NIPIS"", ""quantity_g"": 20, ""purchase_quantity_g"": 20, ""status"": ""estimated"", ""estimation_note"": ""asumsi TAKARKUY untuk batch: 20 g; sumber tidak memberi angka pasti"", ""reference_url"": """", ""recipe_source_url"": ""https://cookpad.com/id/resep/4471637-ayam-panggang-saos-kecap"", ""rules_version"": ""takarkuy-estimates-2026-10-01-v2""}]",TAKARKUY adaptasi; inspirasi Kaggle/Cookpad; estimasi takaran/porsi
RIN-C85D3F139089,RCP-KAGGLE-4471738,ING-DAGING-AYAM-BROILER,750,g,false,estimated,"[{""recipe_code"": ""RCP-KAGGLE-4471738"", ""ingredient_position"": ""1"", ""raw_ingredient"": ""5 potong ayam"", ""raw_measure"": ""5 potong ayam"", ""ingredient_code"": ""ING-DAGING-AYAM-BROILER"", ""quantity_g"": 750.0, ""purchase_quantity_g"": 750.0, ""status"": ""estimated"", ""estimation_note"": ""asumsi TAKARKUY berat bagian termakan per unit 150 g; mengacu ukuran USDA, bukan bobot pasti produk"", ""reference_url"": ""https://fdc.nal.usda.gov/download-datasets/"", ""recipe_source_url"": ""https://cookpad.com/id/resep/4471738-ayam-goreng-bumbu-kuning"", ""rules_version"": ""takarkuy-estimates-2026-10-01-v2""}]",TAKARKUY adaptasi; inspirasi Kaggle/Cookpad; estimasi takaran/porsi
RIN-35B4824B78CB,RCP-KAGGLE-4471738,ING-MINYAK-GORENG-CURAH,20,g,false,estimated,"[{""recipe_code"": ""RCP-KAGGLE-4471738"", ""ingredient_position"": ""3"", ""raw_ingredient"": ""Secukupnya minyak goreng"", ""raw_measure"": ""Secukupnya minyak goreng"", ""ingredient_code"": ""ING-MINYAK-GORENG-CURAH"", ""quantity_g"": 20, ""purchase_quantity_g"": 20, ""status"": ""estimated"", ""estimation_note"": ""asumsi TAKARKUY untuk batch: 20 g; sumber tidak memberi angka pasti"", ""reference_url"": """", ""recipe_source_url"": ""https://cookpad.com/id/resep/4471738-ayam-goreng-bumbu-kuning"", ""rules_version"": ""takarkuy-estimates-2026-10-01-v2""}]",TAKARKUY adaptasi; inspirasi Kaggle/Cookpad; estimasi takaran/porsi
RIN-648B32EC31E4,RCP-KAGGLE-4471738,ING-BAWANG-PUTIH,3,g,false,estimated,"[{""recipe_code"": ""RCP-KAGGLE-4471738"", ""ingredient_position"": ""5"", ""raw_ingredient"": ""1 siung bawang putih"", ""raw_measure"": ""1 siung bawang putih"", ""ingredient_code"": ""ING-BAWANG-PUTIH"", ""quantity_g"": 3.0, ""purchase_quantity_g"": 3.0, ""status"": ""estimated"", ""estimation_note"": ""asumsi TAKARKUY berat bagian termakan per unit 3 g; mengacu ukuran USDA, bukan bobot pasti produk"", ""reference_url"": ""https://fdc.nal.usda.gov/download-datasets/"", ""recipe_source_url"": ""https://cookpad.com/id/resep/4471738-ayam-goreng-bumbu-kuning"", ""rules_version"": ""takarkuy-estimates-2026-10-01-v2""}]",TAKARKUY adaptasi; inspirasi Kaggle/Cookpad; estimasi takaran/porsi
RIN-C44878157355,RCP-KAGGLE-4471738,ING-KUNYIT,10,g,false,estimated,"[{""recipe_code"": ""RCP-KAGGLE-4471738"", ""ingredient_position"": ""6"", ""raw_ingredient"": ""1 ruas jari kunyit"", ""raw_measure"": ""1 ruas jari kunyit"", ""ingredient_code"": ""ING-KUNYIT"", ""quantity_g"": 10.0, ""purchase_quantity_g"": 10.0, ""status"": ""estimated"", ""estimation_note"": ""asumsi TAKARKUY: 1 ruas ≈ 10 g, 1 cm ≈ 5 g"", ""reference_url"": """", ""recipe_source_url"": ""https://cookpad.com/id/resep/4471738-ayam-goreng-bumbu-kuning"", ""rules_version"": ""takarkuy-estimates-2026-10-01-v2""}]",TAKARKUY adaptasi; inspirasi Kaggle/Cookpad; estimasi takaran/porsi
RIN-58BF8E55BE5A,RCP-KAGGLE-4471738,ING-JAHE,5,g,false,estimated,"[{""recipe_code"": ""RCP-KAGGLE-4471738"", ""ingredient_position"": ""7"", ""raw_ingredient"": ""1/2 ruas jari jahe"", ""raw_measure"": ""1/2 ruas jari jahe"", ""ingredient_code"": ""ING-JAHE"", ""quantity_g"": 5.0, ""purchase_quantity_g"": 5.0, ""status"": ""estimated"", ""estimation_note"": ""asumsi TAKARKUY: 1 ruas ≈ 10 g, 1 cm ≈ 5 g"", ""reference_url"": """", ""recipe_source_url"": ""https://cookpad.com/id/resep/4471738-ayam-goreng-bumbu-kuning"", ""rules_version"": ""takarkuy-estimates-2026-10-01-v2""}]",TAKARKUY adaptasi; inspirasi Kaggle/Cookpad; estimasi takaran/porsi
RIN-0460DCB3D27A,RCP-KAGGLE-4471738,ING-KETUMBAR-BIJI,0.83,g,false,estimated,"[{""recipe_code"": ""RCP-KAGGLE-4471738"", ""ingredient_position"": ""8"", ""raw_ingredient"": ""1/2 sdt ketumbar"", ""raw_measure"": ""1/2 sdt ketumbar"", ""ingredient_code"": ""ING-KETUMBAR-BIJI"", ""quantity_g"": 0.833, ""purchase_quantity_g"": 0.833, ""status"": ""estimated"", ""estimation_note"": ""perkiraan sdt; massa khusus bahan, cup ≈ 240 ml"", ""reference_url"": ""https://fdc.nal.usda.gov/download-datasets/; https://www.kingarthurbaking.com/learn/ingredient-weight-chart"", ""recipe_source_url"": ""https://cookpad.com/id/resep/4471738-ayam-goreng-bumbu-kuning"", ""rules_version"": ""takarkuy-estimates-2026-10-01-v2""}]",TAKARKUY adaptasi; inspirasi Kaggle/Cookpad; estimasi takaran/porsi
RIN-707D20643CBB,RCP-KAGGLE-4471738,ING-GARAM,3,g,false,estimated,"[{""recipe_code"": ""RCP-KAGGLE-4471738"", ""ingredient_position"": ""9"", ""raw_ingredient"": ""Secukupnya garam"", ""raw_measure"": ""Secukupnya garam"", ""ingredient_code"": ""ING-GARAM"", ""quantity_g"": 3, ""purchase_quantity_g"": 3, ""status"": ""estimated"", ""estimation_note"": ""asumsi TAKARKUY untuk batch: 3 g; sumber tidak memberi angka pasti"", ""reference_url"": """", ""recipe_source_url"": ""https://cookpad.com/id/resep/4471738-ayam-goreng-bumbu-kuning"", ""rules_version"": ""takarkuy-estimates-2026-10-01-v2""}]",TAKARKUY adaptasi; inspirasi Kaggle/Cookpad; estimasi takaran/porsi
RIN-2BFD2B11A556,RCP-KAGGLE-4471562,ING-DAGING-AYAM-BROILER,500,g,false,estimated,"[{""recipe_code"": ""RCP-KAGGLE-4471562"", ""ingredient_position"": ""1"", ""raw_ingredient"": ""500 gram ayam dada potong2"", ""raw_measure"": ""500 gram ayam dada potong2"", ""ingredient_code"": ""ING-DAGING-AYAM-BROILER"", ""quantity_g"": 500.0, ""purchase_quantity_g"": 500.0, ""status"": ""estimated"", ""estimation_note"": ""konversi massa gram → g"", ""reference_url"": ""https://www.nist.gov/pml/owm/metric-si/unit-conversion/approximate-conversions-us-customary-measures-metric"", ""recipe_source_url"": ""https://cookpad.com/id/resep/4471562-ayam-goreng-tepung-simple"", ""rules_version"": ""takarkuy-estimates-2026-10-01-v2""}]",TAKARKUY adaptasi; inspirasi Kaggle/Cookpad; estimasi takaran/porsi
RIN-51F37E97FD9C,RCP-KAGGLE-4471562,ING-BAWANG-PUTIH,18,g,false,estimated,"[{""recipe_code"": ""RCP-KAGGLE-4471562"", ""ingredient_position"": ""2"", ""raw_ingredient"": ""6 siung bawang putih haluskan"", ""raw_measure"": ""6 siung bawang putih haluskan"", ""ingredient_code"": ""ING-BAWANG-PUTIH"", ""quantity_g"": 18.0, ""purchase_quantity_g"": 18.0, ""status"": ""estimated"", ""estimation_note"": ""asumsi TAKARKUY berat bagian termakan per unit 3 g; mengacu ukuran USDA, bukan bobot pasti produk"", ""reference_url"": ""https://fdc.nal.usda.gov/download-datasets/"", ""recipe_source_url"": ""https://cookpad.com/id/resep/4471562-ayam-goreng-tepung-simple"", ""rules_version"": ""takarkuy-estimates-2026-10-01-v2""}]",TAKARKUY adaptasi; inspirasi Kaggle/Cookpad; estimasi takaran/porsi
RIN-48D944E9542A,RCP-KAGGLE-4471562,ING-MERICA,1.15,g,false,estimated,"[{""recipe_code"": ""RCP-KAGGLE-4471562"", ""ingredient_position"": ""3"", ""raw_ingredient"": ""1/2 sdt lada bubuk"", ""raw_measure"": ""1/2 sdt lada bubuk"", ""ingredient_code"": ""ING-MERICA"", ""quantity_g"": 1.146, ""purchase_quantity_g"": 1.146, ""status"": ""estimated"", ""estimation_note"": ""perkiraan sdt; massa khusus bahan, cup ≈ 240 ml"", ""reference_url"": ""https://fdc.nal.usda.gov/download-datasets/; https://www.kingarthurbaking.com/learn/ingredient-weight-chart"", ""recipe_source_url"": ""https://cookpad.com/id/resep/4471562-ayam-goreng-tepung-simple"", ""rules_version"": ""takarkuy-estimates-2026-10-01-v2""}]",TAKARKUY adaptasi; inspirasi Kaggle/Cookpad; estimasi takaran/porsi
RIN-9D8E3076420A,RCP-KAGGLE-4471562,ING-KALDU-AYAM-BUBUK,3,g,false,estimated,"[{""recipe_code"": ""RCP-KAGGLE-4471562"", ""ingredient_position"": ""4"", ""raw_ingredient"": ""secukupnya Kaldu bubuk"", ""raw_measure"": ""secukupnya Kaldu bubuk"", ""ingredient_code"": ""ING-KALDU-AYAM-BUBUK"", ""quantity_g"": 3, ""purchase_quantity_g"": 3, ""status"": ""estimated"", ""estimation_note"": ""asumsi TAKARKUY untuk batch: 3 g; sumber tidak memberi angka pasti"", ""reference_url"": """", ""recipe_source_url"": ""https://cookpad.com/id/resep/4471562-ayam-goreng-tepung-simple"", ""rules_version"": ""takarkuy-estimates-2026-10-01-v2""}]",TAKARKUY adaptasi; inspirasi Kaggle/Cookpad; estimasi takaran/porsi
RIN-EDEF608A799D,RCP-KAGGLE-4471562,ING-GARAM,3,g,false,estimated,"[{""recipe_code"": ""RCP-KAGGLE-4471562"", ""ingredient_position"": ""5"", ""raw_ingredient"": ""secukupnya Garam"", ""raw_measure"": ""secukupnya Garam"", ""ingredient_code"": ""ING-GARAM"", ""quantity_g"": 3, ""purchase_quantity_g"": 3, ""status"": ""estimated"", ""estimation_note"": ""asumsi TAKARKUY untuk batch: 3 g; sumber tidak memberi angka pasti"", ""reference_url"": """", ""recipe_source_url"": ""https://cookpad.com/id/resep/4471562-ayam-goreng-tepung-simple"", ""rules_version"": ""takarkuy-estimates-2026-10-01-v2""}]",TAKARKUY adaptasi; inspirasi Kaggle/Cookpad; estimasi takaran/porsi
RIN-D4B04DBD0970,RCP-KAGGLE-4471562,ING-TELUR-AYAM-BROILER,50,g,false,estimated,"[{""recipe_code"": ""RCP-KAGGLE-4471562"", ""ingredient_position"": ""6"", ""raw_ingredient"": ""1 butir telur"", ""raw_measure"": ""1 butir telur"", ""ingredient_code"": ""ING-TELUR-AYAM-BROILER"", ""quantity_g"": 50.0, ""purchase_quantity_g"": 50.0, ""status"": ""estimated"", ""estimation_note"": ""asumsi TAKARKUY berat bagian termakan per unit 50 g; mengacu ukuran USDA, bukan bobot pasti produk"", ""reference_url"": ""https://fdc.nal.usda.gov/download-datasets/"", ""recipe_source_url"": ""https://cookpad.com/id/resep/4471562-ayam-goreng-tepung-simple"", ""rules_version"": ""takarkuy-estimates-2026-10-01-v2""}]",TAKARKUY adaptasi; inspirasi Kaggle/Cookpad; estimasi takaran/porsi
RIN-0DD5484D302D,RCP-KAGGLE-4471562,ING-TEPUNG-TERIGU-CURAH,100,g,false,estimated,"[{""recipe_code"": ""RCP-KAGGLE-4471562"", ""ingredient_position"": ""8"", ""raw_ingredient"": ""100 gram tepung terigu"", ""raw_measure"": ""100 gram tepung terigu"", ""ingredient_code"": ""ING-TEPUNG-TERIGU-CURAH"", ""quantity_g"": 100.0, ""purchase_quantity_g"": 100.0, ""status"": ""estimated"", ""estimation_note"": ""konversi massa gram → g"", ""reference_url"": ""https://www.nist.gov/pml/owm/metric-si/unit-conversion/approximate-conversions-us-customary-measures-metric"", ""recipe_source_url"": ""https://cookpad.com/id/resep/4471562-ayam-goreng-tepung-simple"", ""rules_version"": ""takarkuy-estimates-2026-10-01-v2""}]",TAKARKUY adaptasi; inspirasi Kaggle/Cookpad; estimasi takaran/porsi
RIN-D8F9669623B8,RCP-KAGGLE-4471562,ING-MAIZENA,20,g,false,estimated,"[{""recipe_code"": ""RCP-KAGGLE-4471562"", ""ingredient_position"": ""9"", ""raw_ingredient"": ""20 gram tepung meizena"", ""raw_measure"": ""20 gram tepung meizena"", ""ingredient_code"": ""ING-MAIZENA"", ""quantity_g"": 20.0, ""purchase_quantity_g"": 20.0, ""status"": ""estimated"", ""estimation_note"": ""konversi massa gram → g"", ""reference_url"": ""https://www.nist.gov/pml/owm/metric-si/unit-conversion/approximate-conversions-us-customary-measures-metric"", ""recipe_source_url"": ""https://cookpad.com/id/resep/4471562-ayam-goreng-tepung-simple"", ""rules_version"": ""takarkuy-estimates-2026-10-01-v2""}]",TAKARKUY adaptasi; inspirasi Kaggle/Cookpad; estimasi takaran/porsi
RIN-7255BFE8434A,RCP-KAGGLE-4469261,ING-DAGING-AYAM-BROILER,1000,g,false,estimated,"[{""recipe_code"": ""RCP-KAGGLE-4469261"", ""ingredient_position"": ""1"", ""raw_ingredient"": ""1 kg ayam"", ""raw_measure"": ""1 kg ayam"", ""ingredient_code"": ""ING-DAGING-AYAM-BROILER"", ""quantity_g"": 1000.0, ""purchase_quantity_g"": 1000.0, ""status"": ""estimated"", ""estimation_note"": ""konversi massa kg → g"", ""reference_url"": ""https://www.nist.gov/pml/owm/metric-si/unit-conversion/approximate-conversions-us-customary-measures-metric"", ""recipe_source_url"": ""https://cookpad.com/id/resep/4469261-ayam-goreng-lepas-tulang-lembut"", ""rules_version"": ""takarkuy-estimates-2026-10-01-v2""}]",TAKARKUY adaptasi; inspirasi Kaggle/Cookpad; estimasi takaran/porsi
RIN-A8A83038221A,RCP-KAGGLE-4469261,ING-BAWANG-PUTIH,12,g,false,estimated,"[{""recipe_code"": ""RCP-KAGGLE-4469261"", ""ingredient_position"": ""2"", ""raw_ingredient"": ""4 bawang putih"", ""raw_measure"": ""4 bawang putih"", ""ingredient_code"": ""ING-BAWANG-PUTIH"", ""quantity_g"": 12.0, ""purchase_quantity_g"": 12.0, ""status"": ""estimated"", ""estimation_note"": ""asumsi TAKARKUY berat bagian termakan per unit 3 g; mengacu ukuran USDA, bukan bobot pasti produk"", ""reference_url"": ""https://fdc.nal.usda.gov/download-datasets/"", ""recipe_source_url"": ""https://cookpad.com/id/resep/4469261-ayam-goreng-lepas-tulang-lembut"", ""rules_version"": ""takarkuy-estimates-2026-10-01-v2""}]",TAKARKUY adaptasi; inspirasi Kaggle/Cookpad; estimasi takaran/porsi
RIN-C524DA0A092F,RCP-KAGGLE-4469261,ING-LENGKUAS,30,g,false,estimated,"[{""recipe_code"": ""RCP-KAGGLE-4469261"", ""ingredient_position"": ""3"", ""raw_ingredient"": ""3 ruas laos"", ""raw_measure"": ""3 ruas laos"", ""ingredient_code"": ""ING-LENGKUAS"", ""quantity_g"": 30.0, ""purchase_quantity_g"": 30.0, ""status"": ""estimated"", ""estimation_note"": ""asumsi TAKARKUY: 1 ruas ≈ 10 g, 1 cm ≈ 5 g"", ""reference_url"": """", ""recipe_source_url"": ""https://cookpad.com/id/resep/4469261-ayam-goreng-lepas-tulang-lembut"", ""rules_version"": ""takarkuy-estimates-2026-10-01-v2""}]",TAKARKUY adaptasi; inspirasi Kaggle/Cookpad; estimasi takaran/porsi
RIN-069DE1F21F8E,RCP-KAGGLE-4469261,ING-JAHE,10,g,false,estimated,"[{""recipe_code"": ""RCP-KAGGLE-4469261"", ""ingredient_position"": ""4"", ""raw_ingredient"": ""1 ruas jahe"", ""raw_measure"": ""1 ruas jahe"", ""ingredient_code"": ""ING-JAHE"", ""quantity_g"": 10.0, ""purchase_quantity_g"": 10.0, ""status"": ""estimated"", ""estimation_note"": ""asumsi TAKARKUY: 1 ruas ≈ 10 g, 1 cm ≈ 5 g"", ""reference_url"": """", ""recipe_source_url"": ""https://cookpad.com/id/resep/4469261-ayam-goreng-lepas-tulang-lembut"", ""rules_version"": ""takarkuy-estimates-2026-10-01-v2""}]",TAKARKUY adaptasi; inspirasi Kaggle/Cookpad; estimasi takaran/porsi
RIN-302F7F57F9EB,RCP-KAGGLE-4469261,ING-DAUN-SALAM,1,g,false,estimated,"[{""recipe_code"": ""RCP-KAGGLE-4469261"", ""ingredient_position"": ""5.1"", ""raw_ingredient"": ""Daun salam, serai 2 ruas, daun jeruk,"", ""raw_measure"": ""daun salam"", ""ingredient_code"": ""ING-DAUN-SALAM"", ""quantity_g"": 1, ""purchase_quantity_g"": 1, ""status"": ""estimated"", ""estimation_note"": ""daftar bahan dipecah; takaran per komponen adalah estimasi terpisah, bukan angka bersama; komponen: daun salam; asumsi TAKARKUY untuk batch: 1 g; sumber tidak memberi angka pasti"", ""reference_url"": """", ""recipe_source_url"": ""https://cookpad.com/id/resep/4469261-ayam-goreng-lepas-tulang-lembut"", ""rules_version"": ""takarkuy-estimates-2026-10-01-v2""}]",TAKARKUY adaptasi; inspirasi Kaggle/Cookpad; estimasi takaran/porsi
RIN-EEF87FA184E1,RCP-KAGGLE-4469261,ING-SERAI,20,g,false,estimated,"[{""recipe_code"": ""RCP-KAGGLE-4469261"", ""ingredient_position"": ""5.2"", ""raw_ingredient"": ""Daun salam, serai 2 ruas, daun jeruk,"", ""raw_measure"": ""serai 2 ruas"", ""ingredient_code"": ""ING-SERAI"", ""quantity_g"": 20, ""purchase_quantity_g"": 20, ""status"": ""estimated"", ""estimation_note"": ""daftar bahan dipecah; takaran per komponen adalah estimasi terpisah, bukan angka bersama; komponen: serai 2 ruas; asumsi TAKARKUY untuk batch: 20 g; sumber tidak memberi angka pasti"", ""reference_url"": """", ""recipe_source_url"": ""https://cookpad.com/id/resep/4469261-ayam-goreng-lepas-tulang-lembut"", ""rules_version"": ""takarkuy-estimates-2026-10-01-v2""}]",TAKARKUY adaptasi; inspirasi Kaggle/Cookpad; estimasi takaran/porsi
RIN-E9F0190C6CEB,RCP-KAGGLE-4469261,ING-DAUN-JERUK,1,g,false,estimated,"[{""recipe_code"": ""RCP-KAGGLE-4469261"", ""ingredient_position"": ""5.3"", ""raw_ingredient"": ""Daun salam, serai 2 ruas, daun jeruk,"", ""raw_measure"": ""daun jeruk"", ""ingredient_code"": ""ING-DAUN-JERUK"", ""quantity_g"": 1, ""purchase_quantity_g"": 1, ""status"": ""estimated"", ""estimation_note"": ""daftar bahan dipecah; takaran per komponen adalah estimasi terpisah, bukan angka bersama; komponen: daun jeruk; asumsi TAKARKUY untuk batch: 1 g; sumber tidak memberi angka pasti"", ""reference_url"": """", ""recipe_source_url"": ""https://cookpad.com/id/resep/4469261-ayam-goreng-lepas-tulang-lembut"", ""rules_version"": ""takarkuy-estimates-2026-10-01-v2""}]",TAKARKUY adaptasi; inspirasi Kaggle/Cookpad; estimasi takaran/porsi
RIN-0D2DDEF3633C,RCP-KAGGLE-4448850,ING-DAGING-AYAM-BROILER,1000,g,false,estimated,"[{""recipe_code"": ""RCP-KAGGLE-4448850"", ""ingredient_position"": ""1"", ""raw_ingredient"": ""1 kg ayam"", ""raw_measure"": ""1 kg ayam"", ""ingredient_code"": ""ING-DAGING-AYAM-BROILER"", ""quantity_g"": 1000.0, ""purchase_quantity_g"": 1000.0, ""status"": ""estimated"", ""estimation_note"": ""konversi massa kg → g"", ""reference_url"": ""https://www.nist.gov/pml/owm/metric-si/unit-conversion/approximate-conversions-us-customary-measures-metric"", ""recipe_source_url"": ""https://cookpad.com/id/resep/4448850-ayam-tepung"", ""rules_version"": ""takarkuy-estimates-2026-10-01-v2""}]",TAKARKUY adaptasi; inspirasi Kaggle/Cookpad; estimasi takaran/porsi
RIN-D4C758E43718,RCP-KAGGLE-4448850,ING-TEPUNG-TERIGU-CURAH,500,g,false,estimated,"[{""recipe_code"": ""RCP-KAGGLE-4448850"", ""ingredient_position"": ""2"", ""raw_ingredient"": ""500 gram tepung terigu"", ""raw_measure"": ""500 gram tepung terigu"", ""ingredient_code"": ""ING-TEPUNG-TERIGU-CURAH"", ""quantity_g"": 500.0, ""purchase_quantity_g"": 500.0, ""status"": ""estimated"", ""estimation_note"": ""konversi massa gram → g"", ""reference_url"": ""https://www.nist.gov/pml/owm/metric-si/unit-conversion/approximate-conversions-us-customary-measures-metric"", ""recipe_source_url"": ""https://cookpad.com/id/resep/4448850-ayam-tepung"", ""rules_version"": ""takarkuy-estimates-2026-10-01-v2""}]",TAKARKUY adaptasi; inspirasi Kaggle/Cookpad; estimasi takaran/porsi
RIN-9EF12586DBC3,RCP-KAGGLE-4448850,ING-KALDU-AYAM-BUBUK,3,g,false,estimated,"[{""recipe_code"": ""RCP-KAGGLE-4448850"", ""ingredient_position"": ""3"", ""raw_ingredient"": ""secukupnya Royco"", ""raw_measure"": ""secukupnya Royco"", ""ingredient_code"": ""ING-KALDU-AYAM-BUBUK"", ""quantity_g"": 3, ""purchase_quantity_g"": 3, ""status"": ""estimated"", ""estimation_note"": ""asumsi TAKARKUY untuk batch: 3 g; sumber tidak memberi angka pasti"", ""reference_url"": """", ""recipe_source_url"": ""https://cookpad.com/id/resep/4448850-ayam-tepung"", ""rules_version"": ""takarkuy-estimates-2026-10-01-v2""}]",TAKARKUY adaptasi; inspirasi Kaggle/Cookpad; estimasi takaran/porsi
RIN-5B765C755B5E,RCP-KAGGLE-4448850,ING-BAWANG-PUTIH,18,g,false,estimated,"[{""recipe_code"": ""RCP-KAGGLE-4448850"", ""ingredient_position"": ""4"", ""raw_ingredient"": ""6 siung bawang putih"", ""raw_measure"": ""6 siung bawang putih"", ""ingredient_code"": ""ING-BAWANG-PUTIH"", ""quantity_g"": 18.0, ""purchase_quantity_g"": 18.0, ""status"": ""estimated"", ""estimation_note"": ""asumsi TAKARKUY berat bagian termakan per unit 3 g; mengacu ukuran USDA, bukan bobot pasti produk"", ""reference_url"": ""https://fdc.nal.usda.gov/download-datasets/"", ""recipe_source_url"": ""https://cookpad.com/id/resep/4448850-ayam-tepung"", ""rules_version"": ""takarkuy-estimates-2026-10-01-v2""}]",TAKARKUY adaptasi; inspirasi Kaggle/Cookpad; estimasi takaran/porsi
RIN-4FD59B0F0EC5,RCP-KAGGLE-4448850,ING-MERICA,2.29,g,false,estimated,"[{""recipe_code"": ""RCP-KAGGLE-4448850"", ""ingredient_position"": ""5"", ""raw_ingredient"": ""1 sendok teh lada bubuk"", ""raw_measure"": ""1 sendok teh lada bubuk"", ""ingredient_code"": ""ING-MERICA"", ""quantity_g"": 2.292, ""purchase_quantity_g"": 2.292, ""status"": ""estimated"", ""estimation_note"": ""perkiraan sendok teh; massa khusus bahan, cup ≈ 240 ml"", ""reference_url"": ""https://fdc.nal.usda.gov/download-datasets/; https://www.kingarthurbaking.com/learn/ingredient-weight-chart"", ""recipe_source_url"": ""https://cookpad.com/id/resep/4448850-ayam-tepung"", ""rules_version"": ""takarkuy-estimates-2026-10-01-v2""}]",TAKARKUY adaptasi; inspirasi Kaggle/Cookpad; estimasi takaran/porsi
RIN-44AAD4DA6DF2,RCP-KAGGLE-4448850,ING-JAHE,10,g,false,estimated,"[{""recipe_code"": ""RCP-KAGGLE-4448850"", ""ingredient_position"": ""6"", ""raw_ingredient"": ""1 ruas jahe"", ""raw_measure"": ""1 ruas jahe"", ""ingredient_code"": ""ING-JAHE"", ""quantity_g"": 10.0, ""purchase_quantity_g"": 10.0, ""status"": ""estimated"", ""estimation_note"": ""asumsi TAKARKUY: 1 ruas ≈ 10 g, 1 cm ≈ 5 g"", ""reference_url"": """", ""recipe_source_url"": ""https://cookpad.com/id/resep/4448850-ayam-tepung"", ""rules_version"": ""takarkuy-estimates-2026-10-01-v2""}]",TAKARKUY adaptasi; inspirasi Kaggle/Cookpad; estimasi takaran/porsi
RIN-503493C06CDA,RCP-KAGGLE-4448850,ING-KUNYIT,10,g,false,estimated,"[{""recipe_code"": ""RCP-KAGGLE-4448850"", ""ingredient_position"": ""7"", ""raw_ingredient"": ""1 ruas kunyit"", ""raw_measure"": ""1 ruas kunyit"", ""ingredient_code"": ""ING-KUNYIT"", ""quantity_g"": 10.0, ""purchase_quantity_g"": 10.0, ""status"": ""estimated"", ""estimation_note"": ""asumsi TAKARKUY: 1 ruas ≈ 10 g, 1 cm ≈ 5 g"", ""reference_url"": """", ""recipe_source_url"": ""https://cookpad.com/id/resep/4448850-ayam-tepung"", ""rules_version"": ""takarkuy-estimates-2026-10-01-v2""}]",TAKARKUY adaptasi; inspirasi Kaggle/Cookpad; estimasi takaran/porsi
RIN-64371FE01492,RCP-KAGGLE-4448850,ING-GARAM,3,g,false,estimated,"[{""recipe_code"": ""RCP-KAGGLE-4448850"", ""ingredient_position"": ""8"", ""raw_ingredient"": ""secukupnya Garam"", ""raw_measure"": ""secukupnya Garam"", ""ingredient_code"": ""ING-GARAM"", ""quantity_g"": 3, ""purchase_quantity_g"": 3, ""status"": ""estimated"", ""estimation_note"": ""asumsi TAKARKUY untuk batch: 3 g; sumber tidak memberi angka pasti"", ""reference_url"": """", ""recipe_source_url"": ""https://cookpad.com/id/resep/4448850-ayam-tepung"", ""rules_version"": ""takarkuy-estimates-2026-10-01-v2""}]",TAKARKUY adaptasi; inspirasi Kaggle/Cookpad; estimasi takaran/porsi
RIN-C1000A284F79,RCP-KAGGLE-4448850,ING-MINYAK-GORENG-CURAH,20,g,false,estimated,"[{""recipe_code"": ""RCP-KAGGLE-4448850"", ""ingredient_position"": ""9"", ""raw_ingredient"": ""Minyak goreng"", ""raw_measure"": ""Minyak goreng"", ""ingredient_code"": ""ING-MINYAK-GORENG-CURAH"", ""quantity_g"": 20, ""purchase_quantity_g"": 20, ""status"": ""estimated"", ""estimation_note"": ""asumsi TAKARKUY untuk batch: 20 g; sumber tidak memberi angka pasti"", ""reference_url"": """", ""recipe_source_url"": ""https://cookpad.com/id/resep/4448850-ayam-tepung"", ""rules_version"": ""takarkuy-estimates-2026-10-01-v2""}]",TAKARKUY adaptasi; inspirasi Kaggle/Cookpad; estimasi takaran/porsi
RIN-340B7089A2B8,RCP-KAGGLE-4448850,ING-TELUR-AYAM-BROILER,100,g,false,estimated,"[{""recipe_code"": ""RCP-KAGGLE-4448850"", ""ingredient_position"": ""10"", ""raw_ingredient"": ""2 butir telur ayam ambil putih nya aja"", ""raw_measure"": ""2 butir telur ayam ambil putih nya aja"", ""ingredient_code"": ""ING-TELUR-AYAM-BROILER"", ""quantity_g"": 100.0, ""purchase_quantity_g"": 100.0, ""status"": ""estimated"", ""estimation_note"": ""asumsi TAKARKUY berat bagian termakan per unit 50 g; mengacu ukuran USDA, bukan bobot pasti produk"", ""reference_url"": ""https://fdc.nal.usda.gov/download-datasets/"", ""recipe_source_url"": ""https://cookpad.com/id/resep/4448850-ayam-tepung"", ""rules_version"": ""takarkuy-estimates-2026-10-01-v2""}]",TAKARKUY adaptasi; inspirasi Kaggle/Cookpad; estimasi takaran/porsi
RIN-972FA86A7D1A,RCP-KAGGLE-4470089,ING-DAGING-AYAM-BROILER,600,g,false,estimated,"[{""recipe_code"": ""RCP-KAGGLE-4470089"", ""ingredient_position"": ""1"", ""raw_ingredient"": ""1 ekor ayam potong 8, bersihkan"", ""raw_measure"": ""1 ekor ayam potong 8, bersihkan"", ""ingredient_code"": ""ING-DAGING-AYAM-BROILER"", ""quantity_g"": 600.0, ""purchase_quantity_g"": 1000.0, ""status"": ""estimated"", ""estimation_note"": ""asumsi 1 ekor 1000 g × 60% daging termakan; belanja memakai berat utuh, gizi memakai daging"", ""reference_url"": """", ""recipe_source_url"": ""https://cookpad.com/id/resep/4470089-ayam-kecap-cabe-ijo"", ""rules_version"": ""takarkuy-estimates-2026-10-01-v2""}]",TAKARKUY adaptasi; inspirasi Kaggle/Cookpad; estimasi takaran/porsi
RIN-35E84981D159,RCP-KAGGLE-4470089,ING-CABE-HIJAU-BIASA,20,g,false,estimated,"[{""recipe_code"": ""RCP-KAGGLE-4470089"", ""ingredient_position"": ""2"", ""raw_ingredient"": ""Cabe ijo 15 buah, potong serong"", ""raw_measure"": ""Cabe ijo 15 buah, potong serong"", ""ingredient_code"": ""ING-CABE-HIJAU-BIASA"", ""quantity_g"": 20, ""purchase_quantity_g"": 20, ""status"": ""estimated"", ""estimation_note"": ""asumsi TAKARKUY untuk batch: 20 g; sumber tidak memberi angka pasti"", ""reference_url"": """", ""recipe_source_url"": ""https://cookpad.com/id/resep/4470089-ayam-kecap-cabe-ijo"", ""rules_version"": ""takarkuy-estimates-2026-10-01-v2""}]",TAKARKUY adaptasi; inspirasi Kaggle/Cookpad; estimasi takaran/porsi
RIN-F50681C874BD,RCP-KAGGLE-4470089,ING-BAWANG-BOMBAY,110,g,false,estimated,"[{""recipe_code"": ""RCP-KAGGLE-4470089"", ""ingredient_position"": ""3"", ""raw_ingredient"": ""Bawang bombay 1 siung, potong"", ""raw_measure"": ""Bawang bombay 1 siung, potong"", ""ingredient_code"": ""ING-BAWANG-BOMBAY"", ""quantity_g"": 110, ""purchase_quantity_g"": 110, ""status"": ""estimated"", ""estimation_note"": ""asumsi TAKARKUY untuk batch: 110 g; sumber tidak memberi angka pasti"", ""reference_url"": """", ""recipe_source_url"": ""https://cookpad.com/id/resep/4470089-ayam-kecap-cabe-ijo"", ""rules_version"": ""takarkuy-estimates-2026-10-01-v2""}]",TAKARKUY adaptasi; inspirasi Kaggle/Cookpad; estimasi takaran/porsi
RIN-B703FB089D9C,RCP-KAGGLE-4470089,ING-BAWANG-PUTIH,27,g,false,estimated,"[{""recipe_code"": ""RCP-KAGGLE-4470089"", ""ingredient_position"": ""4"", ""raw_ingredient"": ""Bawang putih 2 siung, cincang"", ""raw_measure"": ""Bawang putih 2 siung, cincang"", ""ingredient_code"": ""ING-BAWANG-PUTIH"", ""quantity_g"": 12, ""purchase_quantity_g"": 12, ""status"": ""estimated"", ""estimation_note"": ""asumsi TAKARKUY untuk batch: 12 g; sumber tidak memberi angka pasti"", ""reference_url"": """", ""recipe_source_url"": ""https://cookpad.com/id/resep/4470089-ayam-kecap-cabe-ijo"", ""rules_version"": ""takarkuy-estimates-2026-10-01-v2""}, {""recipe_code"": ""RCP-KAGGLE-4470089"", ""ingredient_position"": ""12"", ""raw_ingredient"": ""5 siung bawang putih"", ""raw_measure"": ""5 siung bawang putih"", ""ingredient_code"": ""ING-BAWANG-PUTIH"", ""quantity_g"": 15.0, ""purchase_quantity_g"": 15.0, ""status"": ""estimated"", ""estimation_note"": ""asumsi TAKARKUY berat bagian termakan per unit 3 g; mengacu ukuran USDA, bukan bobot pasti produk"", ""reference_url"": ""https://fdc.nal.usda.gov/download-datasets/"", ""recipe_source_url"": ""https://cookpad.com/id/resep/4470089-ayam-kecap-cabe-ijo"", ""rules_version"": ""takarkuy-estimates-2026-10-01-v2""}]",TAKARKUY adaptasi; inspirasi Kaggle/Cookpad; estimasi takaran/porsi
RIN-89AA421A5218,RCP-KAGGLE-4470089,ING-GARAM,6,g,false,estimated,"[{""recipe_code"": ""RCP-KAGGLE-4470089"", ""ingredient_position"": ""5"", ""raw_ingredient"": ""garam"", ""raw_measure"": ""garam"", ""ingredient_code"": ""ING-GARAM"", ""quantity_g"": 3, ""purchase_quantity_g"": 3, ""status"": ""estimated"", ""estimation_note"": ""asumsi TAKARKUY untuk batch: 3 g; sumber tidak memberi angka pasti"", ""reference_url"": """", ""recipe_source_url"": ""https://cookpad.com/id/resep/4470089-ayam-kecap-cabe-ijo"", ""rules_version"": ""takarkuy-estimates-2026-10-01-v2""}, {""recipe_code"": ""RCP-KAGGLE-4470089"", ""ingredient_position"": ""20"", ""raw_ingredient"": ""Garam"", ""raw_measure"": ""Garam"", ""ingredient_code"": ""ING-GARAM"", ""quantity_g"": 3, ""purchase_quantity_g"": 3, ""status"": ""estimated"", ""estimation_note"": ""asumsi TAKARKUY untuk batch: 3 g; sumber tidak memberi angka pasti"", ""reference_url"": """", ""recipe_source_url"": ""https://cookpad.com/id/resep/4470089-ayam-kecap-cabe-ijo"", ""rules_version"": ""takarkuy-estimates-2026-10-01-v2""}]",TAKARKUY adaptasi; inspirasi Kaggle/Cookpad; estimasi takaran/porsi
RIN-847A7EA35FCA,RCP-KAGGLE-4470089,ING-GULA-PASIR-DALAM-NEGERI,8,g,false,estimated,"[{""recipe_code"": ""RCP-KAGGLE-4470089"", ""ingredient_position"": ""6"", ""raw_ingredient"": ""Gula pasir"", ""raw_measure"": ""Gula pasir"", ""ingredient_code"": ""ING-GULA-PASIR-DALAM-NEGERI"", ""quantity_g"": 8, ""purchase_quantity_g"": 8, ""status"": ""estimated"", ""estimation_note"": ""asumsi TAKARKUY untuk batch: 8 g; sumber tidak memberi angka pasti"", ""reference_url"": """", ""recipe_source_url"": ""https://cookpad.com/id/resep/4470089-ayam-kecap-cabe-ijo"", ""rules_version"": ""takarkuy-estimates-2026-10-01-v2""}]",TAKARKUY adaptasi; inspirasi Kaggle/Cookpad; estimasi takaran/porsi
RIN-D224558D578F,RCP-KAGGLE-4470089,ING-MERICA,1,g,false,estimated,"[{""recipe_code"": ""RCP-KAGGLE-4470089"", ""ingredient_position"": ""7"", ""raw_ingredient"": ""Lada bubuk"", ""raw_measure"": ""Lada bubuk"", ""ingredient_code"": ""ING-MERICA"", ""quantity_g"": 1, ""purchase_quantity_g"": 1, ""status"": ""estimated"", ""estimation_note"": ""asumsi TAKARKUY untuk batch: 1 g; sumber tidak memberi angka pasti"", ""reference_url"": """", ""recipe_source_url"": ""https://cookpad.com/id/resep/4470089-ayam-kecap-cabe-ijo"", ""rules_version"": ""takarkuy-estimates-2026-10-01-v2""}]",TAKARKUY adaptasi; inspirasi Kaggle/Cookpad; estimasi takaran/porsi
RIN-83E5F7D8A5CD,RCP-KAGGLE-4470089,ING-KALDU-AYAM-BUBUK,1.33,g,false,estimated,"[{""recipe_code"": ""RCP-KAGGLE-4470089"", ""ingredient_position"": ""8"", ""raw_ingredient"": ""1/2 sdt kaldu bubuk (aku pake royco)"", ""raw_measure"": ""1/2 sdt kaldu bubuk (aku pake royco)"", ""ingredient_code"": ""ING-KALDU-AYAM-BUBUK"", ""quantity_g"": 1.333, ""purchase_quantity_g"": 1.333, ""status"": ""estimated"", ""estimation_note"": ""perkiraan sdt; massa khusus bahan, cup ≈ 240 ml"", ""reference_url"": ""https://fdc.nal.usda.gov/download-datasets/; https://www.kingarthurbaking.com/learn/ingredient-weight-chart"", ""recipe_source_url"": ""https://cookpad.com/id/resep/4470089-ayam-kecap-cabe-ijo"", ""rules_version"": ""takarkuy-estimates-2026-10-01-v2""}]",TAKARKUY adaptasi; inspirasi Kaggle/Cookpad; estimasi takaran/porsi
RIN-D057D92DA7AA,RCP-KAGGLE-4470089,ING-KECAP-MANIS,78,g,false,estimated,"[{""recipe_code"": ""RCP-KAGGLE-4470089"", ""ingredient_position"": ""9"", ""raw_ingredient"": ""4 sdm Kecap manis (aku pake bango)"", ""raw_measure"": ""4 sdm Kecap manis (aku pake bango)"", ""ingredient_code"": ""ING-KECAP-MANIS"", ""quantity_g"": 78.0, ""purchase_quantity_g"": 78.0, ""status"": ""estimated"", ""estimation_note"": ""perkiraan sdm; massa khusus bahan, cup ≈ 240 ml"", ""reference_url"": ""https://fdc.nal.usda.gov/download-datasets/; https://www.kingarthurbaking.com/learn/ingredient-weight-chart"", ""recipe_source_url"": ""https://cookpad.com/id/resep/4470089-ayam-kecap-cabe-ijo"", ""rules_version"": ""takarkuy-estimates-2026-10-01-v2""}]",TAKARKUY adaptasi; inspirasi Kaggle/Cookpad; estimasi takaran/porsi
RIN-5B39D671D436,RCP-KAGGLE-4470089,ING-BAWANG-MERAH,40,g,false,estimated,"[{""recipe_code"": ""RCP-KAGGLE-4470089"", ""ingredient_position"": ""11"", ""raw_ingredient"": ""4 siung bawang merah"", ""raw_measure"": ""4 siung bawang merah"", ""ingredient_code"": ""ING-BAWANG-MERAH"", ""quantity_g"": 40.0, ""purchase_quantity_g"": 40.0, ""status"": ""estimated"", ""estimation_note"": ""asumsi TAKARKUY berat bagian termakan per unit 10 g; mengacu ukuran USDA, bukan bobot pasti produk"", ""reference_url"": ""https://fdc.nal.usda.gov/download-datasets/"", ""recipe_source_url"": ""https://cookpad.com/id/resep/4470089-ayam-kecap-cabe-ijo"", ""rules_version"": ""takarkuy-estimates-2026-10-01-v2""}]",TAKARKUY adaptasi; inspirasi Kaggle/Cookpad; estimasi takaran/porsi
RIN-353A4826555A,RCP-KAGGLE-4470089,ING-KUNYIT,10,g,false,estimated,"[{""recipe_code"": ""RCP-KAGGLE-4470089"", ""ingredient_position"": ""13"", ""raw_ingredient"": ""2 cm kunyit"", ""raw_measure"": ""2 cm kunyit"", ""ingredient_code"": ""ING-KUNYIT"", ""quantity_g"": 10.0, ""purchase_quantity_g"": 10.0, ""status"": ""estimated"", ""estimation_note"": ""asumsi TAKARKUY: 1 ruas ≈ 10 g, 1 cm ≈ 5 g"", ""reference_url"": """", ""recipe_source_url"": ""https://cookpad.com/id/resep/4470089-ayam-kecap-cabe-ijo"", ""rules_version"": ""takarkuy-estimates-2026-10-01-v2""}]",TAKARKUY adaptasi; inspirasi Kaggle/Cookpad; estimasi takaran/porsi
RIN-8B707E049324,RCP-KAGGLE-4470089,ING-JAHE,10,g,false,estimated,"[{""recipe_code"": ""RCP-KAGGLE-4470089"", ""ingredient_position"": ""14"", ""raw_ingredient"": ""2 cm jahe"", ""raw_measure"": ""2 cm jahe"", ""ingredient_code"": ""ING-JAHE"", ""quantity_g"": 10.0, ""purchase_quantity_g"": 10.0, ""status"": ""estimated"", ""estimation_note"": ""asumsi TAKARKUY: 1 ruas ≈ 10 g, 1 cm ≈ 5 g"", ""reference_url"": """", ""recipe_source_url"": ""https://cookpad.com/id/resep/4470089-ayam-kecap-cabe-ijo"", ""rules_version"": ""takarkuy-estimates-2026-10-01-v2""}]",TAKARKUY adaptasi; inspirasi Kaggle/Cookpad; estimasi takaran/porsi
RIN-84F05A7F9592,RCP-KAGGLE-4470089,ING-LENGKUAS,10,g,false,estimated,"[{""recipe_code"": ""RCP-KAGGLE-4470089"", ""ingredient_position"": ""15"", ""raw_ingredient"": ""2 cm lengkuas, geprek"", ""raw_measure"": ""2 cm lengkuas, geprek"", ""ingredient_code"": ""ING-LENGKUAS"", ""quantity_g"": 10.0, ""purchase_quantity_g"": 10.0, ""status"": ""estimated"", ""estimation_note"": ""asumsi TAKARKUY: 1 ruas ≈ 10 g, 1 cm ≈ 5 g"", ""reference_url"": """", ""recipe_source_url"": ""https://cookpad.com/id/resep/4470089-ayam-kecap-cabe-ijo"", ""rules_version"": ""takarkuy-estimates-2026-10-01-v2""}]",TAKARKUY adaptasi; inspirasi Kaggle/Cookpad; estimasi takaran/porsi
RIN-D60FC5BB2F9D,RCP-KAGGLE-4470089,ING-SERAI,20,g,false,estimated,"[{""recipe_code"": ""RCP-KAGGLE-4470089"", ""ingredient_position"": ""16"", ""raw_ingredient"": ""1 batang serai"", ""raw_measure"": ""1 batang serai"", ""ingredient_code"": ""ING-SERAI"", ""quantity_g"": 20.0, ""purchase_quantity_g"": 20.0, ""status"": ""estimated"", ""estimation_note"": ""asumsi TAKARKUY berat bagian termakan per unit 20 g; mengacu ukuran USDA, bukan bobot pasti produk"", ""reference_url"": ""https://fdc.nal.usda.gov/download-datasets/"", ""recipe_source_url"": ""https://cookpad.com/id/resep/4470089-ayam-kecap-cabe-ijo"", ""rules_version"": ""takarkuy-estimates-2026-10-01-v2""}]",TAKARKUY adaptasi; inspirasi Kaggle/Cookpad; estimasi takaran/porsi
RIN-C1C244B22C4B,RCP-KAGGLE-4470089,ING-KETUMBAR-BIJI,2.5,g,false,estimated,"[{""recipe_code"": ""RCP-KAGGLE-4470089"", ""ingredient_position"": ""17"", ""raw_ingredient"": ""1,5 sdt ketumbar"", ""raw_measure"": ""1,5 sdt ketumbar"", ""ingredient_code"": ""ING-KETUMBAR-BIJI"", ""quantity_g"": 2.5, ""purchase_quantity_g"": 2.5, ""status"": ""estimated"", ""estimation_note"": ""perkiraan sdt; massa khusus bahan, cup ≈ 240 ml"", ""reference_url"": ""https://fdc.nal.usda.gov/download-datasets/; https://www.kingarthurbaking.com/learn/ingredient-weight-chart"", ""recipe_source_url"": ""https://cookpad.com/id/resep/4470089-ayam-kecap-cabe-ijo"", ""rules_version"": ""takarkuy-estimates-2026-10-01-v2""}]",TAKARKUY adaptasi; inspirasi Kaggle/Cookpad; estimasi takaran/porsi
RIN-2C80B51EE51F,RCP-KAGGLE-4470089,ING-KEMIRI,8,g,false,estimated,"[{""recipe_code"": ""RCP-KAGGLE-4470089"", ""ingredient_position"": ""18"", ""raw_ingredient"": ""2 buah kemiri"", ""raw_measure"": ""2 buah kemiri"", ""ingredient_code"": ""ING-KEMIRI"", ""quantity_g"": 8.0, ""purchase_quantity_g"": 8.0, ""status"": ""estimated"", ""estimation_note"": ""asumsi TAKARKUY berat bagian termakan per unit 4 g; mengacu ukuran USDA, bukan bobot pasti produk"", ""reference_url"": ""https://fdc.nal.usda.gov/download-datasets/"", ""recipe_source_url"": ""https://cookpad.com/id/resep/4470089-ayam-kecap-cabe-ijo"", ""rules_version"": ""takarkuy-estimates-2026-10-01-v2""}]",TAKARKUY adaptasi; inspirasi Kaggle/Cookpad; estimasi takaran/porsi
RIN-2F37539E9A83,RCP-KAGGLE-4470089,ING-DAUN-JERUK,2,g,false,estimated,"[{""recipe_code"": ""RCP-KAGGLE-4470089"", ""ingredient_position"": ""19"", ""raw_ingredient"": ""4 lbr daun jeruk"", ""raw_measure"": ""4 lbr daun jeruk"", ""ingredient_code"": ""ING-DAUN-JERUK"", ""quantity_g"": 2.0, ""purchase_quantity_g"": 2.0, ""status"": ""estimated"", ""estimation_note"": ""asumsi TAKARKUY berat bagian termakan per unit 0.5 g; mengacu ukuran USDA, bukan bobot pasti produk"", ""reference_url"": ""https://fdc.nal.usda.gov/download-datasets/"", ""recipe_source_url"": ""https://cookpad.com/id/resep/4470089-ayam-kecap-cabe-ijo"", ""rules_version"": ""takarkuy-estimates-2026-10-01-v2""}]",TAKARKUY adaptasi; inspirasi Kaggle/Cookpad; estimasi takaran/porsi
RIN-DBD2174AB1E5,RCP-KAGGLE-3934445,ING-DAGING-AYAM-BROILER,1500,g,false,estimated,"[{""recipe_code"": ""RCP-KAGGLE-3934445"", ""ingredient_position"": ""1"", ""raw_ingredient"": ""10 potong Paha Ayam(aku: 1 kg ayam. Potong_potong)"", ""raw_measure"": ""10 potong Paha Ayam(aku: 1 kg ayam. Potong_potong)"", ""ingredient_code"": ""ING-DAGING-AYAM-BROILER"", ""quantity_g"": 1500.0, ""purchase_quantity_g"": 1500.0, ""status"": ""estimated"", ""estimation_note"": ""asumsi TAKARKUY berat bagian termakan per unit 150 g; mengacu ukuran USDA, bukan bobot pasti produk"", ""reference_url"": ""https://fdc.nal.usda.gov/download-datasets/"", ""recipe_source_url"": ""https://cookpad.com/id/resep/3934445-ayam-goreng-telur"", ""rules_version"": ""takarkuy-estimates-2026-10-01-v2""}]",TAKARKUY adaptasi; inspirasi Kaggle/Cookpad; estimasi takaran/porsi
RIN-A21D68413E55,RCP-KAGGLE-3934445,ING-BAWANG-PUTIH,18,g,false,estimated,"[{""recipe_code"": ""RCP-KAGGLE-3934445"", ""ingredient_position"": ""2"", ""raw_ingredient"": ""6 siung Bawang Putih"", ""raw_measure"": ""6 siung Bawang Putih"", ""ingredient_code"": ""ING-BAWANG-PUTIH"", ""quantity_g"": 18.0, ""purchase_quantity_g"": 18.0, ""status"": ""estimated"", ""estimation_note"": ""asumsi TAKARKUY berat bagian termakan per unit 3 g; mengacu ukuran USDA, bukan bobot pasti produk"", ""reference_url"": ""https://fdc.nal.usda.gov/download-datasets/"", ""recipe_source_url"": ""https://cookpad.com/id/resep/3934445-ayam-goreng-telur"", ""rules_version"": ""takarkuy-estimates-2026-10-01-v2""}]",TAKARKUY adaptasi; inspirasi Kaggle/Cookpad; estimasi takaran/porsi
RIN-0950D65AA63D,RCP-KAGGLE-3934445,ING-DAUN-JERUK,2,g,false,estimated,"[{""recipe_code"": ""RCP-KAGGLE-3934445"", ""ingredient_position"": ""3"", ""raw_ingredient"": ""4 lembar Daun Jeruk"", ""raw_measure"": ""4 lembar Daun Jeruk"", ""ingredient_code"": ""ING-DAUN-JERUK"", ""quantity_g"": 2.0, ""purchase_quantity_g"": 2.0, ""status"": ""estimated"", ""estimation_note"": ""asumsi TAKARKUY berat bagian termakan per unit 0.5 g; mengacu ukuran USDA, bukan bobot pasti produk"", ""reference_url"": ""https://fdc.nal.usda.gov/download-datasets/"", ""recipe_source_url"": ""https://cookpad.com/id/resep/3934445-ayam-goreng-telur"", ""rules_version"": ""takarkuy-estimates-2026-10-01-v2""}]",TAKARKUY adaptasi; inspirasi Kaggle/Cookpad; estimasi takaran/porsi
RIN-F861B455EA81,RCP-KAGGLE-3934445,ING-DAUN-SALAM,1.5,g,false,estimated,"[{""recipe_code"": ""RCP-KAGGLE-3934445"", ""ingredient_position"": ""4"", ""raw_ingredient"": ""3 lembar Daun Salam"", ""raw_measure"": ""3 lembar Daun Salam"", ""ingredient_code"": ""ING-DAUN-SALAM"", ""quantity_g"": 1.5, ""purchase_quantity_g"": 1.5, ""status"": ""estimated"", ""estimation_note"": ""asumsi TAKARKUY berat bagian termakan per unit 0.5 g; mengacu ukuran USDA, bukan bobot pasti produk"", ""reference_url"": ""https://fdc.nal.usda.gov/download-datasets/"", ""recipe_source_url"": ""https://cookpad.com/id/resep/3934445-ayam-goreng-telur"", ""rules_version"": ""takarkuy-estimates-2026-10-01-v2""}]",TAKARKUY adaptasi; inspirasi Kaggle/Cookpad; estimasi takaran/porsi
RIN-BB537324A1C6,RCP-KAGGLE-3934445,ING-SERAI,40,g,false,estimated,"[{""recipe_code"": ""RCP-KAGGLE-3934445"", ""ingredient_position"": ""5"", ""raw_ingredient"": ""2 batang Serai"", ""raw_measure"": ""2 batang Serai"", ""ingredient_code"": ""ING-SERAI"", ""quantity_g"": 40.0, ""purchase_quantity_g"": 40.0, ""status"": ""estimated"", ""estimation_note"": ""asumsi TAKARKUY berat bagian termakan per unit 20 g; mengacu ukuran USDA, bukan bobot pasti produk"", ""reference_url"": ""https://fdc.nal.usda.gov/download-datasets/"", ""recipe_source_url"": ""https://cookpad.com/id/resep/3934445-ayam-goreng-telur"", ""rules_version"": ""takarkuy-estimates-2026-10-01-v2""}]",TAKARKUY adaptasi; inspirasi Kaggle/Cookpad; estimasi takaran/porsi
RIN-E2C76F7B418D,RCP-KAGGLE-3934445,ING-GARAM,6.08,g,false,estimated,"[{""recipe_code"": ""RCP-KAGGLE-3934445"", ""ingredient_position"": ""6"", ""raw_ingredient"": ""1 sendok teh Garam"", ""raw_measure"": ""1 sendok teh Garam"", ""ingredient_code"": ""ING-GARAM"", ""quantity_g"": 6.083, ""purchase_quantity_g"": 6.083, ""status"": ""estimated"", ""estimation_note"": ""perkiraan sendok teh; massa khusus bahan, cup ≈ 240 ml"", ""reference_url"": ""https://fdc.nal.usda.gov/download-datasets/; https://www.kingarthurbaking.com/learn/ingredient-weight-chart"", ""recipe_source_url"": ""https://cookpad.com/id/resep/3934445-ayam-goreng-telur"", ""rules_version"": ""takarkuy-estimates-2026-10-01-v2""}]",TAKARKUY adaptasi; inspirasi Kaggle/Cookpad; estimasi takaran/porsi
RIN-9079B3207658,RCP-KAGGLE-3934445,ING-KETUMBAR-BIJI,0.83,g,false,estimated,"[{""recipe_code"": ""RCP-KAGGLE-3934445"", ""ingredient_position"": ""7"", ""raw_ingredient"": ""1/2 sendok teh Ketumbar Bubuk"", ""raw_measure"": ""1/2 sendok teh Ketumbar Bubuk"", ""ingredient_code"": ""ING-KETUMBAR-BIJI"", ""quantity_g"": 0.833, ""purchase_quantity_g"": 0.833, ""status"": ""estimated"", ""estimation_note"": ""perkiraan sendok teh; massa khusus bahan, cup ≈ 240 ml"", ""reference_url"": ""https://fdc.nal.usda.gov/download-datasets/; https://www.kingarthurbaking.com/learn/ingredient-weight-chart"", ""recipe_source_url"": ""https://cookpad.com/id/resep/3934445-ayam-goreng-telur"", ""rules_version"": ""takarkuy-estimates-2026-10-01-v2""}]",TAKARKUY adaptasi; inspirasi Kaggle/Cookpad; estimasi takaran/porsi
RIN-858402CD534D,RCP-KAGGLE-3934445,ING-KUNYIT,10,g,false,estimated,"[{""recipe_code"": ""RCP-KAGGLE-3934445"", ""ingredient_position"": ""8"", ""raw_ingredient"": ""2 cm Kunyit"", ""raw_measure"": ""2 cm Kunyit"", ""ingredient_code"": ""ING-KUNYIT"", ""quantity_g"": 10.0, ""purchase_quantity_g"": 10.0, ""status"": ""estimated"", ""estimation_note"": ""asumsi TAKARKUY: 1 ruas ≈ 10 g, 1 cm ≈ 5 g"", ""reference_url"": """", ""recipe_source_url"": ""https://cookpad.com/id/resep/3934445-ayam-goreng-telur"", ""rules_version"": ""takarkuy-estimates-2026-10-01-v2""}]",TAKARKUY adaptasi; inspirasi Kaggle/Cookpad; estimasi takaran/porsi
RIN-F2A3186F7056,RCP-KAGGLE-3934445,ING-TELUR-AYAM-BROILER,100,g,false,estimated,"[{""recipe_code"": ""RCP-KAGGLE-3934445"", ""ingredient_position"": ""9"", ""raw_ingredient"": ""2 butir Telur Ayam"", ""raw_measure"": ""2 butir Telur Ayam"", ""ingredient_code"": ""ING-TELUR-AYAM-BROILER"", ""quantity_g"": 100.0, ""purchase_quantity_g"": 100.0, ""status"": ""estimated"", ""estimation_note"": ""asumsi TAKARKUY berat bagian termakan per unit 50 g; mengacu ukuran USDA, bukan bobot pasti produk"", ""reference_url"": ""https://fdc.nal.usda.gov/download-datasets/"", ""recipe_source_url"": ""https://cookpad.com/id/resep/3934445-ayam-goreng-telur"", ""rules_version"": ""takarkuy-estimates-2026-10-01-v2""}]",TAKARKUY adaptasi; inspirasi Kaggle/Cookpad; estimasi takaran/porsi
RIN-D38270A76AC1,RCP-TMDB-53076,ING-ROTI,50,g,false,estimated,"[{""recipe_code"": ""RCP-TMDB-53076"", ""ingredient_position"": ""1"", ""raw_ingredient"": ""Bread"", ""raw_measure"": ""2"", ""ingredient_code"": ""ING-ROTI"", ""quantity_g"": 50.0, ""purchase_quantity_g"": 50.0, ""status"": ""estimated"", ""estimation_note"": ""asumsi TAKARKUY berat bagian termakan per unit 25 g; mengacu ukuran USDA, bukan bobot pasti produk"", ""reference_url"": ""https://fdc.nal.usda.gov/download-datasets/"", ""recipe_source_url"": ""https://www.themealdb.com/meal/53076"", ""rules_version"": ""takarkuy-estimates-2026-10-01-v2""}]",TheMealDB API; estimasi takaran/porsi
RIN-DC99DF1CB0F0,RCP-TMDB-53076,ING-TELUR-AYAM-BROILER,100,g,false,estimated,"[{""recipe_code"": ""RCP-TMDB-53076"", ""ingredient_position"": ""2"", ""raw_ingredient"": ""Egg"", ""raw_measure"": ""2"", ""ingredient_code"": ""ING-TELUR-AYAM-BROILER"", ""quantity_g"": 100.0, ""purchase_quantity_g"": 100.0, ""status"": ""estimated"", ""estimation_note"": ""asumsi TAKARKUY berat bagian termakan per unit 50 g; mengacu ukuran USDA, bukan bobot pasti produk"", ""reference_url"": ""https://fdc.nal.usda.gov/download-datasets/"", ""recipe_source_url"": ""https://www.themealdb.com/meal/53076"", ""rules_version"": ""takarkuy-estimates-2026-10-01-v2""}]",TheMealDB API; estimasi takaran/porsi
RIN-76ED38457772,RCP-TMDB-53076,ING-GARAM,0.5,g,false,estimated,"[{""recipe_code"": ""RCP-TMDB-53076"", ""ingredient_position"": ""3"", ""raw_ingredient"": ""Salt"", ""raw_measure"": ""0.5"", ""ingredient_code"": ""ING-GARAM"", ""quantity_g"": 0.5, ""purchase_quantity_g"": 0.5, ""status"": ""estimated"", ""estimation_note"": ""asumsi TAKARKUY satuan hilang pada bumbu: angka diperlakukan sebagai gram"", ""reference_url"": """", ""recipe_source_url"": ""https://www.themealdb.com/meal/53076"", ""rules_version"": ""takarkuy-estimates-2026-10-01-v2""}]",TheMealDB API; estimasi takaran/porsi
RIN-C77FC0A7A1B1,RCP-TMDB-53281,ING-DAGING-SAPI,453.59,g,false,estimated,"[{""recipe_code"": ""RCP-TMDB-53281"", ""ingredient_position"": ""1"", ""raw_ingredient"": ""Ground Beef"", ""raw_measure"": ""1 lb"", ""ingredient_code"": ""ING-DAGING-SAPI"", ""quantity_g"": 453.592, ""purchase_quantity_g"": 453.592, ""status"": ""estimated"", ""estimation_note"": ""konversi massa lb → g"", ""reference_url"": ""https://www.nist.gov/pml/owm/metric-si/unit-conversion/approximate-conversions-us-customary-measures-metric"", ""recipe_source_url"": ""https://www.allrecipes.com/recipe/153790/algerian-kefta-meatballs/"", ""rules_version"": ""takarkuy-estimates-2026-10-01-v2""}]",TheMealDB API; estimasi takaran/porsi
RIN-470C04C80D55,RCP-TMDB-53281,ING-BAWANG-PUTIH,12,g,false,estimated,"[{""recipe_code"": ""RCP-TMDB-53281"", ""ingredient_position"": ""2"", ""raw_ingredient"": ""Garlic"", ""raw_measure"": ""4 Cloves Crushed"", ""ingredient_code"": ""ING-BAWANG-PUTIH"", ""quantity_g"": 12.0, ""purchase_quantity_g"": 12.0, ""status"": ""estimated"", ""estimation_note"": ""asumsi TAKARKUY berat bagian termakan per unit 3 g; mengacu ukuran USDA, bukan bobot pasti produk"", ""reference_url"": ""https://fdc.nal.usda.gov/download-datasets/"", ""recipe_source_url"": ""https://www.allrecipes.com/recipe/153790/algerian-kefta-meatballs/"", ""rules_version"": ""takarkuy-estimates-2026-10-01-v2""}]",TheMealDB API; estimasi takaran/porsi
RIN-C94A216FACC1,RCP-TMDB-53281,ING-BAWANG-BOMBAY,80,g,false,estimated,"[{""recipe_code"": ""RCP-TMDB-53281"", ""ingredient_position"": ""3"", ""raw_ingredient"": ""Onion"", ""raw_measure"": ""1/2 cup"", ""ingredient_code"": ""ING-BAWANG-BOMBAY"", ""quantity_g"": 80.0, ""purchase_quantity_g"": 80.0, ""status"": ""estimated"", ""estimation_note"": ""perkiraan cup; massa khusus bahan, cup ≈ 240 ml"", ""reference_url"": ""https://fdc.nal.usda.gov/download-datasets/; https://www.kingarthurbaking.com/learn/ingredient-weight-chart"", ""recipe_source_url"": ""https://www.allrecipes.com/recipe/153790/algerian-kefta-meatballs/"", ""rules_version"": ""takarkuy-estimates-2026-10-01-v2""}]",TheMealDB API; estimasi takaran/porsi
RIN-6C66E589C20A,RCP-TMDB-53281,ING-GARAM,3,g,false,estimated,"[{""recipe_code"": ""RCP-TMDB-53281"", ""ingredient_position"": ""4"", ""raw_ingredient"": ""Salt"", ""raw_measure"": ""To taste"", ""ingredient_code"": ""ING-GARAM"", ""quantity_g"": 3, ""purchase_quantity_g"": 3, ""status"": ""estimated"", ""estimation_note"": ""asumsi TAKARKUY untuk batch: 3 g; sumber tidak memberi angka pasti"", ""reference_url"": """", ""recipe_source_url"": ""https://www.allrecipes.com/recipe/153790/algerian-kefta-meatballs/"", ""rules_version"": ""takarkuy-estimates-2026-10-01-v2""}]",TheMealDB API; estimasi takaran/porsi
RIN-CF70EDAA9D54,RCP-TMDB-53281,ING-MERICA,1,g,false,estimated,"[{""recipe_code"": ""RCP-TMDB-53281"", ""ingredient_position"": ""5"", ""raw_ingredient"": ""Pepper"", ""raw_measure"": ""To taste"", ""ingredient_code"": ""ING-MERICA"", ""quantity_g"": 1, ""purchase_quantity_g"": 1, ""status"": ""estimated"", ""estimation_note"": ""asumsi TAKARKUY untuk batch: 1 g; sumber tidak memberi angka pasti"", ""reference_url"": """", ""recipe_source_url"": ""https://www.allrecipes.com/recipe/153790/algerian-kefta-meatballs/"", ""rules_version"": ""takarkuy-estimates-2026-10-01-v2""}]",TheMealDB API; estimasi takaran/porsi
RIN-C0BC97855BEB,RCP-TMDB-53281,ING-TOMAT,369,g,false,estimated,"[{""recipe_code"": ""RCP-TMDB-53281"", ""ingredient_position"": ""6"", ""raw_ingredient"": ""Plum Tomatoes"", ""raw_measure"": ""3"", ""ingredient_code"": ""ING-TOMAT"", ""quantity_g"": 369.0, ""purchase_quantity_g"": 369.0, ""status"": ""estimated"", ""estimation_note"": ""asumsi TAKARKUY berat bagian termakan per unit 123 g; mengacu ukuran USDA, bukan bobot pasti produk"", ""reference_url"": ""https://fdc.nal.usda.gov/download-datasets/"", ""recipe_source_url"": ""https://www.allrecipes.com/recipe/153790/algerian-kefta-meatballs/"", ""rules_version"": ""takarkuy-estimates-2026-10-01-v2""}]",TheMealDB API; estimasi takaran/porsi
RIN-D7882DAF5689,RCP-TMDB-53281,ING-PARSLEY,1.25,g,false,estimated,"[{""recipe_code"": ""RCP-TMDB-53281"", ""ingredient_position"": ""7"", ""raw_ingredient"": ""Parsley"", ""raw_measure"": ""1 tsp"", ""ingredient_code"": ""ING-PARSLEY"", ""quantity_g"": 1.25, ""purchase_quantity_g"": 1.25, ""status"": ""estimated"", ""estimation_note"": ""perkiraan tsp; massa khusus bahan, cup ≈ 240 ml"", ""reference_url"": ""https://fdc.nal.usda.gov/download-datasets/; https://www.kingarthurbaking.com/learn/ingredient-weight-chart"", ""recipe_source_url"": ""https://www.allrecipes.com/recipe/153790/algerian-kefta-meatballs/"", ""rules_version"": ""takarkuy-estimates-2026-10-01-v2""}]",TheMealDB API; estimasi takaran/porsi
RIN-DC2FE5AB7F2C,RCP-TMDB-53092,ING-BUNCIS,453.59,g,false,estimated,"[{""recipe_code"": ""RCP-TMDB-53092"", ""ingredient_position"": ""1"", ""raw_ingredient"": ""Green Beans"", ""raw_measure"": ""16 ounces"", ""ingredient_code"": ""ING-BUNCIS"", ""quantity_g"": 453.592, ""purchase_quantity_g"": 453.592, ""status"": ""estimated"", ""estimation_note"": ""konversi massa ounces → g"", ""reference_url"": ""https://www.nist.gov/pml/owm/metric-si/unit-conversion/approximate-conversions-us-customary-measures-metric"", ""recipe_source_url"": ""https://www.allrecipes.com/recipe/56161/fasoliyyeh-bi-z-zayt-syrian-green-beans-with-olive-oil/"", ""rules_version"": ""takarkuy-estimates-2026-10-01-v2""}]",TheMealDB API; estimasi takaran/porsi
RIN-6B5722154799,RCP-TMDB-53092,ING-MINYAK-ZAITUN,54,g,false,estimated,"[{""recipe_code"": ""RCP-TMDB-53092"", ""ingredient_position"": ""2"", ""raw_ingredient"": ""Olive Oil"", ""raw_measure"": ""1/4 cup"", ""ingredient_code"": ""ING-MINYAK-ZAITUN"", ""quantity_g"": 54.0, ""purchase_quantity_g"": 54.0, ""status"": ""estimated"", ""estimation_note"": ""perkiraan cup; massa khusus bahan, cup ≈ 240 ml"", ""reference_url"": ""https://fdc.nal.usda.gov/download-datasets/; https://www.kingarthurbaking.com/learn/ingredient-weight-chart"", ""recipe_source_url"": ""https://www.allrecipes.com/recipe/56161/fasoliyyeh-bi-z-zayt-syrian-green-beans-with-olive-oil/"", ""rules_version"": ""takarkuy-estimates-2026-10-01-v2""}]",TheMealDB API; estimasi takaran/porsi
RIN-055632F7F801,RCP-TMDB-53092,ING-GARAM,3,g,false,estimated,"[{""recipe_code"": ""RCP-TMDB-53092"", ""ingredient_position"": ""3"", ""raw_ingredient"": ""Salt"", ""raw_measure"": ""Dash"", ""ingredient_code"": ""ING-GARAM"", ""quantity_g"": 3, ""purchase_quantity_g"": 3, ""status"": ""estimated"", ""estimation_note"": ""asumsi TAKARKUY untuk batch: 3 g; sumber tidak memberi angka pasti"", ""reference_url"": """", ""recipe_source_url"": ""https://www.allrecipes.com/recipe/56161/fasoliyyeh-bi-z-zayt-syrian-green-beans-with-olive-oil/"", ""rules_version"": ""takarkuy-estimates-2026-10-01-v2""}]",TheMealDB API; estimasi takaran/porsi
RIN-F40040E0EF60,RCP-TMDB-53092,ING-BAWANG-PUTIH,3,g,false,estimated,"[{""recipe_code"": ""RCP-TMDB-53092"", ""ingredient_position"": ""4"", ""raw_ingredient"": ""Garlic"", ""raw_measure"": ""1 clove"", ""ingredient_code"": ""ING-BAWANG-PUTIH"", ""quantity_g"": 3.0, ""purchase_quantity_g"": 3.0, ""status"": ""estimated"", ""estimation_note"": ""asumsi TAKARKUY berat bagian termakan per unit 3 g; mengacu ukuran USDA, bukan bobot pasti produk"", ""reference_url"": ""https://fdc.nal.usda.gov/download-datasets/"", ""recipe_source_url"": ""https://www.allrecipes.com/recipe/56161/fasoliyyeh-bi-z-zayt-syrian-green-beans-with-olive-oil/"", ""rules_version"": ""takarkuy-estimates-2026-10-01-v2""}]",TheMealDB API; estimasi takaran/porsi
RIN-EE7AF15063C9,RCP-TMDB-53092,ING-DAUN-KETUMBAR,4,g,false,estimated,"[{""recipe_code"": ""RCP-TMDB-53092"", ""ingredient_position"": ""5"", ""raw_ingredient"": ""Cilantro"", ""raw_measure"": ""1/4 cup"", ""ingredient_code"": ""ING-DAUN-KETUMBAR"", ""quantity_g"": 4.0, ""purchase_quantity_g"": 4.0, ""status"": ""estimated"", ""estimation_note"": ""perkiraan cup; massa khusus bahan, cup ≈ 240 ml"", ""reference_url"": ""https://fdc.nal.usda.gov/download-datasets/; https://www.kingarthurbaking.com/learn/ingredient-weight-chart"", ""recipe_source_url"": ""https://www.allrecipes.com/recipe/56161/fasoliyyeh-bi-z-zayt-syrian-green-beans-with-olive-oil/"", ""rules_version"": ""takarkuy-estimates-2026-10-01-v2""}]",TheMealDB API; estimasi takaran/porsi
RIN-2449C35B3556,RCP-TMDB-53288,ING-PAPRIKA-HIJAU,357,g,false,estimated,"[{""recipe_code"": ""RCP-TMDB-53288"", ""ingredient_position"": ""1"", ""raw_ingredient"": ""Green Pepper"", ""raw_measure"": ""3"", ""ingredient_code"": ""ING-PAPRIKA-HIJAU"", ""quantity_g"": 357.0, ""purchase_quantity_g"": 357.0, ""status"": ""estimated"", ""estimation_note"": ""asumsi TAKARKUY berat bagian termakan per unit 119 g; mengacu ukuran USDA, bukan bobot pasti produk"", ""reference_url"": ""https://fdc.nal.usda.gov/download-datasets/"", ""recipe_source_url"": ""https://www.allrecipes.com/recipe/153802/algerian-flafla-bell-pepper-salad/"", ""rules_version"": ""takarkuy-estimates-2026-10-01-v2""}]",TheMealDB API; estimasi takaran/porsi
RIN-5EE15EBA43DE,RCP-TMDB-53288,ING-MINYAK-ZAITUN,13.5,g,false,estimated,"[{""recipe_code"": ""RCP-TMDB-53288"", ""ingredient_position"": ""2"", ""raw_ingredient"": ""Olive Oil"", ""raw_measure"": ""1 tablespoon"", ""ingredient_code"": ""ING-MINYAK-ZAITUN"", ""quantity_g"": 13.5, ""purchase_quantity_g"": 13.5, ""status"": ""estimated"", ""estimation_note"": ""perkiraan tablespoon; massa khusus bahan, cup ≈ 240 ml"", ""reference_url"": ""https://fdc.nal.usda.gov/download-datasets/; https://www.kingarthurbaking.com/learn/ingredient-weight-chart"", ""recipe_source_url"": ""https://www.allrecipes.com/recipe/153802/algerian-flafla-bell-pepper-salad/"", ""rules_version"": ""takarkuy-estimates-2026-10-01-v2""}]",TheMealDB API; estimasi takaran/porsi
RIN-CAEEE10AA584,RCP-TMDB-53288,ING-BAWANG-BOMBAY,10,g,false,estimated,"[{""recipe_code"": ""RCP-TMDB-53288"", ""ingredient_position"": ""3"", ""raw_ingredient"": ""Red Onions"", ""raw_measure"": ""1 tablespoon chopped"", ""ingredient_code"": ""ING-BAWANG-BOMBAY"", ""quantity_g"": 10.0, ""purchase_quantity_g"": 10.0, ""status"": ""estimated"", ""estimation_note"": ""perkiraan tablespoon; massa khusus bahan, cup ≈ 240 ml"", ""reference_url"": ""https://fdc.nal.usda.gov/download-datasets/; https://www.kingarthurbaking.com/learn/ingredient-weight-chart"", ""recipe_source_url"": ""https://www.allrecipes.com/recipe/153802/algerian-flafla-bell-pepper-salad/"", ""rules_version"": ""takarkuy-estimates-2026-10-01-v2""}]",TheMealDB API; estimasi takaran/porsi
RIN-7C63B4FEE7EB,RCP-TMDB-53288,ING-BAWANG-PUTIH,3,g,false,estimated,"[{""recipe_code"": ""RCP-TMDB-53288"", ""ingredient_position"": ""4"", ""raw_ingredient"": ""Garlic"", ""raw_measure"": ""1 clove peeled crushed"", ""ingredient_code"": ""ING-BAWANG-PUTIH"", ""quantity_g"": 3.0, ""purchase_quantity_g"": 3.0, ""status"": ""estimated"", ""estimation_note"": ""asumsi TAKARKUY berat bagian termakan per unit 3 g; mengacu ukuran USDA, bukan bobot pasti produk"", ""reference_url"": ""https://fdc.nal.usda.gov/download-datasets/"", ""recipe_source_url"": ""https://www.allrecipes.com/recipe/153802/algerian-flafla-bell-pepper-salad/"", ""rules_version"": ""takarkuy-estimates-2026-10-01-v2""}]",TheMealDB API; estimasi takaran/porsi
RIN-46C7427E72C5,RCP-TMDB-53288,ING-GARAM,3,g,false,estimated,"[{""recipe_code"": ""RCP-TMDB-53288"", ""ingredient_position"": ""5"", ""raw_ingredient"": ""Salt"", ""raw_measure"": ""To taste"", ""ingredient_code"": ""ING-GARAM"", ""quantity_g"": 3, ""purchase_quantity_g"": 3, ""status"": ""estimated"", ""estimation_note"": ""asumsi TAKARKUY untuk batch: 3 g; sumber tidak memberi angka pasti"", ""reference_url"": """", ""recipe_source_url"": ""https://www.allrecipes.com/recipe/153802/algerian-flafla-bell-pepper-salad/"", ""rules_version"": ""takarkuy-estimates-2026-10-01-v2""}]",TheMealDB API; estimasi takaran/porsi
RIN-E1EB2A9BB070,RCP-TMDB-53288,ING-MERICA,1,g,false,estimated,"[{""recipe_code"": ""RCP-TMDB-53288"", ""ingredient_position"": ""6"", ""raw_ingredient"": ""Pepper"", ""raw_measure"": ""To taste"", ""ingredient_code"": ""ING-MERICA"", ""quantity_g"": 1, ""purchase_quantity_g"": 1, ""status"": ""estimated"", ""estimation_note"": ""asumsi TAKARKUY untuk batch: 1 g; sumber tidak memberi angka pasti"", ""reference_url"": """", ""recipe_source_url"": ""https://www.allrecipes.com/recipe/153802/algerian-flafla-bell-pepper-salad/"", ""rules_version"": ""takarkuy-estimates-2026-10-01-v2""}]",TheMealDB API; estimasi takaran/porsi
RIN-43E748565958,RCP-TMDB-53288,ING-TOMAT,123,g,false,estimated,"[{""recipe_code"": ""RCP-TMDB-53288"", ""ingredient_position"": ""7"", ""raw_ingredient"": ""Plum Tomatoes"", ""raw_measure"": ""1 Diced"", ""ingredient_code"": ""ING-TOMAT"", ""quantity_g"": 123.0, ""purchase_quantity_g"": 123.0, ""status"": ""estimated"", ""estimation_note"": ""asumsi TAKARKUY berat bagian termakan per unit 123 g; mengacu ukuran USDA, bukan bobot pasti produk"", ""reference_url"": ""https://fdc.nal.usda.gov/download-datasets/"", ""recipe_source_url"": ""https://www.allrecipes.com/recipe/153802/algerian-flafla-bell-pepper-salad/"", ""rules_version"": ""takarkuy-estimates-2026-10-01-v2""}]",TheMealDB API; estimasi takaran/porsi
