recipe_code,name,base_servings,meal_type,instructions,is_plannable,missing_data_reason,source,source_url,raw_ingredients,is_active
RCP-MVP-001,Nasi telur tomat,2,sarapan,"Masak nasi; tumis bawang dan tomat, lalu orak-arik telur.",true,,TAKARKUY kurasi MVP; inspirasi Kaggle,https://www.kaggle.com/datasets/canggih/indonesian-food-recipes,,true
RCP-MVP-002,Nasi ayam bawang,2,makan_siang,Masak nasi; tumis bawang dan ayam hingga matang.,true,,TAKARKUY kurasi MVP; inspirasi Kaggle,https://www.kaggle.com/datasets/canggih/indonesian-food-recipes,,true
RCP-MVP-003,Nasi tempe cabai,2,makan_siang,"Masak nasi; tumis tempe, bawang, dan cabai hingga matang.",true,,TAKARKUY kurasi MVP; inspirasi Kaggle,https://www.kaggle.com/datasets/canggih/indonesian-food-recipes,,true
RCP-MVP-004,Nasi tahu buncis,2,makan_siang,Masak nasi; tumis tahu dan buncis bersama bawang putih.,true,,TAKARKUY kurasi MVP; inspirasi Kaggle,https://www.kaggle.com/datasets/canggih/indonesian-food-recipes,,true
RCP-MVP-005,Nasi udang tomat,2,makan_malam,Masak nasi; tumis udang dan tomat hingga udang matang.,true,,TAKARKUY kurasi MVP; inspirasi Kaggle,https://www.kaggle.com/datasets/canggih/indonesian-food-recipes,,true
RCP-MVP-006,Nasi kembung cabai,2,makan_siang,Masak nasi; masak ikan kembung dan cabai sampai matang.,true,,TAKARKUY kurasi MVP; inspirasi Kaggle,https://www.kaggle.com/datasets/canggih/indonesian-food-recipes,,true
RCP-MVP-007,Nasi bandeng tomat,2,makan_siang,Masak nasi; masak bandeng bersama tomat dan bawang sampai matang.,true,,TAKARKUY kurasi MVP; inspirasi Kaggle,https://www.kaggle.com/datasets/canggih/indonesian-food-recipes,,true
RCP-MVP-008,Nasi sapi cabai,2,makan_malam,"Masak nasi; tumis daging sapi, cabai, dan bawang sampai matang.",true,,TAKARKUY kurasi MVP; inspirasi Kaggle,https://www.kaggle.com/datasets/canggih/indonesian-food-recipes,,true
RCP-MVP-009,Tumis kangkung tempe,2,makan_malam,"Tumis bawang, tempe, dan kangkung sampai matang.",true,,TAKARKUY kurasi MVP; inspirasi Kaggle,https://www.kaggle.com/datasets/canggih/indonesian-food-recipes,,true
RCP-MVP-010,Tumis bayam tahu,2,makan_malam,"Tumis bawang putih, tahu, dan bayam sampai matang.",true,,TAKARKUY kurasi MVP; inspirasi Kaggle,https://www.kaggle.com/datasets/canggih/indonesian-food-recipes,,true
RCP-MVP-011,Sup ayam wortel kentang,2,makan_siang,Rebus ayam dan sayuran hingga matang; sajikan hangat.,true,,TAKARKUY kurasi MVP; inspirasi Kaggle,https://www.kaggle.com/datasets/canggih/indonesian-food-recipes,,true
RCP-MVP-012,Sup udang jagung,2,makan_malam,"Rebus jagung, tomat, dan udang hingga matang.",true,,TAKARKUY kurasi MVP; inspirasi Kaggle,https://www.kaggle.com/datasets/canggih/indonesian-food-recipes,,true
RCP-MVP-013,Orak-arik telur buncis,2,sarapan,"Tumis bawang dan buncis, lalu masukkan telur dan masak hingga matang.",true,,TAKARKUY kurasi MVP; inspirasi Kaggle,https://www.kaggle.com/datasets/canggih/indonesian-food-recipes,,true
RCP-MVP-014,Dadar telur pakcoy,2,sarapan,Campur telur dan pakcoy cincang; masak sampai matang.,true,,TAKARKUY kurasi MVP; inspirasi Kaggle,https://www.kaggle.com/datasets/canggih/indonesian-food-recipes,,true
RCP-MVP-015,Singkong ayam cabai,2,makan_siang,Kukus singkong; tumis ayam dan cabai hingga matang.,true,,TAKARKUY kurasi MVP; inspirasi Kaggle,https://www.kaggle.com/datasets/canggih/indonesian-food-recipes,,true
RCP-MVP-016,Ubi panggang telur,2,sarapan,Panggang ubi hingga empuk; sajikan bersama telur matang.,true,,TAKARKUY kurasi MVP; inspirasi Kaggle,https://www.kaggle.com/datasets/canggih/indonesian-food-recipes,,true
RCP-MVP-017,Kentang tempe tumis,2,makan_malam,Masak kentang hingga empuk; tumis bersama tempe dan bawang.,true,,TAKARKUY kurasi MVP; inspirasi Kaggle,https://www.kaggle.com/datasets/canggih/indonesian-food-recipes,,true
RCP-MVP-018,Sawi putih tahu tumis,2,makan_malam,"Tumis bawang, tahu, dan sawi putih sampai matang.",true,,TAKARKUY kurasi MVP; inspirasi Kaggle,https://www.kaggle.com/datasets/canggih/indonesian-food-recipes,,true
RCP-MVP-019,Kubis ayam wortel,2,makan_siang,"Tumis ayam hingga matang, lalu masukkan kubis dan wortel.",true,,TAKARKUY kurasi MVP; inspirasi Kaggle,https://www.kaggle.com/datasets/canggih/indonesian-food-recipes,,true
RCP-MVP-020,Tahu tempe cabai,2,makan_malam,"Tumis tahu, tempe, cabai, dan bawang hingga matang.",true,,TAKARKUY kurasi MVP; inspirasi Kaggle,https://www.kaggle.com/datasets/canggih/indonesian-food-recipes,,true
RCP-MVP-021,Pisang segar,2,sarapan,Sajikan pisang matang sebagai sarapan ringan.,true,,TAKARKUY kurasi internal,https://badanpangan.go.id/tabel-komposisi-pangan-segar-indonesia,,true
RCP-MVP-022,Pisang dan jeruk,2,sarapan,"Kupas pisang dan jeruk, lalu sajikan sebagai sarapan ringan.",false,Menu buah campuran dinonaktifkan sampai satuan pembelian buah utuh dimodelkan,TAKARKUY kurasi internal,https://badanpangan.go.id/tabel-komposisi-pangan-segar-indonesia,,false
RCP-MVP-023,Melon dan pisang,2,sarapan,Potong melon dan sajikan bersama pisang matang.,false,Menu buah campuran dinonaktifkan sampai satuan pembelian buah utuh dimodelkan,TAKARKUY kurasi internal,https://badanpangan.go.id/tabel-komposisi-pangan-segar-indonesia,,false
RCP-MVP-024,Jeruk dan melon,2,sarapan,Kupas jeruk dan potong melon untuk sarapan ringan.,false,Menu buah campuran dinonaktifkan sampai satuan pembelian buah utuh dimodelkan,TAKARKUY kurasi internal,https://badanpangan.go.id/tabel-komposisi-pangan-segar-indonesia,,false
RCP-MVP-025,"Pisang, jeruk, dan melon",2,sarapan,"Potong dan sajikan pisang, jeruk, serta melon sebagai salad buah sederhana.",false,Menu buah campuran dinonaktifkan sampai satuan pembelian buah utuh dimodelkan,TAKARKUY kurasi internal,https://badanpangan.go.id/tabel-komposisi-pangan-segar-indonesia,,false
RCP-MVP-026,Bubur Nasi Telur,2,sarapan,"Masak beras dengan air sampai menjadi bubur; tambahkan telur dan bawang tumis, lalu masak hingga telur matang.",true,,TAKARKUY kurasi internal,https://badanpangan.go.id/tabel-komposisi-pangan-segar-indonesia,,true
RCP-MVP-027,Nasi Goreng Sayur Telur,2,sarapan,"Tumis bawang, wortel, dan kubis; masukkan nasi dan telur, lalu masak sampai telur matang.",true,,TAKARKUY kurasi internal,https://badanpangan.go.id/tabel-komposisi-pangan-segar-indonesia,,true
RCP-MVP-028,Kentang Tumis Telur,2,sarapan,Rebus kentang sampai empuk; tumis bersama bawang dan telur hingga matang.,true,,TAKARKUY kurasi internal,https://badanpangan.go.id/tabel-komposisi-pangan-segar-indonesia,,true
RCP-MVP-029,Jagung Orak-arik Telur,2,sarapan,"Rebus jagung sampai empuk; tumis bawang dan jagung, lalu masukkan telur dan masak hingga matang.",true,,TAKARKUY kurasi internal,https://badanpangan.go.id/tabel-komposisi-pangan-segar-indonesia,,true
RCP-MVP-030,Nasi Tempe Telur,2,sarapan,"Masak nasi; tumis tempe dan bawang, lalu sajikan dengan telur matang.",true,,TAKARKUY kurasi internal,https://badanpangan.go.id/tabel-komposisi-pangan-segar-indonesia,,true
RCP-MVP-031,Ubi Tumis Tempe,2,sarapan,"Kukus ubi sampai empuk; tumis tempe dan bawang, lalu sajikan bersama ubi.",true,,TAKARKUY kurasi internal,https://badanpangan.go.id/tabel-komposisi-pangan-segar-indonesia,,true
RCP-MVP-032,Singkong Telur Bawang,2,sarapan,Kukus singkong sampai empuk; sajikan dengan telur matang dan bawang tumis.,true,,TAKARKUY kurasi internal,https://badanpangan.go.id/tabel-komposisi-pangan-segar-indonesia,,true
RCP-MVP-033,Nasi Telur Pakcoy,2,sarapan,"Masak nasi; tumis pakcoy dan bawang putih, lalu masak bersama telur sampai matang.",true,,TAKARKUY kurasi internal,https://badanpangan.go.id/tabel-komposisi-pangan-segar-indonesia,,true
RCP-MVP-034,Nasi Ayam Jagung,2,makan_siang,"Masak nasi; tumis ayam, jagung, wortel, dan bawang sampai ayam matang.",true,,TAKARKUY kurasi internal,https://badanpangan.go.id/tabel-komposisi-pangan-segar-indonesia,,true
RCP-MVP-035,Nasi Tempe Buncis,2,makan_siang,Masak nasi; tumis tempe dan buncis bersama bawang sampai matang.,true,,TAKARKUY kurasi internal,https://badanpangan.go.id/tabel-komposisi-pangan-segar-indonesia,,true
RCP-MVP-036,Nasi Telur Kubis,2,makan_siang,"Masak nasi; tumis kubis dan wortel, lalu tambahkan telur dan masak sampai matang.",true,,TAKARKUY kurasi internal,https://badanpangan.go.id/tabel-komposisi-pangan-segar-indonesia,,true
RCP-MVP-037,Nasi Tahu Kangkung,2,makan_siang,Masak nasi; tumis tahu dan kangkung dengan bawang putih sampai matang.,true,,TAKARKUY kurasi internal,https://badanpangan.go.id/tabel-komposisi-pangan-segar-indonesia,,true
RCP-MVP-038,Nasi Sapi Kentang,2,makan_siang,Masak nasi; masak daging sapi dan kentang bersama bawang hingga empuk dan matang.,true,,TAKARKUY kurasi internal,https://badanpangan.go.id/tabel-komposisi-pangan-segar-indonesia,,true
RCP-MVP-039,Nasi Kembung Kangkung,2,makan_siang,Masak nasi; masak ikan kembung sampai matang dan tumis kangkung dengan bawang.,true,,TAKARKUY kurasi internal,https://badanpangan.go.id/tabel-komposisi-pangan-segar-indonesia,,true
RCP-MVP-040,Nasi Ayam Kubis Wortel,2,makan_siang,"Masak nasi; tumis ayam hingga matang, tambahkan kubis dan wortel, lalu masak hingga sayur layu.",true,,TAKARKUY kurasi internal,https://badanpangan.go.id/tabel-komposisi-pangan-segar-indonesia,,true
RCP-MVP-041,Sup Tahu Kentang Wortel,2,makan_malam,"Rebus kentang dan wortel hingga hampir empuk; masukkan tahu dan bawang, lalu masak sampai matang.",true,,TAKARKUY kurasi internal,https://badanpangan.go.id/tabel-komposisi-pangan-segar-indonesia,,true
RCP-MVP-042,Nasi Ayam Pakcoy,2,makan_malam,"Masak nasi; tumis ayam hingga matang, lalu masukkan pakcoy dan bawang putih.",true,,TAKARKUY kurasi internal,https://badanpangan.go.id/tabel-komposisi-pangan-segar-indonesia,,true
RCP-MVP-043,Nasi Tempe Bayam,2,makan_malam,"Masak nasi; tumis tempe dan bawang, lalu masukkan bayam dan masak hingga layu.",true,,TAKARKUY kurasi internal,https://badanpangan.go.id/tabel-komposisi-pangan-segar-indonesia,,true
RCP-MVP-044,Nasi Telur Bayam Tomat,2,makan_malam,"Masak nasi; tumis tomat dan bayam, tambahkan telur, lalu masak hingga telur matang.",true,,TAKARKUY kurasi internal,https://badanpangan.go.id/tabel-komposisi-pangan-segar-indonesia,,true
RCP-MVP-045,Nasi Kembung Kubis,2,makan_malam,"Masak nasi; masak ikan kembung sampai matang, lalu tumis kubis dan bawang.",true,,TAKARKUY kurasi internal,https://badanpangan.go.id/tabel-komposisi-pangan-segar-indonesia,,true
RCP-MVP-046,Nasi Tahu Tempe Kentang,2,makan_malam,"Masak nasi; masak tahu, tempe, dan kentang dengan bawang sampai matang.",true,,TAKARKUY kurasi internal,https://badanpangan.go.id/tabel-komposisi-pangan-segar-indonesia,,true
RCP-MVP-047,Bubur Kacang Hijau Gula Merah,2,sarapan,"Rendam kacang hijau, lalu rebus dengan air sampai empuk. Tambahkan gula merah secukupnya; resep ini memakai takaran 20 g untuk dua porsi.",true,,TAKARKUY kurasi internal; takaran bumbu ditetapkan untuk MVP,https://badanpangan.go.id/tabel-komposisi-pangan-segar-indonesia,,true
RCP-MVP-048,Pancake Pisang Telur,2,sarapan,Haluskan pisang dan campur dengan telur serta tepung. Masak adonan kecil di wajan beroles minyak sampai kedua sisi matang.,true,,TAKARKUY kurasi internal,https://badanpangan.go.id/tabel-komposisi-pangan-segar-indonesia,,true
RCP-MVP-049,Nasi Jagung Telur Bayam,2,sarapan,Masak nasi dan jagung; tumis bayam sebentar lalu sajikan dengan telur mata sapi.,true,,TAKARKUY kurasi internal,https://badanpangan.go.id/tabel-komposisi-pangan-segar-indonesia,,true
RCP-MVP-050,Kentang Dadar Telur Kubis,2,sarapan,"Rebus kentang sampai empuk, potong kecil, lalu campur dengan telur dan kubis. Masak menjadi dadar hingga matang.",true,,TAKARKUY kurasi internal,https://badanpangan.go.id/tabel-komposisi-pangan-segar-indonesia,,true
RCP-MVP-051,Bubur Nasi Ayam Wortel,2,sarapan,Masak beras dengan air lebih banyak sampai menjadi bubur. Masukkan ayam dan wortel cincang; masak hingga ayam matang.,true,,TAKARKUY kurasi internal,https://badanpangan.go.id/tabel-komposisi-pangan-segar-indonesia,,true
RCP-MVP-052,Bubur Kacang Hijau Pisang,2,sarapan,"Rebus kacang hijau sampai empuk. Tambahkan pisang iris dan gula merah, lalu masak sebentar sampai pisang hangat.",true,,TAKARKUY kurasi internal; takaran bumbu ditetapkan untuk MVP,https://badanpangan.go.id/tabel-komposisi-pangan-segar-indonesia,,true
RCP-MVP-053,Ubi Kukus Tempe Tumis,2,sarapan,"Kukus ubi sampai empuk. Tumis tempe dan bawang dengan sedikit minyak hingga matang, lalu sajikan bersama ubi.",true,,TAKARKUY kurasi internal,https://badanpangan.go.id/tabel-komposisi-pangan-segar-indonesia,,true
RCP-MVP-054,Nasi Goreng Telur Pakcoy,2,sarapan,"Tumis bawang dan pakcoy, masukkan nasi serta telur kocok, lalu aduk sampai telur matang.",true,,TAKARKUY kurasi internal,https://badanpangan.go.id/tabel-komposisi-pangan-segar-indonesia,,true
RCP-MVP-055,Singkong Telur Tomat,2,sarapan,"Kukus singkong sampai empuk. Masak telur orak-arik dengan tomat dan bawang, lalu sajikan bersama singkong.",true,,TAKARKUY kurasi internal,https://badanpangan.go.id/tabel-komposisi-pangan-segar-indonesia,,true
RCP-MVP-056,Pisang Panggang Telur,2,sarapan,Potong pisang memanjang dan panggang di wajan beroles tipis minyak. Sajikan dengan telur matang.,true,,TAKARKUY kurasi internal,https://badanpangan.go.id/tabel-komposisi-pangan-segar-indonesia,,true
RCP-MVP-057,Tumis Tahu Telur Buncis,2,sarapan,"Tumis buncis dan tahu sampai matang, tuangkan telur kocok, lalu aduk hingga telur set.",true,,TAKARKUY kurasi internal,https://badanpangan.go.id/tabel-komposisi-pangan-segar-indonesia,,true
RCP-MVP-058,Bubur Ubi Kacang Hijau,2,sarapan,Rebus kacang hijau sampai mulai empuk. Tambahkan ubi potong dan lanjutkan memasak hingga lunak; beri gula merah sesuai takaran.,true,,TAKARKUY kurasi internal; takaran bumbu ditetapkan untuk MVP,https://badanpangan.go.id/tabel-komposisi-pangan-segar-indonesia,,true
RCP-MVP-059,Nasi Ayam Tomat Buncis,2,makan_siang,"Masak nasi. Tumis ayam sampai matang, tambahkan tomat dan buncis, lalu masak sampai sayuran empuk.",true,,TAKARKUY kurasi internal,https://badanpangan.go.id/tabel-komposisi-pangan-segar-indonesia,,true
RCP-MVP-060,Nasi Udang Kubis Wortel,2,makan_siang,"Masak nasi. Tumis udang sampai berubah warna, masukkan kubis dan wortel, lalu masak hingga matang.",true,,TAKARKUY kurasi internal,https://badanpangan.go.id/tabel-komposisi-pangan-segar-indonesia,,true
RCP-MVP-061,Nasi Telur Dadar Bayam,2,makan_siang,"Masak nasi. Campur bayam cincang dengan telur, lalu masak menjadi dadar matang.",true,,TAKARKUY kurasi internal,https://badanpangan.go.id/tabel-komposisi-pangan-segar-indonesia,,true
RCP-MVP-062,Nasi Ikan Bandeng Tomat,2,makan_siang,"Masak nasi. Masak ikan bandeng hingga matang, tumis tomat dan bawang sebagai pendamping.",true,,TAKARKUY kurasi internal,https://badanpangan.go.id/tabel-komposisi-pangan-segar-indonesia,,true
RCP-MVP-063,Nasi Sapi Kubis,2,makan_siang,"Masak nasi. Tumis daging sapi hingga matang, masukkan kubis dan bawang, lalu masak sampai layu.",true,,TAKARKUY kurasi internal,https://badanpangan.go.id/tabel-komposisi-pangan-segar-indonesia,,true
RCP-MVP-064,Nasi Kembung Buncis,2,makan_siang,Masak nasi. Masak ikan kembung hingga matang; tumis buncis dan bawang sebagai sayur pendamping.,true,,TAKARKUY kurasi internal,https://badanpangan.go.id/tabel-komposisi-pangan-segar-indonesia,,true
RCP-MVP-065,Nasi Tempe Wortel Pakcoy,2,makan_siang,"Masak nasi. Tumis tempe sampai kecokelatan, masukkan wortel dan pakcoy, lalu masak hingga matang.",true,,TAKARKUY kurasi internal,https://badanpangan.go.id/tabel-komposisi-pangan-segar-indonesia,,true
RCP-MVP-066,Nasi Tahu Tomat Kubis,2,makan_siang,"Masak nasi. Tumis tahu hingga hangat, tambahkan tomat dan kubis, lalu masak sampai sayur layu.",true,,TAKARKUY kurasi internal,https://badanpangan.go.id/tabel-komposisi-pangan-segar-indonesia,,true
RCP-MVP-067,Nasi Ayam Kentang Bayam,2,makan_siang,Masak nasi. Rebus ayam dan kentang dengan air sampai matang; masukkan bayam menjelang selesai.,true,,TAKARKUY kurasi internal,https://badanpangan.go.id/tabel-komposisi-pangan-segar-indonesia,,true
RCP-MVP-068,Nasi Telur Tempe Kangkung,2,makan_siang,"Masak nasi. Tumis tempe dan kangkung, lalu sajikan dengan telur ceplok matang.",true,,TAKARKUY kurasi internal,https://badanpangan.go.id/tabel-komposisi-pangan-segar-indonesia,,true
RCP-MVP-069,Nasi Udang Jagung Bayam,2,makan_siang,"Masak nasi. Tumis udang dan jagung hingga matang, masukkan bayam sebentar sebelum disajikan.",true,,TAKARKUY kurasi internal,https://badanpangan.go.id/tabel-komposisi-pangan-segar-indonesia,,true
RCP-MVP-070,Nasi Ikan Dori Tomat,2,makan_siang,Masak nasi. Masak ikan dori sampai matang dan sajikan dengan tumis tomat serta bawang.,false,ING-IKAN-DORI,TAKARKUY kurasi internal,https://badanpangan.go.id/tabel-komposisi-pangan-segar-indonesia,,true
RCP-MVP-071,Nasi Ayam Pakcoy Wortel,2,makan_siang,"Masak nasi. Tumis ayam hingga matang, tambahkan wortel dan pakcoy, lalu masak sampai sayur lunak.",true,,TAKARKUY kurasi internal,https://badanpangan.go.id/tabel-komposisi-pangan-segar-indonesia,,true
RCP-MVP-072,Nasi Telur Kentang Kubis,2,makan_siang,"Masak nasi. Tumis kentang sampai empuk, tambahkan kubis dan telur, lalu masak hingga telur matang.",true,,TAKARKUY kurasi internal,https://badanpangan.go.id/tabel-komposisi-pangan-segar-indonesia,,true
RCP-MVP-073,Nasi Bandeng Buncis Tomat,2,makan_siang,Masak nasi. Panggang atau goreng bandeng dengan sedikit minyak; tumis buncis dan tomat sampai matang.,true,,TAKARKUY kurasi internal,https://badanpangan.go.id/tabel-komposisi-pangan-segar-indonesia,,true
RCP-MVP-074,Sup Ayam Kubis Kentang,2,makan_malam,"Rebus ayam dan kentang sampai hampir empuk. Masukkan kubis dan wortel, lalu rebus sampai semua bahan matang.",true,,TAKARKUY kurasi internal,https://badanpangan.go.id/tabel-komposisi-pangan-segar-indonesia,,true
RCP-MVP-075,Nasi Goreng Tempe Kubis,2,makan_malam,"Tumis bawang dan tempe, masukkan nasi serta kubis, lalu aduk sampai panas merata.",true,,TAKARKUY kurasi internal,https://badanpangan.go.id/tabel-komposisi-pangan-segar-indonesia,,true
RCP-MVP-076,Tumis Udang Pakcoy Wortel,2,makan_malam,"Tumis udang hingga matang. Masukkan pakcoy dan wortel, lalu masak sebentar sampai sayuran matang.",true,,TAKARKUY kurasi internal,https://badanpangan.go.id/tabel-komposisi-pangan-segar-indonesia,,true
RCP-MVP-077,Nasi Sapi Tomat Buncis,2,makan_malam,"Masak nasi. Tumis daging sapi sampai matang, tambahkan tomat dan buncis, lalu masak sampai lunak.",true,,TAKARKUY kurasi internal,https://badanpangan.go.id/tabel-komposisi-pangan-segar-indonesia,,true
RCP-MVP-078,Tumis Ikan Kembung Kubis,2,makan_malam,"Masak ikan kembung sampai matang. Tumis kubis dan tomat, lalu sajikan bersama ikan.",true,,TAKARKUY kurasi internal,https://badanpangan.go.id/tabel-komposisi-pangan-segar-indonesia,,true
RCP-MVP-079,Sup Tahu Buncis Wortel,2,makan_malam,"Rebus wortel dan buncis sampai hampir empuk. Masukkan tahu dan bawang, lalu lanjutkan memasak hingga matang.",true,,TAKARKUY kurasi internal,https://badanpangan.go.id/tabel-komposisi-pangan-segar-indonesia,,true
RCP-MVP-080,Nasi Ayam Ubi Tumis Bayam,2,makan_malam,Masak nasi. Panggang atau tumis ayam sampai matang; kukus ubi dan tumis bayam sebentar sebagai pendamping.,true,,TAKARKUY kurasi internal,https://badanpangan.go.id/tabel-komposisi-pangan-segar-indonesia,,true
RCP-MVP-081,Nasi Telur Orak-arik Pakcoy,2,makan_malam,"Masak nasi. Tumis pakcoy dengan bawang, masukkan telur kocok, dan masak hingga matang.",true,,TAKARKUY kurasi internal,https://badanpangan.go.id/tabel-komposisi-pangan-segar-indonesia,,true
RCP-MVP-082,Nasi Udang Tomat Kangkung,2,makan_malam,"Masak nasi. Tumis udang dan tomat sampai matang, lalu masukkan kangkung hingga layu.",true,,TAKARKUY kurasi internal,https://badanpangan.go.id/tabel-komposisi-pangan-segar-indonesia,,true
RCP-MVP-083,Kentang Tempe Bayam Kukus,2,makan_malam,"Kukus kentang sampai empuk. Tumis tempe dan bayam dengan bawang sampai matang, lalu sajikan bersama kentang.",true,,TAKARKUY kurasi internal,https://badanpangan.go.id/tabel-komposisi-pangan-segar-indonesia,,true
RCP-MVP-084,Nasi Ikan Dori Kubis Wortel,2,makan_malam,Masak nasi. Masak ikan dori sampai matang; tumis kubis dan wortel sebagai sayur pendamping.,false,ING-IKAN-DORI,TAKARKUY kurasi internal,https://badanpangan.go.id/tabel-komposisi-pangan-segar-indonesia,,true
RCP-MVP-085,Tumis Ayam Sawi Putih Kentang,2,makan_malam,"Masak kentang hingga empuk. Tumis ayam sampai matang, masukkan sawi putih, lalu sajikan bersama kentang.",true,,TAKARKUY kurasi internal,https://badanpangan.go.id/tabel-komposisi-pangan-segar-indonesia,,true
RCP-MVP-086,Nasi Tempe Jagung Tomat,2,makan_malam,"Masak nasi. Tumis tempe dan jagung sampai matang, tambahkan tomat dan masak hingga layu.",true,,TAKARKUY kurasi internal,https://badanpangan.go.id/tabel-komposisi-pangan-segar-indonesia,,true
RCP-MVP-087,Sup Udang Kentang Kubis,2,makan_malam,"Rebus kentang sampai hampir empuk. Masukkan udang, kubis, dan tomat; masak sampai udang matang.",true,,TAKARKUY kurasi internal,https://badanpangan.go.id/tabel-komposisi-pangan-segar-indonesia,,true
RCP-KAGGLE-4473027,Ayam Woku Manado,,,,false,"base_servings, kuantitas, satuan, harga, dan tag belum dikurasi",Kaggle Indonesian Food Recipes,https://cookpad.com/id/resep/4473027-ayam-woku-manado,,true
RCP-KAGGLE-4471956,Ayam goreng tulang lunak,,,,false,"base_servings, kuantitas, satuan, harga, dan tag belum dikurasi",Kaggle Indonesian Food Recipes,https://cookpad.com/id/resep/4471956-ayam-goreng-tulang-lunak,,true
RCP-KAGGLE-4473057,Ayam cabai kawin,,,,false,"base_servings, kuantitas, satuan, harga, dan tag belum dikurasi",Kaggle Indonesian Food Recipes,https://cookpad.com/id/resep/4473057-ayam-cabai-kawin,,true
RCP-KAGGLE-4473023,Ayam Geprek,,,,false,"base_servings, kuantitas, satuan, harga, dan tag belum dikurasi",Kaggle Indonesian Food Recipes,https://cookpad.com/id/resep/4473023-ayam-geprek,,true
RCP-KAGGLE-4427438,Minyak Ayam,,,,false,"base_servings, kuantitas, satuan, harga, dan tag belum dikurasi",Kaggle Indonesian Food Recipes,https://cookpad.com/id/resep/4427438-minyak-ayam,,true
RCP-KAGGLE-4472552,Nasi Bakar Ayam,,,,false,"base_servings, kuantitas, satuan, harga, dan tag belum dikurasi",Kaggle Indonesian Food Recipes,https://cookpad.com/id/resep/4472552-nasi-bakar-ayam,,true
RCP-KAGGLE-4437475,Ayam Saus Hintalu Jaruk,,,,false,"base_servings, kuantitas, satuan, harga, dan tag belum dikurasi",Kaggle Indonesian Food Recipes,https://cookpad.com/id/resep/4437475-ayam-saus-hintalu-jaruk,,true
RCP-KAGGLE-4472877,Ayam saos teriyaki Lada Hitam,,,,false,"base_servings, kuantitas, satuan, harga, dan tag belum dikurasi",Kaggle Indonesian Food Recipes,https://cookpad.com/id/resep/4472877-ayam-saos-teriyaki-lada-hitam,,true
RCP-KAGGLE-4472822,Steak ayam,,,,false,"base_servings, kuantitas, satuan, harga, dan tag belum dikurasi",Kaggle Indonesian Food Recipes,https://cookpad.com/id/resep/4472822-steak-ayam,,true
RCP-KAGGLE-4472901,Ayam Saos Asam Manis Simple,,,,false,"base_servings, kuantitas, satuan, harga, dan tag belum dikurasi",Kaggle Indonesian Food Recipes,https://cookpad.com/id/resep/4472901-ayam-saos-asam-manis-simple,,true
RCP-KAGGLE-4472541,Mie Ayam Homemade by suami😂😂😂,,,,false,"base_servings, kuantitas, satuan, harga, dan tag belum dikurasi",Kaggle Indonesian Food Recipes,https://cookpad.com/id/resep/4472541-mie-ayam-homemade-by-suami%F0%9F%98%82%F0%9F%98%82%F0%9F%98%82,,true
RCP-KAGGLE-4472362,Ayam Bakar Pedas Manis Resep :Nila Sari,,,,false,"base_servings, kuantitas, satuan, harga, dan tag belum dikurasi",Kaggle Indonesian Food Recipes,https://cookpad.com/id/resep/4472362-ayam-bakar-pedas-manis-resep-nila-sari,,true
RCP-KAGGLE-4472563,Semur Ayam Kentang Ala Mama Kirana,,,,false,"base_servings, kuantitas, satuan, harga, dan tag belum dikurasi",Kaggle Indonesian Food Recipes,https://cookpad.com/id/resep/4472563-semur-ayam-kentang-ala-mama-kirana,,true
RCP-KAGGLE-4471653,Ayam suwir,,,,false,"base_servings, kuantitas, satuan, harga, dan tag belum dikurasi",Kaggle Indonesian Food Recipes,https://cookpad.com/id/resep/4471653-ayam-suwir,,true
RCP-KAGGLE-4472498,Ayam goreng tepung,,,,false,"base_servings, kuantitas, satuan, harga, dan tag belum dikurasi",Kaggle Indonesian Food Recipes,https://cookpad.com/id/resep/4472498-ayam-goreng-tepung,,true
RCP-KAGGLE-4472409,Tulang Ayam Pedas Manis,,,,false,"base_servings, kuantitas, satuan, harga, dan tag belum dikurasi",Kaggle Indonesian Food Recipes,https://cookpad.com/id/resep/4472409-tulang-ayam-pedas-manis,,true
RCP-KAGGLE-4472187,Ayam penyet rumahan,,,,false,"base_servings, kuantitas, satuan, harga, dan tag belum dikurasi",Kaggle Indonesian Food Recipes,https://cookpad.com/id/resep/4472187-ayam-penyet-rumahan,,true
RCP-KAGGLE-4472298,Sop ayam,,,,false,"base_servings, kuantitas, satuan, harga, dan tag belum dikurasi",Kaggle Indonesian Food Recipes,https://cookpad.com/id/resep/4472298-sop-ayam,,true
RCP-KAGGLE-4472222,Ayam suwir,,,,false,"base_servings, kuantitas, satuan, harga, dan tag belum dikurasi",Kaggle Indonesian Food Recipes,https://cookpad.com/id/resep/4472222-ayam-suwir,,true
RCP-KAGGLE-4472482,Nugget Ayam Home Made,,,,false,"base_servings, kuantitas, satuan, harga, dan tag belum dikurasi",Kaggle Indonesian Food Recipes,https://cookpad.com/id/resep/4472482-nugget-ayam-home-made,,true
RCP-KAGGLE-4472309,Ayam Koloke,,,,false,"base_servings, kuantitas, satuan, harga, dan tag belum dikurasi",Kaggle Indonesian Food Recipes,https://cookpad.com/id/resep/4472309-ayam-koloke,,true
RCP-KAGGLE-4472258,Mie tulang ayam,,,,false,"base_servings, kuantitas, satuan, harga, dan tag belum dikurasi",Kaggle Indonesian Food Recipes,https://cookpad.com/id/resep/4472258-mie-tulang-ayam,,true
RCP-KAGGLE-4472532,Ayam Suir Bali (bemesere bali),,,,false,"base_servings, kuantitas, satuan, harga, dan tag belum dikurasi",Kaggle Indonesian Food Recipes,https://cookpad.com/id/resep/4472532-ayam-suir-bali-bemesere-bali,,true
RCP-KAGGLE-4472100,Pindang ayam jadul,,,,false,"base_servings, kuantitas, satuan, harga, dan tag belum dikurasi",Kaggle Indonesian Food Recipes,https://cookpad.com/id/resep/4472100-pindang-ayam-jadul,,true
RCP-KAGGLE-4472201,Ayam Kacang Panjang Saos Hoisin,,,,false,"base_servings, kuantitas, satuan, harga, dan tag belum dikurasi",Kaggle Indonesian Food Recipes,https://cookpad.com/id/resep/4472201-ayam-kacang-panjang-saos-hoisin,,true
RCP-KAGGLE-4471980,Tongseng ayam,,,,false,"base_servings, kuantitas, satuan, harga, dan tag belum dikurasi",Kaggle Indonesian Food Recipes,https://cookpad.com/id/resep/4471980-tongseng-ayam,,true
RCP-KAGGLE-4472141,Ayam penyet sambel kemangi,,,,false,"base_servings, kuantitas, satuan, harga, dan tag belum dikurasi",Kaggle Indonesian Food Recipes,https://cookpad.com/id/resep/4472141-ayam-penyet-sambel-kemangi,,true
RCP-KAGGLE-4472084,Nugget Ayam Wortel,,,,false,"base_servings, kuantitas, satuan, harga, dan tag belum dikurasi",Kaggle Indonesian Food Recipes,https://cookpad.com/id/resep/4472084-nugget-ayam-wortel,,true
RCP-KAGGLE-4471847,Ayam goreng pedas gila ala Kfc,,,,false,"base_servings, kuantitas, satuan, harga, dan tag belum dikurasi",Kaggle Indonesian Food Recipes,https://cookpad.com/id/resep/4471847-ayam-goreng-pedas-gila-ala-kfc,,true
RCP-KAGGLE-4469586,Chicken Teriyaki,,,,false,"base_servings, kuantitas, satuan, harga, dan tag belum dikurasi",Kaggle Indonesian Food Recipes,https://cookpad.com/id/resep/4469586-chicken-teriyaki,,true
RCP-KAGGLE-4471776,Ayam Kecap Pedas Jeruk Limao,,,,false,"base_servings, kuantitas, satuan, harga, dan tag belum dikurasi",Kaggle Indonesian Food Recipes,https://cookpad.com/id/resep/4471776-ayam-kecap-pedas-jeruk-limao,,true
RCP-KAGGLE-4472147,Resep Ayam Kecap Rumahan,,,,false,"base_servings, kuantitas, satuan, harga, dan tag belum dikurasi",Kaggle Indonesian Food Recipes,https://cookpad.com/id/resep/4472147-resep-ayam-kecap-rumahan,,true
RCP-KAGGLE-4466395,Sop Ayam Garang Asam,,,,false,"base_servings, kuantitas, satuan, harga, dan tag belum dikurasi",Kaggle Indonesian Food Recipes,https://cookpad.com/id/resep/4466395-sop-ayam-garang-asam,,true
RCP-KAGGLE-927515,Ayam goreng krutuk,,,,false,"base_servings, kuantitas, satuan, harga, dan tag belum dikurasi",Kaggle Indonesian Food Recipes,https://cookpad.com/id/resep/927515-ayam-goreng-krutuk,,true
RCP-KAGGLE-4471637,Ayam panggang saos kecap,,,,false,"base_servings, kuantitas, satuan, harga, dan tag belum dikurasi",Kaggle Indonesian Food Recipes,https://cookpad.com/id/resep/4471637-ayam-panggang-saos-kecap,,true
RCP-KAGGLE-4471748,Soto ayam kuah santan,,,,false,"base_servings, kuantitas, satuan, harga, dan tag belum dikurasi",Kaggle Indonesian Food Recipes,https://cookpad.com/id/resep/4471748-soto-ayam-kuah-santan,,true
RCP-KAGGLE-4471738,Ayam Goreng Bumbu Kuning,,,,false,"base_servings, kuantitas, satuan, harga, dan tag belum dikurasi",Kaggle Indonesian Food Recipes,https://cookpad.com/id/resep/4471738-ayam-goreng-bumbu-kuning,,true
RCP-KAGGLE-4471771,Mie Geprek (Mie + ayam geprek),,,,false,"base_servings, kuantitas, satuan, harga, dan tag belum dikurasi",Kaggle Indonesian Food Recipes,https://cookpad.com/id/resep/4471771-mie-geprek-mie-ayam-geprek,,true
RCP-KAGGLE-4471802,Seblak Mie Tulang Ayam,,,,false,"base_servings, kuantitas, satuan, harga, dan tag belum dikurasi",Kaggle Indonesian Food Recipes,https://cookpad.com/id/resep/4471802-seblak-mie-tulang-ayam,,true
RCP-KAGGLE-4460035,Sweet Buffalo Chicken 🐔,,,,false,"base_servings, kuantitas, satuan, harga, dan tag belum dikurasi",Kaggle Indonesian Food Recipes,https://cookpad.com/id/resep/4460035-sweet-buffalo-chicken-%F0%9F%90%94,,true
RCP-KAGGLE-4471498,Ayam Garang Asem,,,,false,"base_servings, kuantitas, satuan, harga, dan tag belum dikurasi",Kaggle Indonesian Food Recipes,https://cookpad.com/id/resep/4471498-ayam-garang-asem,,true
RCP-KAGGLE-4471625,Ayam Geprek,,,,false,"base_servings, kuantitas, satuan, harga, dan tag belum dikurasi",Kaggle Indonesian Food Recipes,https://cookpad.com/id/resep/4471625-ayam-geprek,,true
RCP-KAGGLE-4471418,Ayam Asam Manis Rumahan citarasa Resto,,,,false,"base_servings, kuantitas, satuan, harga, dan tag belum dikurasi",Kaggle Indonesian Food Recipes,https://cookpad.com/id/resep/4471418-ayam-asam-manis-rumahan-citarasa-resto,,true
RCP-KAGGLE-4471562,Ayam goreng tepung simple,,,,false,"base_servings, kuantitas, satuan, harga, dan tag belum dikurasi",Kaggle Indonesian Food Recipes,https://cookpad.com/id/resep/4471562-ayam-goreng-tepung-simple,,true
RCP-KAGGLE-4471258,Sop Balungan Ayam,,,,false,"base_servings, kuantitas, satuan, harga, dan tag belum dikurasi",Kaggle Indonesian Food Recipes,https://cookpad.com/id/resep/4471258-sop-balungan-ayam,,true
RCP-KAGGLE-4469261,Ayam goreng lepas tulang lembut,,,,false,"base_servings, kuantitas, satuan, harga, dan tag belum dikurasi",Kaggle Indonesian Food Recipes,https://cookpad.com/id/resep/4469261-ayam-goreng-lepas-tulang-lembut,,true
RCP-KAGGLE-4464881,Sayap Goreng Bumbu Ngo Hiang,,,,false,"base_servings, kuantitas, satuan, harga, dan tag belum dikurasi",Kaggle Indonesian Food Recipes,https://cookpad.com/id/resep/4464881-sayap-goreng-bumbu-ngo-hiang,,true
RCP-KAGGLE-4471433,Semur ayam kampung,,,,false,"base_servings, kuantitas, satuan, harga, dan tag belum dikurasi",Kaggle Indonesian Food Recipes,https://cookpad.com/id/resep/4471433-semur-ayam-kampung,,true
RCP-KAGGLE-4471388,Ayam Tepung KFC super gurih,,,,false,"base_servings, kuantitas, satuan, harga, dan tag belum dikurasi",Kaggle Indonesian Food Recipes,https://cookpad.com/id/resep/4471388-ayam-tepung-kfc-super-gurih,,true
RCP-KAGGLE-3452442,Soto Ayam Surabaya,,,,false,"base_servings, kuantitas, satuan, harga, dan tag belum dikurasi",Kaggle Indonesian Food Recipes,https://cookpad.com/id/resep/3452442-soto-ayam-surabaya,,true
RCP-KAGGLE-4471237,Ayam Suwir ala Bali / Ayam Sisit,,,,false,"base_servings, kuantitas, satuan, harga, dan tag belum dikurasi",Kaggle Indonesian Food Recipes,https://cookpad.com/id/resep/4471237-ayam-suwir-ala-bali-ayam-sisit,,true
RCP-KAGGLE-4466981,Risoles rogut ayam,,,,false,"base_servings, kuantitas, satuan, harga, dan tag belum dikurasi",Kaggle Indonesian Food Recipes,https://cookpad.com/id/resep/4466981-risoles-rogut-ayam,,true
RCP-KAGGLE-4471032,Ayam masak kicap ala malay,,,,false,"base_servings, kuantitas, satuan, harga, dan tag belum dikurasi",Kaggle Indonesian Food Recipes,https://cookpad.com/id/resep/4471032-ayam-masak-kicap-ala-malay,,true
RCP-KAGGLE-4448850,Ayam tepung,,,,false,"base_servings, kuantitas, satuan, harga, dan tag belum dikurasi",Kaggle Indonesian Food Recipes,https://cookpad.com/id/resep/4448850-ayam-tepung,,true
RCP-KAGGLE-4470916,Ayam goreng bakar kecap,,,,false,"base_servings, kuantitas, satuan, harga, dan tag belum dikurasi",Kaggle Indonesian Food Recipes,https://cookpad.com/id/resep/4470916-ayam-goreng-bakar-kecap,,true
RCP-KAGGLE-4470142,Somay ayam bumbu kacang,,,,false,"base_servings, kuantitas, satuan, harga, dan tag belum dikurasi",Kaggle Indonesian Food Recipes,https://cookpad.com/id/resep/4470142-somay-ayam-bumbu-kacang,,true
RCP-KAGGLE-4470089,.Ayam Kecap Cabe Ijo,,,,false,"base_servings, kuantitas, satuan, harga, dan tag belum dikurasi",Kaggle Indonesian Food Recipes,https://cookpad.com/id/resep/4470089-ayam-kecap-cabe-ijo,,true
RCP-KAGGLE-4470099,Ayam Masak Kluwek,,,,false,"base_servings, kuantitas, satuan, harga, dan tag belum dikurasi",Kaggle Indonesian Food Recipes,https://cookpad.com/id/resep/4470099-ayam-masak-kluwek,,true
RCP-KAGGLE-3934445,Ayam Goreng Telur,,,,false,"base_servings, kuantitas, satuan, harga, dan tag belum dikurasi",Kaggle Indonesian Food Recipes,https://cookpad.com/id/resep/3934445-ayam-goreng-telur,,true
RCP-KAGGLE-4469858,Ayam Goreng Pemalas,,,,false,"base_servings, kuantitas, satuan, harga, dan tag belum dikurasi",Kaggle Indonesian Food Recipes,https://cookpad.com/id/resep/4469858-ayam-goreng-pemalas,,true
RCP-TMDB-53430,Antiguan Breakfast (Chop Up and ‘Saltfish’),,sarapan,"Peel and chop eggplant and pumpkin into medium-sized pieces.

Heat butter and add onions and garlic in a medium sized pot set to medium to high heat. Sauté for 2 minutes until softened but not browned.
Add pumpkin and eggplant. Sauté for an additional two to three minutes.
Add water just to cover the vegetables. Bring to a boil, reduce heat to a simmer and cook until the vegetables are soft.
Add the chopped spinach, stir and cook for an additional 3 minutes.
Pour the vegetable mixture into a colander and let drain.
After vegetable mixture has been drained return it to the pot and mash vigorously with a potato masher or a thick whisk.
Add salt and pepper. Adjust seasoning to taste.",false,"Kandidat scratch: meal slot masih saran; porsi, bahan/takaran gram, harga lokal, gizi, dan penggunaan sumber belum ditinjau",TheMealDB API; kandidat belum dikurasi,https://www.atastefortravel.ca/24626-antigua-chop-up/#recipe,"{""api_source"": ""TheMealDB API"", ""source_id"": ""53430"", ""source_category"": ""Breakfast"", ""source_area"": """", ""suggested_meal_type"": ""sarapan"", ""themealdb_url"": ""https://www.themealdb.com/meal/53430"", ""image_url"": ""https://www.themealdb.com/images/media/meals/jvjnoh1780086318.jpg"", ""ingredients"": [{""ingredient"": ""Egg Plants"", ""measure"": ""4""}, {""ingredient"": ""Callaloo"", ""measure"": ""8 oz""}, {""ingredient"": ""Pumpkin"", ""measure"": ""1 lb""}, {""ingredient"": ""Garlic"", ""measure"": ""3 cloves Chopped""}, {""ingredient"": ""Onion"", ""measure"": ""1 Diced""}, {""ingredient"": ""Butter"", ""measure"": ""2 oz""}, {""ingredient"": ""Salt"", ""measure"": ""1/2 tsp""}, {""ingredient"": ""Black Pepper"", ""measure"": ""1/4 tsp""}], ""review_status"": ""needs_manual_mapping_portion_nutrition_price_rights_and_meal_slot_review""}",true
RCP-TMDB-53076,Bread omelette,,sarapan,Make and enjoy,false,"Kandidat scratch: meal slot masih saran; porsi, bahan/takaran gram, harga lokal, gizi, dan penggunaan sumber belum ditinjau",TheMealDB API; kandidat belum dikurasi,https://www.themealdb.com/meal/53076,"{""api_source"": ""TheMealDB API"", ""source_id"": ""53076"", ""source_category"": ""Breakfast"", ""source_area"": ""India"", ""suggested_meal_type"": ""sarapan"", ""themealdb_url"": ""https://www.themealdb.com/meal/53076"", ""image_url"": ""https://www.themealdb.com/images/media/meals/hqaejl1695738653.jpg"", ""ingredients"": [{""ingredient"": ""Bread"", ""measure"": ""2""}, {""ingredient"": ""Egg"", ""measure"": ""2""}, {""ingredient"": ""Salt"", ""measure"": ""0.5""}], ""review_status"": ""needs_manual_mapping_portion_nutrition_price_rights_and_meal_slot_review""}",true
RCP-TMDB-52965,Breakfast Potatoes,,sarapan,"Before you do anything, freeze your bacon slices that way when you're ready to prep, it'll be so much easier to chop!
Wash the potatoes and cut medium dice into square pieces. To prevent any browning, place the already cut potatoes in a bowl filled with water.
In the meantime, heat 1-2 tablespoons of oil in a large skillet over medium-high heat. Tilt the skillet so the oil spreads evenly.
Once the oil is hot, drain the potatoes and add to the skillet. Season with salt, pepper, and Old Bay as needed.
Cook for 10 minutes, stirring the potatoes often, until brown. If needed, add a tablespoon more of oil.
Chop up the bacon and add to the potatoes. The bacon will start to render and the fat will begin to further cook the potatoes. Toss it up a bit! The bacon will take 5-6 minutes to crisp.
Once the bacon is cooked, reduce the heat to medium-low, add the minced garlic and toss. Season once more. Add dried or fresh parsley. Control heat as needed.
Let the garlic cook until fragrant, about one minute.
Just before serving, drizzle over the maple syrup and toss. Let that cook another minute, giving the potatoes a caramelized effect.
Serve in a warm bowl with a sunny side up egg!",false,"Kandidat scratch: meal slot masih saran; porsi, bahan/takaran gram, harga lokal, gizi, dan penggunaan sumber belum ditinjau",TheMealDB API; kandidat belum dikurasi,http://www.vodkaandbiscuits.com/2014/03/06/bangin-breakfast-potatoes/,"{""api_source"": ""TheMealDB API"", ""source_id"": ""52965"", ""source_category"": ""Breakfast"", ""source_area"": ""Canadian"", ""suggested_meal_type"": ""sarapan"", ""themealdb_url"": ""https://www.themealdb.com/meal/52965"", ""image_url"": ""https://www.themealdb.com/images/media/meals/1550441882.jpg"", ""ingredients"": [{""ingredient"": ""Potatoes"", ""measure"": ""3 Medium""}, {""ingredient"": ""Olive Oil"", ""measure"": ""1 tbs""}, {""ingredient"": ""Bacon"", ""measure"": ""2 strips""}, {""ingredient"": ""Garlic Clove"", ""measure"": ""Minced""}, {""ingredient"": ""Maple Syrup"", ""measure"": ""1 tbs""}, {""ingredient"": ""Parsley"", ""measure"": ""Garnish""}, {""ingredient"": ""Salt"", ""measure"": ""Pinch""}, {""ingredient"": ""Pepper"", ""measure"": ""Pinch""}, {""ingredient"": ""Allspice"", ""measure"": ""To taste""}], ""review_status"": ""needs_manual_mapping_portion_nutrition_price_rights_and_meal_slot_review""}",true
RCP-TMDB-53379,Dutch poffertjes (mini pancakes),,sarapan,"Mix the dry yeast with some of the luke warm milk en stir until dissolved.
Place buckwheat and the flour together in a bowl and make a small circle in the middle. Add the yeast mixture into it. Add the milk and stir until you have a smooth batter.
Add the eggs, salt and vanille sugar and stir through. Leave to stand and rise for about 45 minutes.
Heat the poffertjespan and add a bit of butter into each hole. Fill halfway with batter and first bake one side until you can see the top dry out a little. Turn the poffertjes around with a small fork and bake the other side until cooked and golden brown.
Serve the poffertjes with butter and icing sugar",false,"Kandidat scratch: meal slot masih saran; porsi, bahan/takaran gram, harga lokal, gizi, dan penggunaan sumber belum ditinjau",TheMealDB API; kandidat belum dikurasi,https://insimoneskitchen.com/old-dutch-poffertjes/#recipe,"{""api_source"": ""TheMealDB API"", ""source_id"": ""53379"", ""source_category"": ""Breakfast"", ""source_area"": ""Netherlands"", ""suggested_meal_type"": ""sarapan"", ""themealdb_url"": ""https://www.themealdb.com/meal/53379"", ""image_url"": ""https://www.themealdb.com/images/media/meals/oaqz9f1766593912.jpg"", ""ingredients"": [{""ingredient"": ""Flour"", ""measure"": ""125g""}, {""ingredient"": ""Buckwheat Flour"", ""measure"": ""125g""}, {""ingredient"": ""Eggs"", ""measure"": ""2""}, {""ingredient"": ""Butter"", ""measure"": ""1 knob""}, {""ingredient"": ""Milk"", ""measure"": ""300ml""}, {""ingredient"": ""Yeast"", ""measure"": ""10g""}, {""ingredient"": ""vanilla sugar"", ""measure"": ""1tsp""}, {""ingredient"": ""Butter"", ""measure"": ""To serve""}, {""ingredient"": ""Icing Sugar"", ""measure"": ""To serve""}], ""review_status"": ""needs_manual_mapping_portion_nutrition_price_rights_and_meal_slot_review""}",true
RCP-TMDB-52895,English Breakfast,,sarapan,"Heat the flat grill plate over a low heat, on top of 2 rings/flames if it fits, and brush sparingly with light olive oil.
Cook the sausages first. Add the sausages to the hot grill plate/the coolest part if there is one and allow to cook slowly for about 15-20 minutes, turning occasionally, until golden. After the first 10 minutes, increase the heat to medium before beginning to cook the other ingredients. If you are struggling for space, completely cook the sausages and keep hot on a plate in the oven.
Snip a few small cuts into the fatty edge of the bacon. Place the bacon straight on to the grill plate and fry for 2-4 minutes each side or until your preferred crispiness is reached. Like the sausages, the cooked bacon can be kept hot on a plate in the oven.
For the mushrooms, brush away any dirt using a pastry brush and trim the stalk level with the mushroom top. Season with salt and pepper and drizzle over a little olive oil. Place stalk-side up on the grill plate and cook for 1-2 minutes before turning and cooking for a further 3-4 minutes. Avoid moving the mushrooms too much while cooking, as this releases the natural juices, making them soggy.
For the tomatoes, cut the tomatoes across the centre/or in half lengthways if using plum tomatoes , and with a small, sharp knife remove the green 'eye'. Season with salt and pepper and drizzle with a little olive oil. Place cut-side down on the grill plate and cook without moving for 2 minutes. Gently turn over and season again. Cook for a further 2-3 minutes until tender but still holding their shape.
For the black pudding, cut the black pudding into 3-4 slices and remove the skin. Place on the grill plate and cook for 1½-2 minutes each side until slightly crispy.
For 'proper' fried bread it's best to cook it in a separate pan. Ideally, use bread that is a couple of days old. Heat a frying pan to a medium heat and cover the base with oil. Add the bread and cook for 2-3 minutes each side until crispy and golden. If the pan becomes too dry, add a little more oil. For a richer flavour, add a knob of butter after you turn the slice.
For the fried eggs, break the egg straight into the pan with the fried bread and leave for 30 seconds. Add a good knob of butter and lightly splash/baste the egg with the butter when melted. Cook to your preferred stage, season and gently remove with a fish slice.
Once all the ingredients are cooked, serve on warm plates and enjoy straight away with a good squeeze of tomato ketchup or brown sauce.",false,"Kandidat scratch: meal slot masih saran; porsi, bahan/takaran gram, harga lokal, gizi, dan penggunaan sumber belum ditinjau",TheMealDB API; kandidat belum dikurasi,https://www.bbc.co.uk/food/recipes/stressfreefullenglis_67721,"{""api_source"": ""TheMealDB API"", ""source_id"": ""52895"", ""source_category"": ""Breakfast"", ""source_area"": ""British"", ""suggested_meal_type"": ""sarapan"", ""themealdb_url"": ""https://www.themealdb.com/meal/52895"", ""image_url"": ""https://www.themealdb.com/images/media/meals/utxryw1511721587.jpg"", ""ingredients"": [{""ingredient"": ""Sausages"", ""measure"": ""2""}, {""ingredient"": ""Bacon"", ""measure"": ""3""}, {""ingredient"": ""Mushrooms"", ""measure"": ""2""}, {""ingredient"": ""Tomatoes"", ""measure"": ""2""}, {""ingredient"": ""Black Pudding"", ""measure"": ""1 Slice""}, {""ingredient"": ""Eggs"", ""measure"": ""2""}, {""ingredient"": ""Bread"", ""measure"": ""1 Slice""}], ""review_status"": ""needs_manual_mapping_portion_nutrition_price_rights_and_meal_slot_review""}",true
RCP-TMDB-53413,Flija Layered Pancake / Crepe,,sarapan,"1
Prepare the Flour Batter
Mix together the flour, water and salt ensuring all the lumps are dissolved. The mixture should be thick but still of a pouring consistency, add a little extra water if required. Put to one side.
2
Prepare the Batter Filling
Mix together the butter, oil and chosen yogurt / cream ensuring all the lumps are dissolved. The mixture should be runny, leave to rest for 10 minutes before given it another good mix. The consistency should be similar to custard. Put to one side.
3
Baking
Preheat the gill to a medium setting (I use mark 4 of 6). Take a large deep baking tray or pie pan and rub some olive oil over the base. Make the first layer of flour batter using a squirty bottle or laydel, don't try to pour the batter as it will be too thick in the pan. You need to make a star effect by leaving triangles between each line of batter layers. Place under the grill until golden brown. This will take between 3 - 5 minutes.
4
Remove from under the grill and using a brush or the back of spoon rub over the whole pan (both battered and un-battered areas) a layer of the batter filling. Then, add a layer of the flour filling, use the same star effect this time placing the lines of batter through the gaps left from the previous layering. Also, leaving the same triangle shapes between each line. Place under the grill until golden brown. This will take between 3 - 5 minutes.
5
Repeat step 4 until all the mixture has been used and ensuring each triangle gap is filled with flour batter on each layer - this will take around 2 hours. After every couple of layers, use one layer just to fill up any spaces (large gaps between the batter stars) that may have started to show.
6
Serving
Once the Flija is ready serve straight away with honey or yogurt.",false,"Kandidat scratch: meal slot masih saran; porsi, bahan/takaran gram, harga lokal, gizi, dan penggunaan sumber belum ditinjau",TheMealDB API; kandidat belum dikurasi,https://www.myalbanianfood.com/recipe/albanian-flija-pancake/,"{""api_source"": ""TheMealDB API"", ""source_id"": ""53413"", ""source_category"": ""Breakfast"", ""source_area"": """", ""suggested_meal_type"": ""sarapan"", ""themealdb_url"": ""https://www.themealdb.com/meal/53413"", ""image_url"": ""https://www.themealdb.com/images/media/meals/eqnf3p1779649407.jpg"", ""ingredients"": [{""ingredient"": ""Flour"", ""measure"": ""1 kg""}, {""ingredient"": ""Water"", ""measure"": ""1 L""}, {""ingredient"": ""Salt"", ""measure"": ""1 tsp""}, {""ingredient"": ""Melted Butter"", ""measure"": ""220g""}, {""ingredient"": ""Vegetable Oil"", ""measure"": ""200ml""}, {""ingredient"": ""Greek Yogurt"", ""measure"": ""5 tablespoons""}, {""ingredient"": ""Melted Butter"", ""measure"": ""220g""}, {""ingredient"": ""Vegetable Oil"", ""measure"": ""200ml""}, {""ingredient"": ""Clotted Cream"", ""measure"": ""3  tablespoons""}, {""ingredient"": ""Melted Butter"", ""measure"": ""220g""}, {""ingredient"": ""Sour Cream"", ""measure"": ""500ml""}, {""ingredient"": ""Olive Oil"", ""measure"": ""3  tablespoons""}], ""review_status"": ""needs_manual_mapping_portion_nutrition_price_rights_and_meal_slot_review""}",true
RCP-TMDB-52957,Fruit and Cream Cheese Breakfast Pastries,,sarapan,"Preheat oven to 400ºF (200ºC), and prepare two cookie sheets with parchment paper. In a bowl, mix cream cheese, sugar, and vanilla until fully combined. Lightly flour the surface and roll out puff pastry on top to flatten. Cut each sheet of puff pastry into 9 equal squares. On the top right and bottom left of the pastry, cut an L shape approximately ½ inch (1 cm) from the edge.
NOTE: This L shape should reach all the way down and across the square, however both L shapes should not meet at the ends. Your pastry should look like a picture frame with two corners still intact.
Take the upper right corner and fold down towards the inner bottom corner. You will now have a diamond shape.
Place 1 to 2 teaspoons of the cream cheese filling in the middle, then place berries on top.
Repeat with the remaining pastry squares and place them onto the parchment covered baking sheet.
Bake for 15-20 minutes or until pastry is golden brown and puffed.
Enjoy!",false,"Kandidat scratch: meal slot masih saran; porsi, bahan/takaran gram, harga lokal, gizi, dan penggunaan sumber belum ditinjau",TheMealDB API; kandidat belum dikurasi,https://www.themealdb.com/meal/52957,"{""api_source"": ""TheMealDB API"", ""source_id"": ""52957"", ""source_category"": ""Breakfast"", ""source_area"": ""United States"", ""suggested_meal_type"": ""sarapan"", ""themealdb_url"": ""https://www.themealdb.com/meal/52957"", ""image_url"": ""https://www.themealdb.com/images/media/meals/1543774956.jpg"", ""ingredients"": [{""ingredient"": ""Cream Cheese"", ""measure"": ""1 1/4 oz""}, {""ingredient"": ""Sugar"", ""measure"": ""1 1/4 cup""}, {""ingredient"": ""Vanilla Extract"", ""measure"": ""1 teaspoon""}, {""ingredient"": ""Flour"", ""measure"": """"}, {""ingredient"": ""Puff Pastry"", ""measure"": ""2""}, {""ingredient"": ""Strawberries"", ""measure"": """"}, {""ingredient"": ""Raspberries"", ""measure"": """"}, {""ingredient"": ""Blackberries"", ""measure"": """"}], ""review_status"": ""needs_manual_mapping_portion_nutrition_price_rights_and_meal_slot_review""}",true
RCP-TMDB-52896,Full English Breakfast,,sarapan,"Heat the flat grill plate over a low heat, on top of 2 rings/flames if it fits, and brush sparingly with light olive oil.
Cook the sausages first. Add the sausages to the hot grill plate/the coolest part if there is one and allow to cook slowly for about 15-20 minutes, turning occasionally, until golden. After the first 10 minutes, increase the heat to medium before beginning to cook the other ingredients. If you are struggling for space, completely cook the sausages and keep hot on a plate in the oven.
Snip a few small cuts into the fatty edge of the bacon. Place the bacon straight on to the grill plate and fry for 2-4 minutes each side or until your preferred crispiness is reached. Like the sausages, the cooked bacon can be kept hot on a plate in the oven.
For the mushrooms, brush away any dirt using a pastry brush and trim the stalk level with the mushroom top. Season with salt and pepper and drizzle over a little olive oil. Place stalk-side up on the grill plate and cook for 1-2 minutes before turning and cooking for a further 3-4 minutes. Avoid moving the mushrooms too much while cooking, as this releases the natural juices, making them soggy.
For the tomatoes, cut the tomatoes across the centre/or in half lengthways if using plum tomatoes , and with a small, sharp knife remove the green 'eye'. Season with salt and pepper and drizzle with a little olive oil. Place cut-side down on the grill plate and cook without moving for 2 minutes. Gently turn over and season again. Cook for a further 2-3 minutes until tender but still holding their shape.
For the black pudding, cut the black pudding into 3-4 slices and remove the skin. Place on the grill plate and cook for 1½-2 minutes each side until slightly crispy.
For 'proper' fried bread it's best to cook it in a separate pan. Ideally, use bread that is a couple of days old. Heat a frying pan to a medium heat and cover the base with oil. Add the bread and cook for 2-3 minutes each side until crispy and golden. If the pan becomes too dry, add a little more oil. For a richer flavour, add a knob of butter after you turn the slice.
For the fried eggs, break the egg straight into the pan with the fried bread and leave for 30 seconds. Add a good knob of butter and lightly splash/baste the egg with the butter when melted. Cook to your preferred stage, season and gently remove with a fish slice.
Once all the ingredients are cooked, serve on warm plates and enjoy straight away with a good squeeze of tomato ketchup or brown sauce.",false,"Kandidat scratch: meal slot masih saran; porsi, bahan/takaran gram, harga lokal, gizi, dan penggunaan sumber belum ditinjau",TheMealDB API; kandidat belum dikurasi,https://www.bbc.co.uk/food/recipes/stressfreefullenglis_67721,"{""api_source"": ""TheMealDB API"", ""source_id"": ""52896"", ""source_category"": ""Breakfast"", ""source_area"": ""British"", ""suggested_meal_type"": ""sarapan"", ""themealdb_url"": ""https://www.themealdb.com/meal/52896"", ""image_url"": ""https://www.themealdb.com/images/media/meals/sqrtwu1511721265.jpg"", ""ingredients"": [{""ingredient"": ""Sausages"", ""measure"": ""4""}, {""ingredient"": ""Bacon"", ""measure"": ""4""}, {""ingredient"": ""Mushrooms"", ""measure"": ""4""}, {""ingredient"": ""Tomatoes"", ""measure"": ""3""}, {""ingredient"": ""Black Pudding"", ""measure"": ""2 sliced""}, {""ingredient"": ""Eggs"", ""measure"": ""2""}, {""ingredient"": ""Bread"", ""measure"": ""1 Slice""}, {""ingredient"": ""Baked Beans"", ""measure"": ""100g""}], ""review_status"": ""needs_manual_mapping_portion_nutrition_price_rights_and_meal_slot_review""}",true
RCP-TMDB-53450,Grits,,sarapan,Bring water with salt to a boil then add grits; reduce heat and cover. occasionally stirring. Cook approximately 15 minutes or until grits have desired consistency. Cool then serve,false,"Kandidat scratch: meal slot masih saran; porsi, bahan/takaran gram, harga lokal, gizi, dan penggunaan sumber belum ditinjau",TheMealDB API; kandidat belum dikurasi,https://www.bahamas.gov.bs/native-dishes,"{""api_source"": ""TheMealDB API"", ""source_id"": ""53450"", ""source_category"": ""Breakfast"", ""source_area"": """", ""suggested_meal_type"": ""sarapan"", ""themealdb_url"": ""https://www.themealdb.com/meal/53450"", ""image_url"": ""https://www.themealdb.com/images/media/meals/bfok4w1780242078.jpg"", ""ingredients"": [{""ingredient"": ""Grits"", ""measure"": ""1/4 cup""}, {""ingredient"": ""Salt"", ""measure"": ""1 tsp""}, {""ingredient"": ""Water"", ""measure"": ""1 cup""}], ""review_status"": ""needs_manual_mapping_portion_nutrition_price_rights_and_meal_slot_review""}",true
RCP-TMDB-52967,Home-made Mandazi,,sarapan,"This is one recipe a lot of people have requested and I have tried to make it as simple as possible and I hope it will work for you. Make sure you use the right flour which is basically one with raising agents. Adjust the amount of sugar to your taste and try using different flavours to have variety whenever you have them.
You can use Coconut milk instead of regular milk, you can also add desiccated coconut to the dry flour or other spices like powdered cloves or cinnamon.
For “healthy looking” mandazis do not roll the dough too thin before frying and use the procedure I have indicated above.

1. Mix the flour,cinnamon and sugar in a suitable bowl.
2. In a separate bowl whisk the egg into the milk
3. Make a well at the centre of the flour and add the milk and egg mixture and slowly mix to form a dough.
4. Knead the dough for 3-4 minutes or until it stops sticking to the sides of the bowl and you have a smooth surface.
5. Cover the dough with a damp cloth  and allow to rest for 15 minutes.
6. Roll the dough on a lightly floured surface into a 1cm thick piece.
7. Using a sharp small knife, cut the dough into the desired size setting aside ready for deep frying.
8. Heat your oil in a suitable pot and gently dip the mandazi pieces to cook until light brown on the first side then turn to cook on the second side.
9. Serve them warm or cold",false,"Kandidat scratch: meal slot masih saran; porsi, bahan/takaran gram, harga lokal, gizi, dan penggunaan sumber belum ditinjau",TheMealDB API; kandidat belum dikurasi,http://chef-raphael.com/home-made-mandazi-recipe/#more-106,"{""api_source"": ""TheMealDB API"", ""source_id"": ""52967"", ""source_category"": ""Breakfast"", ""source_area"": ""Kenyan"", ""suggested_meal_type"": ""sarapan"", ""themealdb_url"": ""https://www.themealdb.com/meal/52967"", ""image_url"": ""https://www.themealdb.com/images/media/meals/thazgm1555350962.jpg"", ""ingredients"": [{""ingredient"": ""Self-raising Flour"", ""measure"": ""750g""}, {""ingredient"": ""Sugar"", ""measure"": ""6 tablespoons""}, {""ingredient"": ""Eggs"", ""measure"": ""2""}, {""ingredient"": ""Milk"", ""measure"": ""1 cup""}], ""review_status"": ""needs_manual_mapping_portion_nutrition_price_rights_and_meal_slot_review""}",true
RCP-TMDB-53363,Jamaican Cornmeal Porridge,,sarapan,"Add 2 ½ cups water, 1 can coconut milk to a 4 QT heavy bottomed pot. Bring to a boil over medium-high heat.
Meanwhile, add 1 cup cornmeal and 1 ½ cup water to a large mixing cup and whisk until smooth.
Once the pot begins to boil, whisk in cornmeal mixture and continue to whisk for about 1 minute, ensuring there are no lumps. Reduce heat to low and cover with a tight fitting lid.
Cook over low heat for 15-20 minutes, stirring occasionally. When there is about 5 minutes left, stir in vanilla extract, cinnamon, nutmeg, and all-spice. Remove from heat and sweeten with condensed milk.
Serve and enjoy.",false,"Kandidat scratch: meal slot masih saran; porsi, bahan/takaran gram, harga lokal, gizi, dan penggunaan sumber belum ditinjau",TheMealDB API; kandidat belum dikurasi,https://www.myforkinglife.com/jamaican-cornmeal-porridge/#recipe,"{""api_source"": ""TheMealDB API"", ""source_id"": ""53363"", ""source_category"": ""Breakfast"", ""source_area"": ""Jamaican"", ""suggested_meal_type"": ""sarapan"", ""themealdb_url"": ""https://www.themealdb.com/meal/53363"", ""image_url"": ""https://www.themealdb.com/images/media/meals/sng9bm1765320170.jpg"", ""ingredients"": [{""ingredient"": ""Water"", ""measure"": ""4 cups""}, {""ingredient"": ""Coconut Milk"", ""measure"": ""380g""}, {""ingredient"": ""Fine Yellow Cornmeal"", ""measure"": ""1 cup""}, {""ingredient"": ""Vanilla Extract"", ""measure"": ""1 1/2 tsp""}, {""ingredient"": ""Ground Cinnamon"", ""measure"": ""1/2 tsp""}, {""ingredient"": ""Ground Nutmeg"", ""measure"": ""1/2 tsp""}, {""ingredient"": ""Ground Allspice"", ""measure"": ""1/4 tsp""}, {""ingredient"": ""Sweetened Condensed Milk"", ""measure"": ""1/2 cup""}], ""review_status"": ""needs_manual_mapping_portion_nutrition_price_rights_and_meal_slot_review""}",true
RCP-TMDB-53331,Oatmeal pancakes,,sarapan,"Place all the ingredients in the glass and beat.
Let the mixture stand for 10 minutes.
Grease a hot frying pan with a little butter and pour a little of the mixture.
When it starts to bubble on the surface, turn over with a spatula. Cook over medium-low heat so that they do not burn.
Finally, add the caramel and strawberries.",false,"Kandidat scratch: meal slot masih saran; porsi, bahan/takaran gram, harga lokal, gizi, dan penggunaan sumber belum ditinjau",TheMealDB API; kandidat belum dikurasi,https://goya.es/en/recipes/oatmeal-pancakes,"{""api_source"": ""TheMealDB API"", ""source_id"": ""53331"", ""source_category"": ""Breakfast"", ""source_area"": ""Venezuela"", ""suggested_meal_type"": ""sarapan"", ""themealdb_url"": ""https://www.themealdb.com/meal/53331"", ""image_url"": ""https://www.themealdb.com/images/media/meals/c400ok1764439058.jpg"", ""ingredients"": [{""ingredient"": ""Egg"", ""measure"": ""1 medium""}, {""ingredient"": ""Milk"", ""measure"": ""80 ml""}, {""ingredient"": ""Sugar"", ""measure"": ""1 tablespoon""}, {""ingredient"": ""Baking Powder"", ""measure"": ""1 tsp""}, {""ingredient"": ""Salt"", ""measure"": ""Pinch""}, {""ingredient"": ""Vanilla Extract"", ""measure"": ""1 dash""}, {""ingredient"": ""Ground Oats"", ""measure"": ""150g""}, {""ingredient"": ""Butter"", ""measure"": ""150g""}, {""ingredient"": ""Sugar Syrup"", ""measure"": ""1 tablespoon""}, {""ingredient"": ""Strawberries"", ""measure"": ""3""}], ""review_status"": ""needs_manual_mapping_portion_nutrition_price_rights_and_meal_slot_review""}",true
RCP-TMDB-53118,Rømmegrøt – Norwegian Sour Cream Porridge,,sarapan,"▢
Cook the sour cream in a covered saucepan on medium heat for about 5 minutes.
▢
Turn down the heat and add half of the flour and stir well with a whisk. Once the flour is fully incorporated, let the mixture continue to cook, stirring occasionally, until fat starts to release. Use a spoon to gather as much of the fat as you can in a small bowl, saving for later. (Don't worry if you can't get any fat – in that case you can add butter later.)
▢
Whisk in the rest of the flour and then slowly add the milk, whisking constantly to avoid lumps. Let the porridge continue to cook on low heat for 5 minutes and then add salt.
▢
Serve with sugar, cinnamon, and the fat from the porridge. If you're using lower fat sour cream you can top the rømmegrøt with some butter instead.",false,"Kandidat scratch: meal slot masih saran; porsi, bahan/takaran gram, harga lokal, gizi, dan penggunaan sumber belum ditinjau",TheMealDB API; kandidat belum dikurasi,https://scandinaviancookbook.com/rommegrot-norwegian-sour-cream-porridge/,"{""api_source"": ""TheMealDB API"", ""source_id"": ""53118"", ""source_category"": ""Breakfast"", ""source_area"": ""Norway"", ""suggested_meal_type"": ""sarapan"", ""themealdb_url"": ""https://www.themealdb.com/meal/53118"", ""image_url"": ""https://www.themealdb.com/images/media/meals/hyk47c1762772689.jpg"", ""ingredients"": [{""ingredient"": ""Full fat sour cream"", ""measure"": ""2 cups""}, {""ingredient"": ""Flour"", ""measure"": ""3/4 cup""}, {""ingredient"": ""Milk"", ""measure"": ""2 cups""}, {""ingredient"": ""Salt"", ""measure"": ""1 tsp""}, {""ingredient"": ""Sugar"", ""measure"": ""Sprinkling""}, {""ingredient"": ""Cinnamon"", ""measure"": ""Sprinkling""}, {""ingredient"": ""Butter"", ""measure"": ""To taste""}], ""review_status"": ""needs_manual_mapping_portion_nutrition_price_rights_and_meal_slot_review""}",true
RCP-TMDB-52962,Salmon Eggs Eggs Benedict,,sarapan,"First make the Hollandaise sauce. Put the lemon juice and vinegar in a small bowl, add the egg yolks and whisk with a balloon whisk until light and frothy. Place the bowl over a pan of simmering water and whisk until mixture thickens. Gradually add the butter, whisking constantly until thick – if it looks like it might be splitting, then whisk off the heat for a few mins. Season and keep warm.

To poach the eggs, bring a large pan of water to the boil and add the vinegar. Lower the heat so that the water is simmering gently. Stir the water so you have a slight whirlpool, then slide in the eggs one by one. Cook each for about 4 mins, then remove with a slotted spoon.

Lightly toast and butter the muffins, then put a couple of slices of salmon on each half. Top each with an egg, spoon over some Hollandaise and garnish with chopped chives.",false,"Kandidat scratch: meal slot masih saran; porsi, bahan/takaran gram, harga lokal, gizi, dan penggunaan sumber belum ditinjau",TheMealDB API; kandidat belum dikurasi,https://www.bbcgoodfood.com/recipes/73606/eggs-benedict-with-smoked-salmon-and-chives,"{""api_source"": ""TheMealDB API"", ""source_id"": ""52962"", ""source_category"": ""Breakfast"", ""source_area"": ""United States"", ""suggested_meal_type"": ""sarapan"", ""themealdb_url"": ""https://www.themealdb.com/meal/52962"", ""image_url"": ""https://www.themealdb.com/images/media/meals/1550440197.jpg"", ""ingredients"": [{""ingredient"": ""Eggs"", ""measure"": ""4""}, {""ingredient"": ""White Wine Vinegar"", ""measure"": ""2 tbs""}, {""ingredient"": ""English Muffins"", ""measure"": ""2""}, {""ingredient"": ""Butter"", ""measure"": ""To serve""}, {""ingredient"": ""Smoked Salmon"", ""measure"": ""8 slices""}, {""ingredient"": ""Lemon Juice"", ""measure"": ""2 tsp""}, {""ingredient"": ""White Wine Vinegar"", ""measure"": ""2 tsp""}, {""ingredient"": ""Egg"", ""measure"": ""3 Yolkes""}, {""ingredient"": ""Unsalted Butter"", ""measure"": ""125g""}], ""review_status"": ""needs_manual_mapping_portion_nutrition_price_rights_and_meal_slot_review""}",true
RCP-TMDB-52964,Smoked Haddock Kedgeree,,sarapan,"Melt 50g butter in a large saucepan (about 20cm across), add 1 finely chopped medium onion and cook gently over a medium heat for 5 minutes, until softened but not browned.

Stir in 3 split cardamom pods, ¼ tsp turmeric, 1 small cinnamon stick and 2 bay leaves, then cook for 1 minute.

Tip in 450g basmati rice and stir until it is all well coated in the spicy butter.

Pour in 1 litre chicken or fish stock, add ½ teaspoon salt and bring to the boil, stir once to release any rice from the bottom of the pan. Cover with a close-fitting lid, reduce the heat to low and leave to cook very gently for 12 minutes.

Meanwhile, bring some water to the boil in a large shallow pan. Add 750g un-dyed smoked haddock fillet and simmer for 4 minutes, until the fish is just cooked. Lift it out onto a plate and leave until cool enough to handle.

Hard-boil 3 eggs for 8 minutes.

Flake the fish, discarding any skin and bones. Drain the eggs, cool slightly, then peel and chop. 

Uncover the rice and remove the bay leaves, cinnamon stick and cardamom pods if you wish to. Gently fork in the fish and the chopped eggs, cover again and return to the heat for 2-3 minutes, or until the fish has heated through.

Gently stir in almost all the 3 tbsp chopped fresh parsley, and season with a little salt and black pepper to taste. Serve scattered with the remaining parsley and garnished with 1 lemon, cut into wedges.",false,"Kandidat scratch: meal slot masih saran; porsi, bahan/takaran gram, harga lokal, gizi, dan penggunaan sumber belum ditinjau",TheMealDB API; kandidat belum dikurasi,https://www.bbcgoodfood.com/recipes/2256/smoked-haddock-kedgeree,"{""api_source"": ""TheMealDB API"", ""source_id"": ""52964"", ""source_category"": ""Breakfast"", ""source_area"": ""India"", ""suggested_meal_type"": ""sarapan"", ""themealdb_url"": ""https://www.themealdb.com/meal/52964"", ""image_url"": ""https://www.themealdb.com/images/media/meals/1550441275.jpg"", ""ingredients"": [{""ingredient"": ""Butter"", ""measure"": ""50g""}, {""ingredient"": ""Onion"", ""measure"": ""1 chopped""}, {""ingredient"": ""Cardamom"", ""measure"": ""3 Pods""}, {""ingredient"": ""Turmeric"", ""measure"": ""1/4 tsp""}, {""ingredient"": ""Cinnamon Stick"", ""measure"": ""1 small""}, {""ingredient"": ""Bay Leaf"", ""measure"": ""Sprigs of fresh""}, {""ingredient"": ""Basmati Rice"", ""measure"": ""450g""}, {""ingredient"": ""Chicken Stock"", ""measure"": ""1 Litre""}, {""ingredient"": ""Smoked Haddock"", ""measure"": ""750g""}, {""ingredient"": ""Eggs"", ""measure"": ""3""}, {""ingredient"": ""Parsley"", ""measure"": ""3 tblsp chopped""}, {""ingredient"": ""Lemon"", ""measure"": ""1 chopped""}], ""review_status"": ""needs_manual_mapping_portion_nutrition_price_rights_and_meal_slot_review""}",true
RCP-TMDB-53415,Torrijas,,sarapan,"Finely grate the zest of 1 medium orange (about 2 teaspoons) and 1 medium lemon (about 1 teaspoon) into a medium saucepan.
Add 1 quart whole milk, 1/2 cup granulated sugar, and 1 (3-inch) cinnamon stick. Bring to a boil over medium heat. Remove the pan from the heat and add 1/3 cup dry sherry. Let sit until cool enough to handle. Meanwhile, cut 1 (12-ounce) day-old baguette crosswise into 1-inch-thick slices (about 16). Arrange in a single layer on a rimmed baking sheet.
Pour the milk mixture over the bread and let it soak for 5 minutes. Flip each slice of bread. Let the bread sit until it absorbs most of the liquid but isn't falling apart, about 5 minutes more.
Heat 1 cup olive oil in a large frying pan over medium-high heat until shimmering. Meanwhile, whisk 4 eggs together in a medium bowl.
Working with 1 slice at a time, dip the bread in the egg mixture to coat. Let the excess drip off, then add to the pan. Repeat with as many slices as needed until the pan is filled with a single layer. Fry until golden-brown on the bottom, about 4 minutes. Flip the slices and fry until the second side until golden-brown, 3 to 4 minutes more. Transfer to a paper towel-lined plate or baking sheet. Repeat dipping and frying the remaining bread. Drizzle with honey to serve.",false,"Kandidat scratch: meal slot masih saran; porsi, bahan/takaran gram, harga lokal, gizi, dan penggunaan sumber belum ditinjau",TheMealDB API; kandidat belum dikurasi,https://www.thekitchn.com/torrijas-recipe-23214033#post-recipe-286240303,"{""api_source"": ""TheMealDB API"", ""source_id"": ""53415"", ""source_category"": ""Breakfast"", ""source_area"": """", ""suggested_meal_type"": ""sarapan"", ""themealdb_url"": ""https://www.themealdb.com/meal/53415"", ""image_url"": ""https://www.themealdb.com/images/media/meals/927vvp1779732018.jpg"", ""ingredients"": [{""ingredient"": ""Orange"", ""measure"": ""1 medium""}, {""ingredient"": ""Lemon"", ""measure"": ""1 medium""}, {""ingredient"": ""Whole Milk"", ""measure"": ""4 cups""}, {""ingredient"": ""Sugar"", ""measure"": ""1/2 cup""}, {""ingredient"": ""Cinnamon Stick"", ""measure"": ""1""}, {""ingredient"": ""Dry sherry"", ""measure"": ""1/3 cup""}, {""ingredient"": ""Baguette"", ""measure"": ""1""}, {""ingredient"": ""Olive Oil"", ""measure"": ""1 cup""}, {""ingredient"": ""Eggs"", ""measure"": ""4 large""}, {""ingredient"": ""Honey"", ""measure"": ""To serve""}], ""review_status"": ""needs_manual_mapping_portion_nutrition_price_rights_and_meal_slot_review""}",true
RCP-TMDB-53165,Torrijas with sherry,,sarapan,"step 1
In a wide, shallow bowl, beat the eggs with the cream, milk, golden caster sugar and sherry. Cut each slice of bread in two and dip them into the egg mix, turning to make sure they get a good coating on either side. Soak bread in egg mixture for 10 mins to absorb the liquid (carefully turn them over from time to time and make sure they don’t get too soggy).

step 2
Heat 1½ tbsp olive oil in a large frying pan and cook the bread for about 3 mins on each side until dark golden and crisp on the edge. Keep the slices warm in a low oven as you cook the rest.

step 3
Divide the torrijas between plates and dust with the icing sugar. Serve with crème fraîche or Greek yogurt on the side.",false,"Kandidat scratch: meal slot masih saran; porsi, bahan/takaran gram, harga lokal, gizi, dan penggunaan sumber belum ditinjau",TheMealDB API; kandidat belum dikurasi,https://www.bbcgoodfood.com/recipes/torrijas-sherry,"{""api_source"": ""TheMealDB API"", ""source_id"": ""53165"", ""source_category"": ""Breakfast"", ""source_area"": ""Spanish"", ""suggested_meal_type"": ""sarapan"", ""themealdb_url"": ""https://www.themealdb.com/meal/53165"", ""image_url"": ""https://www.themealdb.com/images/media/meals/f3ee3y1763309332.jpg"", ""ingredients"": [{""ingredient"": ""Egg"", ""measure"": ""2 medium""}, {""ingredient"": ""Double Cream"", ""measure"": ""2 tbsp""}, {""ingredient"": ""Milk"", ""measure"": ""2 tblsp""}, {""ingredient"": ""Golden Caster Sugar"", ""measure"": ""3 tsp""}, {""ingredient"": ""Sweet Sherry"", ""measure"": ""3  tablespoons""}, {""ingredient"": ""Bread"", ""measure"": ""4 thick slices""}, {""ingredient"": ""Olive Oil"", ""measure"": ""For frying""}, {""ingredient"": ""Icing Sugar"", ""measure"": ""To serve""}, {""ingredient"": ""Creme Fraiche"", ""measure"": ""To serve""}], ""review_status"": ""needs_manual_mapping_portion_nutrition_price_rights_and_meal_slot_review""}",true
RCP-TMDB-53114,Ugali – Kenyan cornmeal,,sarapan,"Bring the water to a boil in a medium saucepan.
Reduce the heat to low, and stirring constantly with a whisk, slowly add the cornmeal to the boiling water. The ugali will begin to thicken quite quickly.
Continue cooking on low heat, stirring constantly with a sturdy wooden spoon, until the ugali begins to pull away from the sides of the pan, hold together, and takes on the aroma of roasted corn. Turn it out immediately onto a serving plate. If you would like, using a spoon or spatula, quickly shape it into a thick disk or round.
The ugali will continue to firm as it cools and will be thick enough to cut with a knife (similar to firm polenta).",false,"Kandidat scratch: meal slot masih saran; porsi, bahan/takaran gram, harga lokal, gizi, dan penggunaan sumber belum ditinjau",TheMealDB API; kandidat belum dikurasi,https://tasteoftheplace.com/ugali-kenyan-cornmeal/,"{""api_source"": ""TheMealDB API"", ""source_id"": ""53114"", ""source_category"": ""Breakfast"", ""source_area"": ""Kenyan"", ""suggested_meal_type"": ""sarapan"", ""themealdb_url"": ""https://www.themealdb.com/meal/53114"", ""image_url"": ""https://www.themealdb.com/images/media/meals/smoa3h1762341142.jpg"", ""ingredients"": [{""ingredient"": ""Water"", ""measure"": ""2 cups""}, {""ingredient"": ""White Cornmeal"", ""measure"": ""1 1/2 cups""}], ""review_status"": ""needs_manual_mapping_portion_nutrition_price_rights_and_meal_slot_review""}",true
RCP-TMDB-53225,Yemeni Lahsa (Elite Shakshuka),,sarapan,"1
First, On medium heat, heat the olive oil and add the diced onion until it wethers. Next, add the tomatoes and cook for another 4-5 min. Lastly, add the all spice, salt, and cracked pepper.
2
Add the eggs and mix throughly for 2 minutes and cover to cook 5-6 minutes until top is solidified. Lastly, spread the liquid cheese and have it covered for a minute.
3
I served mine Mediterranean style with hash-browns, Egyptian fava beans, Turkish salami and olives, cheese wedges, and greek feta.",false,"Kandidat scratch: meal slot masih saran; porsi, bahan/takaran gram, harga lokal, gizi, dan penggunaan sumber belum ditinjau",TheMealDB API; kandidat belum dikurasi,https://cookpad.com/eng/recipes/24629321?ref=search&search_term=saudi+arabia,"{""api_source"": ""TheMealDB API"", ""source_id"": ""53225"", ""source_category"": ""Breakfast"", ""source_area"": ""Saudi Arabian"", ""suggested_meal_type"": ""sarapan"", ""themealdb_url"": ""https://www.themealdb.com/meal/53225"", ""image_url"": ""https://www.themealdb.com/images/media/meals/30s7vf1763741844.jpg"", ""ingredients"": [{""ingredient"": ""Egg"", ""measure"": ""5""}, {""ingredient"": ""Onion"", ""measure"": ""1 Diced""}, {""ingredient"": ""Tomato"", ""measure"": ""1 Diced""}, {""ingredient"": ""Olive Oil"", ""measure"": ""2 tablespoons""}, {""ingredient"": ""Allspice"", ""measure"": ""1/4 tsp""}, {""ingredient"": ""Black Pepper"", ""measure"": ""1/4 tsp""}, {""ingredient"": ""Liquid Cheese"", ""measure"": ""3  tablespoons""}], ""review_status"": ""needs_manual_mapping_portion_nutrition_price_rights_and_meal_slot_review""}",true
RCP-TMDB-53425,Authentic Laos Tapioca Pudding with Bananas,,sarapan,"In a bowl of warm water, add tapioca pearls and allow them to soak for 20 minutes.
Prepare bananas by peeling them and cutting them into ½ inch slices. Set the slices aside
On a stove, pour in 4 cups of water and bring it to a boil. Add in the banana slices.
After 20 minutes, drain the tapioca pearls in cold water to allow the pearls to separate from each other.
Add the tapioca pearls into the the pot. Allow to simmer for 3 minutes or until the tapioca pearls turn clear.
Next, add in sugar and pour in the coconut cream. Stir the ingredients gently for 3 minutes to incorporate the flavors.
Add salt to taste.",false,"Kandidat scratch: meal slot masih saran; porsi, bahan/takaran gram, harga lokal, gizi, dan penggunaan sumber belum ditinjau",TheMealDB API; kandidat belum dikurasi,https://cookingwithlane.com/laos-banana-tapioca-pudding-nam-van-mak-kuay/,"{""api_source"": ""TheMealDB API"", ""source_id"": ""53425"", ""source_category"": ""Dessert"", ""source_area"": """", ""suggested_meal_type"": ""sarapan"", ""themealdb_url"": ""https://www.themealdb.com/meal/53425"", ""image_url"": ""https://www.themealdb.com/images/media/meals/5pmn0g1779813285.jpg"", ""ingredients"": [{""ingredient"": ""Warm Water"", ""measure"": ""1 cup""}, {""ingredient"": ""Water"", ""measure"": ""4 cups""}, {""ingredient"": ""Tapioca"", ""measure"": ""3  tablespoons""}, {""ingredient"": ""Coconut Milk"", ""measure"": ""14 oz jar""}, {""ingredient"": ""Sugar"", ""measure"": ""2 tablespoons""}, {""ingredient"": ""Banana"", ""measure"": ""3 Cups""}, {""ingredient"": ""Water"", ""measure"": ""4 cups""}, {""ingredient"": ""Salt"", ""measure"": ""To taste""}], ""review_status"": ""needs_manual_mapping_portion_nutrition_price_rights_and_meal_slot_review""}",true
RCP-TMDB-53281,Algerian Kefta (Meatballs),,makan_siang,"Combine ground beef with 1/2 of the minced garlic and 1 tablespoon chopped onion in a large bowl. Mix with your hands until fully incorporated. Shape meat mixture into 1 1/2-inch oblong patties; you should have 12 to 14 meatballs.

Heat a large skillet over medium-high heat. Brown patties in batches in the hot skillet until crispy on both sides and no longer pink in the center, about 10 minutes. Set meatballs aside in a rimmed serving dish.

Reduce heat to medium and stir remaining chopped onion into drippings in the skillet. Season with salt and pepper. Cook, stirring constantly, until onion has softened and turned translucent, about 5 minutes. Stir in remaining garlic and cook for 30 seconds. Stir in Roma tomatoes, dried parsley, and ras el hanout. Pour in water. Cook until tomatoes are soft, about 5 minutes.

Pour tomato sauce over meatballs to serve.",false,"Kandidat scratch: meal slot masih saran; porsi, bahan/takaran gram, harga lokal, gizi, dan penggunaan sumber belum ditinjau",TheMealDB API; kandidat belum dikurasi,https://www.allrecipes.com/recipe/153790/algerian-kefta-meatballs/,"{""api_source"": ""TheMealDB API"", ""source_id"": ""53281"", ""source_category"": ""Beef"", ""source_area"": ""Algerian"", ""suggested_meal_type"": ""makan_siang"", ""themealdb_url"": ""https://www.themealdb.com/meal/53281"", ""image_url"": ""https://www.themealdb.com/images/media/meals/8rfd4q1764112993.jpg"", ""ingredients"": [{""ingredient"": ""Ground Beef"", ""measure"": ""1 lb""}, {""ingredient"": ""Garlic"", ""measure"": ""4 Cloves Crushed""}, {""ingredient"": ""Onion"", ""measure"": ""1/2 cup""}, {""ingredient"": ""Salt"", ""measure"": ""To taste""}, {""ingredient"": ""Pepper"", ""measure"": ""To taste""}, {""ingredient"": ""Plum Tomatoes"", ""measure"": ""3""}, {""ingredient"": ""Parsley"", ""measure"": ""1 tsp""}, {""ingredient"": ""Water"", ""measure"": ""1/2 cup""}], ""review_status"": ""needs_manual_mapping_portion_nutrition_price_rights_and_meal_slot_review""}",true
RCP-TMDB-53085,15-minute chicken & halloumi burgers,,makan_malam,"STEP 1

Put the chicken breasts between two pieces of baking parchment and use a rolling pin to gently bash them until they are approximately 1cm thick. Cut each chicken breast into two even pieces.

STEP 2

If you're using a frying pan, heat two frying pans over medium-high heat, with one of them containing oil. Fry the chicken in the oiled pan for 3-4 mins on each side until they are cooked through. Season the chicken, reduce the heat, drizzle in the chilli sauce and half of the lemon juice, and cook for an additional 1-2 mins until the sauce is reduced. Remove the chicken from the heat.

STEP 3

If you're using an air-fryer, preheat it to 180C for 4 mins. Add the chicken to the air-fryer and cook for 12 mins. Drizzle over the chilli sauce and half the lemon juice and cook for an additional 1-2 mins until the chicken is cooked through and the sauce is reduced. Remove the chicken and keep it warm.
STEP 4

While the chicken is cooking, toast the buns in the dry frying pan for 30 seconds. Transfer them to a plate. If you're using an air fryer, put the buns in the air fryer for 1-2 mins until they are warm. Increase the air fryer temperature to 200C. Add the halloumi to the air fryer basket and cook for 10 mins, turning halfway through, until it's golden. Toss the cabbage with the mayo and the remaining lemon juice.

STEP 5

Spoon the hummus (or dip of your choice) into the toasted buns, then top with the rocket, chilli chicken, halloumi, and peppers. Drizzle with a little more chilli sauce, spoon over the cabbage, season with black pepper, and top with the bun lids. Serve with any extra cabbage on the side or a green salad.",false,"Kandidat scratch: meal slot masih saran; porsi, bahan/takaran gram, harga lokal, gizi, dan penggunaan sumber belum ditinjau",TheMealDB API; kandidat belum dikurasi,https://www.bbcgoodfood.com/recipes/15-minute-chicken-halloumi-burgers,"{""api_source"": ""TheMealDB API"", ""source_id"": ""53085"", ""source_category"": ""Chicken"", ""source_area"": ""United States"", ""suggested_meal_type"": ""makan_malam"", ""themealdb_url"": ""https://www.themealdb.com/meal/53085"", ""image_url"": ""https://www.themealdb.com/images/media/meals/vdwloy1713225718.jpg"", ""ingredients"": [{""ingredient"": ""Chicken Breasts"", ""measure"": ""2""}, {""ingredient"": ""Oil"", ""measure"": ""1 tbsp""}, {""ingredient"": ""Hotsauce"", ""measure"": ""4 tbsp""}, {""ingredient"": ""Lemon Juice"", ""measure"": ""½""}, {""ingredient"": ""Buns"", ""measure"": ""2""}, {""ingredient"": ""Cheese"", ""measure"": ""250g""}, {""ingredient"": ""Cabbage"", ""measure"": ""¼""}, {""ingredient"": ""Mayonnaise"", ""measure"": ""2 tbsp""}, {""ingredient"": ""Sour Cream"", ""measure"": ""4 tbsp""}, {""ingredient"": ""Lettuce"", ""measure"": ""4 leaves""}, {""ingredient"": ""Red Pepper"", ""measure"": ""2""}], ""review_status"": ""needs_manual_mapping_portion_nutrition_price_rights_and_meal_slot_review""}",true
RCP-TMDB-53483,Acaraje black-eyed pea fritters with shrimp filling,,makan_siang,"step 1
Make the filling by placing the onion, ginger, garlic, chilli, and some salt into food processor. Purée until smooth. Heat the oil in a frying pan and pour the purée into it. Fry for 5 mins or until cooked through. Add the prawns, tomatoes and chopped coriander. Squeeze in the lime and add salt to taste. Cook for 3 mins, or until the prawns have cooked through. Remove from the heat.

step 2
Drain and rinse the black-eyed peas. Pour into a food processor with the garlic and chili. Purée until smooth. Scrape into a bowl and add the onion, flour, salt, chilli powder and baking powder. Mix and roll into 16 balls.

step 3
Heat the oven to 190C/170C fan/gas 5. Heat 8cm of the palm or vegetable oil in a wok or small heavy pan. When a small piece of bread sizzles, drop 4-5 balls into the oil. Fry until golden and crisp, about 4-5 mins. Drain on kitchen paper and repeat until they are all finished. You can keep them warm in the oven while you finish. Slice the fritters open down the centre and spoon the prawn filling in. Serve with hot sauce.",false,"Kandidat scratch: meal slot masih saran; porsi, bahan/takaran gram, harga lokal, gizi, dan penggunaan sumber belum ditinjau",TheMealDB API; kandidat belum dikurasi,https://www.bbcgoodfood.com/recipes/caraje-black-eyed-pea-fritters-shrimp-filling,"{""api_source"": ""TheMealDB API"", ""source_id"": ""53483"", ""source_category"": ""Seafood"", ""source_area"": """", ""suggested_meal_type"": ""makan_siang"", ""themealdb_url"": ""https://www.themealdb.com/meal/53483"", ""image_url"": ""https://www.themealdb.com/images/media/meals/dxs5t71782678369.jpg"", ""ingredients"": [{""ingredient"": ""Black Eyed Peas"", ""measure"": ""800g""}, {""ingredient"": ""Garlic"", ""measure"": ""1 clove""}, {""ingredient"": ""Green Chilli"", ""measure"": ""1""}, {""ingredient"": ""Red Onions"", ""measure"": ""1 small finely diced""}, {""ingredient"": ""Plain Flour"", ""measure"": ""2 tablespoons""}, {""ingredient"": ""Salt"", ""measure"": ""1 tsp""}, {""ingredient"": ""Chilli Powder"", ""measure"": ""1 tsp""}, {""ingredient"": ""Baking Powder"", ""measure"": ""1 tsp""}, {""ingredient"": ""Vegetable Oil"", ""measure"": ""For frying""}, {""ingredient"": ""Red Onions"", ""measure"": ""1 sliced""}, {""ingredient"": ""Ginger"", ""measure"": ""1 tablespoon chopped""}, {""ingredient"": ""Garlic"", ""measure"": ""2 cloves""}, {""ingredient"": ""Red Chilli"", ""measure"": ""1 chopped""}, {""ingredient"": ""Raw tiger prawns"", ""measure"": ""150g""}, {""ingredient"": ""Vegetable Oil"", ""measure"": ""1 tablespoon""}, {""ingredient"": ""Plum Tomatoes"", ""measure"": ""2""}, {""ingredient"": ""Coriander"", ""measure"": ""1 tablespoon chopped""}, {""ingredient"": ""Lime"", ""measure"": ""Juice of 1""}], ""review_status"": ""needs_manual_mapping_portion_nutrition_price_rights_and_meal_slot_review""}",true
RCP-TMDB-53158,Air fryer patatas bravas,,makan_malam,"step 1
Soak the potatoes in just-boiled water for 30 mins, then drain and leave to air-dry for 5 mins. Heat the air fryer to 200C. Tip the potatoes into a bowl and drizzle over 1 tbsp of the oil and add 1/2 tsp each of salt and freshly ground black pepper. Mix to coat the potatoes all over, then tip into the air fryer basket and cook for 20-30 mins until crisp and golden.

step 2
Meanwhile, heat the remaining oil in a small pan over a medium-low heat and fry the onion for 8-10 mins until softened but not golden. Stir in the garlic and cook for a minute before adding the paprika and cooking for 30 seconds more. Stir in the tomato purée, cook for 1 min, then tip in the chopped tomatoes. Cook for 5-10 mins over a medium heat until thickened slightly.

step 3
Once the potatoes are cooked, tip out onto a platter and pour over the tomato sauce. Sprinkle with the basil leaves, then serve.",false,"Kandidat scratch: meal slot masih saran; porsi, bahan/takaran gram, harga lokal, gizi, dan penggunaan sumber belum ditinjau",TheMealDB API; kandidat belum dikurasi,https://www.bbcgoodfood.com/recipes/air-fryer-patatas-bravas,"{""api_source"": ""TheMealDB API"", ""source_id"": ""53158"", ""source_category"": ""Vegetarian"", ""source_area"": ""Spanish"", ""suggested_meal_type"": ""makan_malam"", ""themealdb_url"": ""https://www.themealdb.com/meal/53158"", ""image_url"": ""https://www.themealdb.com/images/media/meals/3m8yae1763257951.jpg"", ""ingredients"": [{""ingredient"": ""Potatoes"", ""measure"": ""900g""}, {""ingredient"": ""Olive Oil"", ""measure"": ""3  tablespoons""}, {""ingredient"": ""Onion"", ""measure"": ""1 chopped""}, {""ingredient"": ""Garlic"", ""measure"": ""1 clove peeled crushed""}, {""ingredient"": ""Paprika"", ""measure"": ""1 tblsp""}, {""ingredient"": ""Tomato Puree"", ""measure"": ""1 tblsp""}, {""ingredient"": ""Tinned Tomatos"", ""measure"": ""225g""}, {""ingredient"": ""Basil Leaves"", ""measure"": ""To serve""}], ""review_status"": ""needs_manual_mapping_portion_nutrition_price_rights_and_meal_slot_review""}",true
RCP-TMDB-53092,Fasoliyyeh Bi Z-Zayt (Syrian Green Beans with Olive Oil),,makan_siang,"Place the green beans into a large pot, and drizzle with olive oil. Season with salt to taste, and put the lid on the pot. Cook over medium-high heat, stirring occasionally, until beans are cooked to your desired doneness. Syrians like it cooked until the green beans are turning brownish in color. The idea is not to saute them, but to let them steam in the moisture released by the ice crystals.

Add cilantro and garlic to the beans, and continue to cook just until the cilantro has started to wilt. Eat as a main course by scooping up with warm pita bread or serve as a side dish.",false,"Kandidat scratch: meal slot masih saran; porsi, bahan/takaran gram, harga lokal, gizi, dan penggunaan sumber belum ditinjau",TheMealDB API; kandidat belum dikurasi,https://www.allrecipes.com/recipe/56161/fasoliyyeh-bi-z-zayt-syrian-green-beans-with-olive-oil/,"{""api_source"": ""TheMealDB API"", ""source_id"": ""53092"", ""source_category"": ""Vegan"", ""source_area"": ""Syrian"", ""suggested_meal_type"": ""makan_siang"", ""themealdb_url"": ""https://www.themealdb.com/meal/53092"", ""image_url"": ""https://www.themealdb.com/images/media/meals/21yc5s1760524759.jpg"", ""ingredients"": [{""ingredient"": ""Green Beans"", ""measure"": ""16 ounces""}, {""ingredient"": ""Olive Oil"", ""measure"": ""1/4 cup""}, {""ingredient"": ""Salt"", ""measure"": ""Dash""}, {""ingredient"": ""Garlic"", ""measure"": ""1 clove""}, {""ingredient"": ""Cilantro"", ""measure"": ""1/4 cup""}], ""review_status"": ""needs_manual_mapping_portion_nutrition_price_rights_and_meal_slot_review""}",true
RCP-TMDB-52839,Chilli prawn linguine,,makan_malam,"Mix the dressing ingredients in a small bowl and season with salt and pepper. Set aside.

Cook the pasta according to the packet instructions. Add the sugar snap peas for the last minute or so of cooking time.

Meanwhile, heat the oil in a wok or large frying pan, toss in the garlic and chilli and cook over a fairly gentle heat for about 30 seconds without letting the garlic brown. Tip in the prawns and cook over a high heat, stirring frequently, for about 3 minutes until they turn pink.

Add the tomatoes and cook, stirring occasionally, for 3 minutes until they just start to soften. Drain the pasta and sugar snaps well, then toss into the prawn mixture. Tear in the basil leaves, stir, and season with salt and pepper.

Serve with salad leaves drizzled with the lime dressing, and warm crusty bread.",false,"Kandidat scratch: meal slot masih saran; porsi, bahan/takaran gram, harga lokal, gizi, dan penggunaan sumber belum ditinjau",TheMealDB API; kandidat belum dikurasi,https://www.bbcgoodfood.com/recipes/1269/chilli-prawn-linguine,"{""api_source"": ""TheMealDB API"", ""source_id"": ""52839"", ""source_category"": ""Pasta"", ""source_area"": ""Italian"", ""suggested_meal_type"": ""makan_malam"", ""themealdb_url"": ""https://www.themealdb.com/meal/52839"", ""image_url"": ""https://www.themealdb.com/images/media/meals/usywpp1511189717.jpg"", ""ingredients"": [{""ingredient"": ""Linguine Pasta"", ""measure"": ""280g""}, {""ingredient"": ""Sugar Snap Peas"", ""measure"": ""200g""}, {""ingredient"": ""Olive Oil"", ""measure"": ""2 tblsp""}, {""ingredient"": ""Garlic Clove"", ""measure"": ""2 cloves chopped""}, {""ingredient"": ""Red Chilli"", ""measure"": ""1 large""}, {""ingredient"": ""King Prawns"", ""measure"": ""24 Skinned""}, {""ingredient"": ""Cherry Tomatoes"", ""measure"": ""12""}, {""ingredient"": ""Basil Leaves"", ""measure"": ""Handful""}, {""ingredient"": ""Lettuce"", ""measure"": ""Leaves""}, {""ingredient"": ""Bread"", ""measure"": ""to serve""}, {""ingredient"": ""Fromage Frais"", ""measure"": ""2 tbsp""}, {""ingredient"": ""Lime"", ""measure"": ""Grated Zest of 2""}, {""ingredient"": ""Caster Sugar"", ""measure"": ""2 tsp""}], ""review_status"": ""needs_manual_mapping_portion_nutrition_price_rights_and_meal_slot_review""}",true
RCP-TMDB-53527,Achiote Oil (Aceite Achiotado) Recipe,,makan_siang,"Heat the vegetable or olive oil and Achiote seeds in a small skillet over medium heat for about 2 to 3 minutes.
Don't let the seeds turn black. Remove the skillet from the heat and let stand for 5 minutes more. Strain the oil and store for up to 15 days at room temperature in a jar with a tight lid.",false,"Kandidat scratch: meal slot masih saran; porsi, bahan/takaran gram, harga lokal, gizi, dan penggunaan sumber belum ditinjau",TheMealDB API; kandidat belum dikurasi,https://www.mycolombianrecipes.com/achiote-oil-aceite-de-achiote/#recipe,"{""api_source"": ""TheMealDB API"", ""source_id"": ""53527"", ""source_category"": ""Miscellaneous"", ""source_area"": """", ""suggested_meal_type"": ""makan_siang"", ""themealdb_url"": ""https://www.themealdb.com/meal/53527"", ""image_url"": ""https://www.themealdb.com/images/media/meals/iuws3q1783801530.jpg"", ""ingredients"": [{""ingredient"": ""Vegetable Oil"", ""measure"": ""2 cups""}, {""ingredient"": ""Achiote Seeds"", ""measure"": ""4 tablespoons""}], ""review_status"": ""needs_manual_mapping_portion_nutrition_price_rights_and_meal_slot_review""}",true
RCP-TMDB-53262,Adana kebab,,makan_malam,"step 1
Finely chop the peppers in a food processor, then tip them in a sieve and press into the sieve so that the peppers release all of their juices. Tip into a bowl along with the mince, red pepper paste, pul biber, 1½ tsp flaky sea salt, and 2 tbsp of the oil. Mix together, kneading well for at least 2-3 mins. If you need to, wet your hands with cold water to prevent the mixture from sticking. The mixture should be sticky when ready. Cover and chill for at least 2 hrs, or up to 12 hrs.

step 2
When ready to cook, heat the grill to high or an oven to 220C/200C fan/gas 6. Divide the mixture into 12 equal portions, around 85g each. If you’d like to skewer them, divide into 8 equal portions and roll into balls. Using wet hands, thread the balls onto the end of the skewers, massaging the mixture down the skewers in between the palms of your hands, until evenly distributed. Ensure that the mixture is fully wrapped tightly around the skewers without any exposed metal. Alternatively, lay them on a large baking tray lined with parchment paper if cooking in the oven, or foil if cooking under the grill. Shape into 20cm-long köfte. Wet your fingers with a little cold water and make indents all along the köfte for the traditional shape.

step 3
Gently brush each köfte with the remaining 1 tbsp oil and cook under the grill, on the top shelf for 10-12 mins, turning regularly, or cook in the oven for 16-18 mins, until crispy on the outside and juicy in the middle",false,"Kandidat scratch: meal slot masih saran; porsi, bahan/takaran gram, harga lokal, gizi, dan penggunaan sumber belum ditinjau",TheMealDB API; kandidat belum dikurasi,https://www.bbcgoodfood.com/recipes/adana-kebab,"{""api_source"": ""TheMealDB API"", ""source_id"": ""53262"", ""source_category"": ""Lamb"", ""source_area"": ""Turkish"", ""suggested_meal_type"": ""makan_malam"", ""themealdb_url"": ""https://www.themealdb.com/meal/53262"", ""image_url"": ""https://www.themealdb.com/images/media/meals/04axct1763793018.jpg"", ""ingredients"": [{""ingredient"": ""Romano Pepper"", ""measure"": ""2 large""}, {""ingredient"": ""Lamb Mince"", ""measure"": ""800g""}, {""ingredient"": ""Red Pepper Paste"", ""measure"": ""3  tablespoons""}, {""ingredient"": ""Pul Biber"", ""measure"": ""1 tablespoon""}, {""ingredient"": ""Sunflower Oil"", ""measure"": ""3  tablespoons""}], ""review_status"": ""needs_manual_mapping_portion_nutrition_price_rights_and_meal_slot_review""}",true
RCP-TMDB-53354,Jamaican Curry Goat,,makan_siang,"Equipment

6QT Pressure cooker

Instructions
 
Rinse goat meat with vinegar and water.
Season goat meat with 1 ½ tablespoon curry powder, all-purpose seasoning, ground ginger, allspice, onion, garlic cloves, and thyme. Marinate for at least 4 hours or up to overnight.
Remove onion and garlic from goat and set aside.
Set an electric pressure cooker, like an Instant Pot, on high sauté and add oil. Add goat meat and brown, about 2-3 minutes per side. Remove goat from insert and add 1 tablespoon oil and remaining curry powder and sauté for about 10 seconds. Then add onions and garlic and sauté until softened. About 4 minutes. If the onions look dry, add a little water and continue to sauté.
Add goat and water to the pressure cooker and cover the pressure cooker. Cook for 40 minutes on high pressure. Allow to naturally release for 10 minutes, then release the remaining pressure.
Once all the pressure has been released, open the pressure cooker. Place on sauté for 10-15 minutes, add potatoes and a whole scotch bonnet pepper. Cook until potatoes have softened. Remove scotch bonnet pepper.",false,"Kandidat scratch: meal slot masih saran; porsi, bahan/takaran gram, harga lokal, gizi, dan penggunaan sumber belum ditinjau",TheMealDB API; kandidat belum dikurasi,https://www.myforkinglife.com/jamaican-curry-goat/#recipe,"{""api_source"": ""TheMealDB API"", ""source_id"": ""53354"", ""source_category"": ""Goat"", ""source_area"": ""Jamaican"", ""suggested_meal_type"": ""makan_siang"", ""themealdb_url"": ""https://www.themealdb.com/meal/53354"", ""image_url"": ""https://www.themealdb.com/images/media/meals/uc9qp11764796575.jpg"", ""ingredients"": [{""ingredient"": ""Goat Meat"", ""measure"": ""3 Lbs""}, {""ingredient"": ""Jamaican Curry Powder"", ""measure"": ""2.5 tbsp""}, {""ingredient"": ""Ground Ginger"", ""measure"": ""1/2 tsp""}, {""ingredient"": ""All-purpose Seasoning"", ""measure"": ""1/2 tsp""}, {""ingredient"": ""Allspice"", ""measure"": ""1/4 tsp""}, {""ingredient"": ""Onion"", ""measure"": ""1 chopped""}, {""ingredient"": ""Garlic"", ""measure"": ""6 cloves sliced""}, {""ingredient"": ""Thyme"", ""measure"": ""3 sprigs""}, {""ingredient"": ""Oil"", ""measure"": ""2 tablespoons""}, {""ingredient"": ""Water"", ""measure"": ""1 1/4 cup""}, {""ingredient"": ""Scotch Bonnet"", ""measure"": ""1""}, {""ingredient"": ""Russet Potato"", ""measure"": ""1 large""}, {""ingredient"": ""Salt"", ""measure"": ""To taste""}, {""ingredient"": ""Pepper"", ""measure"": ""To taste""}], ""review_status"": ""needs_manual_mapping_portion_nutrition_price_rights_and_meal_slot_review""}",true
RCP-TMDB-53334,Arepa Pabellón,,makan_malam,"Prepare the meat in a skillet and add salt and pepper to taste, heat the beans over medium heat in a pan, fry or grill the ripe plantains as indicated on its package and cut the tomato into small cubes. Reserve these ingredients until filling. 
Preheat the grill or pan and grill the arepa, putting it once on each side until they are golden brown. 
With the help of a knife, open it by the edge through the middle, creating a space to fill it with the ripe plantain, the beans, meat and chopped tomato. 
Serve with a little pico de gallo or guacamole dip sauce.",false,"Kandidat scratch: meal slot masih saran; porsi, bahan/takaran gram, harga lokal, gizi, dan penggunaan sumber belum ditinjau",TheMealDB API; kandidat belum dikurasi,https://goya.es/en/recipes/arepa-rellena-con-carne-frijol-y-madurito,"{""api_source"": ""TheMealDB API"", ""source_id"": ""53334"", ""source_category"": ""Beef"", ""source_area"": ""Venezuela"", ""suggested_meal_type"": ""makan_malam"", ""themealdb_url"": ""https://www.themealdb.com/meal/53334"", ""image_url"": ""https://www.themealdb.com/images/media/meals/13fg4j1764441982.jpg"", ""ingredients"": [{""ingredient"": ""Corn Arepa Filled With Mozarella Cheese"", ""measure"": ""2""}, {""ingredient"": ""Fried Ripe Bananas"", ""measure"": ""1""}, {""ingredient"": ""Black Beans"", ""measure"": ""1 Can""}, {""ingredient"": ""Pico De Gallo Sauce"", ""measure"": ""1""}, {""ingredient"": ""Shredded Meat"", ""measure"": ""2kg""}, {""ingredient"": ""Tomato"", ""measure"": ""1 chopped""}, {""ingredient"": ""Salt"", ""measure"": ""Pinch""}, {""ingredient"": ""Pepper"", ""measure"": ""Pinch""}], ""review_status"": ""needs_manual_mapping_portion_nutrition_price_rights_and_meal_slot_review""}",true
RCP-TMDB-53050,Ayam Percik,,makan_siang,"In a blender, add the ingredients for the spice paste and blend until smooth.
Over medium heat, pour the spice paste in a skillet or pan and fry for 10 minutes until fragrant. Add water or oil 1 tablespoon at a time if the paste becomes too dry. Don't burn the paste. Lower the fire slightly if needed.
Add the cloves, cardamom, tamarind pulp, coconut milk, water, sugar and salt. Turn the heat up and bring the mixture to boil. Turn the heat to medium low and simmer for 10 minutes. Stir occasionally. It will reduce slightly. This is the marinade/sauce, so taste and adjust seasoning if necessary. Don't worry if it's slightly bitter. It will go away when roasting.
When the marinade/sauce has cooled, pour everything over the chicken and marinate overnight to two days.
Preheat the oven to 425 F.
Remove the chicken from the marinade. Spoon the marinade onto a greased (or aluminum lined) baking sheet. Lay the chicken on top of the sauce (make sure the chicken covers the sauce and the sauce isn't exposed or it'll burn) and spread the remaining marinade on the chicken. Roast for 35-45 minutes or until internal temp of the thickest part of chicken is at least 175 F.
Let chicken rest for 5 minutes. Brush the chicken with some of the oil. Serve chicken with the sauce over steamed rice (or coconut rice).",false,"Kandidat scratch: meal slot masih saran; porsi, bahan/takaran gram, harga lokal, gizi, dan penggunaan sumber belum ditinjau",TheMealDB API; kandidat belum dikurasi,http://www.curiousnut.com/roasted-spiced-chicken-ayam-percik/,"{""api_source"": ""TheMealDB API"", ""source_id"": ""53050"", ""source_category"": ""Chicken"", ""source_area"": ""Malaysian"", ""suggested_meal_type"": ""makan_siang"", ""themealdb_url"": ""https://www.themealdb.com/meal/53050"", ""image_url"": ""https://www.themealdb.com/images/media/meals/020z181619788503.jpg"", ""ingredients"": [{""ingredient"": ""Chicken Thighs"", ""measure"": ""6""}, {""ingredient"": ""Challots"", ""measure"": ""16""}, {""ingredient"": ""Ginger"", ""measure"": ""1 1/2""}, {""ingredient"": ""Garlic Clove"", ""measure"": ""6""}, {""ingredient"": ""Cayenne Pepper"", ""measure"": ""8""}, {""ingredient"": ""Turmeric"", ""measure"": ""2 tbs""}, {""ingredient"": ""Cumin"", ""measure"": ""1 1/2""}, {""ingredient"": ""Coriander"", ""measure"": ""1 1/2""}, {""ingredient"": ""Fennel"", ""measure"": ""1 1/2""}, {""ingredient"": ""Tamarind Paste"", ""measure"": ""2 tbs""}, {""ingredient"": ""Coconut Milk"", ""measure"": ""1 can""}, {""ingredient"": ""Sugar"", ""measure"": ""1 tsp""}, {""ingredient"": ""Water"", ""measure"": ""1 cup""}], ""review_status"": ""needs_manual_mapping_portion_nutrition_price_rights_and_meal_slot_review""}",true
RCP-TMDB-53495,Amok Trey – Cambodian Fish Curry,,makan_malam,"1. In a medium bowl, combine the coconut milk, red curry paste, fish sauce, palm sugar, and broth, whisking until smooth—this ensures no lumps in the sauce.
2. Heat the vegetable oil in a large skillet over medium heat (about 350°F) for 30 seconds until shimmering.
3. Pour the coconut milk mixture into the skillet and bring it to a gentle simmer, stirring occasionally, which should take about 3-4 minutes.
4. Add the fish cubes and kaffir lime leaves to the skillet, submerging them fully in the sauce.
5. Reduce the heat to low, cover the skillet, and let it cook for 10 minutes until the fish is opaque and flakes easily with a fork—avoid overcooking to keep it tender.
6. Stir in the beaten egg slowly, cooking for 2 more minutes until the sauce thickens slightly, which adds a rich, custard-like texture.
7. While the curry simmers, prepare the banana leaves by briefly passing them over a gas flame for 10 seconds to make them pliable, or use parchment paper as a handy alternative.
8. Spoon the curry into the center of each banana leaf square, folding the edges to form a tight packet to trap steam.
9. Place the packets in a steamer basket over boiling water and steam for 10 minutes until heated through and fragrant.
10. Carefully unwrap the packets and garnish with fresh cilantro and lime wedges before serving",false,"Kandidat scratch: meal slot masih saran; porsi, bahan/takaran gram, harga lokal, gizi, dan penggunaan sumber belum ditinjau",TheMealDB API; kandidat belum dikurasi,https://recipes-for-life.com/cambodian-recipes/,"{""api_source"": ""TheMealDB API"", ""source_id"": ""53495"", ""source_category"": ""Seafood"", ""source_area"": """", ""suggested_meal_type"": ""makan_malam"", ""themealdb_url"": ""https://www.themealdb.com/meal/53495"", ""image_url"": ""https://www.themealdb.com/images/media/meals/diuub11782687570.jpg"", ""ingredients"": [{""ingredient"": ""Fish fillet"", ""measure"": ""1 lb""}, {""ingredient"": ""Coconut Milk"", ""measure"": ""1 Can""}, {""ingredient"": ""Red Curry Paste"", ""measure"": ""2 tablespoons""}, {""ingredient"": ""Fish Sauce"", ""measure"": ""1 tablespoon""}, {""ingredient"": ""Brown Sugar"", ""measure"": ""1 tsp""}, {""ingredient"": ""Chicken Stock"", ""measure"": ""1 cup""}, {""ingredient"": ""Egg"", ""measure"": ""1""}, {""ingredient"": ""Kaffir Lime Leaves"", ""measure"": ""2""}, {""ingredient"": ""Vegetable Oil"", ""measure"": ""1 tablespoon""}, {""ingredient"": ""Banana Leaves"", ""measure"": ""Handful""}, {""ingredient"": ""Cilantro"", ""measure"": ""Garnish""}, {""ingredient"": ""Lime"", ""measure"": ""Garnish""}], ""review_status"": ""needs_manual_mapping_portion_nutrition_price_rights_and_meal_slot_review""}",true
RCP-TMDB-53288,Algerian Flafla (Bell Pepper Salad),,makan_siang,"Preheat an oven to 450 degrees F (230 degrees C). Place the whole peppers on aluminum foil. Bake until the skin is spotted black and the peppers are soft, 30 to 45 minutes, turning the peppers once if necessary.

Remove peppers from the oven and set aside to cool for 10 minutes. Peel off the skin and remove the stem and seeds. Chop the roasted peppers into half-inch pieces.

Heat the olive oil in a skillet over medium heat. Stir in the onion and cook, stirring frequently, until the onion has softened and turned translucent, about 5 minutes. Add the garlic, salt, and pepper; stir in the chopped peppers and tomato. Cook over medium heat, stirring occasionally, until the tomato is soft and the mixture is well incorporated, about 5 minutes.",false,"Kandidat scratch: meal slot masih saran; porsi, bahan/takaran gram, harga lokal, gizi, dan penggunaan sumber belum ditinjau",TheMealDB API; kandidat belum dikurasi,https://www.allrecipes.com/recipe/153802/algerian-flafla-bell-pepper-salad/,"{""api_source"": ""TheMealDB API"", ""source_id"": ""53288"", ""source_category"": ""Vegetarian"", ""source_area"": ""Algerian"", ""suggested_meal_type"": ""makan_siang"", ""themealdb_url"": ""https://www.themealdb.com/meal/53288"", ""image_url"": ""https://www.themealdb.com/images/media/meals/tbj1bs1764118062.jpg"", ""ingredients"": [{""ingredient"": ""Green Pepper"", ""measure"": ""3""}, {""ingredient"": ""Olive Oil"", ""measure"": ""1 tablespoon""}, {""ingredient"": ""Red Onions"", ""measure"": ""1 tablespoon chopped""}, {""ingredient"": ""Garlic"", ""measure"": ""1 clove peeled crushed""}, {""ingredient"": ""Salt"", ""measure"": ""To taste""}, {""ingredient"": ""Pepper"", ""measure"": ""To taste""}, {""ingredient"": ""Plum Tomatoes"", ""measure"": ""1 Diced""}], ""review_status"": ""needs_manual_mapping_portion_nutrition_price_rights_and_meal_slot_review""}",true
RCP-TMDB-53150,Padron peppers,,makan_malam,"step 1
Heat the olive oil in a large frying pan over a high heat, or if using an air-fryer, heat to 205C for 3 mins. Fry the peppers, stirring frequently, for 5 mins until blistered and wilted. The peppers should be soft and slightly charred.

step 2
Transfer the peppers to a serving plate and season with some sea salt. Serve with dips or as part of a tapas spread, if you like.",false,"Kandidat scratch: meal slot masih saran; porsi, bahan/takaran gram, harga lokal, gizi, dan penggunaan sumber belum ditinjau",TheMealDB API; kandidat belum dikurasi,https://www.bbcgoodfood.com/recipes/padron-peppers,"{""api_source"": ""TheMealDB API"", ""source_id"": ""53150"", ""source_category"": ""Vegan"", ""source_area"": ""Spanish"", ""suggested_meal_type"": ""makan_malam"", ""themealdb_url"": ""https://www.themealdb.com/meal/53150"", ""image_url"": ""https://www.themealdb.com/images/media/meals/0ljvc51763248075.jpg"", ""ingredients"": [{""ingredient"": ""Olive Oil"", ""measure"": ""1 tablespoon""}, {""ingredient"": ""Padron peppers"", ""measure"": ""500g""}], ""review_status"": ""needs_manual_mapping_portion_nutrition_price_rights_and_meal_slot_review""}",true
RCP-TMDB-53064,Fettuccine Alfredo,,makan_siang,"Cook pasta according to package instructions in a large pot of boiling water and salt. Add heavy cream and butter to a large skillet over medium heat until the cream bubbles and the butter melts. Whisk in parmesan and add seasoning (salt and black pepper). Let the sauce thicken slightly and then add the pasta and toss until coated in sauce. Garnish with parsley, and it's ready.",false,"Kandidat scratch: meal slot masih saran; porsi, bahan/takaran gram, harga lokal, gizi, dan penggunaan sumber belum ditinjau",TheMealDB API; kandidat belum dikurasi,https://www.delish.com/cooking/recipe-ideas/a55312/best-homemade-fettuccine-alfredo-recipe/,"{""api_source"": ""TheMealDB API"", ""source_id"": ""53064"", ""source_category"": ""Pasta"", ""source_area"": ""Italian"", ""suggested_meal_type"": ""makan_siang"", ""themealdb_url"": ""https://www.themealdb.com/meal/53064"", ""image_url"": ""https://www.themealdb.com/images/media/meals/0jv5gx1661040802.jpg"", ""ingredients"": [{""ingredient"": ""Fettuccine"", ""measure"": ""1 lb""}, {""ingredient"": ""Heavy Cream"", ""measure"": ""1/2 cup""}, {""ingredient"": ""Butter"", ""measure"": ""1/2 cup""}, {""ingredient"": ""Parmesan"", ""measure"": ""1/2 cup""}, {""ingredient"": ""Parsley"", ""measure"": ""2 tbsp""}, {""ingredient"": ""Black Pepper"", ""measure"": """"}], ""review_status"": ""needs_manual_mapping_portion_nutrition_price_rights_and_meal_slot_review""}",true
RCP-TMDB-53525,Ají de Aguacate Recipe (Colombian Spicy Avocado Sauce),,makan_malam,"Place all the ingredients in a food processor. Process until the mixture is well combined.
If the mixture is too thick, add more lime juice until you reach the desired consistency.",false,"Kandidat scratch: meal slot masih saran; porsi, bahan/takaran gram, harga lokal, gizi, dan penggunaan sumber belum ditinjau",TheMealDB API; kandidat belum dikurasi,https://www.mycolombianrecipes.com/aji-de-aguacate-colombian-hot-avocado-sauce/#recipe,"{""api_source"": ""TheMealDB API"", ""source_id"": ""53525"", ""source_category"": ""Miscellaneous"", ""source_area"": """", ""suggested_meal_type"": ""makan_malam"", ""themealdb_url"": ""https://www.themealdb.com/meal/53525"", ""image_url"": ""https://www.themealdb.com/images/media/meals/jyvy8u1783800448.jpg"", ""ingredients"": [{""ingredient"": ""Avocado"", ""measure"": ""2""}, {""ingredient"": ""Habanero Pepper"", ""measure"": ""1""}, {""ingredient"": ""Egg"", ""measure"": ""1""}, {""ingredient"": ""Lime"", ""measure"": ""Juice of 2""}, {""ingredient"": ""Salt"", ""measure"": ""To taste""}, {""ingredient"": ""Vinegar"", ""measure"": ""2 tablespoons""}, {""ingredient"": ""Onion"", ""measure"": ""1 chopped""}, {""ingredient"": ""Scallions"", ""measure"": ""2 chopped""}, {""ingredient"": ""Cilantro"", ""measure"": ""4 tablespoons""}], ""review_status"": ""needs_manual_mapping_portion_nutrition_price_rights_and_meal_slot_review""}",true
RCP-TMDB-53265,Chilli ginger lamb chops,,makan_siang,"step 1
Put the garlic in a bowl with the ginger, lemon juice, oil, spices and seasoning. Blitz with a hand blender until smooth, then use to coat the lamb chops on both sides. Leave to marinate in the fridge for a couple of hours or overnight.

step 2
Heat a barbecue until hot. Barbecue the chops over the coals for 3 mins on each side until cooked but still pink and juicy in the centre.",false,"Kandidat scratch: meal slot masih saran; porsi, bahan/takaran gram, harga lokal, gizi, dan penggunaan sumber belum ditinjau",TheMealDB API; kandidat belum dikurasi,https://www.bbcgoodfood.com/recipes/chilli-ginger-lamb-chops,"{""api_source"": ""TheMealDB API"", ""source_id"": ""53265"", ""source_category"": ""Lamb"", ""source_area"": ""Turkish"", ""suggested_meal_type"": ""makan_siang"", ""themealdb_url"": ""https://www.themealdb.com/meal/53265"", ""image_url"": ""https://www.themealdb.com/images/media/meals/8xuvhj1763794991.jpg"", ""ingredients"": [{""ingredient"": ""Garlic"", ""measure"": ""4 Cloves Crushed""}, {""ingredient"": ""Ginger"", ""measure"": ""1 tblsp""}, {""ingredient"": ""Lemon Juice"", ""measure"": ""1 tblsp""}, {""ingredient"": ""Olive Oil"", ""measure"": ""1 tblsp""}, {""ingredient"": ""Chili Powder"", ""measure"": ""1/2 tsp""}, {""ingredient"": ""Cumin"", ""measure"": ""1 tsp""}, {""ingredient"": ""Lamb Loin Chops"", ""measure"": ""8""}], ""review_status"": ""needs_manual_mapping_portion_nutrition_price_rights_and_meal_slot_review""}",true
RCP-TMDB-52968,Mbuzi Choma (Roasted Goat),,makan_malam,"1. Steps for the Meat: 
 Roast meat over medium heat for 50 minutes and salt it as you turn it.

2. Steps for Ugali:
Bring the water and salt to a boil in a heavy-bottomed saucepan. Stir in the cornmeal slowly, letting it fall through the fingers of your hand.

3. Reduce heat to medium-low and continue stirring regularly, smashing any lumps with a spoon, until the mush pulls away from the sides of the pot and becomes very thick, about 10 minutes.

4.Remove from heat and allow to cool.

5. Place the ugali into a large serving bowl. Wet your hands with water, form a ball and serve.

6. Steps for Kachumbari: Mix the tomatoes, onions, chili and coriander leaves in a bowl.

7. Serve and enjoy!",false,"Kandidat scratch: meal slot masih saran; porsi, bahan/takaran gram, harga lokal, gizi, dan penggunaan sumber belum ditinjau",TheMealDB API; kandidat belum dikurasi,https://www.themealdb.com/meal/52968,"{""api_source"": ""TheMealDB API"", ""source_id"": ""52968"", ""source_category"": ""Goat"", ""source_area"": ""Kenyan"", ""suggested_meal_type"": ""makan_malam"", ""themealdb_url"": ""https://www.themealdb.com/meal/52968"", ""image_url"": ""https://www.themealdb.com/images/media/meals/cuio7s1555492979.jpg"", ""ingredients"": [{""ingredient"": ""Goat Meat"", ""measure"": ""1 kg""}, {""ingredient"": ""Corn Flour"", ""measure"": ""1 kg""}, {""ingredient"": ""Tomatoes"", ""measure"": ""2""}, {""ingredient"": ""Salt"", ""measure"": ""Pinch""}, {""ingredient"": ""Onion"", ""measure"": ""1""}, {""ingredient"": ""Green Chilli"", ""measure"": ""1""}, {""ingredient"": ""Coriander Leaves"", ""measure"": ""1  bunch""}], ""review_status"": ""needs_manual_mapping_portion_nutrition_price_rights_and_meal_slot_review""}",true
RCP-TMDB-53329,Arepa pelua,,makan_siang,"Cook the meat: Place the flank steak in a pot with broth or water and salt. Cook over low heat for about 2 hours, until tender and easy to shred.
Shred the meat: Once cooked, drain and shred the meat using two forks.
Prepare the vegetables: Sauté chopped onion, bell pepper, and garlic in a little oil. Add cumin, oregano, paprika, and salt. Stir in the meat and cook for a few minutes until the flavors are well combined.
Make the dough: In a bowl, mix the cornmeal with warm water and salt until a soft dough forms. Let it rest for 5 minutes.
Form the arepas: Divide the dough into 6 portions, shape into balls, and flatten into thick discs.
Cook: Cook the arepas on a griddle or skillet over medium heat for 2–3 minutes on each side until golden. You can then bake them for a few minutes if you prefer them crispier.
Fill: Slice the arepas open on one side, fill with the hot shredded beef, and top with grated cheese.",false,"Kandidat scratch: meal slot masih saran; porsi, bahan/takaran gram, harga lokal, gizi, dan penggunaan sumber belum ditinjau",TheMealDB API; kandidat belum dikurasi,https://goya.es/en/recipes/arepa-pelua,"{""api_source"": ""TheMealDB API"", ""source_id"": ""53329"", ""source_category"": ""Beef"", ""source_area"": ""Venezuela"", ""suggested_meal_type"": ""makan_siang"", ""themealdb_url"": ""https://www.themealdb.com/meal/53329"", ""image_url"": ""https://www.themealdb.com/images/media/meals/jgl9qq1764437635.jpg"", ""ingredients"": [{""ingredient"": ""Beef"", ""measure"": ""500g""}, {""ingredient"": ""Onion"", ""measure"": ""1""}, {""ingredient"": ""Red Pepper"", ""measure"": ""1""}, {""ingredient"": ""Garlic"", ""measure"": ""2 cloves""}, {""ingredient"": ""Cumin"", ""measure"": ""1 tsp""}, {""ingredient"": ""Oregano"", ""measure"": ""1 tsp""}, {""ingredient"": ""Paprika"", ""measure"": ""1 tsp""}, {""ingredient"": ""Beef Stock"", ""measure"": ""1 L""}, {""ingredient"": ""Water"", ""measure"": ""2 1/2 cups""}, {""ingredient"": ""Salt"", ""measure"": ""Pinch""}, {""ingredient"": ""Cheese"", ""measure"": ""200g""}, {""ingredient"": ""Extra Virgin Olive Oil"", ""measure"": ""Pinch""}], ""review_status"": ""needs_manual_mapping_portion_nutrition_price_rights_and_meal_slot_review""}",true
RCP-TMDB-53466,Belgian Waterzooi Chicken,,makan_malam,"Put the chicken, water and one garlic clove in a large saucepan. Place it over medium-high heat until boiling. Then turn the heat low, cover the pan and simmer the chicken for 10 minutes. Remove the chicken leg and breast. Keep the fresh chicken stock for later.

Let the chicken cool. Then dice the chicken breast up. Pick the meat off the leg. Discard any bones and skin. Slice the leek, celery and carrot finely (julienne). Add the butter, rosemary and bay leaves to a large pan and place it over medium heat until melted.

Then add the sliced vegetables. Season with pepper and salt.

Stir and cook the vegetables for 3 minutes. Then add the shredded and diced chicken.

Cover the pan and cook the chicken and vegetables for 5 minutes. Then add the cream and ½ cup (120 ml) of the fresh chicken stock.
Look at this delicious waterzooi recipe! Do try out my chunky chicken stew with fresh leeks, celery, carrots and lots of cream... This is Belgian comfort food!

Cover the pan and cook the stew for 20 minutes until the potatoes are tender. Add the egg yolk and 2 tablespoons of the warm cream from the pan to a cup. Whisk and add it back to the pan to thicken the sauce.

Stir all the ingredients and then turn the heat very low. Check the seasoning and add extra pepper or salt to taste. Remove the rosemary and bay leaves. Divide the stew over deep plates and drizzle with the remaining cream sauce. Serve hot.",false,"Kandidat scratch: meal slot masih saran; porsi, bahan/takaran gram, harga lokal, gizi, dan penggunaan sumber belum ditinjau",TheMealDB API; kandidat belum dikurasi,https://junedarville.com/waterzooi.html,"{""api_source"": ""TheMealDB API"", ""source_id"": ""53466"", ""source_category"": ""Chicken"", ""source_area"": """", ""suggested_meal_type"": ""makan_malam"", ""themealdb_url"": ""https://www.themealdb.com/meal/53466"", ""image_url"": ""https://www.themealdb.com/images/media/meals/nmxec11782498644.jpg"", ""ingredients"": [{""ingredient"": ""Chicken Legs"", ""measure"": ""1""}, {""ingredient"": ""Chicken Breast"", ""measure"": ""1""}, {""ingredient"": ""Water"", ""measure"": ""3 Cups""}, {""ingredient"": ""Carrots"", ""measure"": ""1 small""}, {""ingredient"": ""Leek"", ""measure"": ""2""}, {""ingredient"": ""Celery"", ""measure"": ""1""}, {""ingredient"": ""Potatoes"", ""measure"": ""100g""}, {""ingredient"": ""Garlic"", ""measure"": ""2 cloves""}, {""ingredient"": ""Rosemary"", ""measure"": ""1 Sprig""}, {""ingredient"": ""Cream"", ""measure"": ""1 1/2 cups""}, {""ingredient"": ""Bay Leaf"", ""measure"": ""2""}, {""ingredient"": ""Unsalted Butter"", ""measure"": ""1 tablespoon""}, {""ingredient"": ""Egg Yolks"", ""measure"": ""1""}, {""ingredient"": ""Pepper"", ""measure"": ""Pinch""}, {""ingredient"": ""Salt"", ""measure"": ""Pinch""}], ""review_status"": ""needs_manual_mapping_portion_nutrition_price_rights_and_meal_slot_review""}",true
RCP-TMDB-53147,Arroz con gambas y calamar,,makan_siang,"step 1
Peel and devein most of the prawns (a fishmonger should be able to do this for you), keeping a few whole for decoration, if you like. Heat the olive oil in a large frying pan or shallow flameproof casserole over a medium-low heat and fry the onion for 5 mins until softened. Add the bay leaf, saffron, rice and tomato purée, and cook for 1-2 mins more, stirring.

step 2
Pour in the wine and bubble for 1-2 mins, then pour in the seafood stock and 150ml water. Cook for 5 mins, then add the squid, season well and stir to combine. Bring to the boil, then cover and reduce the heat to a gentle simmer. Cook for 12 mins more, adding a little more water if the mixture starts to look dry.

step 3
Uncover the pan and stir through the peeled prawns, then arrange any whole prawns on top of the rice mixture. Cover again and simmer for a further 5-6 mins until the prawns are pink and cooked through. Leave to stand for a couple of minutes before serving from the pan.",false,"Kandidat scratch: meal slot masih saran; porsi, bahan/takaran gram, harga lokal, gizi, dan penggunaan sumber belum ditinjau",TheMealDB API; kandidat belum dikurasi,https://www.bbcgoodfood.com/recipes/arroz-con-gambas-y-calamar,"{""api_source"": ""TheMealDB API"", ""source_id"": ""53147"", ""source_category"": ""Seafood"", ""source_area"": ""Spanish"", ""suggested_meal_type"": ""makan_siang"", ""themealdb_url"": ""https://www.themealdb.com/meal/53147"", ""image_url"": ""https://www.themealdb.com/images/media/meals/jc6oub1763196663.jpg"", ""ingredients"": [{""ingredient"": ""Raw King Prawns"", ""measure"": ""24""}, {""ingredient"": ""Olive Oil"", ""measure"": ""2 tbsp""}, {""ingredient"": ""Onion"", ""measure"": ""1 small""}, {""ingredient"": ""Bay Leaf"", ""measure"": ""1""}, {""ingredient"": ""Saffron"", ""measure"": ""1 pinch""}, {""ingredient"": ""Paella Rice"", ""measure"": ""450g""}, {""ingredient"": ""Tomato Puree"", ""measure"": ""2 teaspoons""}, {""ingredient"": ""White Wine"", ""measure"": ""200ml""}, {""ingredient"": ""Seafood stock"", ""measure"": ""650ml""}, {""ingredient"": ""Squid"", ""measure"": ""3 Medium""}], ""review_status"": ""needs_manual_mapping_portion_nutrition_price_rights_and_meal_slot_review""}",true
RCP-TMDB-53278,Aubergine & hummus grills,,makan_malam,"step 1
Lay the aubergine out in one layer on a large baking sheet. Brush sparingly with vegetable oil, then season generously. Grill for 15 mins, turning twice and brushing with oil until the slices are softened and cooked through. Meanwhile, whizz the bread into crumbs. Add 2 tsp oil and whizz briefly again, to coat.

step 2
Spread a couple of tsps of hummus on top of each slice of aubergine. Tip the breadcrumbs onto a large plate, then press the hummus side of the aubergines into the crumbs to coat. Grill again, crumb-side up, for about 3 mins until golden.

step 3
Toss the walnuts, parsley and cherry tomatoes in a bowl, season, then add the lemon juice and olive oil and toss again. Serve the grills with the salad, a dollop more hummus and some pitta bread.",false,"Kandidat scratch: meal slot masih saran; porsi, bahan/takaran gram, harga lokal, gizi, dan penggunaan sumber belum ditinjau",TheMealDB API; kandidat belum dikurasi,https://www.bbcgoodfood.com/recipes/aubergine-hummus-grills,"{""api_source"": ""TheMealDB API"", ""source_id"": ""53278"", ""source_category"": ""Vegetarian"", ""source_area"": ""Turkish"", ""suggested_meal_type"": ""makan_malam"", ""themealdb_url"": ""https://www.themealdb.com/meal/53278"", ""image_url"": ""https://www.themealdb.com/images/media/meals/zub3s91764110535.jpg"", ""ingredients"": [{""ingredient"": ""Aubergine"", ""measure"": ""2""}, {""ingredient"": ""Vegetable Oil"", ""measure"": ""2 tablespoons""}, {""ingredient"": ""Bread"", ""measure"": ""3 sliced thinly""}, {""ingredient"": ""Hummus"", ""measure"": ""300g""}, {""ingredient"": ""Walnuts"", ""measure"": ""100g""}, {""ingredient"": ""Parsley"", ""measure"": ""40g""}, {""ingredient"": ""Cherry Tomatoes"", ""measure"": ""200g""}, {""ingredient"": ""Lemon"", ""measure"": ""Juice of 1/2""}, {""ingredient"": ""Extra Virgin Olive Oil"", ""measure"": ""Splash""}], ""review_status"": ""needs_manual_mapping_portion_nutrition_price_rights_and_meal_slot_review""}",true
RCP-TMDB-53115,Red onion pickle,,makan_siang,"Peel the onions, cut them in half from top to bottom and finely slice into half-moon pieces. Put in a colander placed over a bowl and sprinkle with salt, lightly turning over the onion pieces with your hands so the surfaces are all covered. Set aside for an hour or so to brine.

Meanwhile put the vinegar, 50ml/2fl oz water and the sugar in a saucepan. Bring to a simmer, stirring to help the sugar dissolve, and cook for a couple of minutes. Set aside.

Pack the onions into the sterilised jars, sprinkling in a little pepper as you go. Cover with the warm vinegar and finish by tucking a couple of bay leaves down the side of the jars. Seal. The onions are best kept in the fridge and used within to 4 weeks.",false,"Kandidat scratch: meal slot masih saran; porsi, bahan/takaran gram, harga lokal, gizi, dan penggunaan sumber belum ditinjau",TheMealDB API; kandidat belum dikurasi,https://www.bbc.co.uk/food/recipes/red_onion_pickle_98165,"{""api_source"": ""TheMealDB API"", ""source_id"": ""53115"", ""source_category"": ""Vegan"", ""source_area"": ""Norway"", ""suggested_meal_type"": ""makan_siang"", ""themealdb_url"": ""https://www.themealdb.com/meal/53115"", ""image_url"": ""https://www.themealdb.com/images/media/meals/ppodrp1762325183.jpg"", ""ingredients"": [{""ingredient"": ""Red Onions"", ""measure"": ""3 Large""}, {""ingredient"": ""Sea Salt"", ""measure"": ""2 tsp""}, {""ingredient"": ""Cider Vinegar"", ""measure"": ""200ml""}, {""ingredient"": ""Granulated Sugar"", ""measure"": ""50g""}, {""ingredient"": ""Black Pepper"", ""measure"": ""1 tsp""}, {""ingredient"": ""Bay Leaves"", ""measure"": ""4""}], ""review_status"": ""needs_manual_mapping_portion_nutrition_price_rights_and_meal_slot_review""}",true
RCP-TMDB-52835,Fettucine alfredo,,makan_malam,"In a medium saucepan, stir the clotted cream, butter and cornflour over a low-ish heat and bring to a low simmer. Turn off the heat and keep warm.
Meanwhile, put the cheese and nutmeg in a small bowl and add a good grinding of black pepper, then stir everything together (don’t add any salt at this stage).
Put the pasta in another pan with 2 tsp salt, pour over some boiling water and cook following pack instructions (usually 3-4 mins). When cooked, scoop some of the cooking water into a heatproof jug or mug and drain the pasta, but not too thoroughly.
Add the pasta to the pan with the clotted cream mixture, then sprinkle over the cheese and gently fold everything together over a low heat using a rubber spatula. When combined, splash in 3 tbsp of the cooking water. At first, the pasta will look wet and sloppy: keep stirring until the water is absorbed and the sauce is glossy. Check the seasoning before transferring to heated bowls. Sprinkle over some chives or parsley, then serve immediately.",false,"Kandidat scratch: meal slot masih saran; porsi, bahan/takaran gram, harga lokal, gizi, dan penggunaan sumber belum ditinjau",TheMealDB API; kandidat belum dikurasi,https://www.bbcgoodfood.com/recipes/fettucine-alfredo,"{""api_source"": ""TheMealDB API"", ""source_id"": ""52835"", ""source_category"": ""Pasta"", ""source_area"": ""Italian"", ""suggested_meal_type"": ""makan_malam"", ""themealdb_url"": ""https://www.themealdb.com/meal/52835"", ""image_url"": ""https://www.themealdb.com/images/media/meals/uquqtu1511178042.jpg"", ""ingredients"": [{""ingredient"": ""Clotted Cream"", ""measure"": ""227g""}, {""ingredient"": ""Butter"", ""measure"": ""25g""}, {""ingredient"": ""Corn Flour"", ""measure"": ""1 tsp""}, {""ingredient"": ""Parmesan Cheese"", ""measure"": ""100g""}, {""ingredient"": ""Nutmeg"", ""measure"": ""Grated""}, {""ingredient"": ""Fettuccine"", ""measure"": ""250g""}, {""ingredient"": ""Parsley"", ""measure"": ""Chopped""}], ""review_status"": ""needs_manual_mapping_portion_nutrition_price_rights_and_meal_slot_review""}",true
RCP-TMDB-52848,Bean & Sausage Hotpot,,makan_siang,"In a large casserole, fry the sausages until brown all over – about 10 mins.

Add the tomato sauce, stirring well, then stir in the beans, treacle or sugar and mustard. Bring to the simmer, cover and cook for 30 mins. Great served with crusty bread or rice.",false,"Kandidat scratch: meal slot masih saran; porsi, bahan/takaran gram, harga lokal, gizi, dan penggunaan sumber belum ditinjau",TheMealDB API; kandidat belum dikurasi,https://www.bbcgoodfood.com/recipes/339607/bean-and-sausage-hotpot,"{""api_source"": ""TheMealDB API"", ""source_id"": ""52848"", ""source_category"": ""Miscellaneous"", ""source_area"": ""British"", ""suggested_meal_type"": ""makan_siang"", ""themealdb_url"": ""https://www.themealdb.com/meal/52848"", ""image_url"": ""https://www.themealdb.com/images/media/meals/vxuyrx1511302687.jpg"", ""ingredients"": [{""ingredient"": ""Sausages"", ""measure"": ""8 large""}, {""ingredient"": ""Tomato Sauce"", ""measure"": ""1 Jar""}, {""ingredient"": ""Butter Beans"", ""measure"": ""1200g""}, {""ingredient"": ""Black Treacle"", ""measure"": ""1 tbls""}, {""ingredient"": ""English Mustard"", ""measure"": ""1 tsp""}], ""review_status"": ""needs_manual_mapping_portion_nutrition_price_rights_and_meal_slot_review""}",true
RCP-TMDB-53289,"Chorba Hamra bel Frik (Algerian Lamb, Tomato, and Freekeh Soup)",,makan_malam,"Place freekeh in a small bowl and cover with cold water. Set aside.

Combine lamb, onion, black pepper, paprika, cinnamon, and salt in a pot. Stir in oil, 1/2 the cilantro, 1/2 the mint, and celery stalk until combined. Simmer over low heat for 15 minutes. Stir in chickpeas; pour in just enough water to cover, and return to a simmer. Stir in zucchini, carrot, and tomato paste.

Set a steamer over the pot; add tomatoes. Cover and steam tomatoes until soft, about 5 minutes. Crush tomatoes using a wooden spoon, so pulp drips into soup. Remove the steamer and discard leftover tomato peels.

Add potato to soup and just enough water to cover. Simmer until potato is soft, about 10 minutes.

Drain freekeh and add to soup. Simmer until soft, about 15 minutes. Remove celery stalk and discard. Sprinkle soup with remaining 1/2 cilantro and remaining 1/2 mint before serving.",false,"Kandidat scratch: meal slot masih saran; porsi, bahan/takaran gram, harga lokal, gizi, dan penggunaan sumber belum ditinjau",TheMealDB API; kandidat belum dikurasi,https://www.allrecipes.com/recipe/264552/chorba-hamra-bel-frik-algerian-lamb-tomato-and-freekeh-soup/,"{""api_source"": ""TheMealDB API"", ""source_id"": ""53289"", ""source_category"": ""Lamb"", ""source_area"": ""Algerian"", ""suggested_meal_type"": ""makan_malam"", ""themealdb_url"": ""https://www.themealdb.com/meal/53289"", ""image_url"": ""https://www.themealdb.com/images/media/meals/p9tebp1764118792.jpg"", ""ingredients"": [{""ingredient"": ""Freekeh"", ""measure"": ""1 cup""}, {""ingredient"": ""Lamb"", ""measure"": ""12 ounces""}, {""ingredient"": ""Onion"", ""measure"": ""1 finely chopped""}, {""ingredient"": ""Black Pepper"", ""measure"": ""1 tsp""}, {""ingredient"": ""Paprika"", ""measure"": ""1 tsp""}, {""ingredient"": ""Ground Cinnamon"", ""measure"": ""1 tsp""}, {""ingredient"": ""Salt"", ""measure"": ""To taste""}, {""ingredient"": ""Vegetable Oil"", ""measure"": ""3  tablespoons""}, {""ingredient"": ""Cilantro"", ""measure"": ""1  bunch""}, {""ingredient"": ""Mint"", ""measure"": ""1  bunch""}, {""ingredient"": ""Celery"", ""measure"": ""1""}, {""ingredient"": ""Chickpeas"", ""measure"": ""14 oz jar""}, {""ingredient"": ""Water"", ""measure"": ""4 cups""}, {""ingredient"": ""Zucchini"", ""measure"": ""1 Diced""}, {""ingredient"": ""Carrots"", ""measure"": ""1 Diced""}, {""ingredient"": ""Tomato Puree"", ""measure"": ""1 tablespoon""}, {""ingredient"": ""Tomato"", ""measure"": ""3 Medium""}, {""ingredient"": ""Potatoes"", ""measure"": ""1 Diced""}], ""review_status"": ""needs_manual_mapping_portion_nutrition_price_rights_and_meal_slot_review""}",true
RCP-TMDB-53133,Asado,,makan_siang,"Prepare the Fire: Start a wood fire in your grill and let it burn down to coals.
Season the Meat: Generously salt the beef cuts.
Grill the Meat: Place the beef on the grill, starting with the thickest cuts farthest from the coals. Add chorizo and morcilla after the beef has been cooking for a while.
Cook to Perfection: Cook the meat, turning occasionally, until it reaches your desired doneness. Typically, ribs may take up to 2 hours; thinner cuts will cook faster.
Rest and Serve: Let the meat rest for about 10 minutes before slicing. Serve with chimichurri sauce and grilled vegetables.
Pro Tips:

Use a mix of wood and charcoal for a consistent heat source. Wood adds flavor, while charcoal maintains temperature.
Season the meat just before grilling to ensure it retains its moisture and flavor.
Serving Suggestions:

Serve with a side of chimichurri sauce, a fresh tomato salad, and crusty bread. Pair with a robust Malbec wine to complement the rich flavors of the meat.",false,"Kandidat scratch: meal slot masih saran; porsi, bahan/takaran gram, harga lokal, gizi, dan penggunaan sumber belum ditinjau",TheMealDB API; kandidat belum dikurasi,https://www.munchery.com/blog/the-ten-iconic-dishes-of-argentina-and-how-to-cook-them-at-home/,"{""api_source"": ""TheMealDB API"", ""source_id"": ""53133"", ""source_category"": ""Beef"", ""source_area"": ""Argentina"", ""suggested_meal_type"": ""makan_siang"", ""themealdb_url"": ""https://www.themealdb.com/meal/53133"", ""image_url"": ""https://www.themealdb.com/images/media/meals/kgfh3q1763075438.jpg"", ""ingredients"": [{""ingredient"": ""Mixed Beef Cuts"", ""measure"": ""2kg""}, {""ingredient"": ""Chorizo"", ""measure"": ""4""}, {""ingredient"": ""Morcilla"", ""measure"": ""2""}, {""ingredient"": ""Salt"", ""measure"": ""To taste""}], ""review_status"": ""needs_manual_mapping_portion_nutrition_price_rights_and_meal_slot_review""}",true
RCP-TMDB-53453,Bengali Chicken Curry with Potatoes,,makan_malam,"Heat the olive oil in a large skillet over medium-high heat. Cook and stir the onions in the hot oil until translucent, about 5 minutes. Add the ginger-garlic paste and continue cooking another 5 minutes. Reduce heat to medium; stir the tomatoes into the mixture and cook until the tomatoes are pulpy, 5 to 10 minutes. Season with the cayenne pepper, curry powder, garam masala, turmeric, and cumin; cook and stir another 5 minutes.

Add the chicken and potatoes to the mixture in the skillet; simmer, stirring occasionally, until the potatoes are tender and the chicken is no longer pink in the center, about 20 minutes. Sprinkle the cilantro over the mixture and continue simmering another 10 minutes. Serve hot.",false,"Kandidat scratch: meal slot masih saran; porsi, bahan/takaran gram, harga lokal, gizi, dan penggunaan sumber belum ditinjau",TheMealDB API; kandidat belum dikurasi,https://www.allrecipes.com/recipe/215055/bengali-chicken-curry-with-potatoes/,"{""api_source"": ""TheMealDB API"", ""source_id"": ""53453"", ""source_category"": ""Chicken"", ""source_area"": """", ""suggested_meal_type"": ""makan_malam"", ""themealdb_url"": ""https://www.themealdb.com/meal/53453"", ""image_url"": ""https://www.themealdb.com/images/media/meals/9ya6o71780262651.jpg"", ""ingredients"": [{""ingredient"": ""Olive Oil"", ""measure"": ""2 tablespoons""}, {""ingredient"": ""Onion"", ""measure"": ""2 diced""}, {""ingredient"": ""Ginger Garlic Paste"", ""measure"": ""1 tablespoon""}, {""ingredient"": ""Tomato"", ""measure"": ""2 diced""}, {""ingredient"": ""Cayenne Pepper"", ""measure"": ""1 tsp""}, {""ingredient"": ""Curry Powder"", ""measure"": ""1 tsp""}, {""ingredient"": ""Garam Masala"", ""measure"": ""1 tsp""}, {""ingredient"": ""Ground Turmeric"", ""measure"": ""1 tsp""}, {""ingredient"": ""Ground Cumin"", ""measure"": ""1 tsp""}, {""ingredient"": ""Chicken Breast"", ""measure"": ""4""}, {""ingredient"": ""Red Potatoes"", ""measure"": ""2 large""}, {""ingredient"": ""Cilantro"", ""measure"": ""1/2 cup""}], ""review_status"": ""needs_manual_mapping_portion_nutrition_price_rights_and_meal_slot_review""}",true
RCP-TMDB-53481,Bahia-style Moqueca prawn stew,,makan_siang,"step 1
Place the prawns in a bowl with 2 tbsp of the lime juice, 1 tsp of salt and 1 tbsp of the chopped garlic. Chill for 1 hr.

step 2
Heat the coconut oil in a large saucepan. Add the spring onion and onion and fry for 5 mins, then add the red pepper, chilli flakes, paprika and remaining garlic.

step 3
Pour in the tomatoes, coconut milk and a little salt. Bring to a simmer and let reduce for 10 mins. Add the prawns, all the marinade and remaining lime juice. Gently simmer until the prawns turn white, about 3 mins. Serve with the fresh coriander and rice.",false,"Kandidat scratch: meal slot masih saran; porsi, bahan/takaran gram, harga lokal, gizi, dan penggunaan sumber belum ditinjau",TheMealDB API; kandidat belum dikurasi,https://www.bbcgoodfood.com/recipes/bahia-style-moqueca-prawn-stew,"{""api_source"": ""TheMealDB API"", ""source_id"": ""53481"", ""source_category"": ""Seafood"", ""source_area"": """", ""suggested_meal_type"": ""makan_siang"", ""themealdb_url"": ""https://www.themealdb.com/meal/53481"", ""image_url"": ""https://www.themealdb.com/images/media/meals/e2kcut1782591669.jpg"", ""ingredients"": [{""ingredient"": ""Raw King Prawns"", ""measure"": ""450g""}, {""ingredient"": ""Lime juice"", ""measure"": ""75 ml""}, {""ingredient"": ""Garlic"", ""measure"": ""3 cloves Chopped""}, {""ingredient"": ""Coconut Oil"", ""measure"": ""3  tablespoons""}, {""ingredient"": ""Spring Onions"", ""measure"": ""4 Chopped""}, {""ingredient"": ""Onion"", ""measure"": ""1""}, {""ingredient"": ""Red Pepper"", ""measure"": ""1 chopped""}, {""ingredient"": ""Chilli Flakes"", ""measure"": ""1 tsp""}, {""ingredient"": ""Paprika"", ""measure"": ""2 tsp""}, {""ingredient"": ""Plum Tomatoes"", ""measure"": ""3 chopped""}, {""ingredient"": ""Coconut Milk"", ""measure"": ""400ml""}, {""ingredient"": ""Coriander"", ""measure"": ""2 tbs chopped""}, {""ingredient"": ""Rice"", ""measure"": ""To serve""}], ""review_status"": ""needs_manual_mapping_portion_nutrition_price_rights_and_meal_slot_review""}",true
RCP-TMDB-53267,Aubergine couscous salad,,makan_malam,"step 1
Heat grill to high. Put the aubergine on a baking sheet, brush with oil and season. Grill for about 15 mins, turning and brushing with more oil halfway, until browned and softened.

step 2
Meanwhile, tip the couscous into a large bowl, pour over the stock, then cover and leave for 10 mins. Mix the tomatoes, mint, goat’s cheese and remaining oil together. Fluff the couscous up with a fork, then stir in the aubergines, tomato mixture and lemon juice.",false,"Kandidat scratch: meal slot masih saran; porsi, bahan/takaran gram, harga lokal, gizi, dan penggunaan sumber belum ditinjau",TheMealDB API; kandidat belum dikurasi,https://www.bbcgoodfood.com/recipes/aubergine-couscous-salad,"{""api_source"": ""TheMealDB API"", ""source_id"": ""53267"", ""source_category"": ""Vegetarian"", ""source_area"": ""Turkish"", ""suggested_meal_type"": ""makan_malam"", ""themealdb_url"": ""https://www.themealdb.com/meal/53267"", ""image_url"": ""https://www.themealdb.com/images/media/meals/02s6gc1763799560.jpg"", ""ingredients"": [{""ingredient"": ""Aubergine"", ""measure"": ""1 sliced""}, {""ingredient"": ""Olive Oil"", ""measure"": ""3  tablespoons""}, {""ingredient"": ""Couscous"", ""measure"": ""140g""}, {""ingredient"": ""Vegetable Stock"", ""measure"": ""225g""}, {""ingredient"": ""Cherry Tomatoes"", ""measure"": ""200g""}, {""ingredient"": ""Mint"", ""measure"": ""Handful""}, {""ingredient"": ""Goats Cheese"", ""measure"": ""100g""}, {""ingredient"": ""Lemon"", ""measure"": ""Juice of 1/2""}], ""review_status"": ""needs_manual_mapping_portion_nutrition_price_rights_and_meal_slot_review""}",true
RCP-TMDB-52942,Roast fennel and aubergine paella,,makan_siang,"1 Put the fennel, aubergine, pepper and courgette in a roasting tray. Add a glug of olive oil, season with salt and pepper and toss around to coat the veggies in the oil. Roast in the oven for 20 minutes, turning a couple of times until the veg are pretty much cooked through and turning golden.

2 Meanwhile, heat a paella pan or large frying pan over a low– medium heat and add a glug of olive oil. Sauté the onion for 8–10 minutes until softened. Increase the heat to medium and stir in the rice, paprika and saffron. Cook for around 1 minute to start toasting the rice, then add the white wine. Reduce by about half before stirring in two-thirds of the stock. Reduce to a simmer and cook for 10 minutes without a lid, stirring a couple of times.

3 Stir in the peas, add some seasoning, then gently mix in the roasted veg. Pour over the remaining stock, arrange the lemon wedges on top and cover with a lid or some aluminium foil. Cook for a further 10 minutes.

4 To ensure you get the classic layer of toasted rice at the bottom of the pan, increase the heat to high until you hear a slight crackle. Remove from the heat and sit for 5 minutes before sprinkling over the parsley and serving.",false,"Kandidat scratch: meal slot masih saran; porsi, bahan/takaran gram, harga lokal, gizi, dan penggunaan sumber belum ditinjau",TheMealDB API; kandidat belum dikurasi,https://www.homestylemag.co.uk/recipe/517/main-courses/roast-fennel-and-aubergine-paella,"{""api_source"": ""TheMealDB API"", ""source_id"": ""52942"", ""source_category"": ""Vegan"", ""source_area"": ""Spanish"", ""suggested_meal_type"": ""makan_siang"", ""themealdb_url"": ""https://www.themealdb.com/meal/52942"", ""image_url"": ""https://www.themealdb.com/images/media/meals/1520081754.jpg"", ""ingredients"": [{""ingredient"": ""Baby Aubergine"", ""measure"": ""6 small""}, {""ingredient"": ""Fennel"", ""measure"": ""4 small""}, {""ingredient"": ""Red Pepper"", ""measure"": ""1 thinly sliced""}, {""ingredient"": ""Courgettes"", ""measure"": ""1 medium""}, {""ingredient"": ""Onion"", ""measure"": ""1 finely chopped""}, {""ingredient"": ""Paella Rice"", ""measure"": ""300g""}, {""ingredient"": ""Paprika"", ""measure"": ""1 tsp""}, {""ingredient"": ""Saffron"", ""measure"": ""pinch""}, {""ingredient"": ""White Wine"", ""measure"": ""200ml""}, {""ingredient"": ""Vegetable Stock"", ""measure"": ""700ml""}, {""ingredient"": ""Frozen Peas"", ""measure"": ""100g""}, {""ingredient"": ""Lemon"", ""measure"": ""1 chopped""}, {""ingredient"": ""Parsley"", ""measure"": ""Handful""}, {""ingredient"": ""Salt"", ""measure"": ""pinch""}, {""ingredient"": ""Black Pepper"", ""measure"": ""pinch""}], ""review_status"": ""needs_manual_mapping_portion_nutrition_price_rights_and_meal_slot_review""}",true
RCP-TMDB-52829,Grilled Mac and Cheese Sandwich,,makan_malam,"Make the mac and cheese

1. Bring a medium saucepan of generously salted water (you want it to taste like seawater) to a boil. Add the pasta and cook, stirring occasionally, until al dente, 8 to 10 minutes, or according to the package directions. The pasta should be tender but still chewy.
2. While the pasta is cooking, in a small bowl, whisk together the flour, mustard powder, garlic powder, salt, black pepper, and cayenne pepper.
3. Drain the pasta in a colander. Place the empty pasta pan (no need to wash it) over low heat and add the butter. When the butter has melted, whisk in the flour mixture and continue to cook, whisking frequently, until the mixture is beginning to brown and has a pleasant, nutty aroma, about 1 minute. Watch carefully so it does not scorch on the bottom of the pan.
4. Slowly whisk the milk and cream into the flour mixture until everything is really well combined. Cook, whisking constantly, until the sauce is heated through and just begins to thicken, about 2 minutes. Remove from the heat. Gradually add the cheese while stirring constantly with a wooden spoon or silicone spatula and keep stirring until the cheese has melted into the sauce. Then stir in the drained cooked pasta.
5. Line a 9-by-13-inch (23-by-33-centimeter) rimmed baking sheet with parchment paper or aluminum foil. Coat the paper or foil with nonstick cooking spray or slick it with butter. Pour the warm mac and cheese onto the prepared baking sheet and spread it evenly with a spatula. Coat another piece of parchment paper with cooking spray or butter and place it, oiled or buttered side down, directly on the surface of the mac and cheese. Refrigerate until cool and firm, about 1 hour.

Make the grilled cheese
6. Heat a large cast-iron or nonstick skillet over medium-low heat.
7. In a small bowl, stir together the 4 tablespoons (55 grams) butter and garlic powder until well blended.
8. Remove the mac and cheese from the refrigerator and peel off the top layer of parchment paper. Carefully cut into 8 equal pieces. Each piece will make 1 grilled mac and cheese sandwich. (You can stash each individual portion in a double layer of resealable plastic bags and refrigerate for up to 3 days or freeze it for up to 1 month.)
9. Spread 3/4 teaspoon garlic butter on one side of each bread slice. Place half of the slices, buttered-side down, on a clean cutting board. Top each with one slice of Cheddar, then 1 piece of the mac and cheese. (Transfer from the baking sheet by scooting your hand or a spatula under each piece of mac and cheese and then flipping it over onto a sandwich.) Place 1 slice of Jack on top of each. Finish with the remaining bread slices, buttered-side up.
10. Using a wide spatula, place as many sandwiches in the pan as will fit without crowding it. Cover and cook until the bottoms are nicely browned, about 4 minutes. Turn and cook until the second sides are browned, the cheese is melted, and the mac and cheese is heated through, about 4 minutes more.
11. Repeat with the remaining ingredients. Cut the sandwiches in half, if desired, and serve.",false,"Kandidat scratch: meal slot masih saran; porsi, bahan/takaran gram, harga lokal, gizi, dan penggunaan sumber belum ditinjau",TheMealDB API; kandidat belum dikurasi,https://leitesculinaria.com/103647/recipes-grilled-mac-and-cheese-sandwich.html,"{""api_source"": ""TheMealDB API"", ""source_id"": ""52829"", ""source_category"": ""Pasta"", ""source_area"": ""United States"", ""suggested_meal_type"": ""makan_malam"", ""themealdb_url"": ""https://www.themealdb.com/meal/52829"", ""image_url"": ""https://www.themealdb.com/images/media/meals/xutquv1505330523.jpg"", ""ingredients"": [{""ingredient"": ""Macaroni"", ""measure"": ""8 ounces (230 grams)""}, {""ingredient"": ""Plain Flour"", ""measure"": ""1/3 cup""}, {""ingredient"": ""Mustard Powder"", ""measure"": ""3/4 teaspoon""}, {""ingredient"": ""Garlic powder"", ""measure"": ""1/2 teaspoon""}, {""ingredient"": ""Kosher salt"", ""measure"": ""1/2 teaspoon""}, {""ingredient"": ""Black pepper"", ""measure"": ""1/2 teaspoon""}, {""ingredient"": ""Cayenne pepper"", ""measure"": ""1/8 teaspoon""}, {""ingredient"": ""Butter"", ""measure"": ""6 tablespoons (85 grams)""}, {""ingredient"": ""Whole Milk"", ""measure"": ""1 1/2 cups (360 milliliters)""}, {""ingredient"": ""Heavy Cream"", ""measure"": ""1 cup (240 milliliters)""}, {""ingredient"": ""Monterey Jack Cheese"", ""measure"": ""1 pound (455 grams)""}, {""ingredient"": ""Butter"", ""measure"": ""4 tablespoons (55 grams)""}, {""ingredient"": ""garlic powder"", ""measure"": ""1 teaspoon""}, {""ingredient"": ""Bread"", ""measure"": ""16 slices square""}, {""ingredient"": ""Cheddar Cheese"", ""measure"": ""8 slices mild""}, {""ingredient"": ""Colby Jack Cheese"", ""measure"": ""8 slices""}, {""ingredient"": ""Butter"", ""measure"": ""4 tablespoons (55 grams)""}], ""review_status"": ""needs_manual_mapping_portion_nutrition_price_rights_and_meal_slot_review""}",true
RCP-TMDB-53438,Bolita di Keshi,,makan_siang,"Grate finely and toss together.
1 lb. sharp yellow cheese (cheddar or oude boerenkaas)
1 lb. keshi di buriko (or any white cheese such as fromage blanc, queso blanco, ricotto, feta etc.)

Stir in:
6 eggs, beaten
5 Tbs. Cornstarch

Shape the mixture into small balls. These may be kept indefinitely in the freezer. Drop the balls into deep, hot fat and fry until golden. Serve piping hot on toothpicks.",false,"Kandidat scratch: meal slot masih saran; porsi, bahan/takaran gram, harga lokal, gizi, dan penggunaan sumber belum ditinjau",TheMealDB API; kandidat belum dikurasi,https://www.visitaruba.com/aruba-recipes/bolita-di-keshi/,"{""api_source"": ""TheMealDB API"", ""source_id"": ""53438"", ""source_category"": ""Miscellaneous"", ""source_area"": """", ""suggested_meal_type"": ""makan_siang"", ""themealdb_url"": ""https://www.themealdb.com/meal/53438"", ""image_url"": ""https://www.themealdb.com/images/media/meals/skzd0x1780091674.jpg"", ""ingredients"": [{""ingredient"": ""Cheddar Cheese"", ""measure"": ""1 lb""}, {""ingredient"": ""Feta"", ""measure"": ""1 lb""}, {""ingredient"": ""Eggs"", ""measure"": ""1 beaten""}, {""ingredient"": ""Cornstarch"", ""measure"": ""5 tablespoons""}], ""review_status"": ""needs_manual_mapping_portion_nutrition_price_rights_and_meal_slot_review""}",true
RCP-TMDB-53123,Fårikål (Norwegian National Dish),,makan_malam,"▢
Cut the lamb into large pieces.
▢
Slice the cabbage into large wedges, keeping the core attached.
▢
Add a layer of lamb pieces to the bottom of a large pot, fatty side down. Sprinkle with peppercorns and salt. Add a layer of cabbage wedges on top. Repeat with more layers of lamb, peppercorns, and cabbage, ending with cabbage on top.
▢
Optional: Sprinkle a couple of tablespoons on top of the lamb for a thicker stew.
▢
Add water to the pot and bring to a boil. Cover and reduce heat. Cook on low heat for 2 – 3 hours, until the lamb gently falls away from the bone.
▢
Serve with boiled potatoes and fresh parsley, covering generously with the fårikål broth.",false,"Kandidat scratch: meal slot masih saran; porsi, bahan/takaran gram, harga lokal, gizi, dan penggunaan sumber belum ditinjau",TheMealDB API; kandidat belum dikurasi,https://scandinaviancookbook.com/farikal-national-dish-of-norway/,"{""api_source"": ""TheMealDB API"", ""source_id"": ""53123"", ""source_category"": ""Lamb"", ""source_area"": ""Norway"", ""suggested_meal_type"": ""makan_malam"", ""themealdb_url"": ""https://www.themealdb.com/meal/53123"", ""image_url"": ""https://www.themealdb.com/images/media/meals/ttfxxn1762773067.jpg"", ""ingredients"": [{""ingredient"": ""Lamb"", ""measure"": ""3 Lbs""}, {""ingredient"": ""White Cabbage"", ""measure"": ""1 head""}, {""ingredient"": ""Whole black peppercorns"", ""measure"": ""3  tablespoons""}, {""ingredient"": ""Salt"", ""measure"": ""3 tsp""}, {""ingredient"": ""Water"", ""measure"": ""1 1/2 cups""}, {""ingredient"": ""Flour"", ""measure"": ""5 tablespoons""}], ""review_status"": ""needs_manual_mapping_portion_nutrition_price_rights_and_meal_slot_review""}",true
RCP-TMDB-53099,Aussie Burgers,,makan_siang,"step 1
Make the burgers: Tip the meat into a bowl and sprinkle over 1 tsp salt and a good grinding of black pepper.Work with wet hands to mix in the seasoning. Divide into four with your hands and shape into burgers. (It can be frozen at this stage.)

step 2
Sort out your ingredients: Slice the beetroot and split the naan breads.

step 3
Toast the naans: Heat a griddle pan or barbecue. Griddle the naans on both sides until lightly toasted and set aside. Add the burgers to the grill or barbecue and cook for 2-3 minutes, then turn and cook the other side for a further 2-3 minutes.

step 4
Assemble the dish: Set half a toasted naan on each serving plate and put a pile of rocket on each. Top with a burger, then a few slices of beetroot and a dollop of soured cream. Sprinkle with salt and freshly ground black pepper and serve immediately with a big green salad and chips. A glass of red wine wouldn’t go amiss, either.",false,"Kandidat scratch: meal slot masih saran; porsi, bahan/takaran gram, harga lokal, gizi, dan penggunaan sumber belum ditinjau",TheMealDB API; kandidat belum dikurasi,https://www.bbcgoodfood.com/recipes/aussie-burgers,"{""api_source"": ""TheMealDB API"", ""source_id"": ""53099"", ""source_category"": ""Beef"", ""source_area"": ""Australian"", ""suggested_meal_type"": ""makan_siang"", ""themealdb_url"": ""https://www.themealdb.com/meal/53099"", ""image_url"": ""https://www.themealdb.com/images/media/meals/44bzep1761848278.jpg"", ""ingredients"": [{""ingredient"": ""Lean Minced Steak"", ""measure"": ""500g""}, {""ingredient"": ""Cooked Beetroot"", ""measure"": ""100g""}, {""ingredient"": ""Naan Bread"", ""measure"": ""2 small""}, {""ingredient"": ""Rocket"", ""measure"": ""50g""}, {""ingredient"": ""Soured cream and chive dip"", ""measure"": ""4 tablespoons""}], ""review_status"": ""needs_manual_mapping_portion_nutrition_price_rights_and_meal_slot_review""}",true
RCP-TMDB-52940,Brown Stew Chicken,,makan_malam,"Squeeze lime over chicken and rub well. Drain off excess lime juice.
Combine tomato, scallion, onion, garlic, pepper, thyme, pimento and soy sauce in a large bowl with the chicken pieces. Cover and marinate at least one hour.
Heat oil in a dutch pot or large saucepan. Shake off the seasonings as you remove each piece of chicken from the marinade. Reserve the marinade for sauce.
Lightly brown the chicken a few pieces at a time in very hot oil. Place browned chicken pieces on a plate to rest while you brown the remaining pieces.
Drain off excess oil and return the chicken to the pan. Pour the marinade over the chicken and add the carrots. Stir and cook over medium heat for 10 minutes.
Mix flour and coconut milk and add to stew, stirring constantly. Turn heat down to minimum and cook another 20 minutes or until tender.",false,"Kandidat scratch: meal slot masih saran; porsi, bahan/takaran gram, harga lokal, gizi, dan penggunaan sumber belum ditinjau",TheMealDB API; kandidat belum dikurasi,http://www.geniuskitchen.com/recipe/authentic-jamaican-brown-stew-chicken-347996,"{""api_source"": ""TheMealDB API"", ""source_id"": ""52940"", ""source_category"": ""Chicken"", ""source_area"": ""Jamaican"", ""suggested_meal_type"": ""makan_malam"", ""themealdb_url"": ""https://www.themealdb.com/meal/52940"", ""image_url"": ""https://www.themealdb.com/images/media/meals/sypxpx1515365095.jpg"", ""ingredients"": [{""ingredient"": ""Chicken"", ""measure"": ""1 whole""}, {""ingredient"": ""Tomato"", ""measure"": ""1 chopped""}, {""ingredient"": ""Onions"", ""measure"": ""2 chopped""}, {""ingredient"": ""Garlic Clove"", ""measure"": ""2 chopped""}, {""ingredient"": ""Red Pepper"", ""measure"": ""1 chopped""}, {""ingredient"": ""Carrots"", ""measure"": ""1 chopped""}, {""ingredient"": ""Lime"", ""measure"": ""1""}, {""ingredient"": ""Thyme"", ""measure"": ""2 tsp""}, {""ingredient"": ""Allspice"", ""measure"": ""1 tsp""}, {""ingredient"": ""Soy Sauce"", ""measure"": ""2 tbs""}, {""ingredient"": ""Cornstarch"", ""measure"": ""2 tsp""}, {""ingredient"": ""Coconut Milk"", ""measure"": ""2 cups""}, {""ingredient"": ""Vegetable Oil"", ""measure"": ""1 tbs""}], ""review_status"": ""needs_manual_mapping_portion_nutrition_price_rights_and_meal_slot_review""}",true
RCP-TMDB-52959,Baked salmon with fennel & tomatoes,,makan_siang,"Heat oven to 180C/fan 160C/gas 4. Trim the fronds from the fennel and set aside. Cut the fennel bulbs in half, then cut each half into 3 wedges. Cook in boiling salted water for 10 mins, then drain well. Chop the fennel fronds roughly, then mix with the parsley and lemon zest.

Spread the drained fennel over a shallow ovenproof dish, then add the tomatoes. Drizzle with olive oil, then bake for 10 mins. Nestle the salmon among the veg, sprinkle with lemon juice, then bake 15 mins more until the fish is just cooked. Scatter over the parsley and serve.",false,"Kandidat scratch: meal slot masih saran; porsi, bahan/takaran gram, harga lokal, gizi, dan penggunaan sumber belum ditinjau",TheMealDB API; kandidat belum dikurasi,https://www.bbcgoodfood.com/recipes/7745/baked-salmon-with-fennel-and-tomatoes,"{""api_source"": ""TheMealDB API"", ""source_id"": ""52959"", ""source_category"": ""Seafood"", ""source_area"": ""British"", ""suggested_meal_type"": ""makan_siang"", ""themealdb_url"": ""https://www.themealdb.com/meal/52959"", ""image_url"": ""https://www.themealdb.com/images/media/meals/1548772327.jpg"", ""ingredients"": [{""ingredient"": ""Fennel"", ""measure"": ""2 medium""}, {""ingredient"": ""Parsley"", ""measure"": ""2 tbs chopped""}, {""ingredient"": ""Lemon"", ""measure"": ""Juice of 1""}, {""ingredient"": ""Cherry Tomatoes"", ""measure"": ""175g""}, {""ingredient"": ""Olive Oil"", ""measure"": ""1 tbs""}, {""ingredient"": ""Salmon"", ""measure"": ""350g""}, {""ingredient"": ""Black Olives"", ""measure"": ""to serve""}], ""review_status"": ""needs_manual_mapping_portion_nutrition_price_rights_and_meal_slot_review""}",true
RCP-TMDB-53107,Avocado dip with new potatoes,,makan_malam,"step 1
Whizz half the avocado flesh with the yogurt, lime and lemon juice and seasoning. Dice the remaining avocado, then gently stir into the whizzed mix with most of the lime zest. Cover, then chill until ready to serve.

step 2
Boil potatoes for 6 mins, then drain well and toss with olive oil, chilli powder and cumin seeds. Now set aside until half an hour before your guests arrive.

step 3
Heat oven to 200C/180C fan/gas 6, then roast potatoes for about 30 mins, shaking the tray halfway, until golden and tender. Transfer the dip to one or two bowls, scatter with the remaining lime zest and serve with the hot potatoes, and tortilla chips for dipping.",false,"Kandidat scratch: meal slot masih saran; porsi, bahan/takaran gram, harga lokal, gizi, dan penggunaan sumber belum ditinjau",TheMealDB API; kandidat belum dikurasi,https://www.bbcgoodfood.com/recipes/avocado-citrus-dip-spicy-spuds-tortilla-chips,"{""api_source"": ""TheMealDB API"", ""source_id"": ""53107"", ""source_category"": ""Vegetarian"", ""source_area"": ""Australian"", ""suggested_meal_type"": ""makan_malam"", ""themealdb_url"": ""https://www.themealdb.com/meal/53107"", ""image_url"": ""https://www.themealdb.com/images/media/meals/flrajf1762341295.jpg"", ""ingredients"": [{""ingredient"": ""Avocado"", ""measure"": ""3 Large""}, {""ingredient"": ""Natural Yoghurt"", ""measure"": ""200g""}, {""ingredient"": ""Lime"", ""measure"": ""Zest and juice of 1""}, {""ingredient"": ""Lemon"", ""measure"": ""Juice of 1/2""}, {""ingredient"": ""Baby New Potatoes"", ""measure"": ""1.25kg""}, {""ingredient"": ""Olive Oil"", ""measure"": ""2 tablespoons""}, {""ingredient"": ""Hot Chilli Powder"", ""measure"": ""1 teaspoon""}, {""ingredient"": ""Cumin Seeds"", ""measure"": ""1 teaspoon""}, {""ingredient"": ""Tortillas"", ""measure"": ""200g""}], ""review_status"": ""needs_manual_mapping_portion_nutrition_price_rights_and_meal_slot_review""}",true
RCP-TMDB-53250,Vegan banh mi,,makan_siang,"step 1
Put the shredded veg in a bowl and add the vinegar, sugar and 1 tsp salt. Toss everything together, then set aside to pickle quickly while you prepare the rest of the sandwich.

step 2
Heat oven to 180C/160C fan/gas 4. Cut the baguette into four, then slice each piece horizontally in half. Put the baguette pieces in the oven for 5 mins until lightly toasted and warm. Spread each piece with a layer of hummus, then top four pieces with the tempeh slices and pile the pickled veg on top. To serve, sprinkle over the herbs and squeeze over some hot sauce, then top with the other baguette pieces to make sandwiches.",false,"Kandidat scratch: meal slot masih saran; porsi, bahan/takaran gram, harga lokal, gizi, dan penggunaan sumber belum ditinjau",TheMealDB API; kandidat belum dikurasi,https://www.bbcgoodfood.com/recipes/boxing-day-banh-mi,"{""api_source"": ""TheMealDB API"", ""source_id"": ""53250"", ""source_category"": ""Vegan"", ""source_area"": ""Vietnamese"", ""suggested_meal_type"": ""makan_siang"", ""themealdb_url"": ""https://www.themealdb.com/meal/53250"", ""image_url"": ""https://www.themealdb.com/images/media/meals/sonirb1763782831.jpg"", ""ingredients"": [{""ingredient"": ""Raw Vegetables"", ""measure"": ""150g""}, {""ingredient"": ""Vegan White Wine Vinegar"", ""measure"": ""3  tablespoons""}, {""ingredient"": ""Golden Caster Sugar"", ""measure"": ""1 tsp""}, {""ingredient"": ""Baguette"", ""measure"": ""1 large""}, {""ingredient"": ""Hummus"", ""measure"": ""100g""}, {""ingredient"": ""Tempeh"", ""measure"": ""175g""}, {""ingredient"": ""Coriander"", ""measure"": ""Handful""}, {""ingredient"": ""Mint"", ""measure"": ""Handful""}, {""ingredient"": ""Hotsauce"", ""measure"": ""To serve""}], ""review_status"": ""needs_manual_mapping_portion_nutrition_price_rights_and_meal_slot_review""}",true
RCP-TMDB-52987,Lasagna Sandwiches,,makan_malam,"1. In a small bowl, combine the first four ingredients; spread on four slices of bread. Layer with bacon, tomato and cheese; top with remaining bread.

2. In a large skillet or griddle, melt 2 tablespoons butter. Toast sandwiches until lightly browned on both sides and cheese is melted, adding butter if necessary.

Nutrition Facts
1 sandwich: 445 calories, 24g fat (12g saturated fat), 66mg cholesterol, 1094mg sodium, 35g carbohydrate (3g sugars, 2g fiber), 21g protein.",false,"Kandidat scratch: meal slot masih saran; porsi, bahan/takaran gram, harga lokal, gizi, dan penggunaan sumber belum ditinjau",TheMealDB API; kandidat belum dikurasi,https://www.themealdb.com/meal/52987,"{""api_source"": ""TheMealDB API"", ""source_id"": ""52987"", ""source_category"": ""Pasta"", ""source_area"": ""United States"", ""suggested_meal_type"": ""makan_malam"", ""themealdb_url"": ""https://www.themealdb.com/meal/52987"", ""image_url"": ""https://www.themealdb.com/images/media/meals/xr0n4r1576788363.jpg"", ""ingredients"": [{""ingredient"": ""Sour Cream"", ""measure"": ""1/4 cup""}, {""ingredient"": ""Chopped Onion"", ""measure"": ""2 tbs""}, {""ingredient"": ""Dried Oregano"", ""measure"": ""1/2 tbs""}, {""ingredient"": ""Salt"", ""measure"": ""1/4 tsp""}, {""ingredient"": ""Bread"", ""measure"": ""8 slices""}, {""ingredient"": ""Bacon"", ""measure"": ""8 slices""}, {""ingredient"": ""Tomato"", ""measure"": ""8 slices""}, {""ingredient"": ""Mozzarella"", ""measure"": ""4 slices""}, {""ingredient"": ""Butter"", ""measure"": ""2 1/2 Tbs""}], ""review_status"": ""needs_manual_mapping_portion_nutrition_price_rights_and_meal_slot_review""}",true
RCP-TMDB-52939,Callaloo Jamaican Style,,makan_siang,"Cut leaves and soft stems from the kale branches, them soak in a bowl of cold water for about 5-10 minutes or until finish with prep.
Proceed to slicing the onions, mincing the garlic and dicing the tomatoes. Set aside
Remove kale from water cut in chunks.
Place bacon on saucepan and cook until crispy. Then add onions, garlic, thyme, stir for about a minute or more
Add tomatoes; scotch bonnet pepper, smoked paprika. Sauté for about 2-3 more minutes.
Finally add vegetable, salt, mix well, and steamed for about 6-8 minutes or until leaves are tender. Add a tiny bit of water as needed. Adjust seasonings and turn off the heat.
Using a sharp knife cut both ends off the plantain. This will make it easy to grab the skin of the plantains. Slit a shallow line down the long seam of the plantain; peel only as deep as the peel. Remove plantain peel by pulling it back.
Slice the plantain into medium size lengthwise slices and set aside.
Coat a large frying pan with cooking oil spray. Spray the tops of the plantains with a generous layer of oil spray and sprinkle with salt, freshly ground pepper.
Let the plantains ""fry"" on medium heat, shaking the frying pan to redistribute them every few minutes.
As the plantains brown, continue to add more cooking oil spray, salt and pepper (if needed) until they have reached the desired color and texture.
Remove and serve with kale",false,"Kandidat scratch: meal slot masih saran; porsi, bahan/takaran gram, harga lokal, gizi, dan penggunaan sumber belum ditinjau",TheMealDB API; kandidat belum dikurasi,https://www.africanbites.com/callaloo-jamaican-style/,"{""api_source"": ""TheMealDB API"", ""source_id"": ""52939"", ""source_category"": ""Miscellaneous"", ""source_area"": ""Jamaican"", ""suggested_meal_type"": ""makan_siang"", ""themealdb_url"": ""https://www.themealdb.com/meal/52939"", ""image_url"": ""https://www.themealdb.com/images/media/meals/ussyxw1515364536.jpg"", ""ingredients"": [{""ingredient"": ""Kale"", ""measure"": ""1  bunch""}, {""ingredient"": ""Bacon"", ""measure"": ""2 strips""}, {""ingredient"": ""Garlic"", ""measure"": ""3 cloves Chopped""}, {""ingredient"": ""Onion"", ""measure"": ""1 medium""}, {""ingredient"": ""Paprika"", ""measure"": ""1/2 tsp""}, {""ingredient"": ""Thyme"", ""measure"": ""1 Sprig""}, {""ingredient"": ""Tomato"", ""measure"": ""1""}, {""ingredient"": ""Red Pepper"", ""measure"": ""1""}, {""ingredient"": ""Banana"", ""measure"": ""4""}, {""ingredient"": ""Vegetable Oil"", ""measure"": ""Splash""}], ""review_status"": ""needs_manual_mapping_portion_nutrition_price_rights_and_meal_slot_review""}",true
RCP-TMDB-53258,Hot cumin lamb wrap with crunchy slaw & spicy mayo,,makan_malam,"step 1
Heat a griddle pan. Rub the lamb steaks with the oil, cumin and some seasoning. Griddle for about 3-4 mins on each side or until cooked to your liking. Place to one side on a plate to rest.

step 2
In a large bowl, stir the sugar into the vinegar until dissolved. Add the carrots, spring onions, cabbage and some seasoning, and toss together.

step 3
Blitz the whole peppers and the mayo in a food processor. Add a heap of the salad to each flatbread. Slice the lamb, trimming off any excess fat and lay on top of the salad, drizzling with the resting juices. Spoon over the mayo and scatter with a few of the sliced peppers. Roll up and eat. If using pitta, split and stuff. Serve any extra salad on the side.",false,"Kandidat scratch: meal slot masih saran; porsi, bahan/takaran gram, harga lokal, gizi, dan penggunaan sumber belum ditinjau",TheMealDB API; kandidat belum dikurasi,https://www.bbcgoodfood.com/recipes/hot-cumin-lamb-wrap-crunchy-slaw-spicy-mayo,"{""api_source"": ""TheMealDB API"", ""source_id"": ""53258"", ""source_category"": ""Lamb"", ""source_area"": ""Turkish"", ""suggested_meal_type"": ""makan_malam"", ""themealdb_url"": ""https://www.themealdb.com/meal/53258"", ""image_url"": ""https://www.themealdb.com/images/media/meals/jyylmo1763790808.jpg"", ""ingredients"": [{""ingredient"": ""Lamb Leg"", ""measure"": ""4 small""}, {""ingredient"": ""Olive Oil"", ""measure"": ""2 tsp""}, {""ingredient"": ""Ground Cumin"", ""measure"": ""1 tsp""}, {""ingredient"": ""Sugar"", ""measure"": ""1 tablespoon""}, {""ingredient"": ""White Wine Vinegar"", ""measure"": ""3  tablespoons""}, {""ingredient"": ""Carrots"", ""measure"": ""2""}, {""ingredient"": ""Spring Onions"", ""measure"": ""2 sliced""}, {""ingredient"": ""White Cabbage"", ""measure"": ""400g""}, {""ingredient"": ""Sweet Peppadew Peppers"", ""measure"": ""5""}, {""ingredient"": ""Mayonnaise"", ""measure"": ""3  tablespoons""}, {""ingredient"": ""Pita Bread"", ""measure"": ""4 large""}], ""review_status"": ""needs_manual_mapping_portion_nutrition_price_rights_and_meal_slot_review""}",true
RCP-TMDB-53457,Barbados Pepperpot,,makan_siang,"Wash the stewing steak and place it in the mixing bowl with the lemon or lime juice.
Set that to one side; while you slice the garlic into tiny slices, slice the onion. Chop the basil and thyme.
Now you need to be very careful when you slice the scotch bonnet peppers; you want these in fine pieces, which you can either do with a long knife trying not to touch the pepper, or you can wear rubber gloves to cut it up. Wash your hands straight afterward and do not touch your eyes; these peppers really burn your hands and eyes if they make contact with the skin!
Now rinse the lime or lemon juice off the stewing steak. And cut the meat into cubes.
Also, chop the pig’s trotters and the oxtail into cubes.
Fill the large saucepan with water and bring to a boil.
Add the pig’s trotters.
When the pig’s trotters have boiled, drain the excess water, and now add the stewing steak and cover with fresh hot water.
Now add your chopped garlic, onion, and peppers.
Now add the cinnamon stick, cloves, basil, and thyme and a pinch of salt and sugar to taste.
Now simmer until the meat is tender. The flavor of this dish comes out over a few days and therefore gets tastier each time you reheat it; make sure you always reheat the entire pot to boiling point.",false,"Kandidat scratch: meal slot masih saran; porsi, bahan/takaran gram, harga lokal, gizi, dan penggunaan sumber belum ditinjau",TheMealDB API; kandidat belum dikurasi,https://www.totallybarbados.com/articles/barbados-recipes/barbados-pepperpot/,"{""api_source"": ""TheMealDB API"", ""source_id"": ""53457"", ""source_category"": ""Beef"", ""source_area"": """", ""suggested_meal_type"": ""makan_siang"", ""themealdb_url"": ""https://www.themealdb.com/meal/53457"", ""image_url"": ""https://www.themealdb.com/images/media/meals/5tf8j11782236249.jpg"", ""ingredients"": [{""ingredient"": ""Pigs Trotters"", ""measure"": ""2""}, {""ingredient"": ""Oxtail"", ""measure"": ""2 Lbs""}, {""ingredient"": ""Lime juice"", ""measure"": ""Splash""}, {""ingredient"": ""Garlic"", ""measure"": ""3 cloves""}, {""ingredient"": ""Scotch Bonnet"", ""measure"": ""2""}, {""ingredient"": ""Onion"", ""measure"": ""1 large""}, {""ingredient"": ""Cinnamon Stick"", ""measure"": ""1""}, {""ingredient"": ""Cloves"", ""measure"": ""2""}, {""ingredient"": ""Sugar"", ""measure"": ""Pinch""}, {""ingredient"": ""Salt"", ""measure"": ""Pinch""}, {""ingredient"": ""Basil"", ""measure"": ""Sprinkling""}, {""ingredient"": ""Thyme"", ""measure"": ""Sprinkling""}, {""ingredient"": ""Beef"", ""measure"": ""2 Lbs""}], ""review_status"": ""needs_manual_mapping_portion_nutrition_price_rights_and_meal_slot_review""}",true
RCP-TMDB-53016,Chick-Fil-A Sandwich,,makan_malam,"Wrap the chicken loosely between plastic wrap and pound gently with the flat side of a meat tenderizer until about 1/2 inch thick all around.
Cut into two pieces, as even as possible.
Marinate in the pickle juice for 30 minutes to one hour (add a teaspoon of Tabasco sauce now for a spicy sandwich).
Beat the egg with the milk in a bowl.
Combine the flour, sugar, and spices in another bowl.
Dip the chicken pieces each into the egg on both sides, then coat in flour on both sides.
Heat the oil in a skillet (1/2 inch deep) to about 345-350.
Fry each cutlet for 2 minutes on each side, or until golden and cooked through.
Blot on paper and serve on toasted buns with pickle slices.",false,"Kandidat scratch: meal slot masih saran; porsi, bahan/takaran gram, harga lokal, gizi, dan penggunaan sumber belum ditinjau",TheMealDB API; kandidat belum dikurasi,https://hilahcooking.com/chick-fil-a-copycat/,"{""api_source"": ""TheMealDB API"", ""source_id"": ""53016"", ""source_category"": ""Chicken"", ""source_area"": ""United States"", ""suggested_meal_type"": ""makan_malam"", ""themealdb_url"": ""https://www.themealdb.com/meal/53016"", ""image_url"": ""https://www.themealdb.com/images/media/meals/sbx7n71587673021.jpg"", ""ingredients"": [{""ingredient"": ""Chicken Breast"", ""measure"": ""1""}, {""ingredient"": ""Pickle Juice"", ""measure"": ""1/4 cup""}, {""ingredient"": ""Egg"", ""measure"": ""1""}, {""ingredient"": ""Milk"", ""measure"": ""1/4 cup""}, {""ingredient"": ""Flour"", ""measure"": ""1/2 cup""}, {""ingredient"": ""Icing Sugar"", ""measure"": ""1 tbs""}, {""ingredient"": ""Paprika"", ""measure"": ""1/2 tsp""}, {""ingredient"": ""Salt"", ""measure"": ""1/2 tsp""}, {""ingredient"": ""Black Pepper"", ""measure"": ""1/4 tsp""}, {""ingredient"": ""Garlic Powder"", ""measure"": ""1/4 tsp""}, {""ingredient"": ""Celery Salt"", ""measure"": ""1/4 tsp""}, {""ingredient"": ""Cayenne Pepper"", ""measure"": ""1/2 tsp""}, {""ingredient"": ""Olive Oil"", ""measure"": ""1 cup""}, {""ingredient"": ""Sesame Seed Burger Buns"", ""measure"": ""1""}], ""review_status"": ""needs_manual_mapping_portion_nutrition_price_rights_and_meal_slot_review""}",true
RCP-TMDB-53440,Balchi di Pisca,,makan_siang,"These delectable fish balls can also be made with salmon or fish fillets. Substitute one large can of salmon or one pound of any white fish for the cod.

Soak for twenty-four hours:
1 salted cod, or bakijow Discard the water.

Place cod in saucepan with fresh water to cover. Simmer gently until the fish flakes easily when tested with the tines of a fork. Strain, reserving a bit of the broth. De bone the cod and set it aside for later use. In a saucepan, bring to boil in water to cover: 3 medium potatoes, peeled and diced When the potatoes are tender, drain them well. Add the cod and mash the two ingredients thoroughly together.

Place in the container of an electric blender:
1 tomato, peeled and chopped
1/2 green pepper, chopped
1 medium onion, peeled and chopped
1 clove garlic, slivered
1/2 tsp. Tabasco sauce, or minced hot pepper
Dash of nutmeg
Salt and pepper to taste

Blend for a few seconds and pour the sauce over the mashed fish mixture. Combine these ingredients well and add 1 egg, beaten Mixture should be stiff enough to mold into balls about one and a half inches in diameter, If it's too dry, add the fish stock a tablespoon at a time. Fry the balls in hot, deep fat until golden brown.",false,"Kandidat scratch: meal slot masih saran; porsi, bahan/takaran gram, harga lokal, gizi, dan penggunaan sumber belum ditinjau",TheMealDB API; kandidat belum dikurasi,https://www.visitaruba.com/aruba-recipes/balchi-di-pisca/,"{""api_source"": ""TheMealDB API"", ""source_id"": ""53440"", ""source_category"": ""Seafood"", ""source_area"": """", ""suggested_meal_type"": ""makan_siang"", ""themealdb_url"": ""https://www.themealdb.com/meal/53440"", ""image_url"": ""https://www.themealdb.com/images/media/meals/qqwhw51780093126.jpg"", ""ingredients"": [{""ingredient"": ""Salt Cod"", ""measure"": ""1""}, {""ingredient"": ""Potatoes"", ""measure"": ""3 Medium""}, {""ingredient"": ""Tomato"", ""measure"": ""1""}, {""ingredient"": ""Green Pepper"", ""measure"": ""1/2""}, {""ingredient"": ""Onion"", ""measure"": ""1 medium""}, {""ingredient"": ""Garlic"", ""measure"": ""1 clove peeled sliced""}, {""ingredient"": ""Tobasco Sauce"", ""measure"": ""1/2 tsp""}, {""ingredient"": ""Nutmeg"", ""measure"": ""Dash""}, {""ingredient"": ""Salt"", ""measure"": ""To taste""}, {""ingredient"": ""Pepper"", ""measure"": ""To taste""}, {""ingredient"": ""Egg"", ""measure"": ""1""}], ""review_status"": ""needs_manual_mapping_portion_nutrition_price_rights_and_meal_slot_review""}",true
RCP-TMDB-52807,Baingan Bharta,,makan_malam,"Rinse the baingan (eggplant or aubergine) in water. Pat dry with a kitchen napkin. Apply some oil all over and
keep it for roasting on an open flame. You can also grill the baingan or roast in the oven. But then you won't get
the smoky flavor of the baingan. Keep the eggplant turning after a 2 to 3 minutes on the flame, so that its evenly
cooked. You could also embed some garlic cloves in the baingan and then roast it.
2. Roast the aubergine till its completely cooked and tender. With a knife check the doneness. The knife should slid
easily in aubergines without any resistance. Remove the baingan and immerse in a bowl of water till it cools
down.
3. You can also do the dhungar technique of infusing charcoal smoky flavor in the baingan. This is an optional step.
Use natural charcoal for this method. Heat a small piece of charcoal on flame till it becomes smoking hot and red.
4. Make small cuts on the baingan with a knife. Place the red hot charcoal in the same plate where the roasted
aubergine is kept. Add a few drops of oil on the charcoal. The charcoal would begin to smoke.
5. As soon as smoke begins to release from the charcoal, cover the entire plate tightly with a large bowl. Allow the
charcoal smoke to get infused for 1 to 2 minutes. The more you do, the more smoky the baingan bharta will
become. I just keep for a minute. Alternatively, you can also do this dhungar method once the baingan bharta is
cooked, just like the way we do for Dal Tadka.
6. Peel the skin from the roasted and smoked eggplant.
7. Chop the cooked eggplant finely or you can even mash it.
8. In a kadai or pan, heat oil. Then add finely chopped onions and garlic.
9. Saute the onions till translucent. Don't brown them.
10. Add chopped green chilies and saute for a minute.
11. Add the chopped tomatoes and mix it well.
12. Bhuno (saute) the tomatoes till the oil starts separating from the mixture.
13. Now add the red chili powder. Stir and mix well.
14. Add the chopped cooked baingan.
15. Stir and mix the chopped baingan very well with the onion­tomato masala mixture.
16. Season with salt. Stir and saute for some more 4 to 5 minutes more.
17. Finally stir in the coriander leaves with the baingan bharta or garnish it with them. Serve Baingan Bharta with
phulkas, rotis or chapatis. It goes well even with bread, toasted or grilled bread and plain rice or jeera rice.",false,"Kandidat scratch: meal slot masih saran; porsi, bahan/takaran gram, harga lokal, gizi, dan penggunaan sumber belum ditinjau",TheMealDB API; kandidat belum dikurasi,http://www.vegrecipesofindia.com/baingan-bharta-recipe-punjabi-baingan-bharta-recipe/,"{""api_source"": ""TheMealDB API"", ""source_id"": ""52807"", ""source_category"": ""Vegetarian"", ""source_area"": ""India"", ""suggested_meal_type"": ""makan_malam"", ""themealdb_url"": ""https://www.themealdb.com/meal/52807"", ""image_url"": ""https://www.themealdb.com/images/media/meals/urtpqw1487341253.jpg"", ""ingredients"": [{""ingredient"": ""Aubergine"", ""measure"": ""1 large""}, {""ingredient"": ""Onion"", ""measure"": ""½ cup""}, {""ingredient"": ""Tomatoes"", ""measure"": ""1 cup""}, {""ingredient"": ""Garlic"", ""measure"": ""6 cloves""}, {""ingredient"": ""Green Chilli"", ""measure"": ""1""}, {""ingredient"": ""Red Chilli Powder"", ""measure"": ""¼ teaspoon""}, {""ingredient"": ""Oil"", ""measure"": ""1.5 tablespoon""}, {""ingredient"": ""Coriander Leaves"", ""measure"": ""1 tablespoon chopped""}, {""ingredient"": ""salt"", ""measure"": ""as required""}], ""review_status"": ""needs_manual_mapping_portion_nutrition_price_rights_and_meal_slot_review""}",true
RCP-TMDB-52794,Vegan Chocolate Cake,,makan_siang,Simply mix all dry ingredients with wet ingredients and blend altogether. Bake for 45 min on 180 degrees. Decorate with some melted vegan chocolate,false,"Kandidat scratch: meal slot masih saran; porsi, bahan/takaran gram, harga lokal, gizi, dan penggunaan sumber belum ditinjau",TheMealDB API; kandidat belum dikurasi,https://www.themealdb.com/meal/52794,"{""api_source"": ""TheMealDB API"", ""source_id"": ""52794"", ""source_category"": ""Vegan"", ""source_area"": ""United States"", ""suggested_meal_type"": ""makan_siang"", ""themealdb_url"": ""https://www.themealdb.com/meal/52794"", ""image_url"": ""https://www.themealdb.com/images/media/meals/qxutws1486978099.jpg"", ""ingredients"": [{""ingredient"": ""Self-raising Flour"", ""measure"": ""1 1/4 cup""}, {""ingredient"": ""coco sugar"", ""measure"": ""1/2 cup""}, {""ingredient"": ""cacao"", ""measure"": ""1/3 cup raw""}, {""ingredient"": ""baking powder"", ""measure"": ""1 tsp""}, {""ingredient"": ""flax eggs"", ""measure"": ""2""}, {""ingredient"": ""almond milk"", ""measure"": ""1/2 cup""}, {""ingredient"": ""vanilla"", ""measure"": ""1 tsp""}, {""ingredient"": ""water"", ""measure"": ""1/2 cup boiling""}], ""review_status"": ""needs_manual_mapping_portion_nutrition_price_rights_and_meal_slot_review""}",true
RCP-TMDB-52844,Lasagne,,makan_malam,"Heat the oil in a large saucepan. Use kitchen scissors to snip the bacon into small pieces, or use a sharp knife to chop it on a chopping board. Add the bacon to the pan and cook for just a few mins until starting to turn golden. Add the onion, celery and carrot, and cook over a medium heat for 5 mins, stirring occasionally, until softened.
Add the garlic and cook for 1 min, then tip in the mince and cook, stirring and breaking it up with a wooden spoon, for about 6 mins until browned all over.
Stir in the tomato purée and cook for 1 min, mixing in well with the beef and vegetables. Tip in the chopped tomatoes. Fill each can half full with water to rinse out any tomatoes left in the can, and add to the pan. Add the honey and season to taste. Simmer for 20 mins.
Heat oven to 200C/180C fan/gas 6. To assemble the lasagne, ladle a little of the ragu sauce into the bottom of the roasting tin or casserole dish, spreading the sauce all over the base. Place 2 sheets of lasagne on top of the sauce overlapping to make it fit, then repeat with more sauce and another layer of pasta. Repeat with a further 2 layers of sauce and pasta, finishing with a layer of pasta.
Put the crème fraîche in a bowl and mix with 2 tbsp water to loosen it and make a smooth pourable sauce. Pour this over the top of the pasta, then top with the mozzarella. Sprinkle Parmesan over the top and bake for 25–30 mins until golden and bubbling. Serve scattered with basil, if you like.",false,"Kandidat scratch: meal slot masih saran; porsi, bahan/takaran gram, harga lokal, gizi, dan penggunaan sumber belum ditinjau",TheMealDB API; kandidat belum dikurasi,https://www.bbcgoodfood.com/recipes/classic-lasagne,"{""api_source"": ""TheMealDB API"", ""source_id"": ""52844"", ""source_category"": ""Pasta"", ""source_area"": ""Italian"", ""suggested_meal_type"": ""makan_malam"", ""themealdb_url"": ""https://www.themealdb.com/meal/52844"", ""image_url"": ""https://www.themealdb.com/images/media/meals/wtsvxx1511296896.jpg"", ""ingredients"": [{""ingredient"": ""Olive Oil"", ""measure"": ""1 tblsp""}, {""ingredient"": ""Bacon"", ""measure"": ""2""}, {""ingredient"": ""Onion"", ""measure"": ""1 finely chopped""}, {""ingredient"": ""Celery"", ""measure"": ""1 Stick""}, {""ingredient"": ""Carrots"", ""measure"": ""1 medium""}, {""ingredient"": ""Garlic"", ""measure"": ""2 cloves chopped""}, {""ingredient"": ""Minced Beef"", ""measure"": ""500g""}, {""ingredient"": ""Tomato Puree"", ""measure"": ""1 tbls""}, {""ingredient"": ""Chopped Tomatoes"", ""measure"": ""800g""}, {""ingredient"": ""Honey"", ""measure"": ""1 tblsp""}, {""ingredient"": ""Lasagne Sheets"", ""measure"": ""500g""}, {""ingredient"": ""Creme Fraiche"", ""measure"": ""400ml""}, {""ingredient"": ""Mozzarella Balls"", ""measure"": ""125g""}, {""ingredient"": ""Parmesan Cheese"", ""measure"": ""50g""}, {""ingredient"": ""Basil Leaves"", ""measure"": ""Topping""}], ""review_status"": ""needs_manual_mapping_portion_nutrition_price_rights_and_meal_slot_review""}",true
RCP-TMDB-52969,Chakchouka,,makan_siang,"In a large cast iron skillet or sauté pan with a lid, heat oil over medium high heat. Add the onion and sauté for 2-3 minutes, until softened. Add the peppers and garlic, and sauté for an additional 3-5 minutes. Add the tomatoes, cumin, paprika, salt, and chili powder. Mix well and bring the mixture to a simmer. Reduce the heat to medium low and continue to simmer, uncovered, 10-15 minutes until the mixture has thickened to your desired consistency. (Taste the sauce at this point and adjust for salt and spice, as desired.) Using the back of a spoon, make four craters in the mixture, large enough to hold an egg. Crack one egg into each of the craters. Cover the skillet and simmer for 5-7 minutes, until the eggs have set. Serve immediately with crusty bread or pita.",false,"Kandidat scratch: meal slot masih saran; porsi, bahan/takaran gram, harga lokal, gizi, dan penggunaan sumber belum ditinjau",TheMealDB API; kandidat belum dikurasi,https://www.curiouscuisiniere.com/chakchouka/,"{""api_source"": ""TheMealDB API"", ""source_id"": ""52969"", ""source_category"": ""Miscellaneous"", ""source_area"": ""Tunisian"", ""suggested_meal_type"": ""makan_siang"", ""themealdb_url"": ""https://www.themealdb.com/meal/52969"", ""image_url"": ""https://www.themealdb.com/images/media/meals/gpz67p1560458984.jpg"", ""ingredients"": [{""ingredient"": ""Tomatoes"", ""measure"": ""4""}, {""ingredient"": ""Olive Oil"", ""measure"": ""2 tbs""}, {""ingredient"": ""Onion"", ""measure"": ""1 Diced""}, {""ingredient"": ""Red Pepper"", ""measure"": ""1 sliced""}, {""ingredient"": ""Green Pepper"", ""measure"": ""1 sliced""}, {""ingredient"": ""Garlic"", ""measure"": ""3 Cloves Crushed""}, {""ingredient"": ""Cumin"", ""measure"": ""1 tsp""}, {""ingredient"": ""Paprika"", ""measure"": ""1 tsp""}, {""ingredient"": ""Salt"", ""measure"": ""3/4 teaspoon""}, {""ingredient"": ""Chili Powder"", ""measure"": ""1/2 teaspoon""}, {""ingredient"": ""Eggs"", ""measure"": ""4""}], ""review_status"": ""needs_manual_mapping_portion_nutrition_price_rights_and_meal_slot_review""}",true
RCP-TMDB-53253,Imam bayildi with BBQ lamb & tzatziki,,makan_malam,"step 1
Heat oven to 190C/170C fan/gas 5. Halve the aubergines lengthways and score the flesh side deeply, brush with a good layer of olive oil and put on a baking sheet. Roast for 20 mins or until the flesh is soft enough to scoop out.

step 2
Fry the onion in a little oil until soft, add the garlic and cinnamon and fry for 1 min. Once the aubergines are cool enough to handle, scoop out the centres. Roughly chop the flesh and add it to the onions. Halve the tomatoes, scoop the seeds and juice into a sieve set over a bowl, then chop the flesh. Add the chopped tomatoes to the pan and cook everything for 10 mins until nice and soft. Add a little more oil if you need to. Stir in the parsley, leaving a little for scattering at the end.

step 3
Lay the aubergine halves in a baking dish and divide the tomato mixture between them. Pour over the juice from the tomatoes, drizzle with more olive oil and bake for 30 mins until the aubergines have collapsed.

step 4
Meanwhile, mix the tzatziki ingredients together and put in a small serving bowl.

step 5
Season the lamb with salt, black pepper and a pinch of paprika. Griddle, grill or barbecue for 3 mins on each side or until the fat is nicely browned, then put in a serving dish and squeeze over the lemon halves. Scatter the aubergines with parsley, then serve with the lamb and tzatziki.",false,"Kandidat scratch: meal slot masih saran; porsi, bahan/takaran gram, harga lokal, gizi, dan penggunaan sumber belum ditinjau",TheMealDB API; kandidat belum dikurasi,https://www.bbcgoodfood.com/recipes/imam-bayildi-bbq-lamb-tzatziki,"{""api_source"": ""TheMealDB API"", ""source_id"": ""53253"", ""source_category"": ""Lamb"", ""source_area"": ""Turkish"", ""suggested_meal_type"": ""makan_malam"", ""themealdb_url"": ""https://www.themealdb.com/meal/53253"", ""image_url"": ""https://www.themealdb.com/images/media/meals/ampz9v1763787134.jpg"", ""ingredients"": [{""ingredient"": ""Aubergine"", ""measure"": ""3""}, {""ingredient"": ""Olive Oil"", ""measure"": ""2 tablespoons""}, {""ingredient"": ""Onion"", ""measure"": ""1 chopped""}, {""ingredient"": ""Garlic"", ""measure"": ""2 cloves chopped""}, {""ingredient"": ""Cinnamon"", ""measure"": ""1 tsp""}, {""ingredient"": ""Tomato"", ""measure"": ""8""}, {""ingredient"": ""Parsley"", ""measure"": ""Bunch""}, {""ingredient"": ""Lamb Loin Chops"", ""measure"": ""12""}, {""ingredient"": ""Paprika"", ""measure"": ""Pinch""}, {""ingredient"": ""Lemon"", ""measure"": ""1""}, {""ingredient"": ""Greek Yogurt"", ""measure"": ""150g""}, {""ingredient"": ""Cucumber"", ""measure"": ""1/2""}, {""ingredient"": ""Mint"", ""measure"": ""2 tbs chopped""}], ""review_status"": ""needs_manual_mapping_portion_nutrition_price_rights_and_meal_slot_review""}",true
RCP-TMDB-53366,Beef and Broccoli Stir-Fry,,makan_siang,"Marinate the beef:
Stir together the beef marinade ingredients (1 teaspoon soy sauce, 1 teaspoon Chinese rice wine, 1/2 teaspoon cornstarch, 1/8 teaspoon black pepper) in a medium bowl.

Add the beef slices and stir until coated. Let stand for 10 minutes.

Prepare the sauce:
Stir together the sauce ingredients (2 tablespoons oyster sauce, 1 teaspoon Chinese rice wine, 1 teaspoon soy sauce, 1/4 cup chicken broth) in a small bowl. Set aside.

Blanch or steam the broccoli:
Bring a pot of water to a boil. Add the broccoli and cook until crisp-tender, about 2 minutes. Drain thoroughly.

Stir-fry the beef:
Heat a large frying pan or wok over high heat until a bead of water sizzles and instantly evaporates upon contact. Add the cooking oil and swirl to coat.

Add the beef and immediately spread it out all over the surface of the wok or pan in a single layer (preferably not touching).

Let the beef fry undisturbed for 1 minute. Flip the beef slices over, add the garlic to the pan, and fry for an additional 30 seconds to 1 minute until no longer pink.

Add the sauce, cornstarch, and broccoli:
Pour in the sauce and the cornstarch slurry (1 teaspoon cornstarch dissolved in 1 tablespoon of water). Stir until the sauce boils and thickens, about 30 seconds. Stir in the broccoli.

Serve immediately, with steamed rice or on its own.",false,"Kandidat scratch: meal slot masih saran; porsi, bahan/takaran gram, harga lokal, gizi, dan penggunaan sumber belum ditinjau",TheMealDB API; kandidat belum dikurasi,https://www.simplyrecipes.com/recipes/broccoli_beef/,"{""api_source"": ""TheMealDB API"", ""source_id"": ""53366"", ""source_category"": ""Beef"", ""source_area"": ""Chinese"", ""suggested_meal_type"": ""makan_siang"", ""themealdb_url"": ""https://www.themealdb.com/meal/53366"", ""image_url"": ""https://www.themealdb.com/images/media/meals/m0p0j81765568742.jpg"", ""ingredients"": [{""ingredient"": ""Soy Sauce"", ""measure"": ""1 tsp""}, {""ingredient"": ""Dry sherry"", ""measure"": ""1 tsp""}, {""ingredient"": ""Cornstarch"", ""measure"": ""1/2 tsp""}, {""ingredient"": ""Black Pepper"", ""measure"": ""1/8 teaspoon""}, {""ingredient"": ""Sirloin steak"", ""measure"": ""1 lb""}, {""ingredient"": ""Oyster Sauce"", ""measure"": ""2 tablespoons""}, {""ingredient"": ""Dry sherry"", ""measure"": ""1 tsp""}, {""ingredient"": ""Soy Sauce"", ""measure"": ""1 tablespoon""}, {""ingredient"": ""Chicken Stock"", ""measure"": ""1/4 cup""}, {""ingredient"": ""Broccoli"", ""measure"": ""1 lb""}, {""ingredient"": ""High Heat Cooking Oil"", ""measure"": ""2 tablespoons""}, {""ingredient"": ""Garlic"", ""measure"": ""2 cloves minced""}, {""ingredient"": ""Cornstarch"", ""measure"": ""1 tsp""}, {""ingredient"": ""Water"", ""measure"": ""1 tablespoon""}], ""review_status"": ""needs_manual_mapping_portion_nutrition_price_rights_and_meal_slot_review""}",true
RCP-TMDB-53161,Chicken & chorizo rice pot,,makan_malam,"step 1
Heat the oil in a large flameproof casserole dish and brown the chicken pieces on all sides – you may have to do this in batches. Remove from the dish and put to one side.

step 2
Lower the heat, add the onion and pepper, and gently cook for 10 mins until softened. Add the garlic and chorizo, and cook for a further 2 mins until the chorizo has released some of its oils into the dish. Stir in the tomato purée and cook for 1 min more.

step 3
Return the chicken pieces to the dish along with the thyme, white wine and stock. Bring the liquid to a boil, cover the dish with a tight-fitting lid and lower the heat. Cook for 30 mins.

step 4
Tip in the rice and stir everything together. Cover, set over a low heat and cook for a further 15 mins, or until the rice is cooked and has absorbed most of the cooking liquid. Remove from the heat and leave the dish to sit for 10 mins to absorb any remaining liquid. Season to taste and scatter with parsley to serve.",false,"Kandidat scratch: meal slot masih saran; porsi, bahan/takaran gram, harga lokal, gizi, dan penggunaan sumber belum ditinjau",TheMealDB API; kandidat belum dikurasi,https://www.bbcgoodfood.com/recipes/chicken-chorizo-rice-pot,"{""api_source"": ""TheMealDB API"", ""source_id"": ""53161"", ""source_category"": ""Chicken"", ""source_area"": ""Spanish"", ""suggested_meal_type"": ""makan_malam"", ""themealdb_url"": ""https://www.themealdb.com/meal/53161"", ""image_url"": ""https://www.themealdb.com/images/media/meals/fk80jp1763280767.jpg"", ""ingredients"": [{""ingredient"": ""Oil"", ""measure"": ""1 tblsp""}, {""ingredient"": ""Chicken"", ""measure"": ""1 whole""}, {""ingredient"": ""Onion"", ""measure"": ""1 Large Chopped""}, {""ingredient"": ""Red Pepper"", ""measure"": ""1 chopped""}, {""ingredient"": ""Garlic"", ""measure"": ""3 Cloves Crushed""}, {""ingredient"": ""Chorizo"", ""measure"": ""225g""}, {""ingredient"": ""Tomato Puree"", ""measure"": ""1 tblsp""}, {""ingredient"": ""Thyme"", ""measure"": ""1 tablespoon chopped""}, {""ingredient"": ""White Wine"", ""measure"": ""150ml""}, {""ingredient"": ""Chicken Stock"", ""measure"": ""800ml""}, {""ingredient"": ""Rice"", ""measure"": ""400g""}, {""ingredient"": ""Parsley"", ""measure"": ""2 tbs chopped""}], ""review_status"": ""needs_manual_mapping_portion_nutrition_price_rights_and_meal_slot_review""}",true
RCP-TMDB-53239,Bang bang prawn salad,,makan_siang,"step 1
Cook the noodles following pack instructions, then rinse under cold water and drain thoroughly. In a small saucepan melt together the peanut butter, coconut milk, sweet chilli sauce and half the spring onions, adding 1-2 tbsp of water to loosen the mixture to a drizzling consistency.

step 2
Mix the noodles, cucumber and beansprouts in a serving dish. Top with the prawns, drizzle over the peanut sauce and scatter over the remaining spring onions.",false,"Kandidat scratch: meal slot masih saran; porsi, bahan/takaran gram, harga lokal, gizi, dan penggunaan sumber belum ditinjau",TheMealDB API; kandidat belum dikurasi,https://www.bbcgoodfood.com/recipes/bang-bang-prawn-salad,"{""api_source"": ""TheMealDB API"", ""source_id"": ""53239"", ""source_category"": ""Seafood"", ""source_area"": ""Vietnamese"", ""suggested_meal_type"": ""makan_siang"", ""themealdb_url"": ""https://www.themealdb.com/meal/53239"", ""image_url"": ""https://www.themealdb.com/images/media/meals/4xcfai1763765676.jpg"", ""ingredients"": [{""ingredient"": ""Rice Noodles"", ""measure"": ""140g""}, {""ingredient"": ""Peanut Butter"", ""measure"": ""3 tablespoons""}, {""ingredient"": ""Coconut Milk"", ""measure"": ""4 tablespoons""}, {""ingredient"": ""sweet chilli sauce"", ""measure"": ""3  tablespoons""}, {""ingredient"": ""Spring Onions"", ""measure"": ""3 sliced thinly""}, {""ingredient"": ""Cucumber"", ""measure"": ""1 sliced""}, {""ingredient"": ""Bean Sprouts"", ""measure"": ""300g""}, {""ingredient"": ""Prawns"", ""measure"": ""200g""}], ""review_status"": ""needs_manual_mapping_portion_nutrition_price_rights_and_meal_slot_review""}",true
RCP-TMDB-53307,Beetroot & red cabbage sauerkraut,,makan_malam,"step 1
Tip all the ingredients into a large bowl, add 1-1½ tsp freshly ground black pepper, then scrunch it all together with your hands for 5 mins. You might want to wear gloves to avoid staining your skin with the beetroot juices.

step 2
Press the veg down in the bowl with your hands, then cover the surface and up the side of the bowl with a large sheet of compostable cling film or something reusable like a beeswax wrap. Now place another similar-sized bowl on top. Press down hard and add anything heavy (packs of rice or cans work well) to weigh it down so the juices rise to cover the surface. Cover again.

step 3
Leave to ferment at room temperature for at least five days, but for maximum flavour, leave for one-five weeks (until the bubbling subsides).

step 4
Check the sauerkraut. After a few days, you will see bubbles that have built up as it ferments. Give it a stir, then cover and weigh it down again as before. The cabbage will become increasingly sour the longer it’s fermented, so taste it now and again. When you like the flavour, transfer it to sterilised jars and keep chilled. Will keep chilled for up to six months.",false,"Kandidat scratch: meal slot masih saran; porsi, bahan/takaran gram, harga lokal, gizi, dan penggunaan sumber belum ditinjau",TheMealDB API; kandidat belum dikurasi,https://www.bbcgoodfood.com/recipes/beetroot-red-cabbage-sauerkraut,"{""api_source"": ""TheMealDB API"", ""source_id"": ""53307"", ""source_category"": ""Vegetarian"", ""source_area"": ""Polish"", ""suggested_meal_type"": ""makan_malam"", ""themealdb_url"": ""https://www.themealdb.com/meal/53307"", ""image_url"": ""https://www.themealdb.com/images/media/meals/ra2k8a1764365055.jpg"", ""ingredients"": [{""ingredient"": ""Beetroot"", ""measure"": ""320g""}, {""ingredient"": ""Red Cabbage"", ""measure"": ""450g""}, {""ingredient"": ""Onion"", ""measure"": ""1 small""}, {""ingredient"": ""Caraway Seed"", ""measure"": ""2 tsp""}, {""ingredient"": ""Sea Salt"", ""measure"": ""1 tsp""}], ""review_status"": ""needs_manual_mapping_portion_nutrition_price_rights_and_meal_slot_review""}",true
RCP-TMDB-52775,Vegan Lasagna,,makan_siang,"1) Preheat oven to 180 degrees celcius. 
2) Boil vegetables for 5-7 minutes, until soft. Add lentils and bring to a gentle simmer, adding a stock cube if desired. Continue cooking and stirring until the lentils are soft, which should take about 20 minutes. 
3) Blanch spinach leaves for a few minutes in a pan, before removing and setting aside. 
4) Top up the pan with water and cook the lasagne sheets. When cooked, drain and set aside.
5) To make the sauce, melt the butter and add the flour, then gradually add the soya milk along with the mustard and the vinegar. Cook and stir until smooth and then assemble the lasagne as desired in a baking dish. 
6) Bake in the preheated oven for about 25 minutes.",false,"Kandidat scratch: meal slot masih saran; porsi, bahan/takaran gram, harga lokal, gizi, dan penggunaan sumber belum ditinjau",TheMealDB API; kandidat belum dikurasi,https://www.themealdb.com/meal/52775,"{""api_source"": ""TheMealDB API"", ""source_id"": ""52775"", ""source_category"": ""Vegan"", ""source_area"": ""Italian"", ""suggested_meal_type"": ""makan_siang"", ""themealdb_url"": ""https://www.themealdb.com/meal/52775"", ""image_url"": ""https://www.themealdb.com/images/media/meals/rvxxuy1468312893.jpg"", ""ingredients"": [{""ingredient"": ""green red lentils"", ""measure"": ""1 cups""}, {""ingredient"": ""Carrots"", ""measure"": ""1""}, {""ingredient"": ""onion"", ""measure"": ""1""}, {""ingredient"": ""zucchini"", ""measure"": ""1 small""}, {""ingredient"": ""coriander"", ""measure"": ""sprinking""}, {""ingredient"": ""spinach"", ""measure"": ""150g""}, {""ingredient"": ""lasagne sheets"", ""measure"": ""10""}, {""ingredient"": ""vegan butter"", ""measure"": ""35g""}, {""ingredient"": ""flour"", ""measure"": ""4 tablespoons""}, {""ingredient"": ""soya milk"", ""measure"": ""300ml""}, {""ingredient"": ""mustard"", ""measure"": ""1.5 teaspoons""}, {""ingredient"": ""vinegar"", ""measure"": ""1 teaspoon""}], ""review_status"": ""needs_manual_mapping_portion_nutrition_price_rights_and_meal_slot_review""}",true
RCP-TMDB-53461,Macaroni Pie,,makan_malam,"Bring water to a boil and add the broken-up macaroni, elbows, and salt. Cook uncovered until tender but not overcooked (about 8 minutes).

Preheat a moderately hot oven to 350F, 180C, or Gas Mark 4.

Drain the macaroni thoroughly, put it back into the same hot saucepan cooked in, and mix in the butter.

Grate the cheese and mix it with the macaroni while it is still warm.

Whisk the egg until fluffy, and add the milk, onion powder, white pepper, salt, pepper sauce, and mustard. Pour in with the macaroni and mix.

Place in a greased ovenproof casserole dish. Top with butter, some grated cheese, and fine breadcrumbs. Bake in the center of the oven for about 30-45 minutes, depending on the dish’s depth.",false,"Kandidat scratch: meal slot masih saran; porsi, bahan/takaran gram, harga lokal, gizi, dan penggunaan sumber belum ditinjau",TheMealDB API; kandidat belum dikurasi,https://www.totallybarbados.com/articles/barbados-recipes/macaroni-pie-recipe/,"{""api_source"": ""TheMealDB API"", ""source_id"": ""53461"", ""source_category"": ""Pasta"", ""source_area"": """", ""suggested_meal_type"": ""makan_malam"", ""themealdb_url"": ""https://www.themealdb.com/meal/53461"", ""image_url"": ""https://www.themealdb.com/images/media/meals/kpiu4t1782242131.jpg"", ""ingredients"": [{""ingredient"": ""Macaroni"", ""measure"": ""250g""}, {""ingredient"": ""Butter"", ""measure"": ""1 tablespoon""}, {""ingredient"": ""Cheddar Cheese"", ""measure"": ""375g""}, {""ingredient"": ""Egg"", ""measure"": ""1""}, {""ingredient"": ""Milk"", ""measure"": ""250ml""}, {""ingredient"": ""Ground Onion"", ""measure"": ""2 tsp""}, {""ingredient"": ""Mustard"", ""measure"": ""1 tsp""}, {""ingredient"": ""Pepper"", ""measure"": ""1 tsp""}, {""ingredient"": ""Salt"", ""measure"": ""1 tsp""}, {""ingredient"": ""Cayenne Pepper"", ""measure"": ""1/2 tsp""}, {""ingredient"": ""Breadcrumbs"", ""measure"": ""2 tablespoons""}, {""ingredient"": ""Butter"", ""measure"": ""2 tsp""}, {""ingredient"": ""Cheddar Cheese"", ""measure"": ""2 tablespoons""}], ""review_status"": ""needs_manual_mapping_portion_nutrition_price_rights_and_meal_slot_review""}",true
RCP-TMDB-53446,Clear Soup with Semolina Dumplings,,makan_siang,"Step 1
Allow butter to come to room temperature before beating in a bowl until creamed. Season with salt and a small, delicate pinch of nutmeg.

Step 2
Add in the egg, stirring vigorously. Sprinkle the semolina over this, and mix it in well until the surface is smooth. Cover with saran wrap and leave to rest for 15 – 20 minutes.

Step 3
Use two spoons, dipped regularly into hot water throughout, to press or shape dumplings from the paste. You can also place these on a lightly oiled board or plate and again leave them to stand for a short while (this allows the dumplings to rise even more).

Step 4
Heat a generous quantity of salted water in a large pan. Place the dumplings into the water and bring them back to a boil before turning down the heat and leaving to simmer gently for 10 – 15 minutes (do not boil). Carefully turn the dumplings occasionally.

Step 5
Remove the semolina dumplings carefully and put them in the heated soup. Serve promptly, with a garnish of sprinkled parsley or chives.

Step 6
The semolina dumplings can also be cooked in the beef broth, but this causes the soup to take on a slightly dull appearance. The cooked dumplings should never be left standing in the soup for too long, as they will “soak up” the soup and become softened.",false,"Kandidat scratch: meal slot masih saran; porsi, bahan/takaran gram, harga lokal, gizi, dan penggunaan sumber belum ditinjau",TheMealDB API; kandidat belum dikurasi,https://www.austria.info/en-gb/recipes/clear-soup-with-semolina-dumplings/,"{""api_source"": ""TheMealDB API"", ""source_id"": ""53446"", ""source_category"": ""Miscellaneous"", ""source_area"": """", ""suggested_meal_type"": ""makan_siang"", ""themealdb_url"": ""https://www.themealdb.com/meal/53446"", ""image_url"": ""https://www.themealdb.com/images/media/meals/qserum1780156275.jpg"", ""ingredients"": [{""ingredient"": ""Semolina"", ""measure"": ""120g""}, {""ingredient"": ""Butter"", ""measure"": ""60g""}, {""ingredient"": ""Egg"", ""measure"": ""1""}, {""ingredient"": ""Salt"", ""measure"": ""Pinch""}, {""ingredient"": ""Nutmeg"", ""measure"": ""Pinch""}, {""ingredient"": ""Oil"", ""measure"": ""Splash""}, {""ingredient"": ""Beef Stock"", ""measure"": ""1 L""}, {""ingredient"": ""Parsley"", ""measure"": ""Chopped""}], ""review_status"": ""needs_manual_mapping_portion_nutrition_price_rights_and_meal_slot_review""}",true
RCP-TMDB-52769,Kapsalon,,makan_malam,"Cut the meat into strips. Heat oil in a pan and fry the strips for 6 minutes until it's ready.
Bake the fries until golden brown in a deep fryrer. When ready transfer to a backing dish. Make sure the fries are spread over the whole dish.
Cover the fries with a new layer of meat and spread evenly.
Add a layer of cheese over the meat. You can also use grated cheese. When done put in the oven for a few minutes until the cheese is melted.
Chop the lettuce, tomato and cucumber in small pieces and mix together. for a basic salad. As extra you can add olives jalapenos and a red union.
Dived the salad over the dish and Serve with garlicsauce and hot sauce",false,"Kandidat scratch: meal slot masih saran; porsi, bahan/takaran gram, harga lokal, gizi, dan penggunaan sumber belum ditinjau",TheMealDB API; kandidat belum dikurasi,https://www.themealdb.com/meal/52769,"{""api_source"": ""TheMealDB API"", ""source_id"": ""52769"", ""source_category"": ""Lamb"", ""source_area"": ""Netherlands"", ""suggested_meal_type"": ""makan_malam"", ""themealdb_url"": ""https://www.themealdb.com/meal/52769"", ""image_url"": ""https://www.themealdb.com/images/media/meals/sxysrt1468240488.jpg"", ""ingredients"": [{""ingredient"": ""Fries"", ""measure"": ""250 Grams""}, {""ingredient"": ""Doner Meat"", ""measure"": ""500 Grams""}, {""ingredient"": ""Garlic sauce"", ""measure"": ""Topping""}, {""ingredient"": ""Hotsauce"", ""measure"": ""Topping""}, {""ingredient"": ""Lettuce"", ""measure"": ""1 Bulb""}, {""ingredient"": ""Tomato"", ""measure"": ""1""}, {""ingredient"": ""Cucumber"", ""measure"": ""3rd""}, {""ingredient"": ""Gouda cheese"", ""measure"": ""100 Grams""}], ""review_status"": ""needs_manual_mapping_portion_nutrition_price_rights_and_meal_slot_review""}",true
RCP-TMDB-52874,Beef and Mustard Pie,,makan_siang,"Preheat the oven to 150C/300F/Gas 2.
Toss the beef and flour together in a bowl with some salt and black pepper.
Heat a large casserole until hot, add half of the rapeseed oil and enough of the beef to just cover the bottom of the casserole.
Fry until browned on each side, then remove and set aside. Repeat with the remaining oil and beef.
Return the beef to the pan, add the wine and cook until the volume of liquid has reduced by half, then add the stock, onion, carrots, thyme and mustard, and season well with salt and pepper.
Cover with a lid and place in the oven for two hours.
Remove from the oven, check the seasoning and set aside to cool. Remove the thyme.
When the beef is cool and you're ready to assemble the pie, preheat the oven to 200C/400F/Gas 6.
Transfer the beef to a pie dish, brush the rim with the beaten egg yolks and lay the pastry over the top. Brush the top of the pastry with more beaten egg.
Trim the pastry so there is just enough excess to crimp the edges, then place in the oven and bake for 30 minutes, or until the pastry is golden-brown and cooked through.
For the green beans, bring a saucepan of salted water to the boil, add the beans and cook for 4-5 minutes, or until just tender.
Drain and toss with the butter, then season with black pepper.
To serve, place a large spoonful of pie onto each plate with some green beans alongside.",false,"Kandidat scratch: meal slot masih saran; porsi, bahan/takaran gram, harga lokal, gizi, dan penggunaan sumber belum ditinjau",TheMealDB API; kandidat belum dikurasi,https://www.bbc.co.uk/food/recipes/beef_and_mustard_pie_58002,"{""api_source"": ""TheMealDB API"", ""source_id"": ""52874"", ""source_category"": ""Beef"", ""source_area"": ""British"", ""suggested_meal_type"": ""makan_siang"", ""themealdb_url"": ""https://www.themealdb.com/meal/52874"", ""image_url"": ""https://www.themealdb.com/images/media/meals/sytuqu1511553755.jpg"", ""ingredients"": [{""ingredient"": ""Beef"", ""measure"": ""1kg""}, {""ingredient"": ""Plain Flour"", ""measure"": ""2 tbs""}, {""ingredient"": ""Rapeseed Oil"", ""measure"": ""2 tbs""}, {""ingredient"": ""Red Wine"", ""measure"": ""200ml""}, {""ingredient"": ""Beef Stock"", ""measure"": ""400ml""}, {""ingredient"": ""Onion"", ""measure"": ""1 finely sliced""}, {""ingredient"": ""Carrots"", ""measure"": ""2 chopped""}, {""ingredient"": ""Thyme"", ""measure"": ""3 sprigs""}, {""ingredient"": ""Mustard"", ""measure"": ""2 tbs""}, {""ingredient"": ""Egg Yolks"", ""measure"": ""2 free-range""}, {""ingredient"": ""Puff Pastry"", ""measure"": ""400g""}, {""ingredient"": ""Green Beans"", ""measure"": ""300g""}, {""ingredient"": ""Butter"", ""measure"": ""25g""}, {""ingredient"": ""Salt"", ""measure"": ""pinch""}, {""ingredient"": ""Pepper"", ""measure"": ""pinch""}], ""review_status"": ""needs_manual_mapping_portion_nutrition_price_rights_and_meal_slot_review""}",true
RCP-TMDB-52846,Chicken & mushroom Hotpot,,makan_malam,"Heat oven to 200C/180C fan/gas 6. Put the butter in a medium-size saucepan and place over a medium heat. Add the onion and leave to cook for 5 mins, stirring occasionally. Add the mushrooms to the saucepan with the onions.

Once the onion and mushrooms are almost cooked, stir in the flour – this will make a thick paste called a roux. If you are using a stock cube, crumble the cube into the roux now and stir well. Put the roux over a low heat and stir continuously for 2 mins – this will cook the flour and stop the sauce from having a floury taste.

Take the roux off the heat. Slowly add the fresh stock, if using, or pour in 500ml water if you’ve used a stock cube, stirring all the time. Once all the liquid has been added, season with pepper, a pinch of nutmeg and mustard powder. Put the saucepan back onto a medium heat and slowly bring it to the boil, stirring all the time. Once the sauce has thickened, place on a very low heat. Add the cooked chicken and vegetables to the sauce and stir well. Grease a medium-size ovenproof pie dish with a little butter and pour in the chicken and mushroom filling.

Carefully lay the potatoes on top of the hot-pot filling, overlapping them slightly, almost like a pie top.

Brush the potatoes with a little melted butter and cook in the oven for about 35 mins. The hot-pot is ready once the potatoes are cooked and golden brown.",false,"Kandidat scratch: meal slot masih saran; porsi, bahan/takaran gram, harga lokal, gizi, dan penggunaan sumber belum ditinjau",TheMealDB API; kandidat belum dikurasi,https://www.bbcgoodfood.com/recipes/chicken-mushroom-hot-pot,"{""api_source"": ""TheMealDB API"", ""source_id"": ""52846"", ""source_category"": ""Chicken"", ""source_area"": ""British"", ""suggested_meal_type"": ""makan_malam"", ""themealdb_url"": ""https://www.themealdb.com/meal/52846"", ""image_url"": ""https://www.themealdb.com/images/media/meals/uuuspp1511297945.jpg"", ""ingredients"": [{""ingredient"": ""Butter"", ""measure"": ""50g""}, {""ingredient"": ""Onion"", ""measure"": ""1 chopped""}, {""ingredient"": ""Mushrooms"", ""measure"": ""100g""}, {""ingredient"": ""Plain Flour"", ""measure"": ""40g""}, {""ingredient"": ""Chicken Stock Cube"", ""measure"": ""1""}, {""ingredient"": ""Nutmeg"", ""measure"": ""pinch""}, {""ingredient"": ""Mustard Powder"", ""measure"": ""pinch""}, {""ingredient"": ""Chicken"", ""measure"": ""250g""}, {""ingredient"": ""Sweetcorn"", ""measure"": ""2 Handfuls""}, {""ingredient"": ""Potatoes"", ""measure"": ""2 large""}, {""ingredient"": ""Butter"", ""measure"": ""1 knob""}], ""review_status"": ""needs_manual_mapping_portion_nutrition_price_rights_and_meal_slot_review""}",true
RCP-TMDB-53451,Bangladeshi fish curry with daikon,,makan_siang,"If you are using rohu fish it will usually be frozen. Soak it in cold water for 30-45 minutes to defrost and while still a little firm, descale and cut each steak into quarters and wash in cold saltwater a few times. Drain and set aside. If using an alternative such as cod, cut into 2 ½ inch chunks then rinse, drain and set aside
2
Top and tail the daikon and peel using a potato peeler. Cut in half widthways then cut each half down the middle, lengthways. Now slice into 2cm-thick half-moon pieces. Rinse and set aside
3
Place a large, shallow saucepan over a medium heat and add the oil. When the oil is hot add the crushed garlic and stir for a minute until pale golden
4
Add the onion paste and salt and cook for 3-5 minutes, until the onion softens and becomes translucent, stirring occasionally
5
Pour in 200ml of water then cover and cook for 10 minutes, stirring once or twice
6
After 10 minutes add the ground spices and stir for a couple of minutes so that the spices cook through. Cover and cook for 5 minutes over a low heat then stir in the daikon. After a minute or so add 200ml of water. Cover and cook for 10 minutes on a medium heat
7
Add the fish pieces to the pan and mix thoroughly so that the fish is coated in the spices. Gently shake the pan and cover and cook for 5 minutes on medium heat. It is very important not to stir the pot after this stage
8
Meanwhile, boil some water. After the 5 minutes are over carefully pour 500ml hot water into the pan. When doing this pour into the sides of the pan so that you don’t pour boiling water directly onto the fish
9
Give the pan a gentle shake then cover and simmer over high heat for 15 minutes. Add the chopped coriander and chillies and continue cooking for another 5 minutes then turn off the heat. Serve immediately with rice and the lime wedges",false,"Kandidat scratch: meal slot masih saran; porsi, bahan/takaran gram, harga lokal, gizi, dan penggunaan sumber belum ditinjau",TheMealDB API; kandidat belum dikurasi,https://www.greatbritishchefs.com/recipes/bangladesh-fish-curry-recipe,"{""api_source"": ""TheMealDB API"", ""source_id"": ""53451"", ""source_category"": ""Seafood"", ""source_area"": """", ""suggested_meal_type"": ""makan_siang"", ""themealdb_url"": ""https://www.themealdb.com/meal/53451"", ""image_url"": ""https://www.themealdb.com/images/media/meals/r7mcjm1780261264.jpg"", ""ingredients"": [{""ingredient"": ""White Fish"", ""measure"": ""450g""}, {""ingredient"": ""Daikon Radish"", ""measure"": ""450g""}, {""ingredient"": ""Vegetable Oil"", ""measure"": ""4 tablespoons""}, {""ingredient"": ""Garlic"", ""measure"": ""4 cloves""}, {""ingredient"": ""Onion"", ""measure"": ""1 medium""}, {""ingredient"": ""Salt"", ""measure"": ""2 tsp""}, {""ingredient"": ""Ground Turmeric"", ""measure"": ""1 tsp""}, {""ingredient"": ""Ground Coriander"", ""measure"": ""2 tsp""}, {""ingredient"": ""Chilli Powder"", ""measure"": ""2 tsp""}, {""ingredient"": ""Green Chilli"", ""measure"": ""2""}, {""ingredient"": ""Coriander Leaves"", ""measure"": ""Handful""}, {""ingredient"": ""Lime"", ""measure"": ""1""}], ""review_status"": ""needs_manual_mapping_portion_nutrition_price_rights_and_meal_slot_review""}",true
RCP-TMDB-53313,Beetroot latkes,,makan_malam,"step 1
Heat the oven to 180C/160C fan/gas 4. Make the latkes by combining all of the ingredients.

step 2
Heat the oil in a large non-stick pan. Spoon in the mixture to make six round latkes. Fry for 4-5 mins on each side, then transfer to a baking sheet and bake for 10 mins.

step 3
Combine the yogurt and mint in a small bowl. Toss the salad leaves and tomatoes together, then serve the latkes with the mint yogurt and salad.",false,"Kandidat scratch: meal slot masih saran; porsi, bahan/takaran gram, harga lokal, gizi, dan penggunaan sumber belum ditinjau",TheMealDB API; kandidat belum dikurasi,https://www.bbcgoodfood.com/recipes/beetroot-latkes,"{""api_source"": ""TheMealDB API"", ""source_id"": ""53313"", ""source_category"": ""Vegetarian"", ""source_area"": ""Ukrainian"", ""suggested_meal_type"": ""makan_malam"", ""themealdb_url"": ""https://www.themealdb.com/meal/53313"", ""image_url"": ""https://www.themealdb.com/images/media/meals/qwicc91764368097.jpg"", ""ingredients"": [{""ingredient"": ""Rapeseed Oil"", ""measure"": ""1 tablespoon""}, {""ingredient"": ""Greek Yogurt"", ""measure"": ""4 tablespoons""}, {""ingredient"": ""Mint"", ""measure"": ""1/2 bag""}, {""ingredient"": ""Rocket"", ""measure"": ""150g""}, {""ingredient"": ""Cherry Tomatoes"", ""measure"": ""130g""}, {""ingredient"": ""Beetroot"", ""measure"": ""400g""}, {""ingredient"": ""Egg"", ""measure"": ""1 beaten""}, {""ingredient"": ""Plain Flour"", ""measure"": ""1 tablespoon""}, {""ingredient"": ""Garlic"", ""measure"": ""1 clove finely chopped""}, {""ingredient"": ""Caraway Seed"", ""measure"": ""1 tsp""}, {""ingredient"": ""Ground Cumin"", ""measure"": ""1/2 teaspoon""}, {""ingredient"": ""Lemon"", ""measure"": ""Zest of 1""}], ""review_status"": ""needs_manual_mapping_portion_nutrition_price_rights_and_meal_slot_review""}",true
RCP-TMDB-53504,Macaroni Pudding,,makan_siang,"Add macaroni to large pan with sufficient water to cover (approximately 4 cups). Add salt and bring to boil until tender (approximately 25 -30 minutes). Meanwhile, beat eggs and sugar together, then add vanilla and nutmeg. Mix well and set aside. In a separate medium sauce pan, heat evaporated milk plus 1 cup of water and butter to almost a boiling point. Remove from heat and add to sugar mixture. Drain cooked macaroni. Add macaroni and raisins to the milk mixture and stir well. (This mixture will have quite a bit of liquid, but this will form a nice custard textured pudding once baked.)

Grease a large baking dish with butter or margarine, add the macaroni mixture and sprinkle with additional nutmeg. Bake at 350° F for 1 hour or until golden brown. (Pudding should be firm enough to cut, but moist and not dry).",false,"Kandidat scratch: meal slot masih saran; porsi, bahan/takaran gram, harga lokal, gizi, dan penggunaan sumber belum ditinjau",TheMealDB API; kandidat belum dikurasi,https://www.ourcayman.ky/en-us/about/more-about-cayman/recipes,"{""api_source"": ""TheMealDB API"", ""source_id"": ""53504"", ""source_category"": ""Pasta"", ""source_area"": """", ""suggested_meal_type"": ""makan_siang"", ""themealdb_url"": ""https://www.themealdb.com/meal/53504"", ""image_url"": ""https://www.themealdb.com/images/media/meals/hbte551782770868.jpg"", ""ingredients"": [{""ingredient"": ""Macaroni"", ""measure"": ""4 cups""}, {""ingredient"": ""Evaporated Milk"", ""measure"": ""4 cups""}, {""ingredient"": ""Water"", ""measure"": ""1 cup""}, {""ingredient"": ""Sugar"", ""measure"": ""3 Cups""}, {""ingredient"": ""Salt"", ""measure"": ""2 tsp""}, {""ingredient"": ""Eggs"", ""measure"": ""4""}, {""ingredient"": ""Butter"", ""measure"": ""1/4 cup""}, {""ingredient"": ""Raisins"", ""measure"": ""1 cup""}, {""ingredient"": ""Nutmeg"", ""measure"": ""2 1/2 Tsp""}, {""ingredient"": ""Vanilla"", ""measure"": ""2 tablespoons""}], ""review_status"": ""needs_manual_mapping_portion_nutrition_price_rights_and_meal_slot_review""}",true
RCP-TMDB-52907,Duck Confit,,makan_malam,"The day before you want to make the dish, scatter half the salt, half the garlic and half of the herbs over the base of a small shallow dish. Lay the duck legs, skin-side up, on top, then scatter over the remaining salt, garlic and herbs. Cover the duck and refrigerate overnight. This can be done up to 2 days ahead.
Pour the wine into a saucepan that will snugly fit the duck legs in a single layer. Brush the salt off the duck legs and place them, skin-side down, in the wine. Cover the pan with a lid and place over a medium heat. As soon as the wine starts to bubble, turn the heat down to the lowest setting and cook for 2 hours, checking occasionally that the liquid is just barely simmering. (If you own a heat diffuser, it would be good to use it here.) After 2 hours, the duck legs should be submerged in their own fat and the meat should feel incredibly tender when prodded. Leave to cool.
The duck legs are now cooked and can be eaten immediately – or you can follow the next step if you like them crisp. If you are preparing ahead, pack the duck legs tightly into a plastic container or jar and pour over the fat, but not the liquid at the bottom of the pan. Cover and leave in the fridge for up to a month, or freeze for up to 3 months. The liquid you are left with makes a tasty gravy, which can be chilled or frozen until needed.
To reheat and crisp up the duck legs, heat oven to 220C/fan 200C/gas 7. Remove the legs from the fat and place them, skin-side down, in an ovenproof frying pan. Roast for 30-40 mins, turning halfway through, until brown and crisp. Serve with the reheated gravy, a crisp salad and some crisp golden ptoatoes.",false,"Kandidat scratch: meal slot masih saran; porsi, bahan/takaran gram, harga lokal, gizi, dan penggunaan sumber belum ditinjau",TheMealDB API; kandidat belum dikurasi,https://www.bbcgoodfood.com/recipes/2085/barneys-confit-of-duck,"{""api_source"": ""TheMealDB API"", ""source_id"": ""52907"", ""source_category"": ""Miscellaneous"", ""source_area"": ""France"", ""suggested_meal_type"": ""makan_malam"", ""themealdb_url"": ""https://www.themealdb.com/meal/52907"", ""image_url"": ""https://www.themealdb.com/images/media/meals/wvpvsu1511786158.jpg"", ""ingredients"": [{""ingredient"": ""Sea Salt"", ""measure"": ""Handful""}, {""ingredient"": ""Bay Leaf"", ""measure"": ""4""}, {""ingredient"": ""Garlic"", ""measure"": ""4 cloves""}, {""ingredient"": ""Thyme"", ""measure"": ""Handful""}, {""ingredient"": ""Duck Legs"", ""measure"": ""4""}, {""ingredient"": ""White Wine"", ""measure"": ""100ml""}], ""review_status"": ""needs_manual_mapping_portion_nutrition_price_rights_and_meal_slot_review""}",true
RCP-TMDB-53449,Kelem dolmasi,,makan_siang,"First boil the rice for eight minutes. Meanwhile, peel and finely chop the onion. Then chop the herbs.

The recipe didn't really say what to do with the chickpeas (also known of course as garbanzo beans), beyond soaking them overnight and rinsing them. I used canned chickpeas, since I've never actually seen them dried. I decided to chop/mash them slightly so they would better incorporate into the filling.


Chickpeas (or garbanzo beans) roughly chopped


Now mince the lamb (I used my mini food processor). Here's where I ran into another problem: what to do with the lamb fat this recipe calls for? Mince it? Melt it? Does lamb fat even melt? I decided to mince mine. Thankfully, my husband doesn't actually read this blog because he'd be horrified if he knew I put fat in the dolma on purpose.


Minced lamb and its good friend, minced fat. Ew.



The ingredients for the dolma stuffing include onion, cilantro, chickpeas and turmeric.


Anyway, now get your hands into all that slimy raw meat and mix in the onion, spices, chickpeas, rice, chopped herbs and fat. Add a little salt and pepper for good measure. In fact, based on my results I would say to err on the side of a little extra salt and pepper.


Mix well with your hands until the stuffing looks something like this.


Fill the biggest saucepan you own with salted water and bring it to a boil over high heat. Now pull the outer leaves off of the cabbage (save them) and drop the rest of it, whole, into the water. Let it boil for three or four minutes, turning it if the water level isn't quite high enough to completely cover it.

The reason you are doing this is because it's difficult to get whole cabbage leaves off of an American cabbage. The cabbages you typically buy in our supermarkets come in very tight round balls, and because the leaves are crispy they will snap and crack when you try to pull them off in an un-blanched state. Blanching them for a few minutes makes it so they will come right off without tearing.



Now carefully take the cabbage out of the water (but keep the water boiling) and let it cool for a minute or two so you don't burn your fingers. Carefully pull the leaves off the cabbage, cutting them at the base if you have to do so to loosen them. Try to get them off in one piece. If the inner leaves are still crispy, return the cabbage to the boiling water for another three or four minutes. Repeat until all of the useable leaves are free.


Blanched cabbage leaves


Now put the leaves on a cutting board and cut out the tough stalks (save them). Cut the largest leaves in half.

Remove the tough inner stalk and set aside. Cut larger leaves in two.

Put a heaping tablespoon of the filling in the middle of each leaf, making a short cylinder shape. Fold the ends over the filling, then roll tightly (as if you are making a tiny burrito).


This is not much of a cylinder, but you get the idea.


Fold the edges over ...




Then roll, as if you were making a really small burrito.



Your finished dolma should look kind of like this, only without the hole in the middle.


Put all of the discarded cabbage leaves, stalks etc. into the bottom of a stockpot. I know, this seems a little strange. What you're basically going to be doing is steaming the dolma, with the discarded cabbage pieces forming the base of your steamer. Carefully place the dolma on the bed of cabbage leaves.


These dolma are resting on top of discarded cabbage leaves.


Add water to the stockpot up to about the top of the discarded leaves. Don't cover the dolma.

Now here's where you have to get a bit creative. The dolma needs to be weighted down so it doesn't unwrap during cooking. I used a metal pie pan, and then I put my mortar on top of it. You could also use a dessert plate with something heavy on top of it, but it would need to be an oven-safe one.


The dolma need to be weighted down during cooking so they don't unwrap. Just improvise.


Bring the water to a boil, then simmer for 25 minutes.You might have to use your ears to figure out if the water is actually boiling; I personally couldn't see what was in my pot after I weighted it down.

Meanwhile, make a simple tomato sauce out of the tomato paste and water. Heat it up for a few minutes over a medium flame. After the dolma have been cooking for 25 minutes, pour the sauce over them and cook for another five minutes.",false,"Kandidat scratch: meal slot masih saran; porsi, bahan/takaran gram, harga lokal, gizi, dan penggunaan sumber belum ditinjau",TheMealDB API; kandidat belum dikurasi,https://travelbystove.blogspot.com/2012/01/recipes-from-azerbaijani.html,"{""api_source"": ""TheMealDB API"", ""source_id"": ""53449"", ""source_category"": ""Lamb"", ""source_area"": """", ""suggested_meal_type"": ""makan_siang"", ""themealdb_url"": ""https://www.themealdb.com/meal/53449"", ""image_url"": ""https://www.themealdb.com/images/media/meals/7vdtqi1780160088.jpg"", ""ingredients"": [{""ingredient"": ""Lamb Mince"", ""measure"": ""500g""}, {""ingredient"": ""Cabbage"", ""measure"": ""1 large""}, {""ingredient"": ""Onion"", ""measure"": ""8 oz""}, {""ingredient"": ""Salt"", ""measure"": ""Pinch""}, {""ingredient"": ""Pepper"", ""measure"": ""Pinch""}, {""ingredient"": ""Turmeric"", ""measure"": ""1/2 tsp""}, {""ingredient"": ""Cinnamon"", ""measure"": ""1/2 tsp""}, {""ingredient"": ""Cilantro"", ""measure"": ""2 tablespoons""}, {""ingredient"": ""Dill"", ""measure"": ""2 tablespoons""}, {""ingredient"": ""Rice"", ""measure"": ""2 oz""}, {""ingredient"": ""Chickpeas"", ""measure"": ""2 oz""}, {""ingredient"": ""Lamb Fat"", ""measure"": ""3 oz""}, {""ingredient"": ""Tomato Puree"", ""measure"": ""1 tablespoon""}, {""ingredient"": ""Water"", ""measure"": ""3  tablespoons""}], ""review_status"": ""needs_manual_mapping_portion_nutrition_price_rights_and_meal_slot_review""}",true
RCP-TMDB-52878,Beef and Oyster pie,,makan_malam,"Season the beef cubes with salt and black pepper. Heat a tablespoon of oil in the frying pan and fry the meat over a high heat. Do this in three batches so that you don’t overcrowd the pan, transferring the meat to a large flameproof casserole dish once it is browned all over. Add extra oil if the pan seems dry.
In the same pan, add another tablespoon of oil and cook the shallots for 4-5 minutes, then add the garlic and fry for 30 seconds. Add the bacon and fry until slightly browned. Transfer the onion and bacon mixture to the casserole dish and add the herbs.
Preheat the oven to 180C/350F/Gas 4.
Pour the stout into the frying pan and bring to the boil, stirring to lift any stuck-on browned bits from the bottom of the pan. Pour the stout over the beef in the casserole dish and add the stock. Cover the casserole and place it in the oven for 1½-2 hours, or until the beef is tender and the sauce is reduced.
Skim off any surface fat, taste and add salt and pepper if necessary, then stir in the cornflour paste. Put the casserole dish on the hob – don’t forget that it will be hot – and simmer for 1-2 minutes, stirring, until thickened. Leave to cool.
Increase the oven to 200C/400F/Gas 6. To make the pastry, put the flour and salt in a very large bowl. Grate the butter and stir it into the flour in three batches. Gradually add 325ml/11fl oz cold water – you may not need it all – and stir with a round-bladed knife until the mixture just comes together. Knead the pastry lightly into a ball on a lightly floured surface and set aside 250g/9oz for the pie lid.
Roll the rest of the pastry out until about 2cm/¾in larger than the dish you’re using. Line the dish with the pastry then pile in the filling, tucking the oysters in as well. Brush the edge of the pastry with beaten egg.
Roll the remaining pastry until slightly larger than your dish and gently lift over the filling, pressing the edges firmly to seal, then trim with a sharp knife. Brush with beaten egg to glaze. Put the dish on a baking tray and bake for 25-30 minutes, or until the pastry is golden-brown and the filling is bubbling.",false,"Kandidat scratch: meal slot masih saran; porsi, bahan/takaran gram, harga lokal, gizi, dan penggunaan sumber belum ditinjau",TheMealDB API; kandidat belum dikurasi,https://www.bbc.co.uk/food/recipes/beef_and_oyster_pie_65230,"{""api_source"": ""TheMealDB API"", ""source_id"": ""52878"", ""source_category"": ""Beef"", ""source_area"": ""British"", ""suggested_meal_type"": ""makan_malam"", ""themealdb_url"": ""https://www.themealdb.com/meal/52878"", ""image_url"": ""https://www.themealdb.com/images/media/meals/wrssvt1511556563.jpg"", ""ingredients"": [{""ingredient"": ""Beef"", ""measure"": ""900g""}, {""ingredient"": ""Olive Oil"", ""measure"": ""3 tbs""}, {""ingredient"": ""Shallots"", ""measure"": ""3""}, {""ingredient"": ""Garlic"", ""measure"": ""2 cloves minced""}, {""ingredient"": ""Bacon"", ""measure"": ""125g""}, {""ingredient"": ""Thyme"", ""measure"": ""1 tbs chopped""}, {""ingredient"": ""Bay Leaf"", ""measure"": ""2""}, {""ingredient"": ""Stout"", ""measure"": ""330ml""}, {""ingredient"": ""Beef Stock"", ""measure"": ""400ml""}, {""ingredient"": ""Corn Flour"", ""measure"": ""2 tbs""}, {""ingredient"": ""Oysters"", ""measure"": ""8""}, {""ingredient"": ""Plain Flour"", ""measure"": ""400g""}, {""ingredient"": ""Salt"", ""measure"": ""pinch""}, {""ingredient"": ""Butter"", ""measure"": ""250g""}, {""ingredient"": ""Eggs"", ""measure"": ""To Glaze""}], ""review_status"": ""needs_manual_mapping_portion_nutrition_price_rights_and_meal_slot_review""}",true
RCP-TMDB-52796,Chicken Alfredo Primavera,,makan_siang,"Heat 1 tablespoon of butter and 2 tablespoons of olive oil in a large skillet over medium-high heat. Season both sides of each chicken breast with seasoned salt and a pinch of pepper. Add the chicken to the skillet and cook for 5-7 minutes on each side, or until cooked through.  While the chicken is cooking, bring a large pot of water to a boil. Season the boiling water with a few generous pinches of kosher salt. Add the pasta and give it a stir. Cook, stirring occasionally, until al dente, about 12 minutes. Reserve 1/2 cup of  pasta water before draining the pasta.  Remove the chicken from the pan and transfer it to a cutting board; allow it to rest. Turn the heat down to medium and dd the remaining 1 tablespoon of butter and olive oil to the same pan you used to cook the chicken. Add the veggies (minus the garlic) and red pepper flakes to the pan and stir to coat with the oil and butter (refrain from seasoning with salt until the veggies are finished browning). Cook, stirring often, until the veggies are tender, about 5 minutes. Add the garlic and a generous pinch of salt and pepper to the pan and cook for 1 minute.  Deglaze the pan with the white wine. Continue to cook until the wine has reduced by half, about 3 minutes. Stir in the milk, heavy cream, and reserved pasta water. Bring the mixture to a gentle boil and allow to simmer and reduce for 2-3 minutes. Turn off the heat and add the Parmesan cheese and cooked pasta. Season with salt and pepper to taste. Garnish with Parmesan cheese and chopped parsley, if desired.",false,"Kandidat scratch: meal slot masih saran; porsi, bahan/takaran gram, harga lokal, gizi, dan penggunaan sumber belum ditinjau",TheMealDB API; kandidat belum dikurasi,https://www.themealdb.com/meal/52796,"{""api_source"": ""TheMealDB API"", ""source_id"": ""52796"", ""source_category"": ""Chicken"", ""source_area"": ""Italian"", ""suggested_meal_type"": ""makan_siang"", ""themealdb_url"": ""https://www.themealdb.com/meal/52796"", ""image_url"": ""https://www.themealdb.com/images/media/meals/syqypv1486981727.jpg"", ""ingredients"": [{""ingredient"": ""Butter"", ""measure"": ""2 tablespoons""}, {""ingredient"": ""Olive Oil"", ""measure"": ""3 tablespoons""}, {""ingredient"": ""Chicken"", ""measure"": ""5 boneless""}, {""ingredient"": ""Salt"", ""measure"": ""1 teaspoon""}, {""ingredient"": ""Squash"", ""measure"": ""1 cut into 1/2-inch cubes""}, {""ingredient"": ""Broccoli"", ""measure"": ""1 Head chopped""}, {""ingredient"": ""mushrooms"", ""measure"": ""8-ounce sliced""}, {""ingredient"": ""Pepper"", ""measure"": ""1 red""}, {""ingredient"": ""onion"", ""measure"": ""1 chopped""}, {""ingredient"": ""garlic"", ""measure"": ""3 cloves""}, {""ingredient"": ""red pepper flakes"", ""measure"": ""1/2 teaspoon""}, {""ingredient"": ""white wine"", ""measure"": ""1/2 cup""}, {""ingredient"": ""milk"", ""measure"": ""1/2 cup""}, {""ingredient"": ""heavy cream"", ""measure"": ""1/2 cup""}, {""ingredient"": ""Parmesan cheese"", ""measure"": ""1 cup grated""}, {""ingredient"": ""bowtie pasta"", ""measure"": ""16 ounces""}, {""ingredient"": ""Salt"", ""measure"": ""pinch""}, {""ingredient"": ""Pepper"", ""measure"": ""pinch""}, {""ingredient"": ""Parsley"", ""measure"": ""chopped""}], ""review_status"": ""needs_manual_mapping_portion_nutrition_price_rights_and_meal_slot_review""}",true
RCP-TMDB-53103,Barramundi with Moroccan spices,,makan_malam,"step 1
Tip all the dressing ingredients into a food processor with a pinch of salt and blitz to a dressing. Slash the fish three times on each side, coat with half of the dressing, then set aside to marinate for about 30 mins.

step 2
Heat oven to 220C/fan 200C/gas 7. Place the fish on a roasting tray, then cook in the oven for 20 mins until the flesh is firm and the eyes have turned white. Serve the fish with the rest of the dressing and steamed couscous or rice.

step 3
KNOW HOW: HOW TO COOK IT: Cooking barramundi on the bone, as we have done here, has its advantages – it will stay more moist during cooking, and some would say that the flavour is enhanced, too. If you want to take out the bones they are easy to locate and less likely to be lodged in the fillet if the fish is cooked whole. Fillets can be simply pan-fried or grilled. If you like trout, you will really enjoy the flavour of barramundi, which lends itself to similar ingredients and cooking methods – citrus flavours are particularly good, as are garlic and wild mushrooms. Simply roasting the fish with some fresh herbs, olive oil and seasoning is delicious, and in the summer months you could barbecue it, too. One thing that you mustn’t miss are the cheeks or ‘pearls’ of the fish, these are simply lovely, moist and really sweet – well worth leaving the head on for!",false,"Kandidat scratch: meal slot masih saran; porsi, bahan/takaran gram, harga lokal, gizi, dan penggunaan sumber belum ditinjau",TheMealDB API; kandidat belum dikurasi,https://www.bbcgoodfood.com/recipes/barramundi-moroccan-spices,"{""api_source"": ""TheMealDB API"", ""source_id"": ""53103"", ""source_category"": ""Seafood"", ""source_area"": ""Australian"", ""suggested_meal_type"": ""makan_malam"", ""themealdb_url"": ""https://www.themealdb.com/meal/53103"", ""image_url"": ""https://www.themealdb.com/images/media/meals/4o4wh11761848573.jpg"", ""ingredients"": [{""ingredient"": ""barramundi"", ""measure"": ""2 x 400g""}, {""ingredient"": ""Ground Cumin"", ""measure"": ""1/2 teaspoon""}, {""ingredient"": ""Coriander"", ""measure"": ""1/2 tsp""}, {""ingredient"": ""Paprika"", ""measure"": ""Pinch""}, {""ingredient"": ""Chili Powder"", ""measure"": ""Pinch""}, {""ingredient"": ""Garlic Clove"", ""measure"": ""2""}, {""ingredient"": ""Lemon"", ""measure"": ""Juice of 1""}, {""ingredient"": ""Olive Oil"", ""measure"": ""5 tablespoons""}, {""ingredient"": ""Coriander"", ""measure"": ""Bunch""}], ""review_status"": ""needs_manual_mapping_portion_nutrition_price_rights_and_meal_slot_review""}",true
RCP-TMDB-53078,Beetroot Soup (Borscht),,makan_siang,"Chop the beetroot, add water and stock cube and cook for 15mins. Add the other ingredients and boil until soft. Finally add the beans and cook for 5mins. Serve in the soup pot.",false,"Kandidat scratch: meal slot masih saran; porsi, bahan/takaran gram, harga lokal, gizi, dan penggunaan sumber belum ditinjau",TheMealDB API; kandidat belum dikurasi,https://natashaskitchen.com/classic-russian-borscht-recipe/,"{""api_source"": ""TheMealDB API"", ""source_id"": ""53078"", ""source_category"": ""Vegetarian"", ""source_area"": ""Ukrainian"", ""suggested_meal_type"": ""makan_siang"", ""themealdb_url"": ""https://www.themealdb.com/meal/53078"", ""image_url"": ""https://www.themealdb.com/images/media/meals/zadvgb1699012544.jpg"", ""ingredients"": [{""ingredient"": ""Beetroot"", ""measure"": ""3""}, {""ingredient"": ""Olive Oil"", ""measure"": ""4 tbs""}, {""ingredient"": ""Chicken Stock Cube"", ""measure"": ""1""}, {""ingredient"": ""Water"", ""measure"": ""6 cups""}, {""ingredient"": ""Potatoes"", ""measure"": ""3""}, {""ingredient"": ""Cannellini Beans"", ""measure"": ""1 can""}, {""ingredient"": ""Dill"", ""measure"": ""Garnish""}], ""review_status"": ""needs_manual_mapping_portion_nutrition_price_rights_and_meal_slot_review""}",true
RCP-TMDB-52837,Pilchard puttanesca,,makan_malam,"Cook the pasta following pack instructions. Heat the oil in a non-stick frying pan and cook the onion, garlic and chilli for 3-4 mins to soften. Stir in the tomato purée and cook for 1 min, then add the pilchards with their sauce. Cook, breaking up the fish with a wooden spoon, then add the olives and continue to cook for a few more mins.

Drain the pasta and add to the pan with 2-3 tbsp of the cooking water. Toss everything together well, then divide between plates and serve, scattered with Parmesan.",false,"Kandidat scratch: meal slot masih saran; porsi, bahan/takaran gram, harga lokal, gizi, dan penggunaan sumber belum ditinjau",TheMealDB API; kandidat belum dikurasi,https://www.bbcgoodfood.com/recipes/pilchard-puttanesca,"{""api_source"": ""TheMealDB API"", ""source_id"": ""52837"", ""source_category"": ""Pasta"", ""source_area"": ""Italian"", ""suggested_meal_type"": ""makan_malam"", ""themealdb_url"": ""https://www.themealdb.com/meal/52837"", ""image_url"": ""https://www.themealdb.com/images/media/meals/vvtvtr1511180578.jpg"", ""ingredients"": [{""ingredient"": ""Spaghetti"", ""measure"": ""300g""}, {""ingredient"": ""Olive Oil"", ""measure"": ""1 tbls""}, {""ingredient"": ""Onion"", ""measure"": ""1 finely chopped""}, {""ingredient"": ""Garlic"", ""measure"": ""2 cloves minced""}, {""ingredient"": ""Red Chilli"", ""measure"": ""1""}, {""ingredient"": ""Tomato Puree"", ""measure"": ""1 tbls""}, {""ingredient"": ""Pilchards"", ""measure"": ""425g""}, {""ingredient"": ""Black Olives"", ""measure"": ""70g""}, {""ingredient"": ""Parmesan"", ""measure"": ""Shaved""}], ""review_status"": ""needs_manual_mapping_portion_nutrition_price_rights_and_meal_slot_review""}",true
RCP-TMDB-52815,French Lentils With Garlic and Thyme,,makan_siang,"Place a large saucepan over medium heat and add oil. When hot, add chopped vegetables and sauté until softened, 5 to 10 minutes.
Add 6 cups water, lentils, thyme, bay leaves and salt. Bring to a boil, then reduce to a fast simmer.
Simmer lentils until they are tender and have absorbed most of the water, 20 to 25 minutes. If necessary, drain any excess water after lentils have cooked. Serve immediately, or allow them to cool and reheat later.
For a fuller taste, use some chicken stock and reduce the water by the same amount.",false,"Kandidat scratch: meal slot masih saran; porsi, bahan/takaran gram, harga lokal, gizi, dan penggunaan sumber belum ditinjau",TheMealDB API; kandidat belum dikurasi,https://www.themealdb.com/meal/52815,"{""api_source"": ""TheMealDB API"", ""source_id"": ""52815"", ""source_category"": ""Miscellaneous"", ""source_area"": ""France"", ""suggested_meal_type"": ""makan_siang"", ""themealdb_url"": ""https://www.themealdb.com/meal/52815"", ""image_url"": ""https://www.themealdb.com/images/media/meals/vwwspt1487394060.jpg"", ""ingredients"": [{""ingredient"": ""Olive Oil"", ""measure"": ""3 tablespoons""}, {""ingredient"": ""Onion"", ""measure"": ""1""}, {""ingredient"": ""Garlic"", ""measure"": ""2 cloves""}, {""ingredient"": ""Carrots"", ""measure"": ""1""}, {""ingredient"": ""French Lentils"", ""measure"": ""2 1/4 cups""}, {""ingredient"": ""Thyme"", ""measure"": ""1 teaspoon""}, {""ingredient"": ""Bay Leaf"", ""measure"": ""3""}, {""ingredient"": ""Salt"", ""measure"": ""1 tablespoon""}, {""ingredient"": ""Celery"", ""measure"": ""2 sticks""}], ""review_status"": ""needs_manual_mapping_portion_nutrition_price_rights_and_meal_slot_review""}",true
RCP-TMDB-52974,Keleya Zaara,,makan_malam,"Heat the vegetable oil in a large frying pan over medium-high heat. Add the lamb and cook until browned on all sides, about 5 minutes. Season with saffron, salt and pepper to taste; stir in all but 4 tablespoons of the onion, and pour in the water. Bring to the boil, then cover, reduce heat to medium-low, and simmer until the lamb is tender, about 15 minutes.
Uncover the pan, stir in the butter and allow the sauce reduce 5 to 10 minutes to desired consistency. Season to taste with salt and pepper, then pour into a serving dish. Sprinkle with the remaining chopped onions and parsley. Garnish with lemon wedges to serve.",false,"Kandidat scratch: meal slot masih saran; porsi, bahan/takaran gram, harga lokal, gizi, dan penggunaan sumber belum ditinjau",TheMealDB API; kandidat belum dikurasi,http://allrecipes.co.uk/recipe/43723/keleya-zaara-tunisian-lamb-with-saffron.aspx,"{""api_source"": ""TheMealDB API"", ""source_id"": ""52974"", ""source_category"": ""Lamb"", ""source_area"": ""Tunisian"", ""suggested_meal_type"": ""makan_malam"", ""themealdb_url"": ""https://www.themealdb.com/meal/52974"", ""image_url"": ""https://www.themealdb.com/images/media/meals/8x09hy1560460923.jpg"", ""ingredients"": [{""ingredient"": ""Olive Oil"", ""measure"": ""4 tbs""}, {""ingredient"": ""Lamb"", ""measure"": ""750g""}, {""ingredient"": ""Saffron"", ""measure"": ""1 1/2 tsp""}, {""ingredient"": ""Onion"", ""measure"": ""1 Large Chopped""}, {""ingredient"": ""Water"", ""measure"": ""25 ml""}, {""ingredient"": ""Parsley"", ""measure"": ""30g""}, {""ingredient"": ""Butter"", ""measure"": ""1 tbs""}, {""ingredient"": ""Lemon"", ""measure"": ""1""}], ""review_status"": ""needs_manual_mapping_portion_nutrition_price_rights_and_meal_slot_review""}",true
RCP-TMDB-53071,Beef Asado,,makan_siang,"0.	Combine beef, crushed peppercorn, soy sauce, vinegar, dried bay leaves, lemon, and tomato sauce. Mix well. Marinate beef for at least 30 minutes.
1.	Put the marinated beef in a cooking pot along with remaining marinade. Add water. Let boil.
2.	Add Knorr Beef Cube. Stir. Cover the pot and cook for 40 minutes in low heat.
3.	Turn the beef over. Add tomato paste. Continue cooking until beef tenderizes. Set aside.
4.	Heat oil in a pan. Fry the potato until it browns. Turn over and continue frying the opposite side. Remove from the pan and place on a clean plate. Do the same with the carrots.
5.	Save 3 tablespoons of cooking oil from the pan where the potato was fried. Saute onion and garlic until onion softens.
6.	Pour-in the sauce from the beef stew. Let boil. Add the beef. Cook for 2 minutes.
7.	Add butter and let it melt. Continue cooking until the sauce reduces to half.",false,"Kandidat scratch: meal slot masih saran; porsi, bahan/takaran gram, harga lokal, gizi, dan penggunaan sumber belum ditinjau",TheMealDB API; kandidat belum dikurasi,https://panlasangpinoy.com/beef-asado/,"{""api_source"": ""TheMealDB API"", ""source_id"": ""53071"", ""source_category"": ""Beef"", ""source_area"": ""Filipino"", ""suggested_meal_type"": ""makan_siang"", ""themealdb_url"": ""https://www.themealdb.com/meal/53071"", ""image_url"": ""https://www.themealdb.com/images/media/meals/pkopc31683207947.jpg"", ""ingredients"": [{""ingredient"": ""Beef"", ""measure"": ""1.5kg""}, {""ingredient"": ""Beef Stock Concentrate"", ""measure"": ""1""}, {""ingredient"": ""Tomato Puree"", ""measure"": ""8 ounces""}, {""ingredient"": ""Water"", ""measure"": ""3 cups""}, {""ingredient"": ""Soy Sauce"", ""measure"": ""6 tablespoons""}, {""ingredient"": ""White Wine Vinegar"", ""measure"": ""1 tbs""}, {""ingredient"": ""Pepper"", ""measure"": ""2 tbs""}, {""ingredient"": ""Bay Leaf"", ""measure"": ""4""}, {""ingredient"": ""Lemon"", ""measure"": ""1/2""}, {""ingredient"": ""Tomato Sauce"", ""measure"": ""2 tbs""}, {""ingredient"": ""Butter"", ""measure"": ""3 tbs""}, {""ingredient"": ""Olive Oil"", ""measure"": ""1/2 cup""}, {""ingredient"": ""Onion"", ""measure"": ""1 chopped""}, {""ingredient"": ""Garlic"", ""measure"": ""4 cloves""}], ""review_status"": ""needs_manual_mapping_portion_nutrition_price_rights_and_meal_slot_review""}",true
RCP-TMDB-53459,Chicken and Potato Roti,,makan_malam,"Add a pint of chicken stock to the simmer and put three tablespoons of sugar into a large saucepan on high; cook until the sugar caramelizes, then add the cubed chicken breasts and stir until the chicken browns.
Add chopped onions, garlic, parsley, thyme, jerk seasoning, salt, and the whole scotch bonnet pepper – do not cut up the pepper! Reduce the heat to low and let this simmer for 25 minutes.
In a large mixing bowl, sift the flour, and add a pinch of salt to taste.
Now add the first tablespoon of shortening, and with your fingers, rub the flour into the shortening until it forms a breadcrumb-like consistency.
Then add the second tablespoon of shortening and rub against the flour until it looks like breadcrumbs.
Now add the third tablespoon of shortening and repeat the process.
You should by now have used all the flour. Your bowl should be all breadcrumb-like; if you still have fresh flour, use another tablespoon of shortening until your fresh flour is all used up.
Add a small amount of water and mix with a butter knife; keep adding small amounts until your mixture forms a soft dough.
Now dust your surface with flour and roll out your pastry; you want to roll wafer-thin rounds – this mixture should make at least 12 roti skins.
Cover with a tea towel while returning to the pot.
Now peel the potatoes and cube them into small bite-size pieces.
After 25 minutes of simmering, add 1/2 pint of water and the potatoes to the pool.
Now cover and cook for 30 minutes on low heat.
Turn a flat baking tray upside down, lightly cover with foil, and place on the stovetop on high; cook each roti skin for 1 minute on each side until brown but not crisp.
Now pile up your cooked roti skins, remove the pot after 30 minutes, and remove the whole scotch bonnet.
Take the entire pot to the table with a pile of plates; each person assumes the roti skin, lays it flat on the scale, spoons some filling into the middle of the roti skin, and folds around the filling eats enjoy.",false,"Kandidat scratch: meal slot masih saran; porsi, bahan/takaran gram, harga lokal, gizi, dan penggunaan sumber belum ditinjau",TheMealDB API; kandidat belum dikurasi,https://www.totallybarbados.com/articles/barbados-recipes/chicken-potato-roti-recipe/,"{""api_source"": ""TheMealDB API"", ""source_id"": ""53459"", ""source_category"": ""Chicken"", ""source_area"": """", ""suggested_meal_type"": ""makan_malam"", ""themealdb_url"": ""https://www.themealdb.com/meal/53459"", ""image_url"": ""https://www.themealdb.com/images/media/meals/mp9z0i1782238092.jpg"", ""ingredients"": [{""ingredient"": ""Flour"", ""measure"": ""1 lb""}, {""ingredient"": ""Shortening"", ""measure"": ""3  tablespoons""}, {""ingredient"": ""Salt"", ""measure"": ""Pinch""}, {""ingredient"": ""Water"", ""measure"": ""Splash""}, {""ingredient"": ""Chicken Breast"", ""measure"": ""6""}, {""ingredient"": ""Parsley"", ""measure"": ""Pinch""}, {""ingredient"": ""Thyme"", ""measure"": ""Pinch""}, {""ingredient"": ""Jerk"", ""measure"": ""Pinch""}, {""ingredient"": ""Salt"", ""measure"": ""Pinch""}, {""ingredient"": ""Sugar"", ""measure"": ""Pinch""}, {""ingredient"": ""Black Pepper"", ""measure"": ""Pinch""}, {""ingredient"": ""Onion"", ""measure"": ""2 large""}, {""ingredient"": ""Garlic"", ""measure"": ""4 cloves""}, {""ingredient"": ""Scotch Bonnet"", ""measure"": ""1""}, {""ingredient"": ""Potatoes"", ""measure"": ""1/2 lb""}], ""review_status"": ""needs_manual_mapping_portion_nutrition_price_rights_and_meal_slot_review""}",true
RCP-TMDB-52819,Cajun spiced fish tacos,,makan_siang,"Cooking in a cajun spice and cayenne pepper marinade makes this fish super succulent and flavoursome. Top with a zesty dressing and serve in a tortilla for a quick, fuss-free main that's delightfully summery.

On a large plate, mix the cajun spice and cayenne pepper with a little seasoning and use to coat the fish all over.

Heat a little oil in a frying pan, add in the fish and cook over a medium heat until golden. Reduce the heat and continue frying until the fish is cooked through, about 10 minutes. Cook in batches if you don’t have enough room in the pan.

Meanwhile, prepare the dressing by combining all the ingredients with a little seasoning.
Soften the tortillas by heating in the microwave for 5-10 seconds. Pile high with the avocado, lettuce and spring onion, add a spoonful of salsa, top with large flakes of fish and drizzle over the dressing.",false,"Kandidat scratch: meal slot masih saran; porsi, bahan/takaran gram, harga lokal, gizi, dan penggunaan sumber belum ditinjau",TheMealDB API; kandidat belum dikurasi,https://realfood.tesco.com/recipes/cajun-spiced-fish-tacos.html,"{""api_source"": ""TheMealDB API"", ""source_id"": ""52819"", ""source_category"": ""Seafood"", ""source_area"": ""Mexican"", ""suggested_meal_type"": ""makan_siang"", ""themealdb_url"": ""https://www.themealdb.com/meal/52819"", ""image_url"": ""https://www.themealdb.com/images/media/meals/uvuyxu1503067369.jpg"", ""ingredients"": [{""ingredient"": ""cajun"", ""measure"": ""2 tbsp""}, {""ingredient"": ""cayenne pepper"", ""measure"": ""1 tsp""}, {""ingredient"": ""white fish"", ""measure"": ""4 fillets""}, {""ingredient"": ""vegetable oil"", ""measure"": ""1 tsp""}, {""ingredient"": ""flour tortilla"", ""measure"": ""8""}, {""ingredient"": ""avocado"", ""measure"": ""1 sliced""}, {""ingredient"": ""little gem lettuce"", ""measure"": ""2 shredded""}, {""ingredient"": ""Spring Onions"", ""measure"": ""4 shredded""}, {""ingredient"": ""salsa"", ""measure"": ""1 x 300ml""}, {""ingredient"": ""sour cream"", ""measure"": ""1 pot""}, {""ingredient"": ""lemon"", ""measure"": ""1""}, {""ingredient"": ""garlic"", ""measure"": ""1 clove finely chopped""}], ""review_status"": ""needs_manual_mapping_portion_nutrition_price_rights_and_meal_slot_review""}",true
RCP-TMDB-53536,Black Beans Hotpot,,makan_malam,"Add all the ingredients in the Instant pot, Lock the lid on and set the Instant Pot to High Pressure for 35 minutes. Once the beans are done cooking, let the pressure release naturally for 20 minutes before releasing the remaining pressure. Open and serve! 
Let the beans get cool completely before saving them in the fridge or freezer.",false,"Kandidat scratch: meal slot masih saran; porsi, bahan/takaran gram, harga lokal, gizi, dan penggunaan sumber belum ditinjau",TheMealDB API; kandidat belum dikurasi,https://www.recipesfromcostarica.com/recipes,"{""api_source"": ""TheMealDB API"", ""source_id"": ""53536"", ""source_category"": ""Vegetarian"", ""source_area"": """", ""suggested_meal_type"": ""makan_malam"", ""themealdb_url"": ""https://www.themealdb.com/meal/53536"", ""image_url"": ""https://www.themealdb.com/images/media/meals/81ahfr1784394567.jpg"", ""ingredients"": [{""ingredient"": ""Black Beans"", ""measure"": ""400g""}, {""ingredient"": ""Onion"", ""measure"": ""1 large""}, {""ingredient"": ""Green Pepper"", ""measure"": ""1""}, {""ingredient"": ""Red Pepper"", ""measure"": ""1""}, {""ingredient"": ""Celery"", ""measure"": ""1/3 cup""}, {""ingredient"": ""Garlic"", ""measure"": ""4 Cloves Crushed""}, {""ingredient"": ""Ground Cumin"", ""measure"": ""1 1/2 tsp""}, {""ingredient"": ""Oregano"", ""measure"": ""1 tablespoon""}, {""ingredient"": ""Salt"", ""measure"": ""1 1/2 tsp""}, {""ingredient"": ""Black Pepper"", ""measure"": ""2 tsp""}, {""ingredient"": ""Water"", ""measure"": ""5 Cups""}], ""review_status"": ""needs_manual_mapping_portion_nutrition_price_rights_and_meal_slot_review""}",true
RCP-TMDB-52982,Spaghetti alla Carbonara,,makan_siang,"STEP 1
Put a large saucepan of water on to boil.

STEP 2
Finely chop the 100g pancetta, having first removed any rind. Finely grate 50g pecorino cheese and 50g parmesan and mix them together.

STEP 3
Beat the 3 large eggs in a medium bowl and season with a little freshly grated black pepper. Set everything aside.

STEP 4
Add 1 tsp salt to the boiling water, add 350g spaghetti and when the water comes back to the boil, cook at a constant simmer, covered, for 10 minutes or until al dente (just cooked).

STEP 5
Squash 2 peeled plump garlic cloves with the blade of a knife, just to bruise it.

STEP 6
While the spaghetti is cooking, fry the pancetta with the garlic. Drop 50g unsalted butter into a large frying pan or wok and, as soon as the butter has melted, tip in the pancetta and garlic.

STEP 7
Leave to cook on a medium heat for about 5 minutes, stirring often, until the pancetta is golden and crisp. The garlic has now imparted its flavour, so take it out with a slotted spoon and discard.

STEP 8
Keep the heat under the pancetta on low. When the pasta is ready, lift it from the water with a pasta fork or tongs and put it in the frying pan with the pancetta. Don’t worry if a little water drops in the pan as well (you want this to happen) and don’t throw the pasta water away yet.

STEP 9
Mix most of the cheese in with the eggs, keeping a small handful back for sprinkling over later.

STEP 10
Take the pan of spaghetti and pancetta off the heat. Now quickly pour in the eggs and cheese. Using the tongs or a long fork, lift up the spaghetti so it mixes easily with the egg mixture, which thickens but doesn’t scramble, and everything is coated.

STEP 11
Add extra pasta cooking water to keep it saucy (several tablespoons should do it). You don’t want it wet, just moist. Season with a little salt, if needed.

STEP 12
Use a long-pronged fork to twist the pasta on to the serving plate or bowl. Serve immediately with a little sprinkling of the remaining cheese and a grating of black pepper. If the dish does get a little dry before serving, splash in some more hot pasta water and the glossy sauciness will be revived.",false,"Kandidat scratch: meal slot masih saran; porsi, bahan/takaran gram, harga lokal, gizi, dan penggunaan sumber belum ditinjau",TheMealDB API; kandidat belum dikurasi,https://www.bbcgoodfood.com/recipes/ultimate-spaghetti-carbonara-recipe,"{""api_source"": ""TheMealDB API"", ""source_id"": ""52982"", ""source_category"": ""Pasta"", ""source_area"": ""Italian"", ""suggested_meal_type"": ""makan_siang"", ""themealdb_url"": ""https://www.themealdb.com/meal/52982"", ""image_url"": ""https://www.themealdb.com/images/media/meals/llcbn01574260722.jpg"", ""ingredients"": [{""ingredient"": ""Spaghetti"", ""measure"": ""320g""}, {""ingredient"": ""Egg Yolks"", ""measure"": ""6""}, {""ingredient"": ""Salt"", ""measure"": ""As required""}, {""ingredient"": ""Bacon"", ""measure"": ""150g""}, {""ingredient"": ""Pecorino"", ""measure"": ""50g""}, {""ingredient"": ""Black Pepper"", ""measure"": ""As required""}], ""review_status"": ""needs_manual_mapping_portion_nutrition_price_rights_and_meal_slot_review""}",true
RCP-TMDB-52915,French Omelette,,makan_malam,"Get everything ready. Warm a 20cm (measured across the top) non-stick frying pan on a medium heat. Crack the eggs into a bowl and beat them with a fork so they break up and mix, but not as completely as you would for scrambled egg. With the heat on medium-hot, drop one knob of butter into the pan. It should bubble and sizzle, but not brown. Season the eggs with the Parmesan and a little salt and pepper, and pour into the pan.
Let the eggs bubble slightly for a couple of seconds, then take a wooden fork or spatula and gently draw the mixture in from the sides of the pan a few times, so it gathers in folds in the centre. Leave for a few seconds, then stir again to lightly combine uncooked egg with cooked. Leave briefly again, and when partly cooked, stir a bit faster, stopping while there’s some barely cooked egg left. With the pan flat on the heat, shake it back and forth a few times to settle the mixture. It should slide easily in the pan and look soft and moist on top. A quick burst of heat will brown the underside.
Grip the handle underneath. Tilt the pan down away from you and let the omelette fall to the edge. Fold the side nearest to you over by a third with your fork, and keep it rolling over, so the omelette tips onto a plate – or fold it in half, if that’s easier. For a neat finish, cover the omelette with a piece of kitchen paper and plump it up a bit with your fingers. Rub the other knob of butter over to glaze. Serve immediately.",false,"Kandidat scratch: meal slot masih saran; porsi, bahan/takaran gram, harga lokal, gizi, dan penggunaan sumber belum ditinjau",TheMealDB API; kandidat belum dikurasi,https://www.bbcgoodfood.com/recipes/1669/ultimate-french-omelette,"{""api_source"": ""TheMealDB API"", ""source_id"": ""52915"", ""source_category"": ""Miscellaneous"", ""source_area"": ""France"", ""suggested_meal_type"": ""makan_malam"", ""themealdb_url"": ""https://www.themealdb.com/meal/52915"", ""image_url"": ""https://www.themealdb.com/images/media/meals/yvpuuy1511797244.jpg"", ""ingredients"": [{""ingredient"": ""Eggs"", ""measure"": ""3""}, {""ingredient"": ""Butter"", ""measure"": ""2 knobs""}, {""ingredient"": ""Parmesan"", ""measure"": ""1 tsp""}, {""ingredient"": ""Tarragon Leaves"", ""measure"": ""3 chopped""}, {""ingredient"": ""Parsley"", ""measure"": ""1 tbs chopped""}, {""ingredient"": ""Chives"", ""measure"": ""1 tbs chopped""}, {""ingredient"": ""Gruyère"", ""measure"": ""4 tbs""}], ""review_status"": ""needs_manual_mapping_portion_nutrition_price_rights_and_meal_slot_review""}",true
RCP-TMDB-53257,kofta burgers,,makan_siang,"step 1
Tip the mince into a large bowl (use a clean washing-up bowl if you don’t have anything big enough) with all the other burger ingredients and a good pinch of salt. Roll up your sleeves, get your hands into the mix and squelch everything together through your fingers until completely mixed. Pat the mix into 16 small burgers. These may now be frozen for up to 1 month or chilled up to a day ahead.

step 2
To cook, heat grill to its highest setting and lay the burgers in a single layer on a baking tray (you may need to do this in batches, depending on how big your tray is). Grill on the highest shelf for 5-6 mins on each side until browned and cooked through. Pile burgers onto a platter and serve with all the accompaniments, so everyone can construct their own sandwich.",false,"Kandidat scratch: meal slot masih saran; porsi, bahan/takaran gram, harga lokal, gizi, dan penggunaan sumber belum ditinjau",TheMealDB API; kandidat belum dikurasi,https://www.bbcgoodfood.com/recipes/diy-kofta-burgers,"{""api_source"": ""TheMealDB API"", ""source_id"": ""53257"", ""source_category"": ""Lamb"", ""source_area"": ""Turkish"", ""suggested_meal_type"": ""makan_siang"", ""themealdb_url"": ""https://www.themealdb.com/meal/53257"", ""image_url"": ""https://www.themealdb.com/images/media/meals/lgmnff1763789847.jpg"", ""ingredients"": [{""ingredient"": ""Lamb"", ""measure"": ""1kg""}, {""ingredient"": ""Onion"", ""measure"": ""2""}, {""ingredient"": ""Garlic Bulb"", ""measure"": ""1""}, {""ingredient"": ""Garam Masala"", ""measure"": ""6 tablespoons""}, {""ingredient"": ""Coriander"", ""measure"": ""Bunch""}, {""ingredient"": ""Chilli Sauce"", ""measure"": ""1 tablespoon""}, {""ingredient"": ""Pita Bread"", ""measure"": ""8""}, {""ingredient"": ""Tomato"", ""measure"": ""4 sliced""}, {""ingredient"": ""Red Cabbage"", ""measure"": ""1/2""}, {""ingredient"": ""Red Onions"", ""measure"": ""1 sliced""}, {""ingredient"": ""Yogurt"", ""measure"": ""Small pack""}], ""review_status"": ""needs_manual_mapping_portion_nutrition_price_rights_and_meal_slot_review""}",true
RCP-TMDB-52997,"Beef Banh Mi Bowls with Sriracha Mayo, Carrot & Pickled Cucumber",,makan_malam,"Add'l ingredients: mayonnaise, siracha

1

Place rice in a fine-mesh sieve and rinse until water runs clear. Add to a small pot with 1 cup water (2 cups for 4 servings) and a pinch of salt. Bring to a boil, then cover and reduce heat to low. Cook until rice is tender, 15 minutes. Keep covered off heat for at least 10 minutes or until ready to serve.

2

Meanwhile, wash and dry all produce. Peel and finely chop garlic. Zest and quarter lime (for 4 servings, zest 1 lime and quarter both). Trim and halve cucumber lengthwise; thinly slice crosswise into half-moons. Halve, peel, and medium dice onion. Trim, peel, and grate carrot.

3

In a medium bowl, combine cucumber, juice from half the lime, ¼ tsp sugar (½ tsp for 4 servings), and a pinch of salt. In a small bowl, combine mayonnaise, a pinch of garlic, a squeeze of lime juice, and as much sriracha as you’d like. Season with salt and pepper.

4

Heat a drizzle of oil in a large pan over medium-high heat. Add onion and cook, stirring, until softened, 4-5 minutes. Add beef, remaining garlic, and 2 tsp sugar (4 tsp for 4 servings). Cook, breaking up meat into pieces, until beef is browned and cooked through, 4-5 minutes. Stir in soy sauce. Turn off heat; taste and season with salt and pepper.

5

Fluff rice with a fork; stir in lime zest and 1 TBSP butter. Divide rice between bowls. Arrange beef, grated carrot, and pickled cucumber on top. Top with a squeeze of lime juice. Drizzle with sriracha mayo.",false,"Kandidat scratch: meal slot masih saran; porsi, bahan/takaran gram, harga lokal, gizi, dan penggunaan sumber belum ditinjau",TheMealDB API; kandidat belum dikurasi,https://www.themealdb.com/meal/52997,"{""api_source"": ""TheMealDB API"", ""source_id"": ""52997"", ""source_category"": ""Beef"", ""source_area"": ""Vietnamese"", ""suggested_meal_type"": ""makan_malam"", ""themealdb_url"": ""https://www.themealdb.com/meal/52997"", ""image_url"": ""https://www.themealdb.com/images/media/meals/z0ageb1583189517.jpg"", ""ingredients"": [{""ingredient"": ""Rice"", ""measure"": ""White""}, {""ingredient"": ""Onion"", ""measure"": ""1""}, {""ingredient"": ""Lime"", ""measure"": ""1""}, {""ingredient"": ""Garlic Clove"", ""measure"": ""3""}, {""ingredient"": ""Cucumber"", ""measure"": ""1""}, {""ingredient"": ""Carrots"", ""measure"": ""3 oz""}, {""ingredient"": ""Ground Beef"", ""measure"": ""1 lb""}, {""ingredient"": ""Soy Sauce"", ""measure"": ""2 oz""}], ""review_status"": ""needs_manual_mapping_portion_nutrition_price_rights_and_meal_slot_review""}",true
