raw_ingredient_name,recipe_occurrences,source,source_url,review_status
garam,668,"Mendeley Data, Purwanto et al., version 3 (2026)",https://data.mendeley.com/datasets/8b4ztns76h/3,needs_deduplication_and_nutrition_source
air,492,"Mendeley Data, Purwanto et al., version 3 (2026)",https://data.mendeley.com/datasets/8b4ztns76h/3,needs_deduplication_and_nutrition_source
daun jeruk,273,"Mendeley Data, Purwanto et al., version 3 (2026)",https://data.mendeley.com/datasets/8b4ztns76h/3,needs_deduplication_and_nutrition_source
serai,152,"Mendeley Data, Purwanto et al., version 3 (2026)",https://data.mendeley.com/datasets/8b4ztns76h/3,needs_deduplication_and_nutrition_source
lada bubuk,145,"Mendeley Data, Purwanto et al., version 3 (2026)",https://data.mendeley.com/datasets/8b4ztns76h/3,needs_deduplication_and_nutrition_source
kaldu bubuk,138,"Mendeley Data, Purwanto et al., version 3 (2026)",https://data.mendeley.com/datasets/8b4ztns76h/3,needs_deduplication_and_nutrition_source
sereh,138,"Mendeley Data, Purwanto et al., version 3 (2026)",https://data.mendeley.com/datasets/8b4ztns76h/3,needs_deduplication_and_nutrition_source
kaldu jamur,111,"Mendeley Data, Purwanto et al., version 3 (2026)",https://data.mendeley.com/datasets/8b4ztns76h/3,needs_deduplication_and_nutrition_source
putih telur,85,"Mendeley Data, Purwanto et al., version 3 (2026)",https://data.mendeley.com/datasets/8b4ztns76h/3,needs_deduplication_and_nutrition_source
cabe rawit merah,60,"Mendeley Data, Purwanto et al., version 3 (2026)",https://data.mendeley.com/datasets/8b4ztns76h/3,needs_deduplication_and_nutrition_source
lada,51,"Mendeley Data, Purwanto et al., version 3 (2026)",https://data.mendeley.com/datasets/8b4ztns76h/3,needs_deduplication_and_nutrition_source
saus tiram,46,"Mendeley Data, Purwanto et al., version 3 (2026)",https://data.mendeley.com/datasets/8b4ztns76h/3,needs_deduplication_and_nutrition_source
daun kunyit,43,"Mendeley Data, Purwanto et al., version 3 (2026)",https://data.mendeley.com/datasets/8b4ztns76h/3,needs_deduplication_and_nutrition_source
ikan tenggiri giling,42,"Mendeley Data, Purwanto et al., version 3 (2026)",https://data.mendeley.com/datasets/8b4ztns76h/3,needs_deduplication_and_nutrition_source
penyedap rasa,39,"Mendeley Data, Purwanto et al., version 3 (2026)",https://data.mendeley.com/datasets/8b4ztns76h/3,needs_deduplication_and_nutrition_source
penyedap,36,"Mendeley Data, Purwanto et al., version 3 (2026)",https://data.mendeley.com/datasets/8b4ztns76h/3,needs_deduplication_and_nutrition_source
tepung terigu,34,"Mendeley Data, Purwanto et al., version 3 (2026)",https://data.mendeley.com/datasets/8b4ztns76h/3,needs_deduplication_and_nutrition_source
kapulaga,33,"Mendeley Data, Purwanto et al., version 3 (2026)",https://data.mendeley.com/datasets/8b4ztns76h/3,needs_deduplication_and_nutrition_source
bumbu halus,32,"Mendeley Data, Purwanto et al., version 3 (2026)",https://data.mendeley.com/datasets/8b4ztns76h/3,needs_deduplication_and_nutrition_source
daging sapi,32,"Mendeley Data, Purwanto et al., version 3 (2026)",https://data.mendeley.com/datasets/8b4ztns76h/3,needs_deduplication_and_nutrition_source
pala,31,"Mendeley Data, Purwanto et al., version 3 (2026)",https://data.mendeley.com/datasets/8b4ztns76h/3,needs_deduplication_and_nutrition_source
asam jawa,30,"Mendeley Data, Purwanto et al., version 3 (2026)",https://data.mendeley.com/datasets/8b4ztns76h/3,needs_deduplication_and_nutrition_source
kayu manis,30,"Mendeley Data, Purwanto et al., version 3 (2026)",https://data.mendeley.com/datasets/8b4ztns76h/3,needs_deduplication_and_nutrition_source
kecap asin,29,"Mendeley Data, Purwanto et al., version 3 (2026)",https://data.mendeley.com/datasets/8b4ztns76h/3,needs_deduplication_and_nutrition_source
kencur,28,"Mendeley Data, Purwanto et al., version 3 (2026)",https://data.mendeley.com/datasets/8b4ztns76h/3,needs_deduplication_and_nutrition_source
bawang goreng,27,"Mendeley Data, Purwanto et al., version 3 (2026)",https://data.mendeley.com/datasets/8b4ztns76h/3,needs_deduplication_and_nutrition_source
kol,26,"Mendeley Data, Purwanto et al., version 3 (2026)",https://data.mendeley.com/datasets/8b4ztns76h/3,needs_deduplication_and_nutrition_source
pala bubuk,26,"Mendeley Data, Purwanto et al., version 3 (2026)",https://data.mendeley.com/datasets/8b4ztns76h/3,needs_deduplication_and_nutrition_source
baput,24,"Mendeley Data, Purwanto et al., version 3 (2026)",https://data.mendeley.com/datasets/8b4ztns76h/3,needs_deduplication_and_nutrition_source
jinten,24,"Mendeley Data, Purwanto et al., version 3 (2026)",https://data.mendeley.com/datasets/8b4ztns76h/3,needs_deduplication_and_nutrition_source
minyak wijen,22,"Mendeley Data, Purwanto et al., version 3 (2026)",https://data.mendeley.com/datasets/8b4ztns76h/3,needs_deduplication_and_nutrition_source
laos,21,"Mendeley Data, Purwanto et al., version 3 (2026)",https://data.mendeley.com/datasets/8b4ztns76h/3,needs_deduplication_and_nutrition_source
tepung tapioka cap pak tani gunung,21,"Mendeley Data, Purwanto et al., version 3 (2026)",https://data.mendeley.com/datasets/8b4ztns76h/3,needs_deduplication_and_nutrition_source
bunga lawang,19,"Mendeley Data, Purwanto et al., version 3 (2026)",https://data.mendeley.com/datasets/8b4ztns76h/3,needs_deduplication_and_nutrition_source
daun pandan,19,"Mendeley Data, Purwanto et al., version 3 (2026)",https://data.mendeley.com/datasets/8b4ztns76h/3,needs_deduplication_and_nutrition_source
kaldu ayam bubuk,19,"Mendeley Data, Purwanto et al., version 3 (2026)",https://data.mendeley.com/datasets/8b4ztns76h/3,needs_deduplication_and_nutrition_source
saus tomat,19,"Mendeley Data, Purwanto et al., version 3 (2026)",https://data.mendeley.com/datasets/8b4ztns76h/3,needs_deduplication_and_nutrition_source
tepung sagu tani,19,"Mendeley Data, Purwanto et al., version 3 (2026)",https://data.mendeley.com/datasets/8b4ztns76h/3,needs_deduplication_and_nutrition_source
garam halus,18,"Mendeley Data, Purwanto et al., version 3 (2026)",https://data.mendeley.com/datasets/8b4ztns76h/3,needs_deduplication_and_nutrition_source
tauge,17,"Mendeley Data, Purwanto et al., version 3 (2026)",https://data.mendeley.com/datasets/8b4ztns76h/3,needs_deduplication_and_nutrition_source
ebi / udang kering,16,"Mendeley Data, Purwanto et al., version 3 (2026)",https://data.mendeley.com/datasets/8b4ztns76h/3,needs_deduplication_and_nutrition_source
kecap manis indofood,16,"Mendeley Data, Purwanto et al., version 3 (2026)",https://data.mendeley.com/datasets/8b4ztns76h/3,needs_deduplication_and_nutrition_source
minyak sayur,16,"Mendeley Data, Purwanto et al., version 3 (2026)",https://data.mendeley.com/datasets/8b4ztns76h/3,needs_deduplication_and_nutrition_source
terigu,16,"Mendeley Data, Purwanto et al., version 3 (2026)",https://data.mendeley.com/datasets/8b4ztns76h/3,needs_deduplication_and_nutrition_source
air asam jawa,15,"Mendeley Data, Purwanto et al., version 3 (2026)",https://data.mendeley.com/datasets/8b4ztns76h/3,needs_deduplication_and_nutrition_source
daun pisang,15,"Mendeley Data, Purwanto et al., version 3 (2026)",https://data.mendeley.com/datasets/8b4ztns76h/3,needs_deduplication_and_nutrition_source
saos tiram,15,"Mendeley Data, Purwanto et al., version 3 (2026)",https://data.mendeley.com/datasets/8b4ztns76h/3,needs_deduplication_and_nutrition_source
ayam kampung,14,"Mendeley Data, Purwanto et al., version 3 (2026)",https://data.mendeley.com/datasets/8b4ztns76h/3,needs_deduplication_and_nutrition_source
belimbing wuluh,14,"Mendeley Data, Purwanto et al., version 3 (2026)",https://data.mendeley.com/datasets/8b4ztns76h/3,needs_deduplication_and_nutrition_source
kelapa parut,14,"Mendeley Data, Purwanto et al., version 3 (2026)",https://data.mendeley.com/datasets/8b4ztns76h/3,needs_deduplication_and_nutrition_source
telur puyuh,14,"Mendeley Data, Purwanto et al., version 3 (2026)",https://data.mendeley.com/datasets/8b4ztns76h/3,needs_deduplication_and_nutrition_source
baking powder,13,"Mendeley Data, Purwanto et al., version 3 (2026)",https://data.mendeley.com/datasets/8b4ztns76h/3,needs_deduplication_and_nutrition_source
jintan,13,"Mendeley Data, Purwanto et al., version 3 (2026)",https://data.mendeley.com/datasets/8b4ztns76h/3,needs_deduplication_and_nutrition_source
micin,13,"Mendeley Data, Purwanto et al., version 3 (2026)",https://data.mendeley.com/datasets/8b4ztns76h/3,needs_deduplication_and_nutrition_source
saus sambal,13,"Mendeley Data, Purwanto et al., version 3 (2026)",https://data.mendeley.com/datasets/8b4ztns76h/3,needs_deduplication_and_nutrition_source
air es,12,"Mendeley Data, Purwanto et al., version 3 (2026)",https://data.mendeley.com/datasets/8b4ztns76h/3,needs_deduplication_and_nutrition_source
air matang,12,"Mendeley Data, Purwanto et al., version 3 (2026)",https://data.mendeley.com/datasets/8b4ztns76h/3,needs_deduplication_and_nutrition_source
bakso,12,"Mendeley Data, Purwanto et al., version 3 (2026)",https://data.mendeley.com/datasets/8b4ztns76h/3,needs_deduplication_and_nutrition_source
daun jeruk purut,12,"Mendeley Data, Purwanto et al., version 3 (2026)",https://data.mendeley.com/datasets/8b4ztns76h/3,needs_deduplication_and_nutrition_source
paha ayam,12,"Mendeley Data, Purwanto et al., version 3 (2026)",https://data.mendeley.com/datasets/8b4ztns76h/3,needs_deduplication_and_nutrition_source
ati ampela,11,"Mendeley Data, Purwanto et al., version 3 (2026)",https://data.mendeley.com/datasets/8b4ztns76h/3,needs_deduplication_and_nutrition_source
cabe rawit hijau,11,"Mendeley Data, Purwanto et al., version 3 (2026)",https://data.mendeley.com/datasets/8b4ztns76h/3,needs_deduplication_and_nutrition_source
air putih,10,"Mendeley Data, Purwanto et al., version 3 (2026)",https://data.mendeley.com/datasets/8b4ztns76h/3,needs_deduplication_and_nutrition_source
jagung manis,10,"Mendeley Data, Purwanto et al., version 3 (2026)",https://data.mendeley.com/datasets/8b4ztns76h/3,needs_deduplication_and_nutrition_source
jeruk limau,10,"Mendeley Data, Purwanto et al., version 3 (2026)",https://data.mendeley.com/datasets/8b4ztns76h/3,needs_deduplication_and_nutrition_source
tapioka,10,"Mendeley Data, Purwanto et al., version 3 (2026)",https://data.mendeley.com/datasets/8b4ztns76h/3,needs_deduplication_and_nutrition_source
terong ungu,10,"Mendeley Data, Purwanto et al., version 3 (2026)",https://data.mendeley.com/datasets/8b4ztns76h/3,needs_deduplication_and_nutrition_source
tiga sapi susu evaporasi,10,"Mendeley Data, Purwanto et al., version 3 (2026)",https://data.mendeley.com/datasets/8b4ztns76h/3,needs_deduplication_and_nutrition_source
bawang bombai,9,"Mendeley Data, Purwanto et al., version 3 (2026)",https://data.mendeley.com/datasets/8b4ztns76h/3,needs_deduplication_and_nutrition_source
cabe ijo besar,9,"Mendeley Data, Purwanto et al., version 3 (2026)",https://data.mendeley.com/datasets/8b4ztns76h/3,needs_deduplication_and_nutrition_source
ikan tenggiri,9,"Mendeley Data, Purwanto et al., version 3 (2026)",https://data.mendeley.com/datasets/8b4ztns76h/3,needs_deduplication_and_nutrition_source
micin asatu rose brand,9,"Mendeley Data, Purwanto et al., version 3 (2026)",https://data.mendeley.com/datasets/8b4ztns76h/3,needs_deduplication_and_nutrition_source
serabi,9,"Mendeley Data, Purwanto et al., version 3 (2026)",https://data.mendeley.com/datasets/8b4ztns76h/3,needs_deduplication_and_nutrition_source
sere,9,"Mendeley Data, Purwanto et al., version 3 (2026)",https://data.mendeley.com/datasets/8b4ztns76h/3,needs_deduplication_and_nutrition_source
tahu kuning,9,"Mendeley Data, Purwanto et al., version 3 (2026)",https://data.mendeley.com/datasets/8b4ztns76h/3,needs_deduplication_and_nutrition_source
cabe giling,8,"Mendeley Data, Purwanto et al., version 3 (2026)",https://data.mendeley.com/datasets/8b4ztns76h/3,needs_deduplication_and_nutrition_source
ikan kembung,8,"Mendeley Data, Purwanto et al., version 3 (2026)",https://data.mendeley.com/datasets/8b4ztns76h/3,needs_deduplication_and_nutrition_source
lengkoas,8,"Mendeley Data, Purwanto et al., version 3 (2026)",https://data.mendeley.com/datasets/8b4ztns76h/3,needs_deduplication_and_nutrition_source
merica butiran,8,"Mendeley Data, Purwanto et al., version 3 (2026)",https://data.mendeley.com/datasets/8b4ztns76h/3,needs_deduplication_and_nutrition_source
msg,8,"Mendeley Data, Purwanto et al., version 3 (2026)",https://data.mendeley.com/datasets/8b4ztns76h/3,needs_deduplication_and_nutrition_source
sayap ayam,8,"Mendeley Data, Purwanto et al., version 3 (2026)",https://data.mendeley.com/datasets/8b4ztns76h/3,needs_deduplication_and_nutrition_source
tepung beras,8,"Mendeley Data, Purwanto et al., version 3 (2026)",https://data.mendeley.com/datasets/8b4ztns76h/3,needs_deduplication_and_nutrition_source
teri medan,8,"Mendeley Data, Purwanto et al., version 3 (2026)",https://data.mendeley.com/datasets/8b4ztns76h/3,needs_deduplication_and_nutrition_source
air jeruk nipis,7,"Mendeley Data, Purwanto et al., version 3 (2026)",https://data.mendeley.com/datasets/8b4ztns76h/3,needs_deduplication_and_nutrition_source
air mendidih,7,"Mendeley Data, Purwanto et al., version 3 (2026)",https://data.mendeley.com/datasets/8b4ztns76h/3,needs_deduplication_and_nutrition_source
air panas,7,"Mendeley Data, Purwanto et al., version 3 (2026)",https://data.mendeley.com/datasets/8b4ztns76h/3,needs_deduplication_and_nutrition_source
bakso sapi,7,"Mendeley Data, Purwanto et al., version 3 (2026)",https://data.mendeley.com/datasets/8b4ztns76h/3,needs_deduplication_and_nutrition_source
ceker ayam,7,"Mendeley Data, Purwanto et al., version 3 (2026)",https://data.mendeley.com/datasets/8b4ztns76h/3,needs_deduplication_and_nutrition_source
gula merah sisir,7,"Mendeley Data, Purwanto et al., version 3 (2026)",https://data.mendeley.com/datasets/8b4ztns76h/3,needs_deduplication_and_nutrition_source
kaldu ayam,7,"Mendeley Data, Purwanto et al., version 3 (2026)",https://data.mendeley.com/datasets/8b4ztns76h/3,needs_deduplication_and_nutrition_source
maizena,7,"Mendeley Data, Purwanto et al., version 3 (2026)",https://data.mendeley.com/datasets/8b4ztns76h/3,needs_deduplication_and_nutrition_source
royco,7,"Mendeley Data, Purwanto et al., version 3 (2026)",https://data.mendeley.com/datasets/8b4ztns76h/3,needs_deduplication_and_nutrition_source
sosis,7,"Mendeley Data, Purwanto et al., version 3 (2026)",https://data.mendeley.com/datasets/8b4ztns76h/3,needs_deduplication_and_nutrition_source
toge,7,"Mendeley Data, Purwanto et al., version 3 (2026)",https://data.mendeley.com/datasets/8b4ztns76h/3,needs_deduplication_and_nutrition_source
udang kupas,7,"Mendeley Data, Purwanto et al., version 3 (2026)",https://data.mendeley.com/datasets/8b4ztns76h/3,needs_deduplication_and_nutrition_source
cabe merah giling,6,"Mendeley Data, Purwanto et al., version 3 (2026)",https://data.mendeley.com/datasets/8b4ztns76h/3,needs_deduplication_and_nutrition_source
cabe setan,6,"Mendeley Data, Purwanto et al., version 3 (2026)",https://data.mendeley.com/datasets/8b4ztns76h/3,needs_deduplication_and_nutrition_source
ikan pindang,6,"Mendeley Data, Purwanto et al., version 3 (2026)",https://data.mendeley.com/datasets/8b4ztns76h/3,needs_deduplication_and_nutrition_source
jinten bubuk,6,"Mendeley Data, Purwanto et al., version 3 (2026)",https://data.mendeley.com/datasets/8b4ztns76h/3,needs_deduplication_and_nutrition_source
kaldu bubuk ayam,6,"Mendeley Data, Purwanto et al., version 3 (2026)",https://data.mendeley.com/datasets/8b4ztns76h/3,needs_deduplication_and_nutrition_source
kaldu jamur bubuk,6,"Mendeley Data, Purwanto et al., version 3 (2026)",https://data.mendeley.com/datasets/8b4ztns76h/3,needs_deduplication_and_nutrition_source
kayu manis bubuk,6,"Mendeley Data, Purwanto et al., version 3 (2026)",https://data.mendeley.com/datasets/8b4ztns76h/3,needs_deduplication_and_nutrition_source
lada putih bubuk,6,"Mendeley Data, Purwanto et al., version 3 (2026)",https://data.mendeley.com/datasets/8b4ztns76h/3,needs_deduplication_and_nutrition_source
ladaku,6,"Mendeley Data, Purwanto et al., version 3 (2026)",https://data.mendeley.com/datasets/8b4ztns76h/3,needs_deduplication_and_nutrition_source
lontong,6,"Mendeley Data, Purwanto et al., version 3 (2026)",https://data.mendeley.com/datasets/8b4ztns76h/3,needs_deduplication_and_nutrition_source
nasi hangat,6,"Mendeley Data, Purwanto et al., version 3 (2026)",https://data.mendeley.com/datasets/8b4ztns76h/3,needs_deduplication_and_nutrition_source
penyedap a1 rose brand,6,"Mendeley Data, Purwanto et al., version 3 (2026)",https://data.mendeley.com/datasets/8b4ztns76h/3,needs_deduplication_and_nutrition_source
salam,6,"Mendeley Data, Purwanto et al., version 3 (2026)",https://data.mendeley.com/datasets/8b4ztns76h/3,needs_deduplication_and_nutrition_source
santan encer,6,"Mendeley Data, Purwanto et al., version 3 (2026)",https://data.mendeley.com/datasets/8b4ztns76h/3,needs_deduplication_and_nutrition_source
santan kekentalan sedang,6,"Mendeley Data, Purwanto et al., version 3 (2026)",https://data.mendeley.com/datasets/8b4ztns76h/3,needs_deduplication_and_nutrition_source
serai (geprek),6,"Mendeley Data, Purwanto et al., version 3 (2026)",https://data.mendeley.com/datasets/8b4ztns76h/3,needs_deduplication_and_nutrition_source
skm,6,"Mendeley Data, Purwanto et al., version 3 (2026)",https://data.mendeley.com/datasets/8b4ztns76h/3,needs_deduplication_and_nutrition_source
telor,6,"Mendeley Data, Purwanto et al., version 3 (2026)",https://data.mendeley.com/datasets/8b4ztns76h/3,needs_deduplication_and_nutrition_source
telur puyuh rebus,6,"Mendeley Data, Purwanto et al., version 3 (2026)",https://data.mendeley.com/datasets/8b4ztns76h/3,needs_deduplication_and_nutrition_source
tepung beras rose brand,6,"Mendeley Data, Purwanto et al., version 3 (2026)",https://data.mendeley.com/datasets/8b4ztns76h/3,needs_deduplication_and_nutrition_source
tepung maizena,6,"Mendeley Data, Purwanto et al., version 3 (2026)",https://data.mendeley.com/datasets/8b4ztns76h/3,needs_deduplication_and_nutrition_source
tepung sagu tani rose brand,6,"Mendeley Data, Purwanto et al., version 3 (2026)",https://data.mendeley.com/datasets/8b4ztns76h/3,needs_deduplication_and_nutrition_source
air bersih,5,"Mendeley Data, Purwanto et al., version 3 (2026)",https://data.mendeley.com/datasets/8b4ztns76h/3,needs_deduplication_and_nutrition_source
baking soda,5,"Mendeley Data, Purwanto et al., version 3 (2026)",https://data.mendeley.com/datasets/8b4ztns76h/3,needs_deduplication_and_nutrition_source
baso,5,"Mendeley Data, Purwanto et al., version 3 (2026)",https://data.mendeley.com/datasets/8b4ztns76h/3,needs_deduplication_and_nutrition_source
bolu,5,"Mendeley Data, Purwanto et al., version 3 (2026)",https://data.mendeley.com/datasets/8b4ztns76h/3,needs_deduplication_and_nutrition_source
bumbu rendang instan,5,"Mendeley Data, Purwanto et al., version 3 (2026)",https://data.mendeley.com/datasets/8b4ztns76h/3,needs_deduplication_and_nutrition_source
butir telur puyuh rebus,5,"Mendeley Data, Purwanto et al., version 3 (2026)",https://data.mendeley.com/datasets/8b4ztns76h/3,needs_deduplication_and_nutrition_source
cabai rawit hijau,5,"Mendeley Data, Purwanto et al., version 3 (2026)",https://data.mendeley.com/datasets/8b4ztns76h/3,needs_deduplication_and_nutrition_source
cabe,5,"Mendeley Data, Purwanto et al., version 3 (2026)",https://data.mendeley.com/datasets/8b4ztns76h/3,needs_deduplication_and_nutrition_source
cabe besar,5,"Mendeley Data, Purwanto et al., version 3 (2026)",https://data.mendeley.com/datasets/8b4ztns76h/3,needs_deduplication_and_nutrition_source
cabe rawit ijo,5,"Mendeley Data, Purwanto et al., version 3 (2026)",https://data.mendeley.com/datasets/8b4ztns76h/3,needs_deduplication_and_nutrition_source
daging,5,"Mendeley Data, Purwanto et al., version 3 (2026)",https://data.mendeley.com/datasets/8b4ztns76h/3,needs_deduplication_and_nutrition_source
daging ikan tenggiri,5,"Mendeley Data, Purwanto et al., version 3 (2026)",https://data.mendeley.com/datasets/8b4ztns76h/3,needs_deduplication_and_nutrition_source
ikan tengiri giling,5,"Mendeley Data, Purwanto et al., version 3 (2026)",https://data.mendeley.com/datasets/8b4ztns76h/3,needs_deduplication_and_nutrition_source
ikan tuna,5,"Mendeley Data, Purwanto et al., version 3 (2026)",https://data.mendeley.com/datasets/8b4ztns76h/3,needs_deduplication_and_nutrition_source
jagung,5,"Mendeley Data, Purwanto et al., version 3 (2026)",https://data.mendeley.com/datasets/8b4ztns76h/3,needs_deduplication_and_nutrition_source
kayumanis,5,"Mendeley Data, Purwanto et al., version 3 (2026)",https://data.mendeley.com/datasets/8b4ztns76h/3,needs_deduplication_and_nutrition_source
rawit merah,5,"Mendeley Data, Purwanto et al., version 3 (2026)",https://data.mendeley.com/datasets/8b4ztns76h/3,needs_deduplication_and_nutrition_source
soda kue,5,"Mendeley Data, Purwanto et al., version 3 (2026)",https://data.mendeley.com/datasets/8b4ztns76h/3,needs_deduplication_and_nutrition_source
tepung tapioka cap pak tani gunung rose brand,5,"Mendeley Data, Purwanto et al., version 3 (2026)",https://data.mendeley.com/datasets/8b4ztns76h/3,needs_deduplication_and_nutrition_source
vanili,5,"Mendeley Data, Purwanto et al., version 3 (2026)",https://data.mendeley.com/datasets/8b4ztns76h/3,needs_deduplication_and_nutrition_source
bawang merah iris tipis,4,"Mendeley Data, Purwanto et al., version 3 (2026)",https://data.mendeley.com/datasets/8b4ztns76h/3,needs_deduplication_and_nutrition_source
bawang prei,4,"Mendeley Data, Purwanto et al., version 3 (2026)",https://data.mendeley.com/datasets/8b4ztns76h/3,needs_deduplication_and_nutrition_source
brokoli,4,"Mendeley Data, Purwanto et al., version 3 (2026)",https://data.mendeley.com/datasets/8b4ztns76h/3,needs_deduplication_and_nutrition_source
bunga sedap malam,4,"Mendeley Data, Purwanto et al., version 3 (2026)",https://data.mendeley.com/datasets/8b4ztns76h/3,needs_deduplication_and_nutrition_source
butir telur puyuh,4,"Mendeley Data, Purwanto et al., version 3 (2026)",https://data.mendeley.com/datasets/8b4ztns76h/3,needs_deduplication_and_nutrition_source
cabe hijau keriting,4,"Mendeley Data, Purwanto et al., version 3 (2026)",https://data.mendeley.com/datasets/8b4ztns76h/3,needs_deduplication_and_nutrition_source
cabe merah kriting,4,"Mendeley Data, Purwanto et al., version 3 (2026)",https://data.mendeley.com/datasets/8b4ztns76h/3,needs_deduplication_and_nutrition_source
daging kambing,4,"Mendeley Data, Purwanto et al., version 3 (2026)",https://data.mendeley.com/datasets/8b4ztns76h/3,needs_deduplication_and_nutrition_source
ekor udang segar atau kepala udang,4,"Mendeley Data, Purwanto et al., version 3 (2026)",https://data.mendeley.com/datasets/8b4ztns76h/3,needs_deduplication_and_nutrition_source
garam kasar,4,"Mendeley Data, Purwanto et al., version 3 (2026)",https://data.mendeley.com/datasets/8b4ztns76h/3,needs_deduplication_and_nutrition_source
himsalt,4,"Mendeley Data, Purwanto et al., version 3 (2026)",https://data.mendeley.com/datasets/8b4ztns76h/3,needs_deduplication_and_nutrition_source
ikan,4,"Mendeley Data, Purwanto et al., version 3 (2026)",https://data.mendeley.com/datasets/8b4ztns76h/3,needs_deduplication_and_nutrition_source
kaldu bubuk sapi,4,"Mendeley Data, Purwanto et al., version 3 (2026)",https://data.mendeley.com/datasets/8b4ztns76h/3,needs_deduplication_and_nutrition_source
kecambah,4,"Mendeley Data, Purwanto et al., version 3 (2026)",https://data.mendeley.com/datasets/8b4ztns76h/3,needs_deduplication_and_nutrition_source
kecap ikan,4,"Mendeley Data, Purwanto et al., version 3 (2026)",https://data.mendeley.com/datasets/8b4ztns76h/3,needs_deduplication_and_nutrition_source
kelapa,4,"Mendeley Data, Purwanto et al., version 3 (2026)",https://data.mendeley.com/datasets/8b4ztns76h/3,needs_deduplication_and_nutrition_source
kuah kinca,4,"Mendeley Data, Purwanto et al., version 3 (2026)",https://data.mendeley.com/datasets/8b4ztns76h/3,needs_deduplication_and_nutrition_source
kunir,4,"Mendeley Data, Purwanto et al., version 3 (2026)",https://data.mendeley.com/datasets/8b4ztns76h/3,needs_deduplication_and_nutrition_source
lada putih,4,"Mendeley Data, Purwanto et al., version 3 (2026)",https://data.mendeley.com/datasets/8b4ztns76h/3,needs_deduplication_and_nutrition_source
masako sapi,4,"Mendeley Data, Purwanto et al., version 3 (2026)",https://data.mendeley.com/datasets/8b4ztns76h/3,needs_deduplication_and_nutrition_source
pasta pandan,4,"Mendeley Data, Purwanto et al., version 3 (2026)",https://data.mendeley.com/datasets/8b4ztns76h/3,needs_deduplication_and_nutrition_source
penyedap asatu dari rose brand,4,"Mendeley Data, Purwanto et al., version 3 (2026)",https://data.mendeley.com/datasets/8b4ztns76h/3,needs_deduplication_and_nutrition_source
penyedap jamur,4,"Mendeley Data, Purwanto et al., version 3 (2026)",https://data.mendeley.com/datasets/8b4ztns76h/3,needs_deduplication_and_nutrition_source
sambal,4,"Mendeley Data, Purwanto et al., version 3 (2026)",https://data.mendeley.com/datasets/8b4ztns76h/3,needs_deduplication_and_nutrition_source
sawi hijau,4,"Mendeley Data, Purwanto et al., version 3 (2026)",https://data.mendeley.com/datasets/8b4ztns76h/3,needs_deduplication_and_nutrition_source
serai geprek,4,"Mendeley Data, Purwanto et al., version 3 (2026)",https://data.mendeley.com/datasets/8b4ztns76h/3,needs_deduplication_and_nutrition_source
sereh geprek,4,"Mendeley Data, Purwanto et al., version 3 (2026)",https://data.mendeley.com/datasets/8b4ztns76h/3,needs_deduplication_and_nutrition_source
tahu pong,4,"Mendeley Data, Purwanto et al., version 3 (2026)",https://data.mendeley.com/datasets/8b4ztns76h/3,needs_deduplication_and_nutrition_source
tapioka cap pak tani gunung,4,"Mendeley Data, Purwanto et al., version 3 (2026)",https://data.mendeley.com/datasets/8b4ztns76h/3,needs_deduplication_and_nutrition_source
telor ayam,4,"Mendeley Data, Purwanto et al., version 3 (2026)",https://data.mendeley.com/datasets/8b4ztns76h/3,needs_deduplication_and_nutrition_source
telur bebek,4,"Mendeley Data, Purwanto et al., version 3 (2026)",https://data.mendeley.com/datasets/8b4ztns76h/3,needs_deduplication_and_nutrition_source
tepung sagu,4,"Mendeley Data, Purwanto et al., version 3 (2026)",https://data.mendeley.com/datasets/8b4ztns76h/3,needs_deduplication_and_nutrition_source
tepung sagu tani atau tepung tapioka dari rose brand,4,"Mendeley Data, Purwanto et al., version 3 (2026)",https://data.mendeley.com/datasets/8b4ztns76h/3,needs_deduplication_and_nutrition_source
udang rebon,4,"Mendeley Data, Purwanto et al., version 3 (2026)",https://data.mendeley.com/datasets/8b4ztns76h/3,needs_deduplication_and_nutrition_source
air (water),3,"Mendeley Data, Purwanto et al., version 3 (2026)",https://data.mendeley.com/datasets/8b4ztns76h/3,needs_deduplication_and_nutrition_source
air dingin,3,"Mendeley Data, Purwanto et al., version 3 (2026)",https://data.mendeley.com/datasets/8b4ztns76h/3,needs_deduplication_and_nutrition_source
air hangat,3,"Mendeley Data, Purwanto et al., version 3 (2026)",https://data.mendeley.com/datasets/8b4ztns76h/3,needs_deduplication_and_nutrition_source
air santan,3,"Mendeley Data, Purwanto et al., version 3 (2026)",https://data.mendeley.com/datasets/8b4ztns76h/3,needs_deduplication_and_nutrition_source
ajinomoto,3,"Mendeley Data, Purwanto et al., version 3 (2026)",https://data.mendeley.com/datasets/8b4ztns76h/3,needs_deduplication_and_nutrition_source
asam sunti,3,"Mendeley Data, Purwanto et al., version 3 (2026)",https://data.mendeley.com/datasets/8b4ztns76h/3,needs_deduplication_and_nutrition_source
asem jawa,3,"Mendeley Data, Purwanto et al., version 3 (2026)",https://data.mendeley.com/datasets/8b4ztns76h/3,needs_deduplication_and_nutrition_source
ati ampela ayam,3,"Mendeley Data, Purwanto et al., version 3 (2026)",https://data.mendeley.com/datasets/8b4ztns76h/3,needs_deduplication_and_nutrition_source
ayam bagian dada,3,"Mendeley Data, Purwanto et al., version 3 (2026)",https://data.mendeley.com/datasets/8b4ztns76h/3,needs_deduplication_and_nutrition_source
ayam giling,3,"Mendeley Data, Purwanto et al., version 3 (2026)",https://data.mendeley.com/datasets/8b4ztns76h/3,needs_deduplication_and_nutrition_source
bakso ayam,3,"Mendeley Data, Purwanto et al., version 3 (2026)",https://data.mendeley.com/datasets/8b4ztns76h/3,needs_deduplication_and_nutrition_source
bandeng,3,"Mendeley Data, Purwanto et al., version 3 (2026)",https://data.mendeley.com/datasets/8b4ztns76h/3,needs_deduplication_and_nutrition_source
bawang pre,3,"Mendeley Data, Purwanto et al., version 3 (2026)",https://data.mendeley.com/datasets/8b4ztns76h/3,needs_deduplication_and_nutrition_source
bonggol jagung manis,3,"Mendeley Data, Purwanto et al., version 3 (2026)",https://data.mendeley.com/datasets/8b4ztns76h/3,needs_deduplication_and_nutrition_source
bumbu dasar putih,3,"Mendeley Data, Purwanto et al., version 3 (2026)",https://data.mendeley.com/datasets/8b4ztns76h/3,needs_deduplication_and_nutrition_source
bumbu kacang,3,"Mendeley Data, Purwanto et al., version 3 (2026)",https://data.mendeley.com/datasets/8b4ztns76h/3,needs_deduplication_and_nutrition_source
bumbu marinasi,3,"Mendeley Data, Purwanto et al., version 3 (2026)",https://data.mendeley.com/datasets/8b4ztns76h/3,needs_deduplication_and_nutrition_source
butir bakso,3,"Mendeley Data, Purwanto et al., version 3 (2026)",https://data.mendeley.com/datasets/8b4ztns76h/3,needs_deduplication_and_nutrition_source
cabe bubuk,3,"Mendeley Data, Purwanto et al., version 3 (2026)",https://data.mendeley.com/datasets/8b4ztns76h/3,needs_deduplication_and_nutrition_source
cabe galak,3,"Mendeley Data, Purwanto et al., version 3 (2026)",https://data.mendeley.com/datasets/8b4ztns76h/3,needs_deduplication_and_nutrition_source
cabe kecil,3,"Mendeley Data, Purwanto et al., version 3 (2026)",https://data.mendeley.com/datasets/8b4ztns76h/3,needs_deduplication_and_nutrition_source
cabe rawit kecil,3,"Mendeley Data, Purwanto et al., version 3 (2026)",https://data.mendeley.com/datasets/8b4ztns76h/3,needs_deduplication_and_nutrition_source
dada ayam filet,3,"Mendeley Data, Purwanto et al., version 3 (2026)",https://data.mendeley.com/datasets/8b4ztns76h/3,needs_deduplication_and_nutrition_source
daging giling,3,"Mendeley Data, Purwanto et al., version 3 (2026)",https://data.mendeley.com/datasets/8b4ztns76h/3,needs_deduplication_and_nutrition_source
daging sapi giling,3,"Mendeley Data, Purwanto et al., version 3 (2026)",https://data.mendeley.com/datasets/8b4ztns76h/3,needs_deduplication_and_nutrition_source
daging sapi has dalam,3,"Mendeley Data, Purwanto et al., version 3 (2026)",https://data.mendeley.com/datasets/8b4ztns76h/3,needs_deduplication_and_nutrition_source
daun bawang dan seledri,3,"Mendeley Data, Purwanto et al., version 3 (2026)",https://data.mendeley.com/datasets/8b4ztns76h/3,needs_deduplication_and_nutrition_source
ekor udang segar,3,"Mendeley Data, Purwanto et al., version 3 (2026)",https://data.mendeley.com/datasets/8b4ztns76h/3,needs_deduplication_and_nutrition_source
es batu,3,"Mendeley Data, Purwanto et al., version 3 (2026)",https://data.mendeley.com/datasets/8b4ztns76h/3,needs_deduplication_and_nutrition_source
hati ayam,3,"Mendeley Data, Purwanto et al., version 3 (2026)",https://data.mendeley.com/datasets/8b4ztns76h/3,needs_deduplication_and_nutrition_source
ikan gabus giling,3,"Mendeley Data, Purwanto et al., version 3 (2026)",https://data.mendeley.com/datasets/8b4ztns76h/3,needs_deduplication_and_nutrition_source
ikan kakap giling,3,"Mendeley Data, Purwanto et al., version 3 (2026)",https://data.mendeley.com/datasets/8b4ztns76h/3,needs_deduplication_and_nutrition_source
ikan nila,3,"Mendeley Data, Purwanto et al., version 3 (2026)",https://data.mendeley.com/datasets/8b4ztns76h/3,needs_deduplication_and_nutrition_source
ikan patin giling,3,"Mendeley Data, Purwanto et al., version 3 (2026)",https://data.mendeley.com/datasets/8b4ztns76h/3,needs_deduplication_and_nutrition_source
jengkol tua,3,"Mendeley Data, Purwanto et al., version 3 (2026)",https://data.mendeley.com/datasets/8b4ztns76h/3,needs_deduplication_and_nutrition_source
jintan bubuk,3,"Mendeley Data, Purwanto et al., version 3 (2026)",https://data.mendeley.com/datasets/8b4ztns76h/3,needs_deduplication_and_nutrition_source
kecap inggris,3,"Mendeley Data, Purwanto et al., version 3 (2026)",https://data.mendeley.com/datasets/8b4ztns76h/3,needs_deduplication_and_nutrition_source
kobe tepung kentucky super crispy,3,"Mendeley Data, Purwanto et al., version 3 (2026)",https://data.mendeley.com/datasets/8b4ztns76h/3,needs_deduplication_and_nutrition_source
lada hitam bubuk,3,"Mendeley Data, Purwanto et al., version 3 (2026)",https://data.mendeley.com/datasets/8b4ztns76h/3,needs_deduplication_and_nutrition_source
lele,3,"Mendeley Data, Purwanto et al., version 3 (2026)",https://data.mendeley.com/datasets/8b4ztns76h/3,needs_deduplication_and_nutrition_source
lombok rawit,3,"Mendeley Data, Purwanto et al., version 3 (2026)",https://data.mendeley.com/datasets/8b4ztns76h/3,needs_deduplication_and_nutrition_source
margarine,3,"Mendeley Data, Purwanto et al., version 3 (2026)",https://data.mendeley.com/datasets/8b4ztns76h/3,needs_deduplication_and_nutrition_source
masako,3,"Mendeley Data, Purwanto et al., version 3 (2026)",https://data.mendeley.com/datasets/8b4ztns76h/3,needs_deduplication_and_nutrition_source
mata asam jawa,3,"Mendeley Data, Purwanto et al., version 3 (2026)",https://data.mendeley.com/datasets/8b4ztns76h/3,needs_deduplication_and_nutrition_source
nasi putih,3,"Mendeley Data, Purwanto et al., version 3 (2026)",https://data.mendeley.com/datasets/8b4ztns76h/3,needs_deduplication_and_nutrition_source
paha ayam fillet,3,"Mendeley Data, Purwanto et al., version 3 (2026)",https://data.mendeley.com/datasets/8b4ztns76h/3,needs_deduplication_and_nutrition_source
pakcoy,3,"Mendeley Data, Purwanto et al., version 3 (2026)",https://data.mendeley.com/datasets/8b4ztns76h/3,needs_deduplication_and_nutrition_source
perasan jeruk nipis,3,"Mendeley Data, Purwanto et al., version 3 (2026)",https://data.mendeley.com/datasets/8b4ztns76h/3,needs_deduplication_and_nutrition_source
pindang salem,3,"Mendeley Data, Purwanto et al., version 3 (2026)",https://data.mendeley.com/datasets/8b4ztns76h/3,needs_deduplication_and_nutrition_source
ragi instan,3,"Mendeley Data, Purwanto et al., version 3 (2026)",https://data.mendeley.com/datasets/8b4ztns76h/3,needs_deduplication_and_nutrition_source
royco ayam,3,"Mendeley Data, Purwanto et al., version 3 (2026)",https://data.mendeley.com/datasets/8b4ztns76h/3,needs_deduplication_and_nutrition_source
sawi putih,3,"Mendeley Data, Purwanto et al., version 3 (2026)",https://data.mendeley.com/datasets/8b4ztns76h/3,needs_deduplication_and_nutrition_source
tahu kulit,3,"Mendeley Data, Purwanto et al., version 3 (2026)",https://data.mendeley.com/datasets/8b4ztns76h/3,needs_deduplication_and_nutrition_source
tapioka rose brand,3,"Mendeley Data, Purwanto et al., version 3 (2026)",https://data.mendeley.com/datasets/8b4ztns76h/3,needs_deduplication_and_nutrition_source
tepung beras rosebrand,3,"Mendeley Data, Purwanto et al., version 3 (2026)",https://data.mendeley.com/datasets/8b4ztns76h/3,needs_deduplication_and_nutrition_source
tepung kanji,3,"Mendeley Data, Purwanto et al., version 3 (2026)",https://data.mendeley.com/datasets/8b4ztns76h/3,needs_deduplication_and_nutrition_source
tepung ketan,3,"Mendeley Data, Purwanto et al., version 3 (2026)",https://data.mendeley.com/datasets/8b4ztns76h/3,needs_deduplication_and_nutrition_source
tepung sagu / tapioka,3,"Mendeley Data, Purwanto et al., version 3 (2026)",https://data.mendeley.com/datasets/8b4ztns76h/3,needs_deduplication_and_nutrition_source
tepung sagu tani cap pak tani gunung,3,"Mendeley Data, Purwanto et al., version 3 (2026)",https://data.mendeley.com/datasets/8b4ztns76h/3,needs_deduplication_and_nutrition_source
tepung tapioka cap pak tani gunung dr rose brand,3,"Mendeley Data, Purwanto et al., version 3 (2026)",https://data.mendeley.com/datasets/8b4ztns76h/3,needs_deduplication_and_nutrition_source
tepung tapioka cap tani,3,"Mendeley Data, Purwanto et al., version 3 (2026)",https://data.mendeley.com/datasets/8b4ztns76h/3,needs_deduplication_and_nutrition_source
tepung terigu protein sedang,3,"Mendeley Data, Purwanto et al., version 3 (2026)",https://data.mendeley.com/datasets/8b4ztns76h/3,needs_deduplication_and_nutrition_source
tepung terigu serbaguna,3,"Mendeley Data, Purwanto et al., version 3 (2026)",https://data.mendeley.com/datasets/8b4ztns76h/3,needs_deduplication_and_nutrition_source
terong bulat,3,"Mendeley Data, Purwanto et al., version 3 (2026)",https://data.mendeley.com/datasets/8b4ztns76h/3,needs_deduplication_and_nutrition_source
terong hijau,3,"Mendeley Data, Purwanto et al., version 3 (2026)",https://data.mendeley.com/datasets/8b4ztns76h/3,needs_deduplication_and_nutrition_source
tomat kecil,3,"Mendeley Data, Purwanto et al., version 3 (2026)",https://data.mendeley.com/datasets/8b4ztns76h/3,needs_deduplication_and_nutrition_source
tusuk gigi,3,"Mendeley Data, Purwanto et al., version 3 (2026)",https://data.mendeley.com/datasets/8b4ztns76h/3,needs_deduplication_and_nutrition_source
tusuk sate,3,"Mendeley Data, Purwanto et al., version 3 (2026)",https://data.mendeley.com/datasets/8b4ztns76h/3,needs_deduplication_and_nutrition_source
vetsin,3,"Mendeley Data, Purwanto et al., version 3 (2026)",https://data.mendeley.com/datasets/8b4ztns76h/3,needs_deduplication_and_nutrition_source
adas,2,"Mendeley Data, Purwanto et al., version 3 (2026)",https://data.mendeley.com/datasets/8b4ztns76h/3,needs_deduplication_and_nutrition_source
adas manis,2,"Mendeley Data, Purwanto et al., version 3 (2026)",https://data.mendeley.com/datasets/8b4ztns76h/3,needs_deduplication_and_nutrition_source
adas manis sangrai,2,"Mendeley Data, Purwanto et al., version 3 (2026)",https://data.mendeley.com/datasets/8b4ztns76h/3,needs_deduplication_and_nutrition_source
air (kuah),2,"Mendeley Data, Purwanto et al., version 3 (2026)",https://data.mendeley.com/datasets/8b4ztns76h/3,needs_deduplication_and_nutrition_source
air jeruk,2,"Mendeley Data, Purwanto et al., version 3 (2026)",https://data.mendeley.com/datasets/8b4ztns76h/3,needs_deduplication_and_nutrition_source
air kapur,2,"Mendeley Data, Purwanto et al., version 3 (2026)",https://data.mendeley.com/datasets/8b4ztns76h/3,needs_deduplication_and_nutrition_source
ayam ungkep,2,"Mendeley Data, Purwanto et al., version 3 (2026)",https://data.mendeley.com/datasets/8b4ztns76h/3,needs_deduplication_and_nutrition_source
baby cumi,2,"Mendeley Data, Purwanto et al., version 3 (2026)",https://data.mendeley.com/datasets/8b4ztns76h/3,needs_deduplication_and_nutrition_source
bakso keju,2,"Mendeley Data, Purwanto et al., version 3 (2026)",https://data.mendeley.com/datasets/8b4ztns76h/3,needs_deduplication_and_nutrition_source
bangkoang,2,"Mendeley Data, Purwanto et al., version 3 (2026)",https://data.mendeley.com/datasets/8b4ztns76h/3,needs_deduplication_and_nutrition_source
bawang putih dihaluskan,2,"Mendeley Data, Purwanto et al., version 3 (2026)",https://data.mendeley.com/datasets/8b4ztns76h/3,needs_deduplication_and_nutrition_source
bawang putih halus / bawang putih bubuk,2,"Mendeley Data, Purwanto et al., version 3 (2026)",https://data.mendeley.com/datasets/8b4ztns76h/3,needs_deduplication_and_nutrition_source
bawang putih haluskan,2,"Mendeley Data, Purwanto et al., version 3 (2026)",https://data.mendeley.com/datasets/8b4ztns76h/3,needs_deduplication_and_nutrition_source
bawang putih ulek,2,"Mendeley Data, Purwanto et al., version 3 (2026)",https://data.mendeley.com/datasets/8b4ztns76h/3,needs_deduplication_and_nutrition_source
blimbing wuluh,2,"Mendeley Data, Purwanto et al., version 3 (2026)",https://data.mendeley.com/datasets/8b4ztns76h/3,needs_deduplication_and_nutrition_source
bombay,2,"Mendeley Data, Purwanto et al., version 3 (2026)",https://data.mendeley.com/datasets/8b4ztns76h/3,needs_deduplication_and_nutrition_source
bonggol jagung,2,"Mendeley Data, Purwanto et al., version 3 (2026)",https://data.mendeley.com/datasets/8b4ztns76h/3,needs_deduplication_and_nutrition_source
buah melinjo,2,"Mendeley Data, Purwanto et al., version 3 (2026)",https://data.mendeley.com/datasets/8b4ztns76h/3,needs_deduplication_and_nutrition_source
bubuk kaldu,2,"Mendeley Data, Purwanto et al., version 3 (2026)",https://data.mendeley.com/datasets/8b4ztns76h/3,needs_deduplication_and_nutrition_source
bumbu cemplung,2,"Mendeley Data, Purwanto et al., version 3 (2026)",https://data.mendeley.com/datasets/8b4ztns76h/3,needs_deduplication_and_nutrition_source
bumbu marinasi desaku,2,"Mendeley Data, Purwanto et al., version 3 (2026)",https://data.mendeley.com/datasets/8b4ztns76h/3,needs_deduplication_and_nutrition_source
bumbu putih,2,"Mendeley Data, Purwanto et al., version 3 (2026)",https://data.mendeley.com/datasets/8b4ztns76h/3,needs_deduplication_and_nutrition_source
bumbu rajang/iris,2,"Mendeley Data, Purwanto et al., version 3 (2026)",https://data.mendeley.com/datasets/8b4ztns76h/3,needs_deduplication_and_nutrition_source
bumbu tambahan /cemplung,2,"Mendeley Data, Purwanto et al., version 3 (2026)",https://data.mendeley.com/datasets/8b4ztns76h/3,needs_deduplication_and_nutrition_source
bumbu tumis,2,"Mendeley Data, Purwanto et al., version 3 (2026)",https://data.mendeley.com/datasets/8b4ztns76h/3,needs_deduplication_and_nutrition_source
bunga pekak,2,"Mendeley Data, Purwanto et al., version 3 (2026)",https://data.mendeley.com/datasets/8b4ztns76h/3,needs_deduplication_and_nutrition_source
bunga sedap malam kering,2,"Mendeley Data, Purwanto et al., version 3 (2026)",https://data.mendeley.com/datasets/8b4ztns76h/3,needs_deduplication_and_nutrition_source
butir bakso sapi,2,"Mendeley Data, Purwanto et al., version 3 (2026)",https://data.mendeley.com/datasets/8b4ztns76h/3,needs_deduplication_and_nutrition_source
butter / margarin,2,"Mendeley Data, Purwanto et al., version 3 (2026)",https://data.mendeley.com/datasets/8b4ztns76h/3,needs_deduplication_and_nutrition_source
cabai,2,"Mendeley Data, Purwanto et al., version 3 (2026)",https://data.mendeley.com/datasets/8b4ztns76h/3,needs_deduplication_and_nutrition_source
cabai kriting,2,"Mendeley Data, Purwanto et al., version 3 (2026)",https://data.mendeley.com/datasets/8b4ztns76h/3,needs_deduplication_and_nutrition_source
cabe besar ijo,2,"Mendeley Data, Purwanto et al., version 3 (2026)",https://data.mendeley.com/datasets/8b4ztns76h/3,needs_deduplication_and_nutrition_source
cabe burung merah,2,"Mendeley Data, Purwanto et al., version 3 (2026)",https://data.mendeley.com/datasets/8b4ztns76h/3,needs_deduplication_and_nutrition_source
cabe giling halus,2,"Mendeley Data, Purwanto et al., version 3 (2026)",https://data.mendeley.com/datasets/8b4ztns76h/3,needs_deduplication_and_nutrition_source
cabe ijo,2,"Mendeley Data, Purwanto et al., version 3 (2026)",https://data.mendeley.com/datasets/8b4ztns76h/3,needs_deduplication_and_nutrition_source
cabe kecil merah,2,"Mendeley Data, Purwanto et al., version 3 (2026)",https://data.mendeley.com/datasets/8b4ztns76h/3,needs_deduplication_and_nutrition_source
cabe kering,2,"Mendeley Data, Purwanto et al., version 3 (2026)",https://data.mendeley.com/datasets/8b4ztns76h/3,needs_deduplication_and_nutrition_source
cabe keriting hijau,2,"Mendeley Data, Purwanto et al., version 3 (2026)",https://data.mendeley.com/datasets/8b4ztns76h/3,needs_deduplication_and_nutrition_source
cabe rawit merah besar,2,"Mendeley Data, Purwanto et al., version 3 (2026)",https://data.mendeley.com/datasets/8b4ztns76h/3,needs_deduplication_and_nutrition_source
cabe rawit putih,2,"Mendeley Data, Purwanto et al., version 3 (2026)",https://data.mendeley.com/datasets/8b4ztns76h/3,needs_deduplication_and_nutrition_source
cengkih,2,"Mendeley Data, Purwanto et al., version 3 (2026)",https://data.mendeley.com/datasets/8b4ztns76h/3,needs_deduplication_and_nutrition_source
cuka masak,2,"Mendeley Data, Purwanto et al., version 3 (2026)",https://data.mendeley.com/datasets/8b4ztns76h/3,needs_deduplication_and_nutrition_source
cumi,2,"Mendeley Data, Purwanto et al., version 3 (2026)",https://data.mendeley.com/datasets/8b4ztns76h/3,needs_deduplication_and_nutrition_source
daging ayam giling,2,"Mendeley Data, Purwanto et al., version 3 (2026)",https://data.mendeley.com/datasets/8b4ztns76h/3,needs_deduplication_and_nutrition_source
daging has dalam,2,"Mendeley Data, Purwanto et al., version 3 (2026)",https://data.mendeley.com/datasets/8b4ztns76h/3,needs_deduplication_and_nutrition_source
daging ikan tenggiri giling,2,"Mendeley Data, Purwanto et al., version 3 (2026)",https://data.mendeley.com/datasets/8b4ztns76h/3,needs_deduplication_and_nutrition_source
daging rendang,2,"Mendeley Data, Purwanto et al., version 3 (2026)",https://data.mendeley.com/datasets/8b4ztns76h/3,needs_deduplication_and_nutrition_source
daging sapi cincang,2,"Mendeley Data, Purwanto et al., version 3 (2026)",https://data.mendeley.com/datasets/8b4ztns76h/3,needs_deduplication_and_nutrition_source
daging sapi tanpa lemak,2,"Mendeley Data, Purwanto et al., version 3 (2026)",https://data.mendeley.com/datasets/8b4ztns76h/3,needs_deduplication_and_nutrition_source
daging sengkel,2,"Mendeley Data, Purwanto et al., version 3 (2026)",https://data.mendeley.com/datasets/8b4ztns76h/3,needs_deduplication_and_nutrition_source
daun dalam,2,"Mendeley Data, Purwanto et al., version 3 (2026)",https://data.mendeley.com/datasets/8b4ztns76h/3,needs_deduplication_and_nutrition_source
daun jeruk kering,2,"Mendeley Data, Purwanto et al., version 3 (2026)",https://data.mendeley.com/datasets/8b4ztns76h/3,needs_deduplication_and_nutrition_source
daun kari,2,"Mendeley Data, Purwanto et al., version 3 (2026)",https://data.mendeley.com/datasets/8b4ztns76h/3,needs_deduplication_and_nutrition_source
daun kucai,2,"Mendeley Data, Purwanto et al., version 3 (2026)",https://data.mendeley.com/datasets/8b4ztns76h/3,needs_deduplication_and_nutrition_source
daun sereh,2,"Mendeley Data, Purwanto et al., version 3 (2026)",https://data.mendeley.com/datasets/8b4ztns76h/3,needs_deduplication_and_nutrition_source
daun sop,2,"Mendeley Data, Purwanto et al., version 3 (2026)",https://data.mendeley.com/datasets/8b4ztns76h/3,needs_deduplication_and_nutrition_source
daun suji,2,"Mendeley Data, Purwanto et al., version 3 (2026)",https://data.mendeley.com/datasets/8b4ztns76h/3,needs_deduplication_and_nutrition_source
desaku bawang putih bubuk,2,"Mendeley Data, Purwanto et al., version 3 (2026)",https://data.mendeley.com/datasets/8b4ztns76h/3,needs_deduplication_and_nutrition_source
desaku marinasi,2,"Mendeley Data, Purwanto et al., version 3 (2026)",https://data.mendeley.com/datasets/8b4ztns76h/3,needs_deduplication_and_nutrition_source
ekor ayam,2,"Mendeley Data, Purwanto et al., version 3 (2026)",https://data.mendeley.com/datasets/8b4ztns76h/3,needs_deduplication_and_nutrition_source
ekor udang segar atau kepala udang (utk kaldu),2,"Mendeley Data, Purwanto et al., version 3 (2026)",https://data.mendeley.com/datasets/8b4ztns76h/3,needs_deduplication_and_nutrition_source
fiber creme,2,"Mendeley Data, Purwanto et al., version 3 (2026)",https://data.mendeley.com/datasets/8b4ztns76h/3,needs_deduplication_and_nutrition_source
fillet ayam bagian paha,2,"Mendeley Data, Purwanto et al., version 3 (2026)",https://data.mendeley.com/datasets/8b4ztns76h/3,needs_deduplication_and_nutrition_source
garam (kuah),2,"Mendeley Data, Purwanto et al., version 3 (2026)",https://data.mendeley.com/datasets/8b4ztns76h/3,needs_deduplication_and_nutrition_source
garam (salt),2,"Mendeley Data, Purwanto et al., version 3 (2026)",https://data.mendeley.com/datasets/8b4ztns76h/3,needs_deduplication_and_nutrition_source
garam himalaya,2,"Mendeley Data, Purwanto et al., version 3 (2026)",https://data.mendeley.com/datasets/8b4ztns76h/3,needs_deduplication_and_nutrition_source
garam penyedap,2,"Mendeley Data, Purwanto et al., version 3 (2026)",https://data.mendeley.com/datasets/8b4ztns76h/3,needs_deduplication_and_nutrition_source
gula merah / gula pasir,2,"Mendeley Data, Purwanto et al., version 3 (2026)",https://data.mendeley.com/datasets/8b4ztns76h/3,needs_deduplication_and_nutrition_source
hati ampela,2,"Mendeley Data, Purwanto et al., version 3 (2026)",https://data.mendeley.com/datasets/8b4ztns76h/3,needs_deduplication_and_nutrition_source
iga sapi,2,"Mendeley Data, Purwanto et al., version 3 (2026)",https://data.mendeley.com/datasets/8b4ztns76h/3,needs_deduplication_and_nutrition_source
ikan dori,2,"Mendeley Data, Purwanto et al., version 3 (2026)",https://data.mendeley.com/datasets/8b4ztns76h/3,needs_deduplication_and_nutrition_source
ikan lele fillet,2,"Mendeley Data, Purwanto et al., version 3 (2026)",https://data.mendeley.com/datasets/8b4ztns76h/3,needs_deduplication_and_nutrition_source
ikan salem,2,"Mendeley Data, Purwanto et al., version 3 (2026)",https://data.mendeley.com/datasets/8b4ztns76h/3,needs_deduplication_and_nutrition_source
ikan tenggiri fillet,2,"Mendeley Data, Purwanto et al., version 3 (2026)",https://data.mendeley.com/datasets/8b4ztns76h/3,needs_deduplication_and_nutrition_source
jamur,2,"Mendeley Data, Purwanto et al., version 3 (2026)",https://data.mendeley.com/datasets/8b4ztns76h/3,needs_deduplication_and_nutrition_source
jeruk limo,2,"Mendeley Data, Purwanto et al., version 3 (2026)",https://data.mendeley.com/datasets/8b4ztns76h/3,needs_deduplication_and_nutrition_source
jintan sangrai,2,"Mendeley Data, Purwanto et al., version 3 (2026)",https://data.mendeley.com/datasets/8b4ztns76h/3,needs_deduplication_and_nutrition_source
kacang goreng,2,"Mendeley Data, Purwanto et al., version 3 (2026)",https://data.mendeley.com/datasets/8b4ztns76h/3,needs_deduplication_and_nutrition_source
kaldu,2,"Mendeley Data, Purwanto et al., version 3 (2026)",https://data.mendeley.com/datasets/8b4ztns76h/3,needs_deduplication_and_nutrition_source
kaldu bubuk jamur,2,"Mendeley Data, Purwanto et al., version 3 (2026)",https://data.mendeley.com/datasets/8b4ztns76h/3,needs_deduplication_and_nutrition_source
kaldu bubuk kulit udang,2,"Mendeley Data, Purwanto et al., version 3 (2026)",https://data.mendeley.com/datasets/8b4ztns76h/3,needs_deduplication_and_nutrition_source
kaldu ikan,2,"Mendeley Data, Purwanto et al., version 3 (2026)",https://data.mendeley.com/datasets/8b4ztns76h/3,needs_deduplication_and_nutrition_source
kaldu sapi bubuk,2,"Mendeley Data, Purwanto et al., version 3 (2026)",https://data.mendeley.com/datasets/8b4ztns76h/3,needs_deduplication_and_nutrition_source
karamel,2,"Mendeley Data, Purwanto et al., version 3 (2026)",https://data.mendeley.com/datasets/8b4ztns76h/3,needs_deduplication_and_nutrition_source
kecap hitam,2,"Mendeley Data, Purwanto et al., version 3 (2026)",https://data.mendeley.com/datasets/8b4ztns76h/3,needs_deduplication_and_nutrition_source
kecap indofood,2,"Mendeley Data, Purwanto et al., version 3 (2026)",https://data.mendeley.com/datasets/8b4ztns76h/3,needs_deduplication_and_nutrition_source
keju oles,2,"Mendeley Data, Purwanto et al., version 3 (2026)",https://data.mendeley.com/datasets/8b4ztns76h/3,needs_deduplication_and_nutrition_source
kelapa muda parut,2,"Mendeley Data, Purwanto et al., version 3 (2026)",https://data.mendeley.com/datasets/8b4ztns76h/3,needs_deduplication_and_nutrition_source
kelapa sangrai tumbuk,2,"Mendeley Data, Purwanto et al., version 3 (2026)",https://data.mendeley.com/datasets/8b4ztns76h/3,needs_deduplication_and_nutrition_source
kelapa tua,2,"Mendeley Data, Purwanto et al., version 3 (2026)",https://data.mendeley.com/datasets/8b4ztns76h/3,needs_deduplication_and_nutrition_source
kembang lawang,2,"Mendeley Data, Purwanto et al., version 3 (2026)",https://data.mendeley.com/datasets/8b4ztns76h/3,needs_deduplication_and_nutrition_source
kental manis,2,"Mendeley Data, Purwanto et al., version 3 (2026)",https://data.mendeley.com/datasets/8b4ztns76h/3,needs_deduplication_and_nutrition_source
kepala udang,2,"Mendeley Data, Purwanto et al., version 3 (2026)",https://data.mendeley.com/datasets/8b4ztns76h/3,needs_deduplication_and_nutrition_source
kerang hijau,2,"Mendeley Data, Purwanto et al., version 3 (2026)",https://data.mendeley.com/datasets/8b4ztns76h/3,needs_deduplication_and_nutrition_source
kerupuk kulit,2,"Mendeley Data, Purwanto et al., version 3 (2026)",https://data.mendeley.com/datasets/8b4ztns76h/3,needs_deduplication_and_nutrition_source
ketumbar butiran,2,"Mendeley Data, Purwanto et al., version 3 (2026)",https://data.mendeley.com/datasets/8b4ztns76h/3,needs_deduplication_and_nutrition_source
kikil,2,"Mendeley Data, Purwanto et al., version 3 (2026)",https://data.mendeley.com/datasets/8b4ztns76h/3,needs_deduplication_and_nutrition_source
kobe bumbu aduk nasi kuning,2,"Mendeley Data, Purwanto et al., version 3 (2026)",https://data.mendeley.com/datasets/8b4ztns76h/3,needs_deduplication_and_nutrition_source
kobe bumbu aduk nasi uduk,2,"Mendeley Data, Purwanto et al., version 3 (2026)",https://data.mendeley.com/datasets/8b4ztns76h/3,needs_deduplication_and_nutrition_source
kol putih,2,"Mendeley Data, Purwanto et al., version 3 (2026)",https://data.mendeley.com/datasets/8b4ztns76h/3,needs_deduplication_and_nutrition_source
kuah cuko,2,"Mendeley Data, Purwanto et al., version 3 (2026)",https://data.mendeley.com/datasets/8b4ztns76h/3,needs_deduplication_and_nutrition_source
kuning,2,"Mendeley Data, Purwanto et al., version 3 (2026)",https://data.mendeley.com/datasets/8b4ztns76h/3,needs_deduplication_and_nutrition_source
labu parang,2,"Mendeley Data, Purwanto et al., version 3 (2026)",https://data.mendeley.com/datasets/8b4ztns76h/3,needs_deduplication_and_nutrition_source
lada butir,2,"Mendeley Data, Purwanto et al., version 3 (2026)",https://data.mendeley.com/datasets/8b4ztns76h/3,needs_deduplication_and_nutrition_source
lada halus,2,"Mendeley Data, Purwanto et al., version 3 (2026)",https://data.mendeley.com/datasets/8b4ztns76h/3,needs_deduplication_and_nutrition_source
lada hitam,2,"Mendeley Data, Purwanto et al., version 3 (2026)",https://data.mendeley.com/datasets/8b4ztns76h/3,needs_deduplication_and_nutrition_source
laos geprek,2,"Mendeley Data, Purwanto et al., version 3 (2026)",https://data.mendeley.com/datasets/8b4ztns76h/3,needs_deduplication_and_nutrition_source
lengkuas muda,2,"Mendeley Data, Purwanto et al., version 3 (2026)",https://data.mendeley.com/datasets/8b4ztns76h/3,needs_deduplication_and_nutrition_source
limau kuit,2,"Mendeley Data, Purwanto et al., version 3 (2026)",https://data.mendeley.com/datasets/8b4ztns76h/3,needs_deduplication_and_nutrition_source
lonjor kacang panjang,2,"Mendeley Data, Purwanto et al., version 3 (2026)",https://data.mendeley.com/datasets/8b4ztns76h/3,needs_deduplication_and_nutrition_source
merica bulat,2,"Mendeley Data, Purwanto et al., version 3 (2026)",https://data.mendeley.com/datasets/8b4ztns76h/3,needs_deduplication_and_nutrition_source
micin a satu rose brand,2,"Mendeley Data, Purwanto et al., version 3 (2026)",https://data.mendeley.com/datasets/8b4ztns76h/3,needs_deduplication_and_nutrition_source
mie kuning,2,"Mendeley Data, Purwanto et al., version 3 (2026)",https://data.mendeley.com/datasets/8b4ztns76h/3,needs_deduplication_and_nutrition_source
miri,2,"Mendeley Data, Purwanto et al., version 3 (2026)",https://data.mendeley.com/datasets/8b4ztns76h/3,needs_deduplication_and_nutrition_source
pandan,2,"Mendeley Data, Purwanto et al., version 3 (2026)",https://data.mendeley.com/datasets/8b4ztns76h/3,needs_deduplication_and_nutrition_source
papan tempe,2,"Mendeley Data, Purwanto et al., version 3 (2026)",https://data.mendeley.com/datasets/8b4ztns76h/3,needs_deduplication_and_nutrition_source
paru,2,"Mendeley Data, Purwanto et al., version 3 (2026)",https://data.mendeley.com/datasets/8b4ztns76h/3,needs_deduplication_and_nutrition_source
penguat rasa,2,"Mendeley Data, Purwanto et al., version 3 (2026)",https://data.mendeley.com/datasets/8b4ztns76h/3,needs_deduplication_and_nutrition_source
penyedap asatu rose brand,2,"Mendeley Data, Purwanto et al., version 3 (2026)",https://data.mendeley.com/datasets/8b4ztns76h/3,needs_deduplication_and_nutrition_source
petis,2,"Mendeley Data, Purwanto et al., version 3 (2026)",https://data.mendeley.com/datasets/8b4ztns76h/3,needs_deduplication_and_nutrition_source
ruas lengkuas,2,"Mendeley Data, Purwanto et al., version 3 (2026)",https://data.mendeley.com/datasets/8b4ztns76h/3,needs_deduplication_and_nutrition_source
saos sambal,2,"Mendeley Data, Purwanto et al., version 3 (2026)",https://data.mendeley.com/datasets/8b4ztns76h/3,needs_deduplication_and_nutrition_source
sawi hijau / putih,2,"Mendeley Data, Purwanto et al., version 3 (2026)",https://data.mendeley.com/datasets/8b4ztns76h/3,needs_deduplication_and_nutrition_source
sayap,2,"Mendeley Data, Purwanto et al., version 3 (2026)",https://data.mendeley.com/datasets/8b4ztns76h/3,needs_deduplication_and_nutrition_source
sayur kol,2,"Mendeley Data, Purwanto et al., version 3 (2026)",https://data.mendeley.com/datasets/8b4ztns76h/3,needs_deduplication_and_nutrition_source
seasoning,2,"Mendeley Data, Purwanto et al., version 3 (2026)",https://data.mendeley.com/datasets/8b4ztns76h/3,needs_deduplication_and_nutrition_source
sereh (geprek),2,"Mendeley Data, Purwanto et al., version 3 (2026)",https://data.mendeley.com/datasets/8b4ztns76h/3,needs_deduplication_and_nutrition_source
serei,2,"Mendeley Data, Purwanto et al., version 3 (2026)",https://data.mendeley.com/datasets/8b4ztns76h/3,needs_deduplication_and_nutrition_source
sun kara,2,"Mendeley Data, Purwanto et al., version 3 (2026)",https://data.mendeley.com/datasets/8b4ztns76h/3,needs_deduplication_and_nutrition_source
susu full cream,2,"Mendeley Data, Purwanto et al., version 3 (2026)",https://data.mendeley.com/datasets/8b4ztns76h/3,needs_deduplication_and_nutrition_source
tahu cina,2,"Mendeley Data, Purwanto et al., version 3 (2026)",https://data.mendeley.com/datasets/8b4ztns76h/3,needs_deduplication_and_nutrition_source
tahu kepel,2,"Mendeley Data, Purwanto et al., version 3 (2026)",https://data.mendeley.com/datasets/8b4ztns76h/3,needs_deduplication_and_nutrition_source
tahu kuning bandung,2,"Mendeley Data, Purwanto et al., version 3 (2026)",https://data.mendeley.com/datasets/8b4ztns76h/3,needs_deduplication_and_nutrition_source
tahu sumedang,2,"Mendeley Data, Purwanto et al., version 3 (2026)",https://data.mendeley.com/datasets/8b4ztns76h/3,needs_deduplication_and_nutrition_source
taoco,2,"Mendeley Data, Purwanto et al., version 3 (2026)",https://data.mendeley.com/datasets/8b4ztns76h/3,needs_deduplication_and_nutrition_source
tapioka rosebrand,2,"Mendeley Data, Purwanto et al., version 3 (2026)",https://data.mendeley.com/datasets/8b4ztns76h/3,needs_deduplication_and_nutrition_source
teh celup,2,"Mendeley Data, Purwanto et al., version 3 (2026)",https://data.mendeley.com/datasets/8b4ztns76h/3,needs_deduplication_and_nutrition_source
telor puyuh,2,"Mendeley Data, Purwanto et al., version 3 (2026)",https://data.mendeley.com/datasets/8b4ztns76h/3,needs_deduplication_and_nutrition_source
telur putih,2,"Mendeley Data, Purwanto et al., version 3 (2026)",https://data.mendeley.com/datasets/8b4ztns76h/3,needs_deduplication_and_nutrition_source
tempe daun,2,"Mendeley Data, Purwanto et al., version 3 (2026)",https://data.mendeley.com/datasets/8b4ztns76h/3,needs_deduplication_and_nutrition_source
tempe mendoan,2,"Mendeley Data, Purwanto et al., version 3 (2026)",https://data.mendeley.com/datasets/8b4ztns76h/3,needs_deduplication_and_nutrition_source
tenggiri giling,2,"Mendeley Data, Purwanto et al., version 3 (2026)",https://data.mendeley.com/datasets/8b4ztns76h/3,needs_deduplication_and_nutrition_source
tengiri giling,2,"Mendeley Data, Purwanto et al., version 3 (2026)",https://data.mendeley.com/datasets/8b4ztns76h/3,needs_deduplication_and_nutrition_source
tepung bumbu serbaguna,2,"Mendeley Data, Purwanto et al., version 3 (2026)",https://data.mendeley.com/datasets/8b4ztns76h/3,needs_deduplication_and_nutrition_source
tepung maizena rose brand,2,"Mendeley Data, Purwanto et al., version 3 (2026)",https://data.mendeley.com/datasets/8b4ztns76h/3,needs_deduplication_and_nutrition_source
tepung sagu tani / tepung tapioka rose brand,2,"Mendeley Data, Purwanto et al., version 3 (2026)",https://data.mendeley.com/datasets/8b4ztns76h/3,needs_deduplication_and_nutrition_source
tepung tapioka cap pak tani,2,"Mendeley Data, Purwanto et al., version 3 (2026)",https://data.mendeley.com/datasets/8b4ztns76h/3,needs_deduplication_and_nutrition_source
tepung tapioka pak tani,2,"Mendeley Data, Purwanto et al., version 3 (2026)",https://data.mendeley.com/datasets/8b4ztns76h/3,needs_deduplication_and_nutrition_source
tepung terigu segitiga biru,2,"Mendeley Data, Purwanto et al., version 3 (2026)",https://data.mendeley.com/datasets/8b4ztns76h/3,needs_deduplication_and_nutrition_source
terasi udang,2,"Mendeley Data, Purwanto et al., version 3 (2026)",https://data.mendeley.com/datasets/8b4ztns76h/3,needs_deduplication_and_nutrition_source
teri pete,2,"Mendeley Data, Purwanto et al., version 3 (2026)",https://data.mendeley.com/datasets/8b4ztns76h/3,needs_deduplication_and_nutrition_source
terigu protein sedang,2,"Mendeley Data, Purwanto et al., version 3 (2026)",https://data.mendeley.com/datasets/8b4ztns76h/3,needs_deduplication_and_nutrition_source
terong ungu ukuran sedang,2,"Mendeley Data, Purwanto et al., version 3 (2026)",https://data.mendeley.com/datasets/8b4ztns76h/3,needs_deduplication_and_nutrition_source
tomatoes,2,"Mendeley Data, Purwanto et al., version 3 (2026)",https://data.mendeley.com/datasets/8b4ztns76h/3,needs_deduplication_and_nutrition_source
tulang ayam,2,"Mendeley Data, Purwanto et al., version 3 (2026)",https://data.mendeley.com/datasets/8b4ztns76h/3,needs_deduplication_and_nutrition_source
udang segar atau kepala udang,2,"Mendeley Data, Purwanto et al., version 3 (2026)",https://data.mendeley.com/datasets/8b4ztns76h/3,needs_deduplication_and_nutrition_source
usus ayam,2,"Mendeley Data, Purwanto et al., version 3 (2026)",https://data.mendeley.com/datasets/8b4ztns76h/3,needs_deduplication_and_nutrition_source
vanila extract,2,"Mendeley Data, Purwanto et al., version 3 (2026)",https://data.mendeley.com/datasets/8b4ztns76h/3,needs_deduplication_and_nutrition_source
1 bungkus bumbu gulai jadi,1,"Mendeley Data, Purwanto et al., version 3 (2026)",https://data.mendeley.com/datasets/8b4ztns76h/3,needs_deduplication_and_nutrition_source
1 bungkus kecil santan instan,1,"Mendeley Data, Purwanto et al., version 3 (2026)",https://data.mendeley.com/datasets/8b4ztns76h/3,needs_deduplication_and_nutrition_source
10 siung bawang merah,1,"Mendeley Data, Purwanto et al., version 3 (2026)",https://data.mendeley.com/datasets/8b4ztns76h/3,needs_deduplication_and_nutrition_source
2 batang sereh,1,"Mendeley Data, Purwanto et al., version 3 (2026)",https://data.mendeley.com/datasets/8b4ztns76h/3,needs_deduplication_and_nutrition_source
2 lembar daun jeruk,1,"Mendeley Data, Purwanto et al., version 3 (2026)",https://data.mendeley.com/datasets/8b4ztns76h/3,needs_deduplication_and_nutrition_source
20 cabe rawit merah/sesuai selera,1,"Mendeley Data, Purwanto et al., version 3 (2026)",https://data.mendeley.com/datasets/8b4ztns76h/3,needs_deduplication_and_nutrition_source
5 siung bawang putih,1,"Mendeley Data, Purwanto et al., version 3 (2026)",https://data.mendeley.com/datasets/8b4ztns76h/3,needs_deduplication_and_nutrition_source
abon ikan tongkol,1,"Mendeley Data, Purwanto et al., version 3 (2026)",https://data.mendeley.com/datasets/8b4ztns76h/3,needs_deduplication_and_nutrition_source
abu merang,1,"Mendeley Data, Purwanto et al., version 3 (2026)",https://data.mendeley.com/datasets/8b4ztns76h/3,needs_deduplication_and_nutrition_source
adonan bakso,1,"Mendeley Data, Purwanto et al., version 3 (2026)",https://data.mendeley.com/datasets/8b4ztns76h/3,needs_deduplication_and_nutrition_source
adonan pentol tekwan,1,"Mendeley Data, Purwanto et al., version 3 (2026)",https://data.mendeley.com/datasets/8b4ztns76h/3,needs_deduplication_and_nutrition_source
adonan tanpa ulen adonan roti tanpa telur dengan margarin,1,"Mendeley Data, Purwanto et al., version 3 (2026)",https://data.mendeley.com/datasets/8b4ztns76h/3,needs_deduplication_and_nutrition_source
air (kaldu udang + air),1,"Mendeley Data, Purwanto et al., version 3 (2026)",https://data.mendeley.com/datasets/8b4ztns76h/3,needs_deduplication_and_nutrition_source
air (larutan tepung beras),1,"Mendeley Data, Purwanto et al., version 3 (2026)",https://data.mendeley.com/datasets/8b4ztns76h/3,needs_deduplication_and_nutrition_source
air (sambal),1,"Mendeley Data, Purwanto et al., version 3 (2026)",https://data.mendeley.com/datasets/8b4ztns76h/3,needs_deduplication_and_nutrition_source
air (termasuk putih telur dan telur),1,"Mendeley Data, Purwanto et al., version 3 (2026)",https://data.mendeley.com/datasets/8b4ztns76h/3,needs_deduplication_and_nutrition_source
air + 1 putih telur,1,"Mendeley Data, Purwanto et al., version 3 (2026)",https://data.mendeley.com/datasets/8b4ztns76h/3,needs_deduplication_and_nutrition_source
air asam jawa kental,1,"Mendeley Data, Purwanto et al., version 3 (2026)",https://data.mendeley.com/datasets/8b4ztns76h/3,needs_deduplication_and_nutrition_source
air baking soda,1,"Mendeley Data, Purwanto et al., version 3 (2026)",https://data.mendeley.com/datasets/8b4ztns76h/3,needs_deduplication_and_nutrition_source
air biasa,1,"Mendeley Data, Purwanto et al., version 3 (2026)",https://data.mendeley.com/datasets/8b4ztns76h/3,needs_deduplication_and_nutrition_source
air cucian beras (merendam),1,"Mendeley Data, Purwanto et al., version 3 (2026)",https://data.mendeley.com/datasets/8b4ztns76h/3,needs_deduplication_and_nutrition_source
air cucian beras (rebus),1,"Mendeley Data, Purwanto et al., version 3 (2026)",https://data.mendeley.com/datasets/8b4ztns76h/3,needs_deduplication_and_nutrition_source
air kaldu,1,"Mendeley Data, Purwanto et al., version 3 (2026)",https://data.mendeley.com/datasets/8b4ztns76h/3,needs_deduplication_and_nutrition_source
air kaldu ayam,1,"Mendeley Data, Purwanto et al., version 3 (2026)",https://data.mendeley.com/datasets/8b4ztns76h/3,needs_deduplication_and_nutrition_source
air kaldu rebusan tulang ikan (termasuk1 putih telur),1,"Mendeley Data, Purwanto et al., version 3 (2026)",https://data.mendeley.com/datasets/8b4ztns76h/3,needs_deduplication_and_nutrition_source
air kaldu udang,1,"Mendeley Data, Purwanto et al., version 3 (2026)",https://data.mendeley.com/datasets/8b4ztns76h/3,needs_deduplication_and_nutrition_source
air kelapa,1,"Mendeley Data, Purwanto et al., version 3 (2026)",https://data.mendeley.com/datasets/8b4ztns76h/3,needs_deduplication_and_nutrition_source
air kelapa muda,1,"Mendeley Data, Purwanto et al., version 3 (2026)",https://data.mendeley.com/datasets/8b4ztns76h/3,needs_deduplication_and_nutrition_source
air kurleb 600ml,1,"Mendeley Data, Purwanto et al., version 3 (2026)",https://data.mendeley.com/datasets/8b4ztns76h/3,needs_deduplication_and_nutrition_source
air lemon,1,"Mendeley Data, Purwanto et al., version 3 (2026)",https://data.mendeley.com/datasets/8b4ztns76h/3,needs_deduplication_and_nutrition_source
air masak,1,"Mendeley Data, Purwanto et al., version 3 (2026)",https://data.mendeley.com/datasets/8b4ztns76h/3,needs_deduplication_and_nutrition_source
air mentah,1,"Mendeley Data, Purwanto et al., version 3 (2026)",https://data.mendeley.com/datasets/8b4ztns76h/3,needs_deduplication_and_nutrition_source
air mineral,1,"Mendeley Data, Purwanto et al., version 3 (2026)",https://data.mendeley.com/datasets/8b4ztns76h/3,needs_deduplication_and_nutrition_source
air mineral gelas (dibekukan),1,"Mendeley Data, Purwanto et al., version 3 (2026)",https://data.mendeley.com/datasets/8b4ztns76h/3,needs_deduplication_and_nutrition_source
air panas (sedikit untuk melarutkan santan),1,"Mendeley Data, Purwanto et al., version 3 (2026)",https://data.mendeley.com/datasets/8b4ztns76h/3,needs_deduplication_and_nutrition_source
air perasan jeruk nipis,1,"Mendeley Data, Purwanto et al., version 3 (2026)",https://data.mendeley.com/datasets/8b4ztns76h/3,needs_deduplication_and_nutrition_source
air rebusan ayam,1,"Mendeley Data, Purwanto et al., version 3 (2026)",https://data.mendeley.com/datasets/8b4ztns76h/3,needs_deduplication_and_nutrition_source
air saffron,1,"Mendeley Data, Purwanto et al., version 3 (2026)",https://data.mendeley.com/datasets/8b4ztns76h/3,needs_deduplication_and_nutrition_source
air santan encer,1,"Mendeley Data, Purwanto et al., version 3 (2026)",https://data.mendeley.com/datasets/8b4ztns76h/3,needs_deduplication_and_nutrition_source
air untuk aron ketan,1,"Mendeley Data, Purwanto et al., version 3 (2026)",https://data.mendeley.com/datasets/8b4ztns76h/3,needs_deduplication_and_nutrition_source
air untuk merebus,1,"Mendeley Data, Purwanto et al., version 3 (2026)",https://data.mendeley.com/datasets/8b4ztns76h/3,needs_deduplication_and_nutrition_source
air utk kuah,1,"Mendeley Data, Purwanto et al., version 3 (2026)",https://data.mendeley.com/datasets/8b4ztns76h/3,needs_deduplication_and_nutrition_source
air/ santan,1,"Mendeley Data, Purwanto et al., version 3 (2026)",https://data.mendeley.com/datasets/8b4ztns76h/3,needs_deduplication_and_nutrition_source
air/secukupnya,1,"Mendeley Data, Purwanto et al., version 3 (2026)",https://data.mendeley.com/datasets/8b4ztns76h/3,needs_deduplication_and_nutrition_source
almond,1,"Mendeley Data, Purwanto et al., version 3 (2026)",https://data.mendeley.com/datasets/8b4ztns76h/3,needs_deduplication_and_nutrition_source
anak ikan,1,"Mendeley Data, Purwanto et al., version 3 (2026)",https://data.mendeley.com/datasets/8b4ztns76h/3,needs_deduplication_and_nutrition_source
asam / belimbing sayur,1,"Mendeley Data, Purwanto et al., version 3 (2026)",https://data.mendeley.com/datasets/8b4ztns76h/3,needs_deduplication_and_nutrition_source
asam jawa (mata),1,"Mendeley Data, Purwanto et al., version 3 (2026)",https://data.mendeley.com/datasets/8b4ztns76h/3,needs_deduplication_and_nutrition_source
asam jawa larut,1,"Mendeley Data, Purwanto et al., version 3 (2026)",https://data.mendeley.com/datasets/8b4ztns76h/3,needs_deduplication_and_nutrition_source
asam jeruk,1,"Mendeley Data, Purwanto et al., version 3 (2026)",https://data.mendeley.com/datasets/8b4ztns76h/3,needs_deduplication_and_nutrition_source
asam jeruk nipis,1,"Mendeley Data, Purwanto et al., version 3 (2026)",https://data.mendeley.com/datasets/8b4ztns76h/3,needs_deduplication_and_nutrition_source
asam kadis,1,"Mendeley Data, Purwanto et al., version 3 (2026)",https://data.mendeley.com/datasets/8b4ztns76h/3,needs_deduplication_and_nutrition_source
asatu rose brand,1,"Mendeley Data, Purwanto et al., version 3 (2026)",https://data.mendeley.com/datasets/8b4ztns76h/3,needs_deduplication_and_nutrition_source
asem cekala,1,"Mendeley Data, Purwanto et al., version 3 (2026)",https://data.mendeley.com/datasets/8b4ztns76h/3,needs_deduplication_and_nutrition_source
asin cumi,1,"Mendeley Data, Purwanto et al., version 3 (2026)",https://data.mendeley.com/datasets/8b4ztns76h/3,needs_deduplication_and_nutrition_source
ati ampla,1,"Mendeley Data, Purwanto et al., version 3 (2026)",https://data.mendeley.com/datasets/8b4ztns76h/3,needs_deduplication_and_nutrition_source
ayam bagian pah,1,"Mendeley Data, Purwanto et al., version 3 (2026)",https://data.mendeley.com/datasets/8b4ztns76h/3,needs_deduplication_and_nutrition_source
ayam bagian paha,1,"Mendeley Data, Purwanto et al., version 3 (2026)",https://data.mendeley.com/datasets/8b4ztns76h/3,needs_deduplication_and_nutrition_source
ayam bagian paha utuh,1,"Mendeley Data, Purwanto et al., version 3 (2026)",https://data.mendeley.com/datasets/8b4ztns76h/3,needs_deduplication_and_nutrition_source
ayam broiler,1,"Mendeley Data, Purwanto et al., version 3 (2026)",https://data.mendeley.com/datasets/8b4ztns76h/3,needs_deduplication_and_nutrition_source
ayam dada giling,1,"Mendeley Data, Purwanto et al., version 3 (2026)",https://data.mendeley.com/datasets/8b4ztns76h/3,needs_deduplication_and_nutrition_source
ayam filet,1,"Mendeley Data, Purwanto et al., version 3 (2026)",https://data.mendeley.com/datasets/8b4ztns76h/3,needs_deduplication_and_nutrition_source
ayam filet dada,1,"Mendeley Data, Purwanto et al., version 3 (2026)",https://data.mendeley.com/datasets/8b4ztns76h/3,needs_deduplication_and_nutrition_source
ayam fillet bagian paha,1,"Mendeley Data, Purwanto et al., version 3 (2026)",https://data.mendeley.com/datasets/8b4ztns76h/3,needs_deduplication_and_nutrition_source
ayam giling bagian dada,1,"Mendeley Data, Purwanto et al., version 3 (2026)",https://data.mendeley.com/datasets/8b4ztns76h/3,needs_deduplication_and_nutrition_source
ayam kampung (dipotong jadi 12),1,"Mendeley Data, Purwanto et al., version 3 (2026)",https://data.mendeley.com/datasets/8b4ztns76h/3,needs_deduplication_and_nutrition_source
ayam kampung / pejantan,1,"Mendeley Data, Purwanto et al., version 3 (2026)",https://data.mendeley.com/datasets/8b4ztns76h/3,needs_deduplication_and_nutrition_source
ayam kampung /negri,1,"Mendeley Data, Purwanto et al., version 3 (2026)",https://data.mendeley.com/datasets/8b4ztns76h/3,needs_deduplication_and_nutrition_source
ayam kampung /pejantan,1,"Mendeley Data, Purwanto et al., version 3 (2026)",https://data.mendeley.com/datasets/8b4ztns76h/3,needs_deduplication_and_nutrition_source
ayam kecil,1,"Mendeley Data, Purwanto et al., version 3 (2026)",https://data.mendeley.com/datasets/8b4ztns76h/3,needs_deduplication_and_nutrition_source
ayam nanas,1,"Mendeley Data, Purwanto et al., version 3 (2026)",https://data.mendeley.com/datasets/8b4ztns76h/3,needs_deduplication_and_nutrition_source
ayam negeri,1,"Mendeley Data, Purwanto et al., version 3 (2026)",https://data.mendeley.com/datasets/8b4ztns76h/3,needs_deduplication_and_nutrition_source
ayam negri,1,"Mendeley Data, Purwanto et al., version 3 (2026)",https://data.mendeley.com/datasets/8b4ztns76h/3,needs_deduplication_and_nutrition_source
ayam paha,1,"Mendeley Data, Purwanto et al., version 3 (2026)",https://data.mendeley.com/datasets/8b4ztns76h/3,needs_deduplication_and_nutrition_source
ayam paha atas,1,"Mendeley Data, Purwanto et al., version 3 (2026)",https://data.mendeley.com/datasets/8b4ztns76h/3,needs_deduplication_and_nutrition_source
ayam paha fillet,1,"Mendeley Data, Purwanto et al., version 3 (2026)",https://data.mendeley.com/datasets/8b4ztns76h/3,needs_deduplication_and_nutrition_source
ayam pahan fillet,1,"Mendeley Data, Purwanto et al., version 3 (2026)",https://data.mendeley.com/datasets/8b4ztns76h/3,needs_deduplication_and_nutrition_source
ayam panggang,1,"Mendeley Data, Purwanto et al., version 3 (2026)",https://data.mendeley.com/datasets/8b4ztns76h/3,needs_deduplication_and_nutrition_source
ayam pejantan / kampung,1,"Mendeley Data, Purwanto et al., version 3 (2026)",https://data.mendeley.com/datasets/8b4ztns76h/3,needs_deduplication_and_nutrition_source
ayam suwir,1,"Mendeley Data, Purwanto et al., version 3 (2026)",https://data.mendeley.com/datasets/8b4ztns76h/3,needs_deduplication_and_nutrition_source
b merah,1,"Mendeley Data, Purwanto et al., version 3 (2026)",https://data.mendeley.com/datasets/8b4ztns76h/3,needs_deduplication_and_nutrition_source
b putih,1,"Mendeley Data, Purwanto et al., version 3 (2026)",https://data.mendeley.com/datasets/8b4ztns76h/3,needs_deduplication_and_nutrition_source
b.merah,1,"Mendeley Data, Purwanto et al., version 3 (2026)",https://data.mendeley.com/datasets/8b4ztns76h/3,needs_deduplication_and_nutrition_source
b.putih,1,"Mendeley Data, Purwanto et al., version 3 (2026)",https://data.mendeley.com/datasets/8b4ztns76h/3,needs_deduplication_and_nutrition_source
babat / jerohan sapi,1,"Mendeley Data, Purwanto et al., version 3 (2026)",https://data.mendeley.com/datasets/8b4ztns76h/3,needs_deduplication_and_nutrition_source
bahan air merebus pempek,1,"Mendeley Data, Purwanto et al., version 3 (2026)",https://data.mendeley.com/datasets/8b4ztns76h/3,needs_deduplication_and_nutrition_source
bahan kuah,1,"Mendeley Data, Purwanto et al., version 3 (2026)",https://data.mendeley.com/datasets/8b4ztns76h/3,needs_deduplication_and_nutrition_source
baking powder double acting,1,"Mendeley Data, Purwanto et al., version 3 (2026)",https://data.mendeley.com/datasets/8b4ztns76h/3,needs_deduplication_and_nutrition_source
baking powder double action,1,"Mendeley Data, Purwanto et al., version 3 (2026)",https://data.mendeley.com/datasets/8b4ztns76h/3,needs_deduplication_and_nutrition_source
bakso (iris tipis),1,"Mendeley Data, Purwanto et al., version 3 (2026)",https://data.mendeley.com/datasets/8b4ztns76h/3,needs_deduplication_and_nutrition_source
bakso ayam home made,1,"Mendeley Data, Purwanto et al., version 3 (2026)",https://data.mendeley.com/datasets/8b4ztns76h/3,needs_deduplication_and_nutrition_source
bakso ayam sayur,1,"Mendeley Data, Purwanto et al., version 3 (2026)",https://data.mendeley.com/datasets/8b4ztns76h/3,needs_deduplication_and_nutrition_source
bakso home made,1,"Mendeley Data, Purwanto et al., version 3 (2026)",https://data.mendeley.com/datasets/8b4ztns76h/3,needs_deduplication_and_nutrition_source
bakso ikan patin siap pakai homemade,1,"Mendeley Data, Purwanto et al., version 3 (2026)",https://data.mendeley.com/datasets/8b4ztns76h/3,needs_deduplication_and_nutrition_source
bakso kanzler gochujang,1,"Mendeley Data, Purwanto et al., version 3 (2026)",https://data.mendeley.com/datasets/8b4ztns76h/3,needs_deduplication_and_nutrition_source
bakso kecil,1,"Mendeley Data, Purwanto et al., version 3 (2026)",https://data.mendeley.com/datasets/8b4ztns76h/3,needs_deduplication_and_nutrition_source
bakso kerikil,1,"Mendeley Data, Purwanto et al., version 3 (2026)",https://data.mendeley.com/datasets/8b4ztns76h/3,needs_deduplication_and_nutrition_source
bakso mini,1,"Mendeley Data, Purwanto et al., version 3 (2026)",https://data.mendeley.com/datasets/8b4ztns76h/3,needs_deduplication_and_nutrition_source
bakso sapi potong potong,1,"Mendeley Data, Purwanto et al., version 3 (2026)",https://data.mendeley.com/datasets/8b4ztns76h/3,needs_deduplication_and_nutrition_source
bali bandeng,1,"Mendeley Data, Purwanto et al., version 3 (2026)",https://data.mendeley.com/datasets/8b4ztns76h/3,needs_deduplication_and_nutrition_source
bandeng ukuran sedang,1,"Mendeley Data, Purwanto et al., version 3 (2026)",https://data.mendeley.com/datasets/8b4ztns76h/3,needs_deduplication_and_nutrition_source
bangkoang potong korek,1,"Mendeley Data, Purwanto et al., version 3 (2026)",https://data.mendeley.com/datasets/8b4ztns76h/3,needs_deduplication_and_nutrition_source
baput (bawang putih),1,"Mendeley Data, Purwanto et al., version 3 (2026)",https://data.mendeley.com/datasets/8b4ztns76h/3,needs_deduplication_and_nutrition_source
baput (blender),1,"Mendeley Data, Purwanto et al., version 3 (2026)",https://data.mendeley.com/datasets/8b4ztns76h/3,needs_deduplication_and_nutrition_source
baput uk besar geprek,1,"Mendeley Data, Purwanto et al., version 3 (2026)",https://data.mendeley.com/datasets/8b4ztns76h/3,needs_deduplication_and_nutrition_source
base pempek kuah jenis model base pempek kuah,1,"Mendeley Data, Purwanto et al., version 3 (2026)",https://data.mendeley.com/datasets/8b4ztns76h/3,needs_deduplication_and_nutrition_source
baso (saya pakai baso mutiara),1,"Mendeley Data, Purwanto et al., version 3 (2026)",https://data.mendeley.com/datasets/8b4ztns76h/3,needs_deduplication_and_nutrition_source
baso / sosis ikan,1,"Mendeley Data, Purwanto et al., version 3 (2026)",https://data.mendeley.com/datasets/8b4ztns76h/3,needs_deduplication_and_nutrition_source
baso mutiara,1,"Mendeley Data, Purwanto et al., version 3 (2026)",https://data.mendeley.com/datasets/8b4ztns76h/3,needs_deduplication_and_nutrition_source
baso potong,1,"Mendeley Data, Purwanto et al., version 3 (2026)",https://data.mendeley.com/datasets/8b4ztns76h/3,needs_deduplication_and_nutrition_source
baso tahu,1,"Mendeley Data, Purwanto et al., version 3 (2026)",https://data.mendeley.com/datasets/8b4ztns76h/3,needs_deduplication_and_nutrition_source
baso udang,1,"Mendeley Data, Purwanto et al., version 3 (2026)",https://data.mendeley.com/datasets/8b4ztns76h/3,needs_deduplication_and_nutrition_source
baso udang wortel,1,"Mendeley Data, Purwanto et al., version 3 (2026)",https://data.mendeley.com/datasets/8b4ztns76h/3,needs_deduplication_and_nutrition_source
batang bawang pre,1,"Mendeley Data, Purwanto et al., version 3 (2026)",https://data.mendeley.com/datasets/8b4ztns76h/3,needs_deduplication_and_nutrition_source
batang daun bawang,1,"Mendeley Data, Purwanto et al., version 3 (2026)",https://data.mendeley.com/datasets/8b4ztns76h/3,needs_deduplication_and_nutrition_source
batang daun bawang (bagian putihnya),1,"Mendeley Data, Purwanto et al., version 3 (2026)",https://data.mendeley.com/datasets/8b4ztns76h/3,needs_deduplication_and_nutrition_source
batang pre,1,"Mendeley Data, Purwanto et al., version 3 (2026)",https://data.mendeley.com/datasets/8b4ztns76h/3,needs_deduplication_and_nutrition_source
batang serai,1,"Mendeley Data, Purwanto et al., version 3 (2026)",https://data.mendeley.com/datasets/8b4ztns76h/3,needs_deduplication_and_nutrition_source
batang sere,1,"Mendeley Data, Purwanto et al., version 3 (2026)",https://data.mendeley.com/datasets/8b4ztns76h/3,needs_deduplication_and_nutrition_source
batang sereh,1,"Mendeley Data, Purwanto et al., version 3 (2026)",https://data.mendeley.com/datasets/8b4ztns76h/3,needs_deduplication_and_nutrition_source
batang wortel,1,"Mendeley Data, Purwanto et al., version 3 (2026)",https://data.mendeley.com/datasets/8b4ztns76h/3,needs_deduplication_and_nutrition_source
bawah merah,1,"Mendeley Data, Purwanto et al., version 3 (2026)",https://data.mendeley.com/datasets/8b4ztns76h/3,needs_deduplication_and_nutrition_source
bawang,1,"Mendeley Data, Purwanto et al., version 3 (2026)",https://data.mendeley.com/datasets/8b4ztns76h/3,needs_deduplication_and_nutrition_source
bawang bombai potong2,1,"Mendeley Data, Purwanto et al., version 3 (2026)",https://data.mendeley.com/datasets/8b4ztns76h/3,needs_deduplication_and_nutrition_source
bawang goreng (optional),1,"Mendeley Data, Purwanto et al., version 3 (2026)",https://data.mendeley.com/datasets/8b4ztns76h/3,needs_deduplication_and_nutrition_source
bawang goreng (untuk taburan),1,"Mendeley Data, Purwanto et al., version 3 (2026)",https://data.mendeley.com/datasets/8b4ztns76h/3,needs_deduplication_and_nutrition_source
bawang goreng renyah,1,"Mendeley Data, Purwanto et al., version 3 (2026)",https://data.mendeley.com/datasets/8b4ztns76h/3,needs_deduplication_and_nutrition_source
bawang goreng untuk taburan,1,"Mendeley Data, Purwanto et al., version 3 (2026)",https://data.mendeley.com/datasets/8b4ztns76h/3,needs_deduplication_and_nutrition_source
bawang goreng utk taburan,1,"Mendeley Data, Purwanto et al., version 3 (2026)",https://data.mendeley.com/datasets/8b4ztns76h/3,needs_deduplication_and_nutrition_source
bawang merah di iris,1,"Mendeley Data, Purwanto et al., version 3 (2026)",https://data.mendeley.com/datasets/8b4ztns76h/3,needs_deduplication_and_nutrition_source
bawang merah digiling halus,1,"Mendeley Data, Purwanto et al., version 3 (2026)",https://data.mendeley.com/datasets/8b4ztns76h/3,needs_deduplication_and_nutrition_source
bawang merah haluskan,1,"Mendeley Data, Purwanto et al., version 3 (2026)",https://data.mendeley.com/datasets/8b4ztns76h/3,needs_deduplication_and_nutrition_source
bawang merah india (bawang besar),1,"Mendeley Data, Purwanto et al., version 3 (2026)",https://data.mendeley.com/datasets/8b4ztns76h/3,needs_deduplication_and_nutrition_source
bawang merah india/bombai merah (bawang besar),1,"Mendeley Data, Purwanto et al., version 3 (2026)",https://data.mendeley.com/datasets/8b4ztns76h/3,needs_deduplication_and_nutrition_source
bawang merah kecil,1,"Mendeley Data, Purwanto et al., version 3 (2026)",https://data.mendeley.com/datasets/8b4ztns76h/3,needs_deduplication_and_nutrition_source
bawang merah ukuran kecil,1,"Mendeley Data, Purwanto et al., version 3 (2026)",https://data.mendeley.com/datasets/8b4ztns76h/3,needs_deduplication_and_nutrition_source
bawang prei (iris tipis),1,"Mendeley Data, Purwanto et al., version 3 (2026)",https://data.mendeley.com/datasets/8b4ztns76h/3,needs_deduplication_and_nutrition_source
bawang prey,1,"Mendeley Data, Purwanto et al., version 3 (2026)",https://data.mendeley.com/datasets/8b4ztns76h/3,needs_deduplication_and_nutrition_source
bawang putih digeprek,1,"Mendeley Data, Purwanto et al., version 3 (2026)",https://data.mendeley.com/datasets/8b4ztns76h/3,needs_deduplication_and_nutrition_source
bawang putih digiling halus,1,"Mendeley Data, Purwanto et al., version 3 (2026)",https://data.mendeley.com/datasets/8b4ztns76h/3,needs_deduplication_and_nutrition_source
bawang putih digoreng kering,1,"Mendeley Data, Purwanto et al., version 3 (2026)",https://data.mendeley.com/datasets/8b4ztns76h/3,needs_deduplication_and_nutrition_source
bawang putih diiris,1,"Mendeley Data, Purwanto et al., version 3 (2026)",https://data.mendeley.com/datasets/8b4ztns76h/3,needs_deduplication_and_nutrition_source
bawang putih giling,1,"Mendeley Data, Purwanto et al., version 3 (2026)",https://data.mendeley.com/datasets/8b4ztns76h/3,needs_deduplication_and_nutrition_source
bawang putih iris tipis,1,"Mendeley Data, Purwanto et al., version 3 (2026)",https://data.mendeley.com/datasets/8b4ztns76h/3,needs_deduplication_and_nutrition_source
bawang putih kating,1,"Mendeley Data, Purwanto et al., version 3 (2026)",https://data.mendeley.com/datasets/8b4ztns76h/3,needs_deduplication_and_nutrition_source
bawang putih kecil,1,"Mendeley Data, Purwanto et al., version 3 (2026)",https://data.mendeley.com/datasets/8b4ztns76h/3,needs_deduplication_and_nutrition_source
bawang putih ukuran kecil,1,"Mendeley Data, Purwanto et al., version 3 (2026)",https://data.mendeley.com/datasets/8b4ztns76h/3,needs_deduplication_and_nutrition_source
beef cocktail,1,"Mendeley Data, Purwanto et al., version 3 (2026)",https://data.mendeley.com/datasets/8b4ztns76h/3,needs_deduplication_and_nutrition_source
beef slice,1,"Mendeley Data, Purwanto et al., version 3 (2026)",https://data.mendeley.com/datasets/8b4ztns76h/3,needs_deduplication_and_nutrition_source
bekicot kupas,1,"Mendeley Data, Purwanto et al., version 3 (2026)",https://data.mendeley.com/datasets/8b4ztns76h/3,needs_deduplication_and_nutrition_source
belacan matang,1,"Mendeley Data, Purwanto et al., version 3 (2026)",https://data.mendeley.com/datasets/8b4ztns76h/3,needs_deduplication_and_nutrition_source
belimbing air bersih,1,"Mendeley Data, Purwanto et al., version 3 (2026)",https://data.mendeley.com/datasets/8b4ztns76h/3,needs_deduplication_and_nutrition_source
belimbing wulu,1,"Mendeley Data, Purwanto et al., version 3 (2026)",https://data.mendeley.com/datasets/8b4ztns76h/3,needs_deduplication_and_nutrition_source
belimbing wuluh (iris2) untuk rajang,1,"Mendeley Data, Purwanto et al., version 3 (2026)",https://data.mendeley.com/datasets/8b4ztns76h/3,needs_deduplication_and_nutrition_source
belimbing wuluh /1 buah tomat,1,"Mendeley Data, Purwanto et al., version 3 (2026)",https://data.mendeley.com/datasets/8b4ztns76h/3,needs_deduplication_and_nutrition_source
bengkoang dipotong korek api,1,"Mendeley Data, Purwanto et al., version 3 (2026)",https://data.mendeley.com/datasets/8b4ztns76h/3,needs_deduplication_and_nutrition_source
bengkong,1,"Mendeley Data, Purwanto et al., version 3 (2026)",https://data.mendeley.com/datasets/8b4ztns76h/3,needs_deduplication_and_nutrition_source
beras ketan,1,"Mendeley Data, Purwanto et al., version 3 (2026)",https://data.mendeley.com/datasets/8b4ztns76h/3,needs_deduplication_and_nutrition_source
beras ketan putih,1,"Mendeley Data, Purwanto et al., version 3 (2026)",https://data.mendeley.com/datasets/8b4ztns76h/3,needs_deduplication_and_nutrition_source
beras porang,1,"Mendeley Data, Purwanto et al., version 3 (2026)",https://data.mendeley.com/datasets/8b4ztns76h/3,needs_deduplication_and_nutrition_source
bgks kara,1,"Mendeley Data, Purwanto et al., version 3 (2026)",https://data.mendeley.com/datasets/8b4ztns76h/3,needs_deduplication_and_nutrition_source
bgkus tempe potong kecil2 goreng kering,1,"Mendeley Data, Purwanto et al., version 3 (2026)",https://data.mendeley.com/datasets/8b4ztns76h/3,needs_deduplication_and_nutrition_source
bihun instan rasa soto,1,"Mendeley Data, Purwanto et al., version 3 (2026)",https://data.mendeley.com/datasets/8b4ztns76h/3,needs_deduplication_and_nutrition_source
bihun kaca,1,"Mendeley Data, Purwanto et al., version 3 (2026)",https://data.mendeley.com/datasets/8b4ztns76h/3,needs_deduplication_and_nutrition_source
biji kopi,1,"Mendeley Data, Purwanto et al., version 3 (2026)",https://data.mendeley.com/datasets/8b4ztns76h/3,needs_deduplication_and_nutrition_source
biji labu siam,1,"Mendeley Data, Purwanto et al., version 3 (2026)",https://data.mendeley.com/datasets/8b4ztns76h/3,needs_deduplication_and_nutrition_source
biji pala,1,"Mendeley Data, Purwanto et al., version 3 (2026)",https://data.mendeley.com/datasets/8b4ztns76h/3,needs_deduplication_and_nutrition_source
biji pala bubuk,1,"Mendeley Data, Purwanto et al., version 3 (2026)",https://data.mendeley.com/datasets/8b4ztns76h/3,needs_deduplication_and_nutrition_source
biji selasih,1,"Mendeley Data, Purwanto et al., version 3 (2026)",https://data.mendeley.com/datasets/8b4ztns76h/3,needs_deduplication_and_nutrition_source
biji tekwan,1,"Mendeley Data, Purwanto et al., version 3 (2026)",https://data.mendeley.com/datasets/8b4ztns76h/3,needs_deduplication_and_nutrition_source
biji tekwan ikan tenggiri,1,"Mendeley Data, Purwanto et al., version 3 (2026)",https://data.mendeley.com/datasets/8b4ztns76h/3,needs_deduplication_and_nutrition_source
biji wijen,1,"Mendeley Data, Purwanto et al., version 3 (2026)",https://data.mendeley.com/datasets/8b4ztns76h/3,needs_deduplication_and_nutrition_source
biphun,1,"Mendeley Data, Purwanto et al., version 3 (2026)",https://data.mendeley.com/datasets/8b4ztns76h/3,needs_deduplication_and_nutrition_source
blanak,1,"Mendeley Data, Purwanto et al., version 3 (2026)",https://data.mendeley.com/datasets/8b4ztns76h/3,needs_deduplication_and_nutrition_source
blimbing wuluh muda,1,"Mendeley Data, Purwanto et al., version 3 (2026)",https://data.mendeley.com/datasets/8b4ztns76h/3,needs_deduplication_and_nutrition_source
blue band,1,"Mendeley Data, Purwanto et al., version 3 (2026)",https://data.mendeley.com/datasets/8b4ztns76h/3,needs_deduplication_and_nutrition_source
bombay di iris,1,"Mendeley Data, Purwanto et al., version 3 (2026)",https://data.mendeley.com/datasets/8b4ztns76h/3,needs_deduplication_and_nutrition_source
bombay iris,1,"Mendeley Data, Purwanto et al., version 3 (2026)",https://data.mendeley.com/datasets/8b4ztns76h/3,needs_deduplication_and_nutrition_source
boncabe level 10,1,"Mendeley Data, Purwanto et al., version 3 (2026)",https://data.mendeley.com/datasets/8b4ztns76h/3,needs_deduplication_and_nutrition_source
boncabe level 10 rasa bawang goreng,1,"Mendeley Data, Purwanto et al., version 3 (2026)",https://data.mendeley.com/datasets/8b4ztns76h/3,needs_deduplication_and_nutrition_source
boncis iris serong,1,"Mendeley Data, Purwanto et al., version 3 (2026)",https://data.mendeley.com/datasets/8b4ztns76h/3,needs_deduplication_and_nutrition_source
bonggol brokoli,1,"Mendeley Data, Purwanto et al., version 3 (2026)",https://data.mendeley.com/datasets/8b4ztns76h/3,needs_deduplication_and_nutrition_source
bonggol pakcoy,1,"Mendeley Data, Purwanto et al., version 3 (2026)",https://data.mendeley.com/datasets/8b4ztns76h/3,needs_deduplication_and_nutrition_source
bonggol pok coy besar,1,"Mendeley Data, Purwanto et al., version 3 (2026)",https://data.mendeley.com/datasets/8b4ztns76h/3,needs_deduplication_and_nutrition_source
brokoli ukuran sedang,1,"Mendeley Data, Purwanto et al., version 3 (2026)",https://data.mendeley.com/datasets/8b4ztns76h/3,needs_deduplication_and_nutrition_source
buah melinjo muda,1,"Mendeley Data, Purwanto et al., version 3 (2026)",https://data.mendeley.com/datasets/8b4ztns76h/3,needs_deduplication_and_nutrition_source
buah rawit merah,1,"Mendeley Data, Purwanto et al., version 3 (2026)",https://data.mendeley.com/datasets/8b4ztns76h/3,needs_deduplication_and_nutrition_source
buah strawberry,1,"Mendeley Data, Purwanto et al., version 3 (2026)",https://data.mendeley.com/datasets/8b4ztns76h/3,needs_deduplication_and_nutrition_source
bubuk cabai,1,"Mendeley Data, Purwanto et al., version 3 (2026)",https://data.mendeley.com/datasets/8b4ztns76h/3,needs_deduplication_and_nutrition_source
bubuk cabe,1,"Mendeley Data, Purwanto et al., version 3 (2026)",https://data.mendeley.com/datasets/8b4ztns76h/3,needs_deduplication_and_nutrition_source
bubuk charcoal,1,"Mendeley Data, Purwanto et al., version 3 (2026)",https://data.mendeley.com/datasets/8b4ztns76h/3,needs_deduplication_and_nutrition_source
bubuk gohiong,1,"Mendeley Data, Purwanto et al., version 3 (2026)",https://data.mendeley.com/datasets/8b4ztns76h/3,needs_deduplication_and_nutrition_source
bubuk kaldu no msg,1,"Mendeley Data, Purwanto et al., version 3 (2026)",https://data.mendeley.com/datasets/8b4ztns76h/3,needs_deduplication_and_nutrition_source
bubuk kayu manis,1,"Mendeley Data, Purwanto et al., version 3 (2026)",https://data.mendeley.com/datasets/8b4ztns76h/3,needs_deduplication_and_nutrition_source
bubuk ngo hiong,1,"Mendeley Data, Purwanto et al., version 3 (2026)",https://data.mendeley.com/datasets/8b4ztns76h/3,needs_deduplication_and_nutrition_source
bubuk ngohiong,1,"Mendeley Data, Purwanto et al., version 3 (2026)",https://data.mendeley.com/datasets/8b4ztns76h/3,needs_deduplication_and_nutrition_source
bulatan kubis,1,"Mendeley Data, Purwanto et al., version 3 (2026)",https://data.mendeley.com/datasets/8b4ztns76h/3,needs_deduplication_and_nutrition_source
bumbu,1,"Mendeley Data, Purwanto et al., version 3 (2026)",https://data.mendeley.com/datasets/8b4ztns76h/3,needs_deduplication_and_nutrition_source
bumbu balado,1,"Mendeley Data, Purwanto et al., version 3 (2026)",https://data.mendeley.com/datasets/8b4ztns76h/3,needs_deduplication_and_nutrition_source
bumbu balado instan (desaku),1,"Mendeley Data, Purwanto et al., version 3 (2026)",https://data.mendeley.com/datasets/8b4ztns76h/3,needs_deduplication_and_nutrition_source
bumbu bali,1,"Mendeley Data, Purwanto et al., version 3 (2026)",https://data.mendeley.com/datasets/8b4ztns76h/3,needs_deduplication_and_nutrition_source
bumbu basah,1,"Mendeley Data, Purwanto et al., version 3 (2026)",https://data.mendeley.com/datasets/8b4ztns76h/3,needs_deduplication_and_nutrition_source
bumbu bumbu,1,"Mendeley Data, Purwanto et al., version 3 (2026)",https://data.mendeley.com/datasets/8b4ztns76h/3,needs_deduplication_and_nutrition_source
"bumbu cempreng (kayu manis, bunga sisir, cengkeh)",1,"Mendeley Data, Purwanto et al., version 3 (2026)",https://data.mendeley.com/datasets/8b4ztns76h/3,needs_deduplication_and_nutrition_source
bumbu cincang,1,"Mendeley Data, Purwanto et al., version 3 (2026)",https://data.mendeley.com/datasets/8b4ztns76h/3,needs_deduplication_and_nutrition_source
bumbu dasar balado,1,"Mendeley Data, Purwanto et al., version 3 (2026)",https://data.mendeley.com/datasets/8b4ztns76h/3,needs_deduplication_and_nutrition_source
bumbu dasar bawang,1,"Mendeley Data, Purwanto et al., version 3 (2026)",https://data.mendeley.com/datasets/8b4ztns76h/3,needs_deduplication_and_nutrition_source
bumbu dasar cabe,1,"Mendeley Data, Purwanto et al., version 3 (2026)",https://data.mendeley.com/datasets/8b4ztns76h/3,needs_deduplication_and_nutrition_source
bumbu dasar cabe merah,1,"Mendeley Data, Purwanto et al., version 3 (2026)",https://data.mendeley.com/datasets/8b4ztns76h/3,needs_deduplication_and_nutrition_source
bumbu dasar hijau bumbu dasar hijau,1,"Mendeley Data, Purwanto et al., version 3 (2026)",https://data.mendeley.com/datasets/8b4ztns76h/3,needs_deduplication_and_nutrition_source
bumbu dasar merah,1,"Mendeley Data, Purwanto et al., version 3 (2026)",https://data.mendeley.com/datasets/8b4ztns76h/3,needs_deduplication_and_nutrition_source
bumbu dasar merah kemiri,1,"Mendeley Data, Purwanto et al., version 3 (2026)",https://data.mendeley.com/datasets/8b4ztns76h/3,needs_deduplication_and_nutrition_source
bumbu dasar merah tanpa kemiri,1,"Mendeley Data, Purwanto et al., version 3 (2026)",https://data.mendeley.com/datasets/8b4ztns76h/3,needs_deduplication_and_nutrition_source
bumbu desaku marinasi,1,"Mendeley Data, Purwanto et al., version 3 (2026)",https://data.mendeley.com/datasets/8b4ztns76h/3,needs_deduplication_and_nutrition_source
bumbu dihaluskan,1,"Mendeley Data, Purwanto et al., version 3 (2026)",https://data.mendeley.com/datasets/8b4ztns76h/3,needs_deduplication_and_nutrition_source
bumbu geprek,1,"Mendeley Data, Purwanto et al., version 3 (2026)",https://data.mendeley.com/datasets/8b4ztns76h/3,needs_deduplication_and_nutrition_source
bumbu gulai,1,"Mendeley Data, Purwanto et al., version 3 (2026)",https://data.mendeley.com/datasets/8b4ztns76h/3,needs_deduplication_and_nutrition_source
"bumbu gulai (kunyit , laos, ketumbar , bawang putih , bawang merah)",1,"Mendeley Data, Purwanto et al., version 3 (2026)",https://data.mendeley.com/datasets/8b4ztns76h/3,needs_deduplication_and_nutrition_source
bumbu gulai giling,1,"Mendeley Data, Purwanto et al., version 3 (2026)",https://data.mendeley.com/datasets/8b4ztns76h/3,needs_deduplication_and_nutrition_source
bumbu gulai instan,1,"Mendeley Data, Purwanto et al., version 3 (2026)",https://data.mendeley.com/datasets/8b4ztns76h/3,needs_deduplication_and_nutrition_source
bumbu gulai instant,1,"Mendeley Data, Purwanto et al., version 3 (2026)",https://data.mendeley.com/datasets/8b4ztns76h/3,needs_deduplication_and_nutrition_source
bumbu gulai kering,1,"Mendeley Data, Purwanto et al., version 3 (2026)",https://data.mendeley.com/datasets/8b4ztns76h/3,needs_deduplication_and_nutrition_source
bumbu halus:,1,"Mendeley Data, Purwanto et al., version 3 (2026)",https://data.mendeley.com/datasets/8b4ztns76h/3,needs_deduplication_and_nutrition_source
bumbu indomie,1,"Mendeley Data, Purwanto et al., version 3 (2026)",https://data.mendeley.com/datasets/8b4ztns76h/3,needs_deduplication_and_nutrition_source
bumbu instan bamboe,1,"Mendeley Data, Purwanto et al., version 3 (2026)",https://data.mendeley.com/datasets/8b4ztns76h/3,needs_deduplication_and_nutrition_source
bumbu instan bamboe soto ayam,1,"Mendeley Data, Purwanto et al., version 3 (2026)",https://data.mendeley.com/datasets/8b4ztns76h/3,needs_deduplication_and_nutrition_source
bumbu instan merk buleg,1,"Mendeley Data, Purwanto et al., version 3 (2026)",https://data.mendeley.com/datasets/8b4ztns76h/3,needs_deduplication_and_nutrition_source
bumbu instan rasa kare,1,"Mendeley Data, Purwanto et al., version 3 (2026)",https://data.mendeley.com/datasets/8b4ztns76h/3,needs_deduplication_and_nutrition_source
bumbu instan soto ayam,1,"Mendeley Data, Purwanto et al., version 3 (2026)",https://data.mendeley.com/datasets/8b4ztns76h/3,needs_deduplication_and_nutrition_source
bumbu instan tongseng,1,"Mendeley Data, Purwanto et al., version 3 (2026)",https://data.mendeley.com/datasets/8b4ztns76h/3,needs_deduplication_and_nutrition_source
bumbu kacang (bumbu jadi),1,"Mendeley Data, Purwanto et al., version 3 (2026)",https://data.mendeley.com/datasets/8b4ztns76h/3,needs_deduplication_and_nutrition_source
bumbu kare desaku,1,"Mendeley Data, Purwanto et al., version 3 (2026)",https://data.mendeley.com/datasets/8b4ztns76h/3,needs_deduplication_and_nutrition_source
bumbu kari bubuk,1,"Mendeley Data, Purwanto et al., version 3 (2026)",https://data.mendeley.com/datasets/8b4ztns76h/3,needs_deduplication_and_nutrition_source
bumbu karih (arabia),1,"Mendeley Data, Purwanto et al., version 3 (2026)",https://data.mendeley.com/datasets/8b4ztns76h/3,needs_deduplication_and_nutrition_source
bumbu kasar,1,"Mendeley Data, Purwanto et al., version 3 (2026)",https://data.mendeley.com/datasets/8b4ztns76h/3,needs_deduplication_and_nutrition_source
bumbu kering,1,"Mendeley Data, Purwanto et al., version 3 (2026)",https://data.mendeley.com/datasets/8b4ztns76h/3,needs_deduplication_and_nutrition_source
bumbu kobe nasi kuning instan,1,"Mendeley Data, Purwanto et al., version 3 (2026)",https://data.mendeley.com/datasets/8b4ztns76h/3,needs_deduplication_and_nutrition_source
bumbu krengsengan instan,1,"Mendeley Data, Purwanto et al., version 3 (2026)",https://data.mendeley.com/datasets/8b4ztns76h/3,needs_deduplication_and_nutrition_source
bumbu kuah bakso mama suka,1,"Mendeley Data, Purwanto et al., version 3 (2026)",https://data.mendeley.com/datasets/8b4ztns76h/3,needs_deduplication_and_nutrition_source
bumbu kuning,1,"Mendeley Data, Purwanto et al., version 3 (2026)",https://data.mendeley.com/datasets/8b4ztns76h/3,needs_deduplication_and_nutrition_source
bumbu kuning bumbu dasar kuning,1,"Mendeley Data, Purwanto et al., version 3 (2026)",https://data.mendeley.com/datasets/8b4ztns76h/3,needs_deduplication_and_nutrition_source
bumbu marinase,1,"Mendeley Data, Purwanto et al., version 3 (2026)",https://data.mendeley.com/datasets/8b4ztns76h/3,needs_deduplication_and_nutrition_source
bumbu marinasi bubuk,1,"Mendeley Data, Purwanto et al., version 3 (2026)",https://data.mendeley.com/datasets/8b4ztns76h/3,needs_deduplication_and_nutrition_source
bumbu mercon,1,"Mendeley Data, Purwanto et al., version 3 (2026)",https://data.mendeley.com/datasets/8b4ztns76h/3,needs_deduplication_and_nutrition_source
bumbu nasi kuning instant,1,"Mendeley Data, Purwanto et al., version 3 (2026)",https://data.mendeley.com/datasets/8b4ztns76h/3,needs_deduplication_and_nutrition_source
bumbu opor siap masak,1,"Mendeley Data, Purwanto et al., version 3 (2026)",https://data.mendeley.com/datasets/8b4ztns76h/3,needs_deduplication_and_nutrition_source
bumbu pecel,1,"Mendeley Data, Purwanto et al., version 3 (2026)",https://data.mendeley.com/datasets/8b4ztns76h/3,needs_deduplication_and_nutrition_source
bumbu pecel instant,1,"Mendeley Data, Purwanto et al., version 3 (2026)",https://data.mendeley.com/datasets/8b4ztns76h/3,needs_deduplication_and_nutrition_source
bumbu penyedap,1,"Mendeley Data, Purwanto et al., version 3 (2026)",https://data.mendeley.com/datasets/8b4ztns76h/3,needs_deduplication_and_nutrition_source
bumbu putih1,1,"Mendeley Data, Purwanto et al., version 3 (2026)",https://data.mendeley.com/datasets/8b4ztns76h/3,needs_deduplication_and_nutrition_source
bumbu racik ayam goreng serbaguna,1,"Mendeley Data, Purwanto et al., version 3 (2026)",https://data.mendeley.com/datasets/8b4ztns76h/3,needs_deduplication_and_nutrition_source
bumbu racik rendang,1,"Mendeley Data, Purwanto et al., version 3 (2026)",https://data.mendeley.com/datasets/8b4ztns76h/3,needs_deduplication_and_nutrition_source
bumbu racik sayur asem,1,"Mendeley Data, Purwanto et al., version 3 (2026)",https://data.mendeley.com/datasets/8b4ztns76h/3,needs_deduplication_and_nutrition_source
bumbu racik tempe goreng,1,"Mendeley Data, Purwanto et al., version 3 (2026)",https://data.mendeley.com/datasets/8b4ztns76h/3,needs_deduplication_and_nutrition_source
bumbu rawon instan (me: indo*d),1,"Mendeley Data, Purwanto et al., version 3 (2026)",https://data.mendeley.com/datasets/8b4ztns76h/3,needs_deduplication_and_nutrition_source
bumbu rempah daun,1,"Mendeley Data, Purwanto et al., version 3 (2026)",https://data.mendeley.com/datasets/8b4ztns76h/3,needs_deduplication_and_nutrition_source
bumbu rendang indofood,1,"Mendeley Data, Purwanto et al., version 3 (2026)",https://data.mendeley.com/datasets/8b4ztns76h/3,needs_deduplication_and_nutrition_source
bumbu rendang merk indofood,1,"Mendeley Data, Purwanto et al., version 3 (2026)",https://data.mendeley.com/datasets/8b4ztns76h/3,needs_deduplication_and_nutrition_source
bumbu rendang siap pakai,1,"Mendeley Data, Purwanto et al., version 3 (2026)",https://data.mendeley.com/datasets/8b4ztns76h/3,needs_deduplication_and_nutrition_source
bumbu saus kacang,1,"Mendeley Data, Purwanto et al., version 3 (2026)",https://data.mendeley.com/datasets/8b4ztns76h/3,needs_deduplication_and_nutrition_source
bumbu semur siap masak,1,"Mendeley Data, Purwanto et al., version 3 (2026)",https://data.mendeley.com/datasets/8b4ztns76h/3,needs_deduplication_and_nutrition_source
"bumbu sop (tinggal cengkeh, kayu manis, bunga sisir)",1,"Mendeley Data, Purwanto et al., version 3 (2026)",https://data.mendeley.com/datasets/8b4ztns76h/3,needs_deduplication_and_nutrition_source
"bumbu soto ayam (instan, me bambu)",1,"Mendeley Data, Purwanto et al., version 3 (2026)",https://data.mendeley.com/datasets/8b4ztns76h/3,needs_deduplication_and_nutrition_source
bumbu soto bubuk,1,"Mendeley Data, Purwanto et al., version 3 (2026)",https://data.mendeley.com/datasets/8b4ztns76h/3,needs_deduplication_and_nutrition_source
bumbu soto indofood,1,"Mendeley Data, Purwanto et al., version 3 (2026)",https://data.mendeley.com/datasets/8b4ztns76h/3,needs_deduplication_and_nutrition_source
bumbu soto instan,1,"Mendeley Data, Purwanto et al., version 3 (2026)",https://data.mendeley.com/datasets/8b4ztns76h/3,needs_deduplication_and_nutrition_source
bumbu ungkap ayam,1,"Mendeley Data, Purwanto et al., version 3 (2026)",https://data.mendeley.com/datasets/8b4ztns76h/3,needs_deduplication_and_nutrition_source
bumbu ungkep ayam,1,"Mendeley Data, Purwanto et al., version 3 (2026)",https://data.mendeley.com/datasets/8b4ztns76h/3,needs_deduplication_and_nutrition_source
bumbu yg di geprek,1,"Mendeley Data, Purwanto et al., version 3 (2026)",https://data.mendeley.com/datasets/8b4ztns76h/3,needs_deduplication_and_nutrition_source
bunga bintang,1,"Mendeley Data, Purwanto et al., version 3 (2026)",https://data.mendeley.com/datasets/8b4ztns76h/3,needs_deduplication_and_nutrition_source
bunga kecombrang,1,"Mendeley Data, Purwanto et al., version 3 (2026)",https://data.mendeley.com/datasets/8b4ztns76h/3,needs_deduplication_and_nutrition_source
bunga lawang (pekat),1,"Mendeley Data, Purwanto et al., version 3 (2026)",https://data.mendeley.com/datasets/8b4ztns76h/3,needs_deduplication_and_nutrition_source
bunga sedap malam basah,1,"Mendeley Data, Purwanto et al., version 3 (2026)",https://data.mendeley.com/datasets/8b4ztns76h/3,needs_deduplication_and_nutrition_source
bunga sedap malam kering yg sudah direndam,1,"Mendeley Data, Purwanto et al., version 3 (2026)",https://data.mendeley.com/datasets/8b4ztns76h/3,needs_deduplication_and_nutrition_source
bunga sisir,1,"Mendeley Data, Purwanto et al., version 3 (2026)",https://data.mendeley.com/datasets/8b4ztns76h/3,needs_deduplication_and_nutrition_source
bungkalawang (pekak),1,"Mendeley Data, Purwanto et al., version 3 (2026)",https://data.mendeley.com/datasets/8b4ztns76h/3,needs_deduplication_and_nutrition_source
buntut ikan asin jambal roti,1,"Mendeley Data, Purwanto et al., version 3 (2026)",https://data.mendeley.com/datasets/8b4ztns76h/3,needs_deduplication_and_nutrition_source
butir bakso sapi / ayam,1,"Mendeley Data, Purwanto et al., version 3 (2026)",https://data.mendeley.com/datasets/8b4ztns76h/3,needs_deduplication_and_nutrition_source
butir kelapa muda parut,1,"Mendeley Data, Purwanto et al., version 3 (2026)",https://data.mendeley.com/datasets/8b4ztns76h/3,needs_deduplication_and_nutrition_source
butir model (pempek isi tahu),1,"Mendeley Data, Purwanto et al., version 3 (2026)",https://data.mendeley.com/datasets/8b4ztns76h/3,needs_deduplication_and_nutrition_source
butir telur puyuh kupas,1,"Mendeley Data, Purwanto et al., version 3 (2026)",https://data.mendeley.com/datasets/8b4ztns76h/3,needs_deduplication_and_nutrition_source
butir telur puyuh matang,1,"Mendeley Data, Purwanto et al., version 3 (2026)",https://data.mendeley.com/datasets/8b4ztns76h/3,needs_deduplication_and_nutrition_source
butir telur puyuh yg sudah direbus,1,"Mendeley Data, Purwanto et al., version 3 (2026)",https://data.mendeley.com/datasets/8b4ztns76h/3,needs_deduplication_and_nutrition_source
butiran lada,1,"Mendeley Data, Purwanto et al., version 3 (2026)",https://data.mendeley.com/datasets/8b4ztns76h/3,needs_deduplication_and_nutrition_source
butter,1,"Mendeley Data, Purwanto et al., version 3 (2026)",https://data.mendeley.com/datasets/8b4ztns76h/3,needs_deduplication_and_nutrition_source
butter (lelehkan),1,"Mendeley Data, Purwanto et al., version 3 (2026)",https://data.mendeley.com/datasets/8b4ztns76h/3,needs_deduplication_and_nutrition_source
bw merah,1,"Mendeley Data, Purwanto et al., version 3 (2026)",https://data.mendeley.com/datasets/8b4ztns76h/3,needs_deduplication_and_nutrition_source
bw putih,1,"Mendeley Data, Purwanto et al., version 3 (2026)",https://data.mendeley.com/datasets/8b4ztns76h/3,needs_deduplication_and_nutrition_source
"cabai (merah, hijau, rawit, sesuai selera)",1,"Mendeley Data, Purwanto et al., version 3 (2026)",https://data.mendeley.com/datasets/8b4ztns76h/3,needs_deduplication_and_nutrition_source
cabai (sesuai selera),1,"Mendeley Data, Purwanto et al., version 3 (2026)",https://data.mendeley.com/datasets/8b4ztns76h/3,needs_deduplication_and_nutrition_source
cabai merah /keriting,1,"Mendeley Data, Purwanto et al., version 3 (2026)",https://data.mendeley.com/datasets/8b4ztns76h/3,needs_deduplication_and_nutrition_source
cabai merah haluskan,1,"Mendeley Data, Purwanto et al., version 3 (2026)",https://data.mendeley.com/datasets/8b4ztns76h/3,needs_deduplication_and_nutrition_source
cabai merah kecil,1,"Mendeley Data, Purwanto et al., version 3 (2026)",https://data.mendeley.com/datasets/8b4ztns76h/3,needs_deduplication_and_nutrition_source
cabai merah kriting,1,"Mendeley Data, Purwanto et al., version 3 (2026)",https://data.mendeley.com/datasets/8b4ztns76h/3,needs_deduplication_and_nutrition_source
cabai merah tanjung,1,"Mendeley Data, Purwanto et al., version 3 (2026)",https://data.mendeley.com/datasets/8b4ztns76h/3,needs_deduplication_and_nutrition_source
cabai rawit hijau / cabe lalap,1,"Mendeley Data, Purwanto et al., version 3 (2026)",https://data.mendeley.com/datasets/8b4ztns76h/3,needs_deduplication_and_nutrition_source
cabai rebus,1,"Mendeley Data, Purwanto et al., version 3 (2026)",https://data.mendeley.com/datasets/8b4ztns76h/3,needs_deduplication_and_nutrition_source
cabai setan merah,1,"Mendeley Data, Purwanto et al., version 3 (2026)",https://data.mendeley.com/datasets/8b4ztns76h/3,needs_deduplication_and_nutrition_source
cabai tanjung merah,1,"Mendeley Data, Purwanto et al., version 3 (2026)",https://data.mendeley.com/datasets/8b4ztns76h/3,needs_deduplication_and_nutrition_source
cabe (rawit atau yg lainnya),1,"Mendeley Data, Purwanto et al., version 3 (2026)",https://data.mendeley.com/datasets/8b4ztns76h/3,needs_deduplication_and_nutrition_source
cabe besar (merah & hijau),1,"Mendeley Data, Purwanto et al., version 3 (2026)",https://data.mendeley.com/datasets/8b4ztns76h/3,needs_deduplication_and_nutrition_source
cabe besar kering,1,"Mendeley Data, Purwanto et al., version 3 (2026)",https://data.mendeley.com/datasets/8b4ztns76h/3,needs_deduplication_and_nutrition_source
cabe campur,1,"Mendeley Data, Purwanto et al., version 3 (2026)",https://data.mendeley.com/datasets/8b4ztns76h/3,needs_deduplication_and_nutrition_source
cabe domba,1,"Mendeley Data, Purwanto et al., version 3 (2026)",https://data.mendeley.com/datasets/8b4ztns76h/3,needs_deduplication_and_nutrition_source
cabe halus,1,"Mendeley Data, Purwanto et al., version 3 (2026)",https://data.mendeley.com/datasets/8b4ztns76h/3,needs_deduplication_and_nutrition_source
cabe hijau iris kasar,1,"Mendeley Data, Purwanto et al., version 3 (2026)",https://data.mendeley.com/datasets/8b4ztns76h/3,needs_deduplication_and_nutrition_source
cabe hijau iris serong,1,"Mendeley Data, Purwanto et al., version 3 (2026)",https://data.mendeley.com/datasets/8b4ztns76h/3,needs_deduplication_and_nutrition_source
cabe jawa kering,1,"Mendeley Data, Purwanto et al., version 3 (2026)",https://data.mendeley.com/datasets/8b4ztns76h/3,needs_deduplication_and_nutrition_source
cabe kering besar,1,"Mendeley Data, Purwanto et al., version 3 (2026)",https://data.mendeley.com/datasets/8b4ztns76h/3,needs_deduplication_and_nutrition_source
cabe keriting ijo,1,"Mendeley Data, Purwanto et al., version 3 (2026)",https://data.mendeley.com/datasets/8b4ztns76h/3,needs_deduplication_and_nutrition_source
cabe kriting / cabe besar,1,"Mendeley Data, Purwanto et al., version 3 (2026)",https://data.mendeley.com/datasets/8b4ztns76h/3,needs_deduplication_and_nutrition_source
cabe kriting ijo,1,"Mendeley Data, Purwanto et al., version 3 (2026)",https://data.mendeley.com/datasets/8b4ztns76h/3,needs_deduplication_and_nutrition_source
cabe kriting iris serong tipis,1,"Mendeley Data, Purwanto et al., version 3 (2026)",https://data.mendeley.com/datasets/8b4ztns76h/3,needs_deduplication_and_nutrition_source
cabe merah / cabe keriting,1,"Mendeley Data, Purwanto et al., version 3 (2026)",https://data.mendeley.com/datasets/8b4ztns76h/3,needs_deduplication_and_nutrition_source
cabe merah /hijau,1,"Mendeley Data, Purwanto et al., version 3 (2026)",https://data.mendeley.com/datasets/8b4ztns76h/3,needs_deduplication_and_nutrition_source
cabe merah besar/keriting,1,"Mendeley Data, Purwanto et al., version 3 (2026)",https://data.mendeley.com/datasets/8b4ztns76h/3,needs_deduplication_and_nutrition_source
cabe merah hijau,1,"Mendeley Data, Purwanto et al., version 3 (2026)",https://data.mendeley.com/datasets/8b4ztns76h/3,needs_deduplication_and_nutrition_source
cabe merah iris aerong,1,"Mendeley Data, Purwanto et al., version 3 (2026)",https://data.mendeley.com/datasets/8b4ztns76h/3,needs_deduplication_and_nutrition_source
cabe merah iris tipis,1,"Mendeley Data, Purwanto et al., version 3 (2026)",https://data.mendeley.com/datasets/8b4ztns76h/3,needs_deduplication_and_nutrition_source
cabe merah keriting panjang,1,"Mendeley Data, Purwanto et al., version 3 (2026)",https://data.mendeley.com/datasets/8b4ztns76h/3,needs_deduplication_and_nutrition_source
cabe merah panjang,1,"Mendeley Data, Purwanto et al., version 3 (2026)",https://data.mendeley.com/datasets/8b4ztns76h/3,needs_deduplication_and_nutrition_source
cabe merah rawit,1,"Mendeley Data, Purwanto et al., version 3 (2026)",https://data.mendeley.com/datasets/8b4ztns76h/3,needs_deduplication_and_nutrition_source
cabe merah rawit utuh,1,"Mendeley Data, Purwanto et al., version 3 (2026)",https://data.mendeley.com/datasets/8b4ztns76h/3,needs_deduplication_and_nutrition_source
cabe merah tanjung,1,"Mendeley Data, Purwanto et al., version 3 (2026)",https://data.mendeley.com/datasets/8b4ztns76h/3,needs_deduplication_and_nutrition_source
cabe merah tanjung (buang biji),1,"Mendeley Data, Purwanto et al., version 3 (2026)",https://data.mendeley.com/datasets/8b4ztns76h/3,needs_deduplication_and_nutrition_source
cabe rawit / cabe orange,1,"Mendeley Data, Purwanto et al., version 3 (2026)",https://data.mendeley.com/datasets/8b4ztns76h/3,needs_deduplication_and_nutrition_source
cabe rawit dihaluskan,1,"Mendeley Data, Purwanto et al., version 3 (2026)",https://data.mendeley.com/datasets/8b4ztns76h/3,needs_deduplication_and_nutrition_source
cabe rawit hijau yg sudah tua,1,"Mendeley Data, Purwanto et al., version 3 (2026)",https://data.mendeley.com/datasets/8b4ztns76h/3,needs_deduplication_and_nutrition_source
cabe rawit iris serong tipis,1,"Mendeley Data, Purwanto et al., version 3 (2026)",https://data.mendeley.com/datasets/8b4ztns76h/3,needs_deduplication_and_nutrition_source
cabe rawit merah / cabe rawit hijau,1,"Mendeley Data, Purwanto et al., version 3 (2026)",https://data.mendeley.com/datasets/8b4ztns76h/3,needs_deduplication_and_nutrition_source
cabe rawit merah besar (rawit domba),1,"Mendeley Data, Purwanto et al., version 3 (2026)",https://data.mendeley.com/datasets/8b4ztns76h/3,needs_deduplication_and_nutrition_source
cabe rawit merah burung,1,"Mendeley Data, Purwanto et al., version 3 (2026)",https://data.mendeley.com/datasets/8b4ztns76h/3,needs_deduplication_and_nutrition_source
cabe sambal,1,"Mendeley Data, Purwanto et al., version 3 (2026)",https://data.mendeley.com/datasets/8b4ztns76h/3,needs_deduplication_and_nutrition_source
cabe setan (cabe rawit orange),1,"Mendeley Data, Purwanto et al., version 3 (2026)",https://data.mendeley.com/datasets/8b4ztns76h/3,needs_deduplication_and_nutrition_source
cai sim,1,"Mendeley Data, Purwanto et al., version 3 (2026)",https://data.mendeley.com/datasets/8b4ztns76h/3,needs_deduplication_and_nutrition_source
caisim,1,"Mendeley Data, Purwanto et al., version 3 (2026)",https://data.mendeley.com/datasets/8b4ztns76h/3,needs_deduplication_and_nutrition_source
caisim dipotong-potong,1,"Mendeley Data, Purwanto et al., version 3 (2026)",https://data.mendeley.com/datasets/8b4ztns76h/3,needs_deduplication_and_nutrition_source
camer,1,"Mendeley Data, Purwanto et al., version 3 (2026)",https://data.mendeley.com/datasets/8b4ztns76h/3,needs_deduplication_and_nutrition_source
capar,1,"Mendeley Data, Purwanto et al., version 3 (2026)",https://data.mendeley.com/datasets/8b4ztns76h/3,needs_deduplication_and_nutrition_source
ceker,1,"Mendeley Data, Purwanto et al., version 3 (2026)",https://data.mendeley.com/datasets/8b4ztns76h/3,needs_deduplication_and_nutrition_source
ceker ayam kampung,1,"Mendeley Data, Purwanto et al., version 3 (2026)",https://data.mendeley.com/datasets/8b4ztns76h/3,needs_deduplication_and_nutrition_source
ceker ayam tanpa tulang,1,"Mendeley Data, Purwanto et al., version 3 (2026)",https://data.mendeley.com/datasets/8b4ztns76h/3,needs_deduplication_and_nutrition_source
cempedak muda,1,"Mendeley Data, Purwanto et al., version 3 (2026)",https://data.mendeley.com/datasets/8b4ztns76h/3,needs_deduplication_and_nutrition_source
chili flakes,1,"Mendeley Data, Purwanto et al., version 3 (2026)",https://data.mendeley.com/datasets/8b4ztns76h/3,needs_deduplication_and_nutrition_source
cikuwa mini,1,"Mendeley Data, Purwanto et al., version 3 (2026)",https://data.mendeley.com/datasets/8b4ztns76h/3,needs_deduplication_and_nutrition_source
cincau hitam,1,"Mendeley Data, Purwanto et al., version 3 (2026)",https://data.mendeley.com/datasets/8b4ztns76h/3,needs_deduplication_and_nutrition_source
coconut oil,1,"Mendeley Data, Purwanto et al., version 3 (2026)",https://data.mendeley.com/datasets/8b4ztns76h/3,needs_deduplication_and_nutrition_source
creamer,1,"Mendeley Data, Purwanto et al., version 3 (2026)",https://data.mendeley.com/datasets/8b4ztns76h/3,needs_deduplication_and_nutrition_source
creamer bubuk,1,"Mendeley Data, Purwanto et al., version 3 (2026)",https://data.mendeley.com/datasets/8b4ztns76h/3,needs_deduplication_and_nutrition_source
cubadak muda (nangka muda),1,"Mendeley Data, Purwanto et al., version 3 (2026)",https://data.mendeley.com/datasets/8b4ztns76h/3,needs_deduplication_and_nutrition_source
cuci bersih,1,"Mendeley Data, Purwanto et al., version 3 (2026)",https://data.mendeley.com/datasets/8b4ztns76h/3,needs_deduplication_and_nutrition_source
cuko pempek kuah cuko,1,"Mendeley Data, Purwanto et al., version 3 (2026)",https://data.mendeley.com/datasets/8b4ztns76h/3,needs_deduplication_and_nutrition_source
cumi - cumi,1,"Mendeley Data, Purwanto et al., version 3 (2026)",https://data.mendeley.com/datasets/8b4ztns76h/3,needs_deduplication_and_nutrition_source
cumi asin,1,"Mendeley Data, Purwanto et al., version 3 (2026)",https://data.mendeley.com/datasets/8b4ztns76h/3,needs_deduplication_and_nutrition_source
cumi dan udang,1,"Mendeley Data, Purwanto et al., version 3 (2026)",https://data.mendeley.com/datasets/8b4ztns76h/3,needs_deduplication_and_nutrition_source
cumi ukuran sedang,1,"Mendeley Data, Purwanto et al., version 3 (2026)",https://data.mendeley.com/datasets/8b4ztns76h/3,needs_deduplication_and_nutrition_source
dada ayam beku,1,"Mendeley Data, Purwanto et al., version 3 (2026)",https://data.mendeley.com/datasets/8b4ztns76h/3,needs_deduplication_and_nutrition_source
dada ayam kanan dan kiri,1,"Mendeley Data, Purwanto et al., version 3 (2026)",https://data.mendeley.com/datasets/8b4ztns76h/3,needs_deduplication_and_nutrition_source
dada ayam negeri,1,"Mendeley Data, Purwanto et al., version 3 (2026)",https://data.mendeley.com/datasets/8b4ztns76h/3,needs_deduplication_and_nutrition_source
dada ayam tanpa kulit,1,"Mendeley Data, Purwanto et al., version 3 (2026)",https://data.mendeley.com/datasets/8b4ztns76h/3,needs_deduplication_and_nutrition_source
dada ayam yg sudah difillet (potong dadu),1,"Mendeley Data, Purwanto et al., version 3 (2026)",https://data.mendeley.com/datasets/8b4ztns76h/3,needs_deduplication_and_nutrition_source
daging / iga sapi,1,"Mendeley Data, Purwanto et al., version 3 (2026)",https://data.mendeley.com/datasets/8b4ztns76h/3,needs_deduplication_and_nutrition_source
daging asam jawa,1,"Mendeley Data, Purwanto et al., version 3 (2026)",https://data.mendeley.com/datasets/8b4ztns76h/3,needs_deduplication_and_nutrition_source
daging asam jawa (tamarind pulp),1,"Mendeley Data, Purwanto et al., version 3 (2026)",https://data.mendeley.com/datasets/8b4ztns76h/3,needs_deduplication_and_nutrition_source
daging ayam bagian atas (dada ayam),1,"Mendeley Data, Purwanto et al., version 3 (2026)",https://data.mendeley.com/datasets/8b4ztns76h/3,needs_deduplication_and_nutrition_source
daging ayam bagian dada,1,"Mendeley Data, Purwanto et al., version 3 (2026)",https://data.mendeley.com/datasets/8b4ztns76h/3,needs_deduplication_and_nutrition_source
daging ayam bagian dada dan sayap,1,"Mendeley Data, Purwanto et al., version 3 (2026)",https://data.mendeley.com/datasets/8b4ztns76h/3,needs_deduplication_and_nutrition_source
daging ayam campur paha dan dada,1,"Mendeley Data, Purwanto et al., version 3 (2026)",https://data.mendeley.com/datasets/8b4ztns76h/3,needs_deduplication_and_nutrition_source
daging ayam cincang /giling,1,"Mendeley Data, Purwanto et al., version 3 (2026)",https://data.mendeley.com/datasets/8b4ztns76h/3,needs_deduplication_and_nutrition_source
daging ayam dan ceker,1,"Mendeley Data, Purwanto et al., version 3 (2026)",https://data.mendeley.com/datasets/8b4ztns76h/3,needs_deduplication_and_nutrition_source
daging ayam filet,1,"Mendeley Data, Purwanto et al., version 3 (2026)",https://data.mendeley.com/datasets/8b4ztns76h/3,needs_deduplication_and_nutrition_source
daging ayam filet (bagian dada),1,"Mendeley Data, Purwanto et al., version 3 (2026)",https://data.mendeley.com/datasets/8b4ztns76h/3,needs_deduplication_and_nutrition_source
daging ayam paha,1,"Mendeley Data, Purwanto et al., version 3 (2026)",https://data.mendeley.com/datasets/8b4ztns76h/3,needs_deduplication_and_nutrition_source
daging cincang,1,"Mendeley Data, Purwanto et al., version 3 (2026)",https://data.mendeley.com/datasets/8b4ztns76h/3,needs_deduplication_and_nutrition_source
daging daging sapi (paha filet),1,"Mendeley Data, Purwanto et al., version 3 (2026)",https://data.mendeley.com/datasets/8b4ztns76h/3,needs_deduplication_and_nutrition_source
daging has sapi,1,"Mendeley Data, Purwanto et al., version 3 (2026)",https://data.mendeley.com/datasets/8b4ztns76h/3,needs_deduplication_and_nutrition_source
daging iga sapi,1,"Mendeley Data, Purwanto et al., version 3 (2026)",https://data.mendeley.com/datasets/8b4ztns76h/3,needs_deduplication_and_nutrition_source
daging ikan patin segar,1,"Mendeley Data, Purwanto et al., version 3 (2026)",https://data.mendeley.com/datasets/8b4ztns76h/3,needs_deduplication_and_nutrition_source
daging ikan tuna,1,"Mendeley Data, Purwanto et al., version 3 (2026)",https://data.mendeley.com/datasets/8b4ztns76h/3,needs_deduplication_and_nutrition_source
daging ikan tuna segar,1,"Mendeley Data, Purwanto et al., version 3 (2026)",https://data.mendeley.com/datasets/8b4ztns76h/3,needs_deduplication_and_nutrition_source
daging iris tipis,1,"Mendeley Data, Purwanto et al., version 3 (2026)",https://data.mendeley.com/datasets/8b4ztns76h/3,needs_deduplication_and_nutrition_source
daging kambing muda bagian paha,1,"Mendeley Data, Purwanto et al., version 3 (2026)",https://data.mendeley.com/datasets/8b4ztns76h/3,needs_deduplication_and_nutrition_source
daging paha ayam fillet,1,"Mendeley Data, Purwanto et al., version 3 (2026)",https://data.mendeley.com/datasets/8b4ztns76h/3,needs_deduplication_and_nutrition_source
"daging sapi (rebus & cincang halus,simpan air kaldunya)",1,"Mendeley Data, Purwanto et al., version 3 (2026)",https://data.mendeley.com/datasets/8b4ztns76h/3,needs_deduplication_and_nutrition_source
daging sapi (tanpa lemak),1,"Mendeley Data, Purwanto et al., version 3 (2026)",https://data.mendeley.com/datasets/8b4ztns76h/3,needs_deduplication_and_nutrition_source
daging sapi berlemak,1,"Mendeley Data, Purwanto et al., version 3 (2026)",https://data.mendeley.com/datasets/8b4ztns76h/3,needs_deduplication_and_nutrition_source
daging sapi sengkel,1,"Mendeley Data, Purwanto et al., version 3 (2026)",https://data.mendeley.com/datasets/8b4ztns76h/3,needs_deduplication_and_nutrition_source
daging sirloin steak lokal,1,"Mendeley Data, Purwanto et al., version 3 (2026)",https://data.mendeley.com/datasets/8b4ztns76h/3,needs_deduplication_and_nutrition_source
daging tenggiri giling,1,"Mendeley Data, Purwanto et al., version 3 (2026)",https://data.mendeley.com/datasets/8b4ztns76h/3,needs_deduplication_and_nutrition_source
daging tengiri giling,1,"Mendeley Data, Purwanto et al., version 3 (2026)",https://data.mendeley.com/datasets/8b4ztns76h/3,needs_deduplication_and_nutrition_source
daging tongkol suwir,1,"Mendeley Data, Purwanto et al., version 3 (2026)",https://data.mendeley.com/datasets/8b4ztns76h/3,needs_deduplication_and_nutrition_source
daun bawang & seledri,1,"Mendeley Data, Purwanto et al., version 3 (2026)",https://data.mendeley.com/datasets/8b4ztns76h/3,needs_deduplication_and_nutrition_source
daun bawang / seledri,1,"Mendeley Data, Purwanto et al., version 3 (2026)",https://data.mendeley.com/datasets/8b4ztns76h/3,needs_deduplication_and_nutrition_source
daun bawang bagian bawah (putihnya) *untuk bumbu tumis*,1,"Mendeley Data, Purwanto et al., version 3 (2026)",https://data.mendeley.com/datasets/8b4ztns76h/3,needs_deduplication_and_nutrition_source
daun bawang beserta daun hijaunya *untuk air rebusan*,1,"Mendeley Data, Purwanto et al., version 3 (2026)",https://data.mendeley.com/datasets/8b4ztns76h/3,needs_deduplication_and_nutrition_source
daun bawang dan seledri iris,1,"Mendeley Data, Purwanto et al., version 3 (2026)",https://data.mendeley.com/datasets/8b4ztns76h/3,needs_deduplication_and_nutrition_source
daun bawang dan seledri iris halus,1,"Mendeley Data, Purwanto et al., version 3 (2026)",https://data.mendeley.com/datasets/8b4ztns76h/3,needs_deduplication_and_nutrition_source
daun bawang hijau,1,"Mendeley Data, Purwanto et al., version 3 (2026)",https://data.mendeley.com/datasets/8b4ztns76h/3,needs_deduplication_and_nutrition_source
daun bawang hijau nya saja,1,"Mendeley Data, Purwanto et al., version 3 (2026)",https://data.mendeley.com/datasets/8b4ztns76h/3,needs_deduplication_and_nutrition_source
daun bawang pre,1,"Mendeley Data, Purwanto et al., version 3 (2026)",https://data.mendeley.com/datasets/8b4ztns76h/3,needs_deduplication_and_nutrition_source
daun bawang prei,1,"Mendeley Data, Purwanto et al., version 3 (2026)",https://data.mendeley.com/datasets/8b4ztns76h/3,needs_deduplication_and_nutrition_source
daun bawang prei frozen,1,"Mendeley Data, Purwanto et al., version 3 (2026)",https://data.mendeley.com/datasets/8b4ztns76h/3,needs_deduplication_and_nutrition_source
daun bawang rajang halus,1,"Mendeley Data, Purwanto et al., version 3 (2026)",https://data.mendeley.com/datasets/8b4ztns76h/3,needs_deduplication_and_nutrition_source
daun bawang seledri,1,"Mendeley Data, Purwanto et al., version 3 (2026)",https://data.mendeley.com/datasets/8b4ztns76h/3,needs_deduplication_and_nutrition_source
daun bawang tambahan,1,"Mendeley Data, Purwanto et al., version 3 (2026)",https://data.mendeley.com/datasets/8b4ztns76h/3,needs_deduplication_and_nutrition_source
daun cincau rambat,1,"Mendeley Data, Purwanto et al., version 3 (2026)",https://data.mendeley.com/datasets/8b4ztns76h/3,needs_deduplication_and_nutrition_source
daun jambu,1,"Mendeley Data, Purwanto et al., version 3 (2026)",https://data.mendeley.com/datasets/8b4ztns76h/3,needs_deduplication_and_nutrition_source
daun jambu biji,1,"Mendeley Data, Purwanto et al., version 3 (2026)",https://data.mendeley.com/datasets/8b4ztns76h/3,needs_deduplication_and_nutrition_source
daun jeruk (iris kecil2) untuk rajang,1,"Mendeley Data, Purwanto et al., version 3 (2026)",https://data.mendeley.com/datasets/8b4ztns76h/3,needs_deduplication_and_nutrition_source
daun jeruk (pewangi masakan),1,"Mendeley Data, Purwanto et al., version 3 (2026)",https://data.mendeley.com/datasets/8b4ztns76h/3,needs_deduplication_and_nutrition_source
daun jeruk buang tulang,1,"Mendeley Data, Purwanto et al., version 3 (2026)",https://data.mendeley.com/datasets/8b4ztns76h/3,needs_deduplication_and_nutrition_source
daun jeruk iris tipis,1,"Mendeley Data, Purwanto et al., version 3 (2026)",https://data.mendeley.com/datasets/8b4ztns76h/3,needs_deduplication_and_nutrition_source
daun jeruk limu (purut),1,"Mendeley Data, Purwanto et al., version 3 (2026)",https://data.mendeley.com/datasets/8b4ztns76h/3,needs_deduplication_and_nutrition_source
daun jeruk purut angka 8,1,"Mendeley Data, Purwanto et al., version 3 (2026)",https://data.mendeley.com/datasets/8b4ztns76h/3,needs_deduplication_and_nutrition_source
daun jeruk sobek buang batang,1,"Mendeley Data, Purwanto et al., version 3 (2026)",https://data.mendeley.com/datasets/8b4ztns76h/3,needs_deduplication_and_nutrition_source
daun kari /koja/ temurui untuk rajang,1,"Mendeley Data, Purwanto et al., version 3 (2026)",https://data.mendeley.com/datasets/8b4ztns76h/3,needs_deduplication_and_nutrition_source
daun keciwis,1,"Mendeley Data, Purwanto et al., version 3 (2026)",https://data.mendeley.com/datasets/8b4ztns76h/3,needs_deduplication_and_nutrition_source
daun kemangi / ruku ruku,1,"Mendeley Data, Purwanto et al., version 3 (2026)",https://data.mendeley.com/datasets/8b4ztns76h/3,needs_deduplication_and_nutrition_source
daun kol,1,"Mendeley Data, Purwanto et al., version 3 (2026)",https://data.mendeley.com/datasets/8b4ztns76h/3,needs_deduplication_and_nutrition_source
daun kunir / kunyit,1,"Mendeley Data, Purwanto et al., version 3 (2026)",https://data.mendeley.com/datasets/8b4ztns76h/3,needs_deduplication_and_nutrition_source
daun kunyit ditali,1,"Mendeley Data, Purwanto et al., version 3 (2026)",https://data.mendeley.com/datasets/8b4ztns76h/3,needs_deduplication_and_nutrition_source
daun kunyit muda,1,"Mendeley Data, Purwanto et al., version 3 (2026)",https://data.mendeley.com/datasets/8b4ztns76h/3,needs_deduplication_and_nutrition_source
daun limpasu,1,"Mendeley Data, Purwanto et al., version 3 (2026)",https://data.mendeley.com/datasets/8b4ztns76h/3,needs_deduplication_and_nutrition_source
daun melinjo muda,1,"Mendeley Data, Purwanto et al., version 3 (2026)",https://data.mendeley.com/datasets/8b4ztns76h/3,needs_deduplication_and_nutrition_source
daun pandan (blended),1,"Mendeley Data, Purwanto et al., version 3 (2026)",https://data.mendeley.com/datasets/8b4ztns76h/3,needs_deduplication_and_nutrition_source
daun pandan ikat simpul,1,"Mendeley Data, Purwanto et al., version 3 (2026)",https://data.mendeley.com/datasets/8b4ztns76h/3,needs_deduplication_and_nutrition_source
daun pisang kepok,1,"Mendeley Data, Purwanto et al., version 3 (2026)",https://data.mendeley.com/datasets/8b4ztns76h/3,needs_deduplication_and_nutrition_source
daun prei,1,"Mendeley Data, Purwanto et al., version 3 (2026)",https://data.mendeley.com/datasets/8b4ztns76h/3,needs_deduplication_and_nutrition_source
daun ruku,1,"Mendeley Data, Purwanto et al., version 3 (2026)",https://data.mendeley.com/datasets/8b4ztns76h/3,needs_deduplication_and_nutrition_source
daun ruku2,1,"Mendeley Data, Purwanto et al., version 3 (2026)",https://data.mendeley.com/datasets/8b4ztns76h/3,needs_deduplication_and_nutrition_source
daun salam dan daun jeruk,1,"Mendeley Data, Purwanto et al., version 3 (2026)",https://data.mendeley.com/datasets/8b4ztns76h/3,needs_deduplication_and_nutrition_source
daun salam koja (daun kari atau daun temurui),1,"Mendeley Data, Purwanto et al., version 3 (2026)",https://data.mendeley.com/datasets/8b4ztns76h/3,needs_deduplication_and_nutrition_source
daun salam sobek2,1,"Mendeley Data, Purwanto et al., version 3 (2026)",https://data.mendeley.com/datasets/8b4ztns76h/3,needs_deduplication_and_nutrition_source
daun saledri,1,"Mendeley Data, Purwanto et al., version 3 (2026)",https://data.mendeley.com/datasets/8b4ztns76h/3,needs_deduplication_and_nutrition_source
daun saledri iris halus,1,"Mendeley Data, Purwanto et al., version 3 (2026)",https://data.mendeley.com/datasets/8b4ztns76h/3,needs_deduplication_and_nutrition_source
daun sedap malam kering,1,"Mendeley Data, Purwanto et al., version 3 (2026)",https://data.mendeley.com/datasets/8b4ztns76h/3,needs_deduplication_and_nutrition_source
daun sedap malam kering (sudah direndam) me skip,1,"Mendeley Data, Purwanto et al., version 3 (2026)",https://data.mendeley.com/datasets/8b4ztns76h/3,needs_deduplication_and_nutrition_source
daun serai,1,"Mendeley Data, Purwanto et al., version 3 (2026)",https://data.mendeley.com/datasets/8b4ztns76h/3,needs_deduplication_and_nutrition_source
daun serai / sereh,1,"Mendeley Data, Purwanto et al., version 3 (2026)",https://data.mendeley.com/datasets/8b4ztns76h/3,needs_deduplication_and_nutrition_source
daun so,1,"Mendeley Data, Purwanto et al., version 3 (2026)",https://data.mendeley.com/datasets/8b4ztns76h/3,needs_deduplication_and_nutrition_source
daun tangkil,1,"Mendeley Data, Purwanto et al., version 3 (2026)",https://data.mendeley.com/datasets/8b4ztns76h/3,needs_deduplication_and_nutrition_source
diabetasol,1,"Mendeley Data, Purwanto et al., version 3 (2026)",https://data.mendeley.com/datasets/8b4ztns76h/3,needs_deduplication_and_nutrition_source
dimsum ayam,1,"Mendeley Data, Purwanto et al., version 3 (2026)",https://data.mendeley.com/datasets/8b4ztns76h/3,needs_deduplication_and_nutrition_source
ebi / udang kering (kaldu bubuk kulit udang),1,"Mendeley Data, Purwanto et al., version 3 (2026)",https://data.mendeley.com/datasets/8b4ztns76h/3,needs_deduplication_and_nutrition_source
ebi / ydang kering,1,"Mendeley Data, Purwanto et al., version 3 (2026)",https://data.mendeley.com/datasets/8b4ztns76h/3,needs_deduplication_and_nutrition_source
ebi bubuk giling yang sudah disangrai,1,"Mendeley Data, Purwanto et al., version 3 (2026)",https://data.mendeley.com/datasets/8b4ztns76h/3,needs_deduplication_and_nutrition_source
ebi kering / bubuk ebi,1,"Mendeley Data, Purwanto et al., version 3 (2026)",https://data.mendeley.com/datasets/8b4ztns76h/3,needs_deduplication_and_nutrition_source
ebi sangrai tumbuk halus,1,"Mendeley Data, Purwanto et al., version 3 (2026)",https://data.mendeley.com/datasets/8b4ztns76h/3,needs_deduplication_and_nutrition_source
ekor ayam kampung,1,"Mendeley Data, Purwanto et al., version 3 (2026)",https://data.mendeley.com/datasets/8b4ztns76h/3,needs_deduplication_and_nutrition_source
ekor bebek,1,"Mendeley Data, Purwanto et al., version 3 (2026)",https://data.mendeley.com/datasets/8b4ztns76h/3,needs_deduplication_and_nutrition_source
ekor udang / kepala udang,1,"Mendeley Data, Purwanto et al., version 3 (2026)",https://data.mendeley.com/datasets/8b4ztns76h/3,needs_deduplication_and_nutrition_source
ekor udang / kepala udang segar (me udang segar),1,"Mendeley Data, Purwanto et al., version 3 (2026)",https://data.mendeley.com/datasets/8b4ztns76h/3,needs_deduplication_and_nutrition_source
ekor udang segar / kepala udang,1,"Mendeley Data, Purwanto et al., version 3 (2026)",https://data.mendeley.com/datasets/8b4ztns76h/3,needs_deduplication_and_nutrition_source
ekor udang segar atau kepala udang saya skip,1,"Mendeley Data, Purwanto et al., version 3 (2026)",https://data.mendeley.com/datasets/8b4ztns76h/3,needs_deduplication_and_nutrition_source
ekorn udang segar atau kepala udang,1,"Mendeley Data, Purwanto et al., version 3 (2026)",https://data.mendeley.com/datasets/8b4ztns76h/3,needs_deduplication_and_nutrition_source
es serut atau air dingin,1,"Mendeley Data, Purwanto et al., version 3 (2026)",https://data.mendeley.com/datasets/8b4ztns76h/3,needs_deduplication_and_nutrition_source
eses pandan,1,"Mendeley Data, Purwanto et al., version 3 (2026)",https://data.mendeley.com/datasets/8b4ztns76h/3,needs_deduplication_and_nutrition_source
evoo,1,"Mendeley Data, Purwanto et al., version 3 (2026)",https://data.mendeley.com/datasets/8b4ztns76h/3,needs_deduplication_and_nutrition_source
fermipan,1,"Mendeley Data, Purwanto et al., version 3 (2026)",https://data.mendeley.com/datasets/8b4ztns76h/3,needs_deduplication_and_nutrition_source
fiber cream,1,"Mendeley Data, Purwanto et al., version 3 (2026)",https://data.mendeley.com/datasets/8b4ztns76h/3,needs_deduplication_and_nutrition_source
fibercreme,1,"Mendeley Data, Purwanto et al., version 3 (2026)",https://data.mendeley.com/datasets/8b4ztns76h/3,needs_deduplication_and_nutrition_source
fillet ikan kakap giling,1,"Mendeley Data, Purwanto et al., version 3 (2026)",https://data.mendeley.com/datasets/8b4ztns76h/3,needs_deduplication_and_nutrition_source
fillet paha & dada ayam,1,"Mendeley Data, Purwanto et al., version 3 (2026)",https://data.mendeley.com/datasets/8b4ztns76h/3,needs_deduplication_and_nutrition_source
fillet paha ayam,1,"Mendeley Data, Purwanto et al., version 3 (2026)",https://data.mendeley.com/datasets/8b4ztns76h/3,needs_deduplication_and_nutrition_source
fishroll / otak otak ikan,1,"Mendeley Data, Purwanto et al., version 3 (2026)",https://data.mendeley.com/datasets/8b4ztns76h/3,needs_deduplication_and_nutrition_source
gabu,1,"Mendeley Data, Purwanto et al., version 3 (2026)",https://data.mendeley.com/datasets/8b4ztns76h/3,needs_deduplication_and_nutrition_source
garam (isi),1,"Mendeley Data, Purwanto et al., version 3 (2026)",https://data.mendeley.com/datasets/8b4ztns76h/3,needs_deduplication_and_nutrition_source
garam (marinasi ikan),1,"Mendeley Data, Purwanto et al., version 3 (2026)",https://data.mendeley.com/datasets/8b4ztns76h/3,needs_deduplication_and_nutrition_source
garam (marinasi),1,"Mendeley Data, Purwanto et al., version 3 (2026)",https://data.mendeley.com/datasets/8b4ztns76h/3,needs_deduplication_and_nutrition_source
garam (rebus penne),1,"Mendeley Data, Purwanto et al., version 3 (2026)",https://data.mendeley.com/datasets/8b4ztns76h/3,needs_deduplication_and_nutrition_source
garam (sambal cianjur),1,"Mendeley Data, Purwanto et al., version 3 (2026)",https://data.mendeley.com/datasets/8b4ztns76h/3,needs_deduplication_and_nutrition_source
garam (secukupnya),1,"Mendeley Data, Purwanto et al., version 3 (2026)",https://data.mendeley.com/datasets/8b4ztns76h/3,needs_deduplication_and_nutrition_source
garam (untuk merebus tempe),1,"Mendeley Data, Purwanto et al., version 3 (2026)",https://data.mendeley.com/datasets/8b4ztns76h/3,needs_deduplication_and_nutrition_source
garam (untuk panir),1,"Mendeley Data, Purwanto et al., version 3 (2026)",https://data.mendeley.com/datasets/8b4ztns76h/3,needs_deduplication_and_nutrition_source
garam (untuk penyedap),1,"Mendeley Data, Purwanto et al., version 3 (2026)",https://data.mendeley.com/datasets/8b4ztns76h/3,needs_deduplication_and_nutrition_source
garam + bumbu kaldu,1,"Mendeley Data, Purwanto et al., version 3 (2026)",https://data.mendeley.com/datasets/8b4ztns76h/3,needs_deduplication_and_nutrition_source
garam + sedikit vetcin,1,"Mendeley Data, Purwanto et al., version 3 (2026)",https://data.mendeley.com/datasets/8b4ztns76h/3,needs_deduplication_and_nutrition_source
garam dan pemasak kambing,1,"Mendeley Data, Purwanto et al., version 3 (2026)",https://data.mendeley.com/datasets/8b4ztns76h/3,needs_deduplication_and_nutrition_source
garam himalaya (himsalt),1,"Mendeley Data, Purwanto et al., version 3 (2026)",https://data.mendeley.com/datasets/8b4ztns76h/3,needs_deduplication_and_nutrition_source
garam himalayan / garam biasa,1,"Mendeley Data, Purwanto et al., version 3 (2026)",https://data.mendeley.com/datasets/8b4ztns76h/3,needs_deduplication_and_nutrition_source
garam nutrisalin,1,"Mendeley Data, Purwanto et al., version 3 (2026)",https://data.mendeley.com/datasets/8b4ztns76h/3,needs_deduplication_and_nutrition_source
garam/penyedap rasa,1,"Mendeley Data, Purwanto et al., version 3 (2026)",https://data.mendeley.com/datasets/8b4ztns76h/3,needs_deduplication_and_nutrition_source
garem,1,"Mendeley Data, Purwanto et al., version 3 (2026)",https://data.mendeley.com/datasets/8b4ztns76h/3,needs_deduplication_and_nutrition_source
garlic crumb,1,"Mendeley Data, Purwanto et al., version 3 (2026)",https://data.mendeley.com/datasets/8b4ztns76h/3,needs_deduplication_and_nutrition_source
genggam daun singkong rebus yang dipadatkan,1,"Mendeley Data, Purwanto et al., version 3 (2026)",https://data.mendeley.com/datasets/8b4ztns76h/3,needs_deduplication_and_nutrition_source
genggam kol,1,"Mendeley Data, Purwanto et al., version 3 (2026)",https://data.mendeley.com/datasets/8b4ztns76h/3,needs_deduplication_and_nutrition_source
genggam udan rebon,1,"Mendeley Data, Purwanto et al., version 3 (2026)",https://data.mendeley.com/datasets/8b4ztns76h/3,needs_deduplication_and_nutrition_source
gubi,1,"Mendeley Data, Purwanto et al., version 3 (2026)",https://data.mendeley.com/datasets/8b4ztns76h/3,needs_deduplication_and_nutrition_source
gul,1,"Mendeley Data, Purwanto et al., version 3 (2026)",https://data.mendeley.com/datasets/8b4ztns76h/3,needs_deduplication_and_nutrition_source
gula aren / bisa gula merah,1,"Mendeley Data, Purwanto et al., version 3 (2026)",https://data.mendeley.com/datasets/8b4ztns76h/3,needs_deduplication_and_nutrition_source
gula aren / gula jawa,1,"Mendeley Data, Purwanto et al., version 3 (2026)",https://data.mendeley.com/datasets/8b4ztns76h/3,needs_deduplication_and_nutrition_source
gula aren / gula palm,1,"Mendeley Data, Purwanto et al., version 3 (2026)",https://data.mendeley.com/datasets/8b4ztns76h/3,needs_deduplication_and_nutrition_source
gula aren pekat,1,"Mendeley Data, Purwanto et al., version 3 (2026)",https://data.mendeley.com/datasets/8b4ztns76h/3,needs_deduplication_and_nutrition_source
gula aren serut,1,"Mendeley Data, Purwanto et al., version 3 (2026)",https://data.mendeley.com/datasets/8b4ztns76h/3,needs_deduplication_and_nutrition_source
gula cair stevia,1,"Mendeley Data, Purwanto et al., version 3 (2026)",https://data.mendeley.com/datasets/8b4ztns76h/3,needs_deduplication_and_nutrition_source
gula diabetasol,1,"Mendeley Data, Purwanto et al., version 3 (2026)",https://data.mendeley.com/datasets/8b4ztns76h/3,needs_deduplication_and_nutrition_source
gula diet nu life,1,"Mendeley Data, Purwanto et al., version 3 (2026)",https://data.mendeley.com/datasets/8b4ztns76h/3,needs_deduplication_and_nutrition_source
gula glinding jawa,1,"Mendeley Data, Purwanto et al., version 3 (2026)",https://data.mendeley.com/datasets/8b4ztns76h/3,needs_deduplication_and_nutrition_source
gula kelapa serut,1,"Mendeley Data, Purwanto et al., version 3 (2026)",https://data.mendeley.com/datasets/8b4ztns76h/3,needs_deduplication_and_nutrition_source
gula merah / gula jawa,1,"Mendeley Data, Purwanto et al., version 3 (2026)",https://data.mendeley.com/datasets/8b4ztns76h/3,needs_deduplication_and_nutrition_source
gula merah cuko pempek palembang,1,"Mendeley Data, Purwanto et al., version 3 (2026)",https://data.mendeley.com/datasets/8b4ztns76h/3,needs_deduplication_and_nutrition_source
gula merah disisir halus,1,"Mendeley Data, Purwanto et al., version 3 (2026)",https://data.mendeley.com/datasets/8b4ztns76h/3,needs_deduplication_and_nutrition_source
gula merah kecil,1,"Mendeley Data, Purwanto et al., version 3 (2026)",https://data.mendeley.com/datasets/8b4ztns76h/3,needs_deduplication_and_nutrition_source
gula merah serut,1,"Mendeley Data, Purwanto et al., version 3 (2026)",https://data.mendeley.com/datasets/8b4ztns76h/3,needs_deduplication_and_nutrition_source
gula merah sisir/gula pasir,1,"Mendeley Data, Purwanto et al., version 3 (2026)",https://data.mendeley.com/datasets/8b4ztns76h/3,needs_deduplication_and_nutrition_source
gula merah ukuran kecil,1,"Mendeley Data, Purwanto et al., version 3 (2026)",https://data.mendeley.com/datasets/8b4ztns76h/3,needs_deduplication_and_nutrition_source
gula palem,1,"Mendeley Data, Purwanto et al., version 3 (2026)",https://data.mendeley.com/datasets/8b4ztns76h/3,needs_deduplication_and_nutrition_source
gula pasir/merah,1,"Mendeley Data, Purwanto et al., version 3 (2026)",https://data.mendeley.com/datasets/8b4ztns76h/3,needs_deduplication_and_nutrition_source
gula putih atau gula merah,1,"Mendeley Data, Purwanto et al., version 3 (2026)",https://data.mendeley.com/datasets/8b4ztns76h/3,needs_deduplication_and_nutrition_source
gula putih merk rose brand (white sugar),1,"Mendeley Data, Purwanto et al., version 3 (2026)",https://data.mendeley.com/datasets/8b4ztns76h/3,needs_deduplication_and_nutrition_source
gula semut ( palm sugar ),1,"Mendeley Data, Purwanto et al., version 3 (2026)",https://data.mendeley.com/datasets/8b4ztns76h/3,needs_deduplication_and_nutrition_source
gula tebu,1,"Mendeley Data, Purwanto et al., version 3 (2026)",https://data.mendeley.com/datasets/8b4ztns76h/3,needs_deduplication_and_nutrition_source
gulmer,1,"Mendeley Data, Purwanto et al., version 3 (2026)",https://data.mendeley.com/datasets/8b4ztns76h/3,needs_deduplication_and_nutrition_source
halawa kaldu rasa ayam,1,"Mendeley Data, Purwanto et al., version 3 (2026)",https://data.mendeley.com/datasets/8b4ztns76h/3,needs_deduplication_and_nutrition_source
halawa kaldu rasa jamur,1,"Mendeley Data, Purwanto et al., version 3 (2026)",https://data.mendeley.com/datasets/8b4ztns76h/3,needs_deduplication_and_nutrition_source
haliling,1,"Mendeley Data, Purwanto et al., version 3 (2026)",https://data.mendeley.com/datasets/8b4ztns76h/3,needs_deduplication_and_nutrition_source
hati sapi,1,"Mendeley Data, Purwanto et al., version 3 (2026)",https://data.mendeley.com/datasets/8b4ztns76h/3,needs_deduplication_and_nutrition_source
homemade chicken luncheon,1,"Mendeley Data, Purwanto et al., version 3 (2026)",https://data.mendeley.com/datasets/8b4ztns76h/3,needs_deduplication_and_nutrition_source
iemiri,1,"Mendeley Data, Purwanto et al., version 3 (2026)",https://data.mendeley.com/datasets/8b4ztns76h/3,needs_deduplication_and_nutrition_source
ikan anakan pepuyu,1,"Mendeley Data, Purwanto et al., version 3 (2026)",https://data.mendeley.com/datasets/8b4ztns76h/3,needs_deduplication_and_nutrition_source
ikan asap,1,"Mendeley Data, Purwanto et al., version 3 (2026)",https://data.mendeley.com/datasets/8b4ztns76h/3,needs_deduplication_and_nutrition_source
ikan asin pakang,1,"Mendeley Data, Purwanto et al., version 3 (2026)",https://data.mendeley.com/datasets/8b4ztns76h/3,needs_deduplication_and_nutrition_source
ikan asin telang,1,"Mendeley Data, Purwanto et al., version 3 (2026)",https://data.mendeley.com/datasets/8b4ztns76h/3,needs_deduplication_and_nutrition_source
ikan asin tenggiri / jambal,1,"Mendeley Data, Purwanto et al., version 3 (2026)",https://data.mendeley.com/datasets/8b4ztns76h/3,needs_deduplication_and_nutrition_source
ikan ayam,1,"Mendeley Data, Purwanto et al., version 3 (2026)",https://data.mendeley.com/datasets/8b4ztns76h/3,needs_deduplication_and_nutrition_source
ikan barakuda,1,"Mendeley Data, Purwanto et al., version 3 (2026)",https://data.mendeley.com/datasets/8b4ztns76h/3,needs_deduplication_and_nutrition_source
ikan barakuda fillet,1,"Mendeley Data, Purwanto et al., version 3 (2026)",https://data.mendeley.com/datasets/8b4ztns76h/3,needs_deduplication_and_nutrition_source
ikan baung & betutu,1,"Mendeley Data, Purwanto et al., version 3 (2026)",https://data.mendeley.com/datasets/8b4ztns76h/3,needs_deduplication_and_nutrition_source
ikan benggol,1,"Mendeley Data, Purwanto et al., version 3 (2026)",https://data.mendeley.com/datasets/8b4ztns76h/3,needs_deduplication_and_nutrition_source
ikan besar,1,"Mendeley Data, Purwanto et al., version 3 (2026)",https://data.mendeley.com/datasets/8b4ztns76h/3,needs_deduplication_and_nutrition_source
ikan bilis fresh,1,"Mendeley Data, Purwanto et al., version 3 (2026)",https://data.mendeley.com/datasets/8b4ztns76h/3,needs_deduplication_and_nutrition_source
ikan bilis segar,1,"Mendeley Data, Purwanto et al., version 3 (2026)",https://data.mendeley.com/datasets/8b4ztns76h/3,needs_deduplication_and_nutrition_source
ikan capa,1,"Mendeley Data, Purwanto et al., version 3 (2026)",https://data.mendeley.com/datasets/8b4ztns76h/3,needs_deduplication_and_nutrition_source
ikan cue,1,"Mendeley Data, Purwanto et al., version 3 (2026)",https://data.mendeley.com/datasets/8b4ztns76h/3,needs_deduplication_and_nutrition_source
ikan cukil / kakap putih (ikan segar),1,"Mendeley Data, Purwanto et al., version 3 (2026)",https://data.mendeley.com/datasets/8b4ztns76h/3,needs_deduplication_and_nutrition_source
ikan dencis kecil,1,"Mendeley Data, Purwanto et al., version 3 (2026)",https://data.mendeley.com/datasets/8b4ztns76h/3,needs_deduplication_and_nutrition_source
ikan dencis segar,1,"Mendeley Data, Purwanto et al., version 3 (2026)",https://data.mendeley.com/datasets/8b4ztns76h/3,needs_deduplication_and_nutrition_source
ikan dori / tenggiri,1,"Mendeley Data, Purwanto et al., version 3 (2026)",https://data.mendeley.com/datasets/8b4ztns76h/3,needs_deduplication_and_nutrition_source
ikan dori fillet,1,"Mendeley Data, Purwanto et al., version 3 (2026)",https://data.mendeley.com/datasets/8b4ztns76h/3,needs_deduplication_and_nutrition_source
ikan dori giling,1,"Mendeley Data, Purwanto et al., version 3 (2026)",https://data.mendeley.com/datasets/8b4ztns76h/3,needs_deduplication_and_nutrition_source
ikan fillet gurame,1,"Mendeley Data, Purwanto et al., version 3 (2026)",https://data.mendeley.com/datasets/8b4ztns76h/3,needs_deduplication_and_nutrition_source
ikan giling ( ikan ekor kuning ),1,"Mendeley Data, Purwanto et al., version 3 (2026)",https://data.mendeley.com/datasets/8b4ztns76h/3,needs_deduplication_and_nutrition_source
ikan giling (aku ikan ekor kuning),1,"Mendeley Data, Purwanto et al., version 3 (2026)",https://data.mendeley.com/datasets/8b4ztns76h/3,needs_deduplication_and_nutrition_source
ikan giling (kakap),1,"Mendeley Data, Purwanto et al., version 3 (2026)",https://data.mendeley.com/datasets/8b4ztns76h/3,needs_deduplication_and_nutrition_source
ikan giling kakap,1,"Mendeley Data, Purwanto et al., version 3 (2026)",https://data.mendeley.com/datasets/8b4ztns76h/3,needs_deduplication_and_nutrition_source
ikan giling tenggiri,1,"Mendeley Data, Purwanto et al., version 3 (2026)",https://data.mendeley.com/datasets/8b4ztns76h/3,needs_deduplication_and_nutrition_source
ikan gurame,1,"Mendeley Data, Purwanto et al., version 3 (2026)",https://data.mendeley.com/datasets/8b4ztns76h/3,needs_deduplication_and_nutrition_source
ikan hapau,1,"Mendeley Data, Purwanto et al., version 3 (2026)",https://data.mendeley.com/datasets/8b4ztns76h/3,needs_deduplication_and_nutrition_source
ikan haruan (gabus) potong� dan goreng,1,"Mendeley Data, Purwanto et al., version 3 (2026)",https://data.mendeley.com/datasets/8b4ztns76h/3,needs_deduplication_and_nutrition_source
ikan haruan /gabus,1,"Mendeley Data, Purwanto et al., version 3 (2026)",https://data.mendeley.com/datasets/8b4ztns76h/3,needs_deduplication_and_nutrition_source
ikan kacangan giling,1,"Mendeley Data, Purwanto et al., version 3 (2026)",https://data.mendeley.com/datasets/8b4ztns76h/3,needs_deduplication_and_nutrition_source
ikan kembung goreng,1,"Mendeley Data, Purwanto et al., version 3 (2026)",https://data.mendeley.com/datasets/8b4ztns76h/3,needs_deduplication_and_nutrition_source
ikan kuwe asap homemade,1,"Mendeley Data, Purwanto et al., version 3 (2026)",https://data.mendeley.com/datasets/8b4ztns76h/3,needs_deduplication_and_nutrition_source
ikan kuwe segar,1,"Mendeley Data, Purwanto et al., version 3 (2026)",https://data.mendeley.com/datasets/8b4ztns76h/3,needs_deduplication_and_nutrition_source
ikan kuwe segar (haluskan),1,"Mendeley Data, Purwanto et al., version 3 (2026)",https://data.mendeley.com/datasets/8b4ztns76h/3,needs_deduplication_and_nutrition_source
ikan laut (putihan/barakuda/tongkol/kembung),1,"Mendeley Data, Purwanto et al., version 3 (2026)",https://data.mendeley.com/datasets/8b4ztns76h/3,needs_deduplication_and_nutrition_source
ikan mujair,1,"Mendeley Data, Purwanto et al., version 3 (2026)",https://data.mendeley.com/datasets/8b4ztns76h/3,needs_deduplication_and_nutrition_source
ikan patin kepala,1,"Mendeley Data, Purwanto et al., version 3 (2026)",https://data.mendeley.com/datasets/8b4ztns76h/3,needs_deduplication_and_nutrition_source
ikan pindang (pakai tongkol juga bisa ya),1,"Mendeley Data, Purwanto et al., version 3 (2026)",https://data.mendeley.com/datasets/8b4ztns76h/3,needs_deduplication_and_nutrition_source
ikan pindang goreng,1,"Mendeley Data, Purwanto et al., version 3 (2026)",https://data.mendeley.com/datasets/8b4ztns76h/3,needs_deduplication_and_nutrition_source
ikan pindang jenis ikan layang atau bebas,1,"Mendeley Data, Purwanto et al., version 3 (2026)",https://data.mendeley.com/datasets/8b4ztns76h/3,needs_deduplication_and_nutrition_source
ikan pindang salem,1,"Mendeley Data, Purwanto et al., version 3 (2026)",https://data.mendeley.com/datasets/8b4ztns76h/3,needs_deduplication_and_nutrition_source
ikan potong,1,"Mendeley Data, Purwanto et al., version 3 (2026)",https://data.mendeley.com/datasets/8b4ztns76h/3,needs_deduplication_and_nutrition_source
ikan rebus,1,"Mendeley Data, Purwanto et al., version 3 (2026)",https://data.mendeley.com/datasets/8b4ztns76h/3,needs_deduplication_and_nutrition_source
ikan salai patin,1,"Mendeley Data, Purwanto et al., version 3 (2026)",https://data.mendeley.com/datasets/8b4ztns76h/3,needs_deduplication_and_nutrition_source
ikan salmon putih,1,"Mendeley Data, Purwanto et al., version 3 (2026)",https://data.mendeley.com/datasets/8b4ztns76h/3,needs_deduplication_and_nutrition_source
ikan segar,1,"Mendeley Data, Purwanto et al., version 3 (2026)",https://data.mendeley.com/datasets/8b4ztns76h/3,needs_deduplication_and_nutrition_source
ikan sere,1,"Mendeley Data, Purwanto et al., version 3 (2026)",https://data.mendeley.com/datasets/8b4ztns76h/3,needs_deduplication_and_nutrition_source
ikan sisiak,1,"Mendeley Data, Purwanto et al., version 3 (2026)",https://data.mendeley.com/datasets/8b4ztns76h/3,needs_deduplication_and_nutrition_source
ikan tawar,1,"Mendeley Data, Purwanto et al., version 3 (2026)",https://data.mendeley.com/datasets/8b4ztns76h/3,needs_deduplication_and_nutrition_source
ikan tenggiri (ikan salem),1,"Mendeley Data, Purwanto et al., version 3 (2026)",https://data.mendeley.com/datasets/8b4ztns76h/3,needs_deduplication_and_nutrition_source
ikan tenggiri (untuk kaldu),1,"Mendeley Data, Purwanto et al., version 3 (2026)",https://data.mendeley.com/datasets/8b4ztns76h/3,needs_deduplication_and_nutrition_source
ikan tenggiri giling (barakuda),1,"Mendeley Data, Purwanto et al., version 3 (2026)",https://data.mendeley.com/datasets/8b4ztns76h/3,needs_deduplication_and_nutrition_source
ikan tenggiri giling (saya: kakap putih),1,"Mendeley Data, Purwanto et al., version 3 (2026)",https://data.mendeley.com/datasets/8b4ztns76h/3,needs_deduplication_and_nutrition_source
ikan tenggiri giling (sy pakai ikan tete),1,"Mendeley Data, Purwanto et al., version 3 (2026)",https://data.mendeley.com/datasets/8b4ztns76h/3,needs_deduplication_and_nutrition_source
ikan tenggiri halus,1,"Mendeley Data, Purwanto et al., version 3 (2026)",https://data.mendeley.com/datasets/8b4ztns76h/3,needs_deduplication_and_nutrition_source
ikan tenggiri uk sedang,1,"Mendeley Data, Purwanto et al., version 3 (2026)",https://data.mendeley.com/datasets/8b4ztns76h/3,needs_deduplication_and_nutrition_source
ikan tengiri,1,"Mendeley Data, Purwanto et al., version 3 (2026)",https://data.mendeley.com/datasets/8b4ztns76h/3,needs_deduplication_and_nutrition_source
ikan tengiri giling (atau ikan barakuda /alu-alu),1,"Mendeley Data, Purwanto et al., version 3 (2026)",https://data.mendeley.com/datasets/8b4ztns76h/3,needs_deduplication_and_nutrition_source
ikan tengiri segar,1,"Mendeley Data, Purwanto et al., version 3 (2026)",https://data.mendeley.com/datasets/8b4ztns76h/3,needs_deduplication_and_nutrition_source
ikan teri basah,1,"Mendeley Data, Purwanto et al., version 3 (2026)",https://data.mendeley.com/datasets/8b4ztns76h/3,needs_deduplication_and_nutrition_source
ikan tete/ alu alu / barakuda giling,1,"Mendeley Data, Purwanto et al., version 3 (2026)",https://data.mendeley.com/datasets/8b4ztns76h/3,needs_deduplication_and_nutrition_source
ikan tongkol giling,1,"Mendeley Data, Purwanto et al., version 3 (2026)",https://data.mendeley.com/datasets/8b4ztns76h/3,needs_deduplication_and_nutrition_source
ikan tongkol pindang,1,"Mendeley Data, Purwanto et al., version 3 (2026)",https://data.mendeley.com/datasets/8b4ztns76h/3,needs_deduplication_and_nutrition_source
ikan tuna giling,1,"Mendeley Data, Purwanto et al., version 3 (2026)",https://data.mendeley.com/datasets/8b4ztns76h/3,needs_deduplication_and_nutrition_source
ikan tuna segar filet,1,"Mendeley Data, Purwanto et al., version 3 (2026)",https://data.mendeley.com/datasets/8b4ztns76h/3,needs_deduplication_and_nutrition_source
ikat sawi hijau,1,"Mendeley Data, Purwanto et al., version 3 (2026)",https://data.mendeley.com/datasets/8b4ztns76h/3,needs_deduplication_and_nutrition_source
ikn salem panggang,1,"Mendeley Data, Purwanto et al., version 3 (2026)",https://data.mendeley.com/datasets/8b4ztns76h/3,needs_deduplication_and_nutrition_source
indomi mi,1,"Mendeley Data, Purwanto et al., version 3 (2026)",https://data.mendeley.com/datasets/8b4ztns76h/3,needs_deduplication_and_nutrition_source
indomie aceh,1,"Mendeley Data, Purwanto et al., version 3 (2026)",https://data.mendeley.com/datasets/8b4ztns76h/3,needs_deduplication_and_nutrition_source
indomie bawang,1,"Mendeley Data, Purwanto et al., version 3 (2026)",https://data.mendeley.com/datasets/8b4ztns76h/3,needs_deduplication_and_nutrition_source
indomie rendang,1,"Mendeley Data, Purwanto et al., version 3 (2026)",https://data.mendeley.com/datasets/8b4ztns76h/3,needs_deduplication_and_nutrition_source
iris,1,"Mendeley Data, Purwanto et al., version 3 (2026)",https://data.mendeley.com/datasets/8b4ztns76h/3,needs_deduplication_and_nutrition_source
iris memanjang fillet ayam,1,"Mendeley Data, Purwanto et al., version 3 (2026)",https://data.mendeley.com/datasets/8b4ztns76h/3,needs_deduplication_and_nutrition_source
jagung manis ukuran sedang,1,"Mendeley Data, Purwanto et al., version 3 (2026)",https://data.mendeley.com/datasets/8b4ztns76h/3,needs_deduplication_and_nutrition_source
jahe cincang kasar,1,"Mendeley Data, Purwanto et al., version 3 (2026)",https://data.mendeley.com/datasets/8b4ztns76h/3,needs_deduplication_and_nutrition_source
jahe ukuran kecil,1,"Mendeley Data, Purwanto et al., version 3 (2026)",https://data.mendeley.com/datasets/8b4ztns76h/3,needs_deduplication_and_nutrition_source
jambal roti,1,"Mendeley Data, Purwanto et al., version 3 (2026)",https://data.mendeley.com/datasets/8b4ztns76h/3,needs_deduplication_and_nutrition_source
jambu botol,1,"Mendeley Data, Purwanto et al., version 3 (2026)",https://data.mendeley.com/datasets/8b4ztns76h/3,needs_deduplication_and_nutrition_source
jamur enoki,1,"Mendeley Data, Purwanto et al., version 3 (2026)",https://data.mendeley.com/datasets/8b4ztns76h/3,needs_deduplication_and_nutrition_source
jamur hitam,1,"Mendeley Data, Purwanto et al., version 3 (2026)",https://data.mendeley.com/datasets/8b4ztns76h/3,needs_deduplication_and_nutrition_source
jamur kancing / jamur merang,1,"Mendeley Data, Purwanto et al., version 3 (2026)",https://data.mendeley.com/datasets/8b4ztns76h/3,needs_deduplication_and_nutrition_source
jamur kuping iris tipis,1,"Mendeley Data, Purwanto et al., version 3 (2026)",https://data.mendeley.com/datasets/8b4ztns76h/3,needs_deduplication_and_nutrition_source
jamur kuping iris2,1,"Mendeley Data, Purwanto et al., version 3 (2026)",https://data.mendeley.com/datasets/8b4ztns76h/3,needs_deduplication_and_nutrition_source
jamur kuping rendam iris,1,"Mendeley Data, Purwanto et al., version 3 (2026)",https://data.mendeley.com/datasets/8b4ztns76h/3,needs_deduplication_and_nutrition_source
jamur salju kering,1,"Mendeley Data, Purwanto et al., version 3 (2026)",https://data.mendeley.com/datasets/8b4ztns76h/3,needs_deduplication_and_nutrition_source
jamur shimeji coklat,1,"Mendeley Data, Purwanto et al., version 3 (2026)",https://data.mendeley.com/datasets/8b4ztns76h/3,needs_deduplication_and_nutrition_source
jamur shitake,1,"Mendeley Data, Purwanto et al., version 3 (2026)",https://data.mendeley.com/datasets/8b4ztns76h/3,needs_deduplication_and_nutrition_source
jantung ayam,1,"Mendeley Data, Purwanto et al., version 3 (2026)",https://data.mendeley.com/datasets/8b4ztns76h/3,needs_deduplication_and_nutrition_source
jengkol japara,1,"Mendeley Data, Purwanto et al., version 3 (2026)",https://data.mendeley.com/datasets/8b4ztns76h/3,needs_deduplication_and_nutrition_source
jengkol tua rebus,1,"Mendeley Data, Purwanto et al., version 3 (2026)",https://data.mendeley.com/datasets/8b4ztns76h/3,needs_deduplication_and_nutrition_source
jeruk,1,"Mendeley Data, Purwanto et al., version 3 (2026)",https://data.mendeley.com/datasets/8b4ztns76h/3,needs_deduplication_and_nutrition_source
jeruk kunci,1,"Mendeley Data, Purwanto et al., version 3 (2026)",https://data.mendeley.com/datasets/8b4ztns76h/3,needs_deduplication_and_nutrition_source
jeruk lemo,1,"Mendeley Data, Purwanto et al., version 3 (2026)",https://data.mendeley.com/datasets/8b4ztns76h/3,needs_deduplication_and_nutrition_source
jeruk limau (saya gunakan jeruk purut ),1,"Mendeley Data, Purwanto et al., version 3 (2026)",https://data.mendeley.com/datasets/8b4ztns76h/3,needs_deduplication_and_nutrition_source
jeruk limau (saya jeruk nipis ),1,"Mendeley Data, Purwanto et al., version 3 (2026)",https://data.mendeley.com/datasets/8b4ztns76h/3,needs_deduplication_and_nutrition_source
jeruk nipas,1,"Mendeley Data, Purwanto et al., version 3 (2026)",https://data.mendeley.com/datasets/8b4ztns76h/3,needs_deduplication_and_nutrition_source
jeruk nipis / lemon,1,"Mendeley Data, Purwanto et al., version 3 (2026)",https://data.mendeley.com/datasets/8b4ztns76h/3,needs_deduplication_and_nutrition_source
jeruk nipis ukuran kecil,1,"Mendeley Data, Purwanto et al., version 3 (2026)",https://data.mendeley.com/datasets/8b4ztns76h/3,needs_deduplication_and_nutrition_source
jeruk pecel,1,"Mendeley Data, Purwanto et al., version 3 (2026)",https://data.mendeley.com/datasets/8b4ztns76h/3,needs_deduplication_and_nutrition_source
jeruk purut,1,"Mendeley Data, Purwanto et al., version 3 (2026)",https://data.mendeley.com/datasets/8b4ztns76h/3,needs_deduplication_and_nutrition_source
jintan (haluskan),1,"Mendeley Data, Purwanto et al., version 3 (2026)",https://data.mendeley.com/datasets/8b4ztns76h/3,needs_deduplication_and_nutrition_source
jintan halus,1,"Mendeley Data, Purwanto et al., version 3 (2026)",https://data.mendeley.com/datasets/8b4ztns76h/3,needs_deduplication_and_nutrition_source
jinten bubuk (ayam serundeng),1,"Mendeley Data, Purwanto et al., version 3 (2026)",https://data.mendeley.com/datasets/8b4ztns76h/3,needs_deduplication_and_nutrition_source
jinten sangrai,1,"Mendeley Data, Purwanto et al., version 3 (2026)",https://data.mendeley.com/datasets/8b4ztns76h/3,needs_deduplication_and_nutrition_source
kacang,1,"Mendeley Data, Purwanto et al., version 3 (2026)",https://data.mendeley.com/datasets/8b4ztns76h/3,needs_deduplication_and_nutrition_source
kacang kenari,1,"Mendeley Data, Purwanto et al., version 3 (2026)",https://data.mendeley.com/datasets/8b4ztns76h/3,needs_deduplication_and_nutrition_source
kacang kenari (topping),1,"Mendeley Data, Purwanto et al., version 3 (2026)",https://data.mendeley.com/datasets/8b4ztns76h/3,needs_deduplication_and_nutrition_source
kacang polong,1,"Mendeley Data, Purwanto et al., version 3 (2026)",https://data.mendeley.com/datasets/8b4ztns76h/3,needs_deduplication_and_nutrition_source
kacang tanah goreng giling,1,"Mendeley Data, Purwanto et al., version 3 (2026)",https://data.mendeley.com/datasets/8b4ztns76h/3,needs_deduplication_and_nutrition_source
kacang tanah kupas,1,"Mendeley Data, Purwanto et al., version 3 (2026)",https://data.mendeley.com/datasets/8b4ztns76h/3,needs_deduplication_and_nutrition_source
kacang tolo,1,"Mendeley Data, Purwanto et al., version 3 (2026)",https://data.mendeley.com/datasets/8b4ztns76h/3,needs_deduplication_and_nutrition_source
kakap putih / baramundi,1,"Mendeley Data, Purwanto et al., version 3 (2026)",https://data.mendeley.com/datasets/8b4ztns76h/3,needs_deduplication_and_nutrition_source
kaki sapi,1,"Mendeley Data, Purwanto et al., version 3 (2026)",https://data.mendeley.com/datasets/8b4ztns76h/3,needs_deduplication_and_nutrition_source
kalah kakap,1,"Mendeley Data, Purwanto et al., version 3 (2026)",https://data.mendeley.com/datasets/8b4ztns76h/3,needs_deduplication_and_nutrition_source
kaldu ayam (masako),1,"Mendeley Data, Purwanto et al., version 3 (2026)",https://data.mendeley.com/datasets/8b4ztns76h/3,needs_deduplication_and_nutrition_source
kaldu ayam (tambahan),1,"Mendeley Data, Purwanto et al., version 3 (2026)",https://data.mendeley.com/datasets/8b4ztns76h/3,needs_deduplication_and_nutrition_source
kaldu ayam / ikan,1,"Mendeley Data, Purwanto et al., version 3 (2026)",https://data.mendeley.com/datasets/8b4ztns76h/3,needs_deduplication_and_nutrition_source
kaldu ayam / jamur,1,"Mendeley Data, Purwanto et al., version 3 (2026)",https://data.mendeley.com/datasets/8b4ztns76h/3,needs_deduplication_and_nutrition_source
kaldu ayam bubuk murni,1,"Mendeley Data, Purwanto et al., version 3 (2026)",https://data.mendeley.com/datasets/8b4ztns76h/3,needs_deduplication_and_nutrition_source
kaldu bubuk (kuah),1,"Mendeley Data, Purwanto et al., version 3 (2026)",https://data.mendeley.com/datasets/8b4ztns76h/3,needs_deduplication_and_nutrition_source
kaldu bubuk (royco),1,"Mendeley Data, Purwanto et al., version 3 (2026)",https://data.mendeley.com/datasets/8b4ztns76h/3,needs_deduplication_and_nutrition_source
kaldu bubuk (tambahan),1,"Mendeley Data, Purwanto et al., version 3 (2026)",https://data.mendeley.com/datasets/8b4ztns76h/3,needs_deduplication_and_nutrition_source
kaldu bubuk / micin,1,"Mendeley Data, Purwanto et al., version 3 (2026)",https://data.mendeley.com/datasets/8b4ztns76h/3,needs_deduplication_and_nutrition_source
kaldu bubuk non msg,1,"Mendeley Data, Purwanto et al., version 3 (2026)",https://data.mendeley.com/datasets/8b4ztns76h/3,needs_deduplication_and_nutrition_source
kaldu bubuk rasa ayam,1,"Mendeley Data, Purwanto et al., version 3 (2026)",https://data.mendeley.com/datasets/8b4ztns76h/3,needs_deduplication_and_nutrition_source
kaldu bubuk/penyedap,1,"Mendeley Data, Purwanto et al., version 3 (2026)",https://data.mendeley.com/datasets/8b4ztns76h/3,needs_deduplication_and_nutrition_source
kaldu ikan tenggiri,1,"Mendeley Data, Purwanto et al., version 3 (2026)",https://data.mendeley.com/datasets/8b4ztns76h/3,needs_deduplication_and_nutrition_source
kaldu jamer,1,"Mendeley Data, Purwanto et al., version 3 (2026)",https://data.mendeley.com/datasets/8b4ztns76h/3,needs_deduplication_and_nutrition_source
kaldu jamur (me micin a1 rose brand),1,"Mendeley Data, Purwanto et al., version 3 (2026)",https://data.mendeley.com/datasets/8b4ztns76h/3,needs_deduplication_and_nutrition_source
kaldu jamur /bubuk,1,"Mendeley Data, Purwanto et al., version 3 (2026)",https://data.mendeley.com/datasets/8b4ztns76h/3,needs_deduplication_and_nutrition_source
kaldu jamur bubuk (mushroom powder),1,"Mendeley Data, Purwanto et al., version 3 (2026)",https://data.mendeley.com/datasets/8b4ztns76h/3,needs_deduplication_and_nutrition_source
kaldu jamur me micin a1 rose brand,1,"Mendeley Data, Purwanto et al., version 3 (2026)",https://data.mendeley.com/datasets/8b4ztns76h/3,needs_deduplication_and_nutrition_source
kaldu jamur non msg,1,"Mendeley Data, Purwanto et al., version 3 (2026)",https://data.mendeley.com/datasets/8b4ztns76h/3,needs_deduplication_and_nutrition_source
kaldu jamur non msg (jay'x),1,"Mendeley Data, Purwanto et al., version 3 (2026)",https://data.mendeley.com/datasets/8b4ztns76h/3,needs_deduplication_and_nutrition_source
kaldu jamur totole,1,"Mendeley Data, Purwanto et al., version 3 (2026)",https://data.mendeley.com/datasets/8b4ztns76h/3,needs_deduplication_and_nutrition_source
kaldu rebusan tulang ayam,1,"Mendeley Data, Purwanto et al., version 3 (2026)",https://data.mendeley.com/datasets/8b4ztns76h/3,needs_deduplication_and_nutrition_source
kaldu salmon bubuk,1,"Mendeley Data, Purwanto et al., version 3 (2026)",https://data.mendeley.com/datasets/8b4ztns76h/3,needs_deduplication_and_nutrition_source
kaldu sapi,1,"Mendeley Data, Purwanto et al., version 3 (2026)",https://data.mendeley.com/datasets/8b4ztns76h/3,needs_deduplication_and_nutrition_source
kaldu sapi bubuk / penyedap,1,"Mendeley Data, Purwanto et al., version 3 (2026)",https://data.mendeley.com/datasets/8b4ztns76h/3,needs_deduplication_and_nutrition_source
kaldu sapi bubuk murni,1,"Mendeley Data, Purwanto et al., version 3 (2026)",https://data.mendeley.com/datasets/8b4ztns76h/3,needs_deduplication_and_nutrition_source
kaldu udang,1,"Mendeley Data, Purwanto et al., version 3 (2026)",https://data.mendeley.com/datasets/8b4ztns76h/3,needs_deduplication_and_nutrition_source
kaldu/ optional,1,"Mendeley Data, Purwanto et al., version 3 (2026)",https://data.mendeley.com/datasets/8b4ztns76h/3,needs_deduplication_and_nutrition_source
kalileungkong,1,"Mendeley Data, Purwanto et al., version 3 (2026)",https://data.mendeley.com/datasets/8b4ztns76h/3,needs_deduplication_and_nutrition_source
kanji,1,"Mendeley Data, Purwanto et al., version 3 (2026)",https://data.mendeley.com/datasets/8b4ztns76h/3,needs_deduplication_and_nutrition_source
kantong teh hitam,1,"Mendeley Data, Purwanto et al., version 3 (2026)",https://data.mendeley.com/datasets/8b4ztns76h/3,needs_deduplication_and_nutrition_source
kara @ 65 ml + air = 600ml,1,"Mendeley Data, Purwanto et al., version 3 (2026)",https://data.mendeley.com/datasets/8b4ztns76h/3,needs_deduplication_and_nutrition_source
kaskas,1,"Mendeley Data, Purwanto et al., version 3 (2026)",https://data.mendeley.com/datasets/8b4ztns76h/3,needs_deduplication_and_nutrition_source
kates muda / mengkal,1,"Mendeley Data, Purwanto et al., version 3 (2026)",https://data.mendeley.com/datasets/8b4ztns76h/3,needs_deduplication_and_nutrition_source
kayu manis (7cm),1,"Mendeley Data, Purwanto et al., version 3 (2026)",https://data.mendeley.com/datasets/8b4ztns76h/3,needs_deduplication_and_nutrition_source
kecap hitam jamur,1,"Mendeley Data, Purwanto et al., version 3 (2026)",https://data.mendeley.com/datasets/8b4ztns76h/3,needs_deduplication_and_nutrition_source
kecap manis /asin,1,"Mendeley Data, Purwanto et al., version 3 (2026)",https://data.mendeley.com/datasets/8b4ztns76h/3,needs_deduplication_and_nutrition_source
kecap manis indofood (bumbu kacang),1,"Mendeley Data, Purwanto et al., version 3 (2026)",https://data.mendeley.com/datasets/8b4ztns76h/3,needs_deduplication_and_nutrition_source
kecap manis indofood (yg2k),1,"Mendeley Data, Purwanto et al., version 3 (2026)",https://data.mendeley.com/datasets/8b4ztns76h/3,needs_deduplication_and_nutrition_source
kecap manis indofood 77gr,1,"Mendeley Data, Purwanto et al., version 3 (2026)",https://data.mendeley.com/datasets/8b4ztns76h/3,needs_deduplication_and_nutrition_source
kecap manis indofood pouch,1,"Mendeley Data, Purwanto et al., version 3 (2026)",https://data.mendeley.com/datasets/8b4ztns76h/3,needs_deduplication_and_nutrition_source
kecap manis indofood pouch uk 77gr,1,"Mendeley Data, Purwanto et al., version 3 (2026)",https://data.mendeley.com/datasets/8b4ztns76h/3,needs_deduplication_and_nutrition_source
kecap manis organik,1,"Mendeley Data, Purwanto et al., version 3 (2026)",https://data.mendeley.com/datasets/8b4ztns76h/3,needs_deduplication_and_nutrition_source
kecap tropicana slim,1,"Mendeley Data, Purwanto et al., version 3 (2026)",https://data.mendeley.com/datasets/8b4ztns76h/3,needs_deduplication_and_nutrition_source
keju parmesan,1,"Mendeley Data, Purwanto et al., version 3 (2026)",https://data.mendeley.com/datasets/8b4ztns76h/3,needs_deduplication_and_nutrition_source
keju parut,1,"Mendeley Data, Purwanto et al., version 3 (2026)",https://data.mendeley.com/datasets/8b4ztns76h/3,needs_deduplication_and_nutrition_source
keju parut atau keju oles,1,"Mendeley Data, Purwanto et al., version 3 (2026)",https://data.mendeley.com/datasets/8b4ztns76h/3,needs_deduplication_and_nutrition_source
kelapa (putihnya aja),1,"Mendeley Data, Purwanto et al., version 3 (2026)",https://data.mendeley.com/datasets/8b4ztns76h/3,needs_deduplication_and_nutrition_source
kelapa (yg tua biar santan ny banyak),1,"Mendeley Data, Purwanto et al., version 3 (2026)",https://data.mendeley.com/datasets/8b4ztns76h/3,needs_deduplication_and_nutrition_source
kelapa gongseng (ulee),1,"Mendeley Data, Purwanto et al., version 3 (2026)",https://data.mendeley.com/datasets/8b4ztns76h/3,needs_deduplication_and_nutrition_source
kelapa goreng,1,"Mendeley Data, Purwanto et al., version 3 (2026)",https://data.mendeley.com/datasets/8b4ztns76h/3,needs_deduplication_and_nutrition_source
kelapa goreng (kelapa sangrai yang di haluskan dengan minyak),1,"Mendeley Data, Purwanto et al., version 3 (2026)",https://data.mendeley.com/datasets/8b4ztns76h/3,needs_deduplication_and_nutrition_source
kelapa goreng (kerisik),1,"Mendeley Data, Purwanto et al., version 3 (2026)",https://data.mendeley.com/datasets/8b4ztns76h/3,needs_deduplication_and_nutrition_source
kelapa muda,1,"Mendeley Data, Purwanto et al., version 3 (2026)",https://data.mendeley.com/datasets/8b4ztns76h/3,needs_deduplication_and_nutrition_source
kelapa muda (daging buah),1,"Mendeley Data, Purwanto et al., version 3 (2026)",https://data.mendeley.com/datasets/8b4ztns76h/3,needs_deduplication_and_nutrition_source
kelapa muda keruk buahnya,1,"Mendeley Data, Purwanto et al., version 3 (2026)",https://data.mendeley.com/datasets/8b4ztns76h/3,needs_deduplication_and_nutrition_source
kelapa parut (kukus),1,"Mendeley Data, Purwanto et al., version 3 (2026)",https://data.mendeley.com/datasets/8b4ztns76h/3,needs_deduplication_and_nutrition_source
kelapa parut (yg tua),1,"Mendeley Data, Purwanto et al., version 3 (2026)",https://data.mendeley.com/datasets/8b4ztns76h/3,needs_deduplication_and_nutrition_source
kelapa parut dikukus tambah sedikit garam,1,"Mendeley Data, Purwanto et al., version 3 (2026)",https://data.mendeley.com/datasets/8b4ztns76h/3,needs_deduplication_and_nutrition_source
kelapa parut kering,1,"Mendeley Data, Purwanto et al., version 3 (2026)",https://data.mendeley.com/datasets/8b4ztns76h/3,needs_deduplication_and_nutrition_source
kelapa sangrai,1,"Mendeley Data, Purwanto et al., version 3 (2026)",https://data.mendeley.com/datasets/8b4ztns76h/3,needs_deduplication_and_nutrition_source
kelapa semenant parut (setengah tua),1,"Mendeley Data, Purwanto et al., version 3 (2026)",https://data.mendeley.com/datasets/8b4ztns76h/3,needs_deduplication_and_nutrition_source
kelingking kunyit,1,"Mendeley Data, Purwanto et al., version 3 (2026)",https://data.mendeley.com/datasets/8b4ztns76h/3,needs_deduplication_and_nutrition_source
kembang turi merah,1,"Mendeley Data, Purwanto et al., version 3 (2026)",https://data.mendeley.com/datasets/8b4ztns76h/3,needs_deduplication_and_nutrition_source
kembung banjar,1,"Mendeley Data, Purwanto et al., version 3 (2026)",https://data.mendeley.com/datasets/8b4ztns76h/3,needs_deduplication_and_nutrition_source
kencong muda,1,"Mendeley Data, Purwanto et al., version 3 (2026)",https://data.mendeley.com/datasets/8b4ztns76h/3,needs_deduplication_and_nutrition_source
kencur (sambal cianjur),1,"Mendeley Data, Purwanto et al., version 3 (2026)",https://data.mendeley.com/datasets/8b4ztns76h/3,needs_deduplication_and_nutrition_source
kencur/cikur,1,"Mendeley Data, Purwanto et al., version 3 (2026)",https://data.mendeley.com/datasets/8b4ztns76h/3,needs_deduplication_and_nutrition_source
kental manis / skm putih,1,"Mendeley Data, Purwanto et al., version 3 (2026)",https://data.mendeley.com/datasets/8b4ztns76h/3,needs_deduplication_and_nutrition_source
kental manis putih,1,"Mendeley Data, Purwanto et al., version 3 (2026)",https://data.mendeley.com/datasets/8b4ztns76h/3,needs_deduplication_and_nutrition_source
kentang dieng,1,"Mendeley Data, Purwanto et al., version 3 (2026)",https://data.mendeley.com/datasets/8b4ztns76h/3,needs_deduplication_and_nutrition_source
kentang dieng uk sedang,1,"Mendeley Data, Purwanto et al., version 3 (2026)",https://data.mendeley.com/datasets/8b4ztns76h/3,needs_deduplication_and_nutrition_source
kentang kupas dan goreng,1,"Mendeley Data, Purwanto et al., version 3 (2026)",https://data.mendeley.com/datasets/8b4ztns76h/3,needs_deduplication_and_nutrition_source
kentang padang (kecil2),1,"Mendeley Data, Purwanto et al., version 3 (2026)",https://data.mendeley.com/datasets/8b4ztns76h/3,needs_deduplication_and_nutrition_source
kepala ayam,1,"Mendeley Data, Purwanto et al., version 3 (2026)",https://data.mendeley.com/datasets/8b4ztns76h/3,needs_deduplication_and_nutrition_source
kepala kakap,1,"Mendeley Data, Purwanto et al., version 3 (2026)",https://data.mendeley.com/datasets/8b4ztns76h/3,needs_deduplication_and_nutrition_source
kepala kakap merah,1,"Mendeley Data, Purwanto et al., version 3 (2026)",https://data.mendeley.com/datasets/8b4ztns76h/3,needs_deduplication_and_nutrition_source
kepala patin,1,"Mendeley Data, Purwanto et al., version 3 (2026)",https://data.mendeley.com/datasets/8b4ztns76h/3,needs_deduplication_and_nutrition_source
kepiting hidup,1,"Mendeley Data, Purwanto et al., version 3 (2026)",https://data.mendeley.com/datasets/8b4ztns76h/3,needs_deduplication_and_nutrition_source
kerang hijau yang sudah direbus dengan kunyit bubuk dan dibersihkan,1,"Mendeley Data, Purwanto et al., version 3 (2026)",https://data.mendeley.com/datasets/8b4ztns76h/3,needs_deduplication_and_nutrition_source
kerang kupas,1,"Mendeley Data, Purwanto et al., version 3 (2026)",https://data.mendeley.com/datasets/8b4ztns76h/3,needs_deduplication_and_nutrition_source
keris pete,1,"Mendeley Data, Purwanto et al., version 3 (2026)",https://data.mendeley.com/datasets/8b4ztns76h/3,needs_deduplication_and_nutrition_source
kerumbar utuh,1,"Mendeley Data, Purwanto et al., version 3 (2026)",https://data.mendeley.com/datasets/8b4ztns76h/3,needs_deduplication_and_nutrition_source
kerupuk,1,"Mendeley Data, Purwanto et al., version 3 (2026)",https://data.mendeley.com/datasets/8b4ztns76h/3,needs_deduplication_and_nutrition_source
kerupuk jangek / kulit yg telah digoreng,1,"Mendeley Data, Purwanto et al., version 3 (2026)",https://data.mendeley.com/datasets/8b4ztns76h/3,needs_deduplication_and_nutrition_source
kerupuk usek,1,"Mendeley Data, Purwanto et al., version 3 (2026)",https://data.mendeley.com/datasets/8b4ztns76h/3,needs_deduplication_and_nutrition_source
ketan,1,"Mendeley Data, Purwanto et al., version 3 (2026)",https://data.mendeley.com/datasets/8b4ztns76h/3,needs_deduplication_and_nutrition_source
ketimpor kemangi,1,"Mendeley Data, Purwanto et al., version 3 (2026)",https://data.mendeley.com/datasets/8b4ztns76h/3,needs_deduplication_and_nutrition_source
ketimun lalap,1,"Mendeley Data, Purwanto et al., version 3 (2026)",https://data.mendeley.com/datasets/8b4ztns76h/3,needs_deduplication_and_nutrition_source
ketumbar bijian,1,"Mendeley Data, Purwanto et al., version 3 (2026)",https://data.mendeley.com/datasets/8b4ztns76h/3,needs_deduplication_and_nutrition_source
ketupat yg sudah jd,1,"Mendeley Data, Purwanto et al., version 3 (2026)",https://data.mendeley.com/datasets/8b4ztns76h/3,needs_deduplication_and_nutrition_source
kikil atau kulit sapi,1,"Mendeley Data, Purwanto et al., version 3 (2026)",https://data.mendeley.com/datasets/8b4ztns76h/3,needs_deduplication_and_nutrition_source
kikil tebal,1,"Mendeley Data, Purwanto et al., version 3 (2026)",https://data.mendeley.com/datasets/8b4ztns76h/3,needs_deduplication_and_nutrition_source
kikil yg tebal,1,"Mendeley Data, Purwanto et al., version 3 (2026)",https://data.mendeley.com/datasets/8b4ztns76h/3,needs_deduplication_and_nutrition_source
kismis,1,"Mendeley Data, Purwanto et al., version 3 (2026)",https://data.mendeley.com/datasets/8b4ztns76h/3,needs_deduplication_and_nutrition_source
kismis (topping),1,"Mendeley Data, Purwanto et al., version 3 (2026)",https://data.mendeley.com/datasets/8b4ztns76h/3,needs_deduplication_and_nutrition_source
klobot jagung,1,"Mendeley Data, Purwanto et al., version 3 (2026)",https://data.mendeley.com/datasets/8b4ztns76h/3,needs_deduplication_and_nutrition_source
kluwak,1,"Mendeley Data, Purwanto et al., version 3 (2026)",https://data.mendeley.com/datasets/8b4ztns76h/3,needs_deduplication_and_nutrition_source
kobe bumbu aduk bumbu rendang instan,1,"Mendeley Data, Purwanto et al., version 3 (2026)",https://data.mendeley.com/datasets/8b4ztns76h/3,needs_deduplication_and_nutrition_source
kobe bumbu rendang instan,1,"Mendeley Data, Purwanto et al., version 3 (2026)",https://data.mendeley.com/datasets/8b4ztns76h/3,needs_deduplication_and_nutrition_source
kocokan telur,1,"Mendeley Data, Purwanto et al., version 3 (2026)",https://data.mendeley.com/datasets/8b4ztns76h/3,needs_deduplication_and_nutrition_source
kol iris,1,"Mendeley Data, Purwanto et al., version 3 (2026)",https://data.mendeley.com/datasets/8b4ztns76h/3,needs_deduplication_and_nutrition_source
kol iris tipis,1,"Mendeley Data, Purwanto et al., version 3 (2026)",https://data.mendeley.com/datasets/8b4ztns76h/3,needs_deduplication_and_nutrition_source
kol iris-iris,1,"Mendeley Data, Purwanto et al., version 3 (2026)",https://data.mendeley.com/datasets/8b4ztns76h/3,needs_deduplication_and_nutrition_source
kol iris2,1,"Mendeley Data, Purwanto et al., version 3 (2026)",https://data.mendeley.com/datasets/8b4ztns76h/3,needs_deduplication_and_nutrition_source
kondimen,1,"Mendeley Data, Purwanto et al., version 3 (2026)",https://data.mendeley.com/datasets/8b4ztns76h/3,needs_deduplication_and_nutrition_source
kopi tubruk,1,"Mendeley Data, Purwanto et al., version 3 (2026)",https://data.mendeley.com/datasets/8b4ztns76h/3,needs_deduplication_and_nutrition_source
koro,1,"Mendeley Data, Purwanto et al., version 3 (2026)",https://data.mendeley.com/datasets/8b4ztns76h/3,needs_deduplication_and_nutrition_source
kotak tahu,1,"Mendeley Data, Purwanto et al., version 3 (2026)",https://data.mendeley.com/datasets/8b4ztns76h/3,needs_deduplication_and_nutrition_source
krecek / kerupuk kulit,1,"Mendeley Data, Purwanto et al., version 3 (2026)",https://data.mendeley.com/datasets/8b4ztns76h/3,needs_deduplication_and_nutrition_source
krecek sayur,1,"Mendeley Data, Purwanto et al., version 3 (2026)",https://data.mendeley.com/datasets/8b4ztns76h/3,needs_deduplication_and_nutrition_source
kremesan,1,"Mendeley Data, Purwanto et al., version 3 (2026)",https://data.mendeley.com/datasets/8b4ztns76h/3,needs_deduplication_and_nutrition_source
krim kental,1,"Mendeley Data, Purwanto et al., version 3 (2026)",https://data.mendeley.com/datasets/8b4ztns76h/3,needs_deduplication_and_nutrition_source
krim pengganti santan (fibercreme),1,"Mendeley Data, Purwanto et al., version 3 (2026)",https://data.mendeley.com/datasets/8b4ztns76h/3,needs_deduplication_and_nutrition_source
krimer,1,"Mendeley Data, Purwanto et al., version 3 (2026)",https://data.mendeley.com/datasets/8b4ztns76h/3,needs_deduplication_and_nutrition_source
kuah,1,"Mendeley Data, Purwanto et al., version 3 (2026)",https://data.mendeley.com/datasets/8b4ztns76h/3,needs_deduplication_and_nutrition_source
kuah kacang,1,"Mendeley Data, Purwanto et al., version 3 (2026)",https://data.mendeley.com/datasets/8b4ztns76h/3,needs_deduplication_and_nutrition_source
kuah kaldu,1,"Mendeley Data, Purwanto et al., version 3 (2026)",https://data.mendeley.com/datasets/8b4ztns76h/3,needs_deduplication_and_nutrition_source
kubis dipotong-potong,1,"Mendeley Data, Purwanto et al., version 3 (2026)",https://data.mendeley.com/datasets/8b4ztns76h/3,needs_deduplication_and_nutrition_source
kuini matang,1,"Mendeley Data, Purwanto et al., version 3 (2026)",https://data.mendeley.com/datasets/8b4ztns76h/3,needs_deduplication_and_nutrition_source
kulat / jamur pelawan ( kering ),1,"Mendeley Data, Purwanto et al., version 3 (2026)",https://data.mendeley.com/datasets/8b4ztns76h/3,needs_deduplication_and_nutrition_source
kulit bawang merah,1,"Mendeley Data, Purwanto et al., version 3 (2026)",https://data.mendeley.com/datasets/8b4ztns76h/3,needs_deduplication_and_nutrition_source
kulit ikan tenggiri,1,"Mendeley Data, Purwanto et al., version 3 (2026)",https://data.mendeley.com/datasets/8b4ztns76h/3,needs_deduplication_and_nutrition_source
kulit ikan tenggiri giling,1,"Mendeley Data, Purwanto et al., version 3 (2026)",https://data.mendeley.com/datasets/8b4ztns76h/3,needs_deduplication_and_nutrition_source
kulit sapi,1,"Mendeley Data, Purwanto et al., version 3 (2026)",https://data.mendeley.com/datasets/8b4ztns76h/3,needs_deduplication_and_nutrition_source
kuning telur,1,"Mendeley Data, Purwanto et al., version 3 (2026)",https://data.mendeley.com/datasets/8b4ztns76h/3,needs_deduplication_and_nutrition_source
kuning telur (adonan kulit),1,"Mendeley Data, Purwanto et al., version 3 (2026)",https://data.mendeley.com/datasets/8b4ztns76h/3,needs_deduplication_and_nutrition_source
kuning telur + sdkt skm untuk mengoles kentang,1,"Mendeley Data, Purwanto et al., version 3 (2026)",https://data.mendeley.com/datasets/8b4ztns76h/3,needs_deduplication_and_nutrition_source
kunyit seger,1,"Mendeley Data, Purwanto et al., version 3 (2026)",https://data.mendeley.com/datasets/8b4ztns76h/3,needs_deduplication_and_nutrition_source
kunyit ukuran kecil,1,"Mendeley Data, Purwanto et al., version 3 (2026)",https://data.mendeley.com/datasets/8b4ztns76h/3,needs_deduplication_and_nutrition_source
kupas,1,"Mendeley Data, Purwanto et al., version 3 (2026)",https://data.mendeley.com/datasets/8b4ztns76h/3,needs_deduplication_and_nutrition_source
kuyit,1,"Mendeley Data, Purwanto et al., version 3 (2026)",https://data.mendeley.com/datasets/8b4ztns76h/3,needs_deduplication_and_nutrition_source
labu kuning kukus,1,"Mendeley Data, Purwanto et al., version 3 (2026)",https://data.mendeley.com/datasets/8b4ztns76h/3,needs_deduplication_and_nutrition_source
labu kuning tua,1,"Mendeley Data, Purwanto et al., version 3 (2026)",https://data.mendeley.com/datasets/8b4ztns76h/3,needs_deduplication_and_nutrition_source
labu kuning yg sudah di kukus,1,"Mendeley Data, Purwanto et al., version 3 (2026)",https://data.mendeley.com/datasets/8b4ztns76h/3,needs_deduplication_and_nutrition_source
labu lalap,1,"Mendeley Data, Purwanto et al., version 3 (2026)",https://data.mendeley.com/datasets/8b4ztns76h/3,needs_deduplication_and_nutrition_source
labu parang tanpa kulit dan biji,1,"Mendeley Data, Purwanto et al., version 3 (2026)",https://data.mendeley.com/datasets/8b4ztns76h/3,needs_deduplication_and_nutrition_source
labu siam / japen,1,"Mendeley Data, Purwanto et al., version 3 (2026)",https://data.mendeley.com/datasets/8b4ztns76h/3,needs_deduplication_and_nutrition_source
labu siem,1,"Mendeley Data, Purwanto et al., version 3 (2026)",https://data.mendeley.com/datasets/8b4ztns76h/3,needs_deduplication_and_nutrition_source
lada (adonan tahu dan bumbu yang dihaluskan),1,"Mendeley Data, Purwanto et al., version 3 (2026)",https://data.mendeley.com/datasets/8b4ztns76h/3,needs_deduplication_and_nutrition_source
lada bulat,1,"Mendeley Data, Purwanto et al., version 3 (2026)",https://data.mendeley.com/datasets/8b4ztns76h/3,needs_deduplication_and_nutrition_source
lada butiran,1,"Mendeley Data, Purwanto et al., version 3 (2026)",https://data.mendeley.com/datasets/8b4ztns76h/3,needs_deduplication_and_nutrition_source
lada hitam di ulek,1,"Mendeley Data, Purwanto et al., version 3 (2026)",https://data.mendeley.com/datasets/8b4ztns76h/3,needs_deduplication_and_nutrition_source
lada hitam utuh,1,"Mendeley Data, Purwanto et al., version 3 (2026)",https://data.mendeley.com/datasets/8b4ztns76h/3,needs_deduplication_and_nutrition_source
lada putih utuh,1,"Mendeley Data, Purwanto et al., version 3 (2026)",https://data.mendeley.com/datasets/8b4ztns76h/3,needs_deduplication_and_nutrition_source
ladaku / merica bubuk,1,"Mendeley Data, Purwanto et al., version 3 (2026)",https://data.mendeley.com/datasets/8b4ztns76h/3,needs_deduplication_and_nutrition_source
ladaku merica bubuk,1,"Mendeley Data, Purwanto et al., version 3 (2026)",https://data.mendeley.com/datasets/8b4ztns76h/3,needs_deduplication_and_nutrition_source
lamtoro,1,"Mendeley Data, Purwanto et al., version 3 (2026)",https://data.mendeley.com/datasets/8b4ztns76h/3,needs_deduplication_and_nutrition_source
laos (geprek),1,"Mendeley Data, Purwanto et al., version 3 (2026)",https://data.mendeley.com/datasets/8b4ztns76h/3,needs_deduplication_and_nutrition_source
larutan maizena,1,"Mendeley Data, Purwanto et al., version 3 (2026)",https://data.mendeley.com/datasets/8b4ztns76h/3,needs_deduplication_and_nutrition_source
larutan maizena: 1 sdm tepung maizena larutkan dengan 2 sdm air,1,"Mendeley Data, Purwanto et al., version 3 (2026)",https://data.mendeley.com/datasets/8b4ztns76h/3,needs_deduplication_and_nutrition_source
lele panggang,1,"Mendeley Data, Purwanto et al., version 3 (2026)",https://data.mendeley.com/datasets/8b4ztns76h/3,needs_deduplication_and_nutrition_source
lembar kol,1,"Mendeley Data, Purwanto et al., version 3 (2026)",https://data.mendeley.com/datasets/8b4ztns76h/3,needs_deduplication_and_nutrition_source
lemon nipis,1,"Mendeley Data, Purwanto et al., version 3 (2026)",https://data.mendeley.com/datasets/8b4ztns76h/3,needs_deduplication_and_nutrition_source
lengkuas / gilangal,1,"Mendeley Data, Purwanto et al., version 3 (2026)",https://data.mendeley.com/datasets/8b4ztns76h/3,needs_deduplication_and_nutrition_source
lengkuas / laos,1,"Mendeley Data, Purwanto et al., version 3 (2026)",https://data.mendeley.com/datasets/8b4ztns76h/3,needs_deduplication_and_nutrition_source
lengkuas 4 cm digeprek,1,"Mendeley Data, Purwanto et al., version 3 (2026)",https://data.mendeley.com/datasets/8b4ztns76h/3,needs_deduplication_and_nutrition_source
lengkuas dimemarkan,1,"Mendeley Data, Purwanto et al., version 3 (2026)",https://data.mendeley.com/datasets/8b4ztns76h/3,needs_deduplication_and_nutrition_source
leunca,1,"Mendeley Data, Purwanto et al., version 3 (2026)",https://data.mendeley.com/datasets/8b4ztns76h/3,needs_deduplication_and_nutrition_source
limau / jeruk nipis / jeruk purut,1,"Mendeley Data, Purwanto et al., version 3 (2026)",https://data.mendeley.com/datasets/8b4ztns76h/3,needs_deduplication_and_nutrition_source
lmbr daun jeruk,1,"Mendeley Data, Purwanto et al., version 3 (2026)",https://data.mendeley.com/datasets/8b4ztns76h/3,needs_deduplication_and_nutrition_source
lmbr daun salam,1,"Mendeley Data, Purwanto et al., version 3 (2026)",https://data.mendeley.com/datasets/8b4ztns76h/3,needs_deduplication_and_nutrition_source
lombok hijau kecil,1,"Mendeley Data, Purwanto et al., version 3 (2026)",https://data.mendeley.com/datasets/8b4ztns76h/3,needs_deduplication_and_nutrition_source
lombok kering,1,"Mendeley Data, Purwanto et al., version 3 (2026)",https://data.mendeley.com/datasets/8b4ztns76h/3,needs_deduplication_and_nutrition_source
lombok keriting,1,"Mendeley Data, Purwanto et al., version 3 (2026)",https://data.mendeley.com/datasets/8b4ztns76h/3,needs_deduplication_and_nutrition_source
"lombok rawit (utuh, jika suka)",1,"Mendeley Data, Purwanto et al., version 3 (2026)",https://data.mendeley.com/datasets/8b4ztns76h/3,needs_deduplication_and_nutrition_source
loncang,1,"Mendeley Data, Purwanto et al., version 3 (2026)",https://data.mendeley.com/datasets/8b4ztns76h/3,needs_deduplication_and_nutrition_source
lonjor terong ungu,1,"Mendeley Data, Purwanto et al., version 3 (2026)",https://data.mendeley.com/datasets/8b4ztns76h/3,needs_deduplication_and_nutrition_source
lontong / ketupat,1,"Mendeley Data, Purwanto et al., version 3 (2026)",https://data.mendeley.com/datasets/8b4ztns76h/3,needs_deduplication_and_nutrition_source
lontong daun,1,"Mendeley Data, Purwanto et al., version 3 (2026)",https://data.mendeley.com/datasets/8b4ztns76h/3,needs_deduplication_and_nutrition_source
lontong homemade,1,"Mendeley Data, Purwanto et al., version 3 (2026)",https://data.mendeley.com/datasets/8b4ztns76h/3,needs_deduplication_and_nutrition_source
macaroni,1,"Mendeley Data, Purwanto et al., version 3 (2026)",https://data.mendeley.com/datasets/8b4ztns76h/3,needs_deduplication_and_nutrition_source
macaroni elbow,1,"Mendeley Data, Purwanto et al., version 3 (2026)",https://data.mendeley.com/datasets/8b4ztns76h/3,needs_deduplication_and_nutrition_source
maggi,1,"Mendeley Data, Purwanto et al., version 3 (2026)",https://data.mendeley.com/datasets/8b4ztns76h/3,needs_deduplication_and_nutrition_source
magicom beras,1,"Mendeley Data, Purwanto et al., version 3 (2026)",https://data.mendeley.com/datasets/8b4ztns76h/3,needs_deduplication_and_nutrition_source
maizena rose bramd,1,"Mendeley Data, Purwanto et al., version 3 (2026)",https://data.mendeley.com/datasets/8b4ztns76h/3,needs_deduplication_and_nutrition_source
maizenah,1,"Mendeley Data, Purwanto et al., version 3 (2026)",https://data.mendeley.com/datasets/8b4ztns76h/3,needs_deduplication_and_nutrition_source
makaroni spiral,1,"Mendeley Data, Purwanto et al., version 3 (2026)",https://data.mendeley.com/datasets/8b4ztns76h/3,needs_deduplication_and_nutrition_source
mangut kukus,1,"Mendeley Data, Purwanto et al., version 3 (2026)",https://data.mendeley.com/datasets/8b4ztns76h/3,needs_deduplication_and_nutrition_source
manisah (labu siam),1,"Mendeley Data, Purwanto et al., version 3 (2026)",https://data.mendeley.com/datasets/8b4ztns76h/3,needs_deduplication_and_nutrition_source
manisan buah kundur,1,"Mendeley Data, Purwanto et al., version 3 (2026)",https://data.mendeley.com/datasets/8b4ztns76h/3,needs_deduplication_and_nutrition_source
margarin / minyak,1,"Mendeley Data, Purwanto et al., version 3 (2026)",https://data.mendeley.com/datasets/8b4ztns76h/3,needs_deduplication_and_nutrition_source
margarine rose brand,1,"Mendeley Data, Purwanto et al., version 3 (2026)",https://data.mendeley.com/datasets/8b4ztns76h/3,needs_deduplication_and_nutrition_source
marinasi,1,"Mendeley Data, Purwanto et al., version 3 (2026)",https://data.mendeley.com/datasets/8b4ztns76h/3,needs_deduplication_and_nutrition_source
masako ayam,1,"Mendeley Data, Purwanto et al., version 3 (2026)",https://data.mendeley.com/datasets/8b4ztns76h/3,needs_deduplication_and_nutrition_source
masako ayam (9 gr/1 sachet),1,"Mendeley Data, Purwanto et al., version 3 (2026)",https://data.mendeley.com/datasets/8b4ztns76h/3,needs_deduplication_and_nutrition_source
masako rasa sapi,1,"Mendeley Data, Purwanto et al., version 3 (2026)",https://data.mendeley.com/datasets/8b4ztns76h/3,needs_deduplication_and_nutrition_source
masako� ayam,1,"Mendeley Data, Purwanto et al., version 3 (2026)",https://data.mendeley.com/datasets/8b4ztns76h/3,needs_deduplication_and_nutrition_source
mecin,1,"Mendeley Data, Purwanto et al., version 3 (2026)",https://data.mendeley.com/datasets/8b4ztns76h/3,needs_deduplication_and_nutrition_source
merah telur,1,"Mendeley Data, Purwanto et al., version 3 (2026)",https://data.mendeley.com/datasets/8b4ztns76h/3,needs_deduplication_and_nutrition_source
merica /lada putih bubuk,1,"Mendeley Data, Purwanto et al., version 3 (2026)",https://data.mendeley.com/datasets/8b4ztns76h/3,needs_deduplication_and_nutrition_source
merica hitam,1,"Mendeley Data, Purwanto et al., version 3 (2026)",https://data.mendeley.com/datasets/8b4ztns76h/3,needs_deduplication_and_nutrition_source
merica putih,1,"Mendeley Data, Purwanto et al., version 3 (2026)",https://data.mendeley.com/datasets/8b4ztns76h/3,needs_deduplication_and_nutrition_source
merica putih bubuk,1,"Mendeley Data, Purwanto et al., version 3 (2026)",https://data.mendeley.com/datasets/8b4ztns76h/3,needs_deduplication_and_nutrition_source
micin a1 rose brand,1,"Mendeley Data, Purwanto et al., version 3 (2026)",https://data.mendeley.com/datasets/8b4ztns76h/3,needs_deduplication_and_nutrition_source
mie basah,1,"Mendeley Data, Purwanto et al., version 3 (2026)",https://data.mendeley.com/datasets/8b4ztns76h/3,needs_deduplication_and_nutrition_source
mie burung dara,1,"Mendeley Data, Purwanto et al., version 3 (2026)",https://data.mendeley.com/datasets/8b4ztns76h/3,needs_deduplication_and_nutrition_source
mie glosor,1,"Mendeley Data, Purwanto et al., version 3 (2026)",https://data.mendeley.com/datasets/8b4ztns76h/3,needs_deduplication_and_nutrition_source
mie golosor,1,"Mendeley Data, Purwanto et al., version 3 (2026)",https://data.mendeley.com/datasets/8b4ztns76h/3,needs_deduplication_and_nutrition_source
mie instant kuah,1,"Mendeley Data, Purwanto et al., version 3 (2026)",https://data.mendeley.com/datasets/8b4ztns76h/3,needs_deduplication_and_nutrition_source
mie kering,1,"Mendeley Data, Purwanto et al., version 3 (2026)",https://data.mendeley.com/datasets/8b4ztns76h/3,needs_deduplication_and_nutrition_source
mie sohun,1,"Mendeley Data, Purwanto et al., version 3 (2026)",https://data.mendeley.com/datasets/8b4ztns76h/3,needs_deduplication_and_nutrition_source
mie spaghetti lafonte,1,"Mendeley Data, Purwanto et al., version 3 (2026)",https://data.mendeley.com/datasets/8b4ztns76h/3,needs_deduplication_and_nutrition_source
mie su'un,1,"Mendeley Data, Purwanto et al., version 3 (2026)",https://data.mendeley.com/datasets/8b4ztns76h/3,needs_deduplication_and_nutrition_source
mie telor,1,"Mendeley Data, Purwanto et al., version 3 (2026)",https://data.mendeley.com/datasets/8b4ztns76h/3,needs_deduplication_and_nutrition_source
mie telur,1,"Mendeley Data, Purwanto et al., version 3 (2026)",https://data.mendeley.com/datasets/8b4ztns76h/3,needs_deduplication_and_nutrition_source
mie telur (merk burung dara),1,"Mendeley Data, Purwanto et al., version 3 (2026)",https://data.mendeley.com/datasets/8b4ztns76h/3,needs_deduplication_and_nutrition_source
mie telur kering,1,"Mendeley Data, Purwanto et al., version 3 (2026)",https://data.mendeley.com/datasets/8b4ztns76h/3,needs_deduplication_and_nutrition_source
miehun / bihun (rose brand),1,"Mendeley Data, Purwanto et al., version 3 (2026)",https://data.mendeley.com/datasets/8b4ztns76h/3,needs_deduplication_and_nutrition_source
mihun rose brand,1,"Mendeley Data, Purwanto et al., version 3 (2026)",https://data.mendeley.com/datasets/8b4ztns76h/3,needs_deduplication_and_nutrition_source
minyak goreng panas,1,"Mendeley Data, Purwanto et al., version 3 (2026)",https://data.mendeley.com/datasets/8b4ztns76h/3,needs_deduplication_and_nutrition_source
minyak goreng rose brand + garam (olesan),1,"Mendeley Data, Purwanto et al., version 3 (2026)",https://data.mendeley.com/datasets/8b4ztns76h/3,needs_deduplication_and_nutrition_source
minyak jagung tropicana slim,1,"Mendeley Data, Purwanto et al., version 3 (2026)",https://data.mendeley.com/datasets/8b4ztns76h/3,needs_deduplication_and_nutrition_source
minyak kanola,1,"Mendeley Data, Purwanto et al., version 3 (2026)",https://data.mendeley.com/datasets/8b4ztns76h/3,needs_deduplication_and_nutrition_source
minyak kelapa / minyak sayur,1,"Mendeley Data, Purwanto et al., version 3 (2026)",https://data.mendeley.com/datasets/8b4ztns76h/3,needs_deduplication_and_nutrition_source
minyak kelapa /minyak sayur,1,"Mendeley Data, Purwanto et al., version 3 (2026)",https://data.mendeley.com/datasets/8b4ztns76h/3,needs_deduplication_and_nutrition_source
minyak makan,1,"Mendeley Data, Purwanto et al., version 3 (2026)",https://data.mendeley.com/datasets/8b4ztns76h/3,needs_deduplication_and_nutrition_source
minyak miso,1,"Mendeley Data, Purwanto et al., version 3 (2026)",https://data.mendeley.com/datasets/8b4ztns76h/3,needs_deduplication_and_nutrition_source
minyak olive,1,"Mendeley Data, Purwanto et al., version 3 (2026)",https://data.mendeley.com/datasets/8b4ztns76h/3,needs_deduplication_and_nutrition_source
minyak panas,1,"Mendeley Data, Purwanto et al., version 3 (2026)",https://data.mendeley.com/datasets/8b4ztns76h/3,needs_deduplication_and_nutrition_source
minyak u menumis,1,"Mendeley Data, Purwanto et al., version 3 (2026)",https://data.mendeley.com/datasets/8b4ztns76h/3,needs_deduplication_and_nutrition_source
minyak utk menggoreng,1,"Mendeley Data, Purwanto et al., version 3 (2026)",https://data.mendeley.com/datasets/8b4ztns76h/3,needs_deduplication_and_nutrition_source
minyak zaitun,1,"Mendeley Data, Purwanto et al., version 3 (2026)",https://data.mendeley.com/datasets/8b4ztns76h/3,needs_deduplication_and_nutrition_source
mix vegetable,1,"Mendeley Data, Purwanto et al., version 3 (2026)",https://data.mendeley.com/datasets/8b4ztns76h/3,needs_deduplication_and_nutrition_source
mrica bubuk,1,"Mendeley Data, Purwanto et al., version 3 (2026)",https://data.mendeley.com/datasets/8b4ztns76h/3,needs_deduplication_and_nutrition_source
msg a satu rose brand,1,"Mendeley Data, Purwanto et al., version 3 (2026)",https://data.mendeley.com/datasets/8b4ztns76h/3,needs_deduplication_and_nutrition_source
msg asatu,1,"Mendeley Data, Purwanto et al., version 3 (2026)",https://data.mendeley.com/datasets/8b4ztns76h/3,needs_deduplication_and_nutrition_source
msg satu rose brand,1,"Mendeley Data, Purwanto et al., version 3 (2026)",https://data.mendeley.com/datasets/8b4ztns76h/3,needs_deduplication_and_nutrition_source
mujung garam halus,1,"Mendeley Data, Purwanto et al., version 3 (2026)",https://data.mendeley.com/datasets/8b4ztns76h/3,needs_deduplication_and_nutrition_source
munjung garam,1,"Mendeley Data, Purwanto et al., version 3 (2026)",https://data.mendeley.com/datasets/8b4ztns76h/3,needs_deduplication_and_nutrition_source
munjung margarin,1,"Mendeley Data, Purwanto et al., version 3 (2026)",https://data.mendeley.com/datasets/8b4ztns76h/3,needs_deduplication_and_nutrition_source
mutiara,1,"Mendeley Data, Purwanto et al., version 3 (2026)",https://data.mendeley.com/datasets/8b4ztns76h/3,needs_deduplication_and_nutrition_source
nanas kupas ukuran agak besar,1,"Mendeley Data, Purwanto et al., version 3 (2026)",https://data.mendeley.com/datasets/8b4ztns76h/3,needs_deduplication_and_nutrition_source
nanas ukuran kecil,1,"Mendeley Data, Purwanto et al., version 3 (2026)",https://data.mendeley.com/datasets/8b4ztns76h/3,needs_deduplication_and_nutrition_source
nangka mentah,1,"Mendeley Data, Purwanto et al., version 3 (2026)",https://data.mendeley.com/datasets/8b4ztns76h/3,needs_deduplication_and_nutrition_source
nangka muda siap kupas,1,"Mendeley Data, Purwanto et al., version 3 (2026)",https://data.mendeley.com/datasets/8b4ztns76h/3,needs_deduplication_and_nutrition_source
nasi diet ceria + buncis nasi diet basmati ceria,1,"Mendeley Data, Purwanto et al., version 3 (2026)",https://data.mendeley.com/datasets/8b4ztns76h/3,needs_deduplication_and_nutrition_source
nasi pulen hangat,1,"Mendeley Data, Purwanto et al., version 3 (2026)",https://data.mendeley.com/datasets/8b4ztns76h/3,needs_deduplication_and_nutrition_source
nasi putih pera sisa kemarin,1,"Mendeley Data, Purwanto et al., version 3 (2026)",https://data.mendeley.com/datasets/8b4ztns76h/3,needs_deduplication_and_nutrition_source
nasi sisa,1,"Mendeley Data, Purwanto et al., version 3 (2026)",https://data.mendeley.com/datasets/8b4ztns76h/3,needs_deduplication_and_nutrition_source
nila,1,"Mendeley Data, Purwanto et al., version 3 (2026)",https://data.mendeley.com/datasets/8b4ztns76h/3,needs_deduplication_and_nutrition_source
nutrijel kelapa,1,"Mendeley Data, Purwanto et al., version 3 (2026)",https://data.mendeley.com/datasets/8b4ztns76h/3,needs_deduplication_and_nutrition_source
nutrijell plain,1,"Mendeley Data, Purwanto et al., version 3 (2026)",https://data.mendeley.com/datasets/8b4ztns76h/3,needs_deduplication_and_nutrition_source
okra,1,"Mendeley Data, Purwanto et al., version 3 (2026)",https://data.mendeley.com/datasets/8b4ztns76h/3,needs_deduplication_and_nutrition_source
oregano kering,1,"Mendeley Data, Purwanto et al., version 3 (2026)",https://data.mendeley.com/datasets/8b4ztns76h/3,needs_deduplication_and_nutrition_source
oyong,1,"Mendeley Data, Purwanto et al., version 3 (2026)",https://data.mendeley.com/datasets/8b4ztns76h/3,needs_deduplication_and_nutrition_source
paan tempe uk sedang,1,"Mendeley Data, Purwanto et al., version 3 (2026)",https://data.mendeley.com/datasets/8b4ztns76h/3,needs_deduplication_and_nutrition_source
pada bubuk,1,"Mendeley Data, Purwanto et al., version 3 (2026)",https://data.mendeley.com/datasets/8b4ztns76h/3,needs_deduplication_and_nutrition_source
paha ayam + ceker,1,"Mendeley Data, Purwanto et al., version 3 (2026)",https://data.mendeley.com/datasets/8b4ztns76h/3,needs_deduplication_and_nutrition_source
paha ayam bagian bawah,1,"Mendeley Data, Purwanto et al., version 3 (2026)",https://data.mendeley.com/datasets/8b4ztns76h/3,needs_deduplication_and_nutrition_source
paha ayam giling,1,"Mendeley Data, Purwanto et al., version 3 (2026)",https://data.mendeley.com/datasets/8b4ztns76h/3,needs_deduplication_and_nutrition_source
paha ayam ukuran sedang,1,"Mendeley Data, Purwanto et al., version 3 (2026)",https://data.mendeley.com/datasets/8b4ztns76h/3,needs_deduplication_and_nutrition_source
paha bawah,1,"Mendeley Data, Purwanto et al., version 3 (2026)",https://data.mendeley.com/datasets/8b4ztns76h/3,needs_deduplication_and_nutrition_source
paha tanpa tulang,1,"Mendeley Data, Purwanto et al., version 3 (2026)",https://data.mendeley.com/datasets/8b4ztns76h/3,needs_deduplication_and_nutrition_source
pakis,1,"Mendeley Data, Purwanto et al., version 3 (2026)",https://data.mendeley.com/datasets/8b4ztns76h/3,needs_deduplication_and_nutrition_source
pala (di parut),1,"Mendeley Data, Purwanto et al., version 3 (2026)",https://data.mendeley.com/datasets/8b4ztns76h/3,needs_deduplication_and_nutrition_source
pala biji kikis,1,"Mendeley Data, Purwanto et al., version 3 (2026)",https://data.mendeley.com/datasets/8b4ztns76h/3,needs_deduplication_and_nutrition_source
pampis tuna,1,"Mendeley Data, Purwanto et al., version 3 (2026)",https://data.mendeley.com/datasets/8b4ztns76h/3,needs_deduplication_and_nutrition_source
pangsit goreng,1,"Mendeley Data, Purwanto et al., version 3 (2026)",https://data.mendeley.com/datasets/8b4ztns76h/3,needs_deduplication_and_nutrition_source
papan pete,1,"Mendeley Data, Purwanto et al., version 3 (2026)",https://data.mendeley.com/datasets/8b4ztns76h/3,needs_deduplication_and_nutrition_source
paprika,1,"Mendeley Data, Purwanto et al., version 3 (2026)",https://data.mendeley.com/datasets/8b4ztns76h/3,needs_deduplication_and_nutrition_source
paprika merah,1,"Mendeley Data, Purwanto et al., version 3 (2026)",https://data.mendeley.com/datasets/8b4ztns76h/3,needs_deduplication_and_nutrition_source
paprika powder / bubuk cabe,1,"Mendeley Data, Purwanto et al., version 3 (2026)",https://data.mendeley.com/datasets/8b4ztns76h/3,needs_deduplication_and_nutrition_source
pare,1,"Mendeley Data, Purwanto et al., version 3 (2026)",https://data.mendeley.com/datasets/8b4ztns76h/3,needs_deduplication_and_nutrition_source
pare ukuran besar,1,"Mendeley Data, Purwanto et al., version 3 (2026)",https://data.mendeley.com/datasets/8b4ztns76h/3,needs_deduplication_and_nutrition_source
paru sapi,1,"Mendeley Data, Purwanto et al., version 3 (2026)",https://data.mendeley.com/datasets/8b4ztns76h/3,needs_deduplication_and_nutrition_source
pasta,1,"Mendeley Data, Purwanto et al., version 3 (2026)",https://data.mendeley.com/datasets/8b4ztns76h/3,needs_deduplication_and_nutrition_source
pasta asam jawa,1,"Mendeley Data, Purwanto et al., version 3 (2026)",https://data.mendeley.com/datasets/8b4ztns76h/3,needs_deduplication_and_nutrition_source
pasta fettuccine,1,"Mendeley Data, Purwanto et al., version 3 (2026)",https://data.mendeley.com/datasets/8b4ztns76h/3,needs_deduplication_and_nutrition_source
pasta saos tiram vegan,1,"Mendeley Data, Purwanto et al., version 3 (2026)",https://data.mendeley.com/datasets/8b4ztns76h/3,needs_deduplication_and_nutrition_source
pasta spaghetti,1,"Mendeley Data, Purwanto et al., version 3 (2026)",https://data.mendeley.com/datasets/8b4ztns76h/3,needs_deduplication_and_nutrition_source
patarana/plik ue,1,"Mendeley Data, Purwanto et al., version 3 (2026)",https://data.mendeley.com/datasets/8b4ztns76h/3,needs_deduplication_and_nutrition_source
patih,1,"Mendeley Data, Purwanto et al., version 3 (2026)",https://data.mendeley.com/datasets/8b4ztns76h/3,needs_deduplication_and_nutrition_source
patin fillet,1,"Mendeley Data, Purwanto et al., version 3 (2026)",https://data.mendeley.com/datasets/8b4ztns76h/3,needs_deduplication_and_nutrition_source
pekak,1,"Mendeley Data, Purwanto et al., version 3 (2026)",https://data.mendeley.com/datasets/8b4ztns76h/3,needs_deduplication_and_nutrition_source
pekak/ bunga lawang/ bunga sisir,1,"Mendeley Data, Purwanto et al., version 3 (2026)",https://data.mendeley.com/datasets/8b4ztns76h/3,needs_deduplication_and_nutrition_source
pelengkap,1,"Mendeley Data, Purwanto et al., version 3 (2026)",https://data.mendeley.com/datasets/8b4ztns76h/3,needs_deduplication_and_nutrition_source
pemasak kambing,1,"Mendeley Data, Purwanto et al., version 3 (2026)",https://data.mendeley.com/datasets/8b4ztns76h/3,needs_deduplication_and_nutrition_source
pemasak rendang (kari bubuk),1,"Mendeley Data, Purwanto et al., version 3 (2026)",https://data.mendeley.com/datasets/8b4ztns76h/3,needs_deduplication_and_nutrition_source
pempek lenjer,1,"Mendeley Data, Purwanto et al., version 3 (2026)",https://data.mendeley.com/datasets/8b4ztns76h/3,needs_deduplication_and_nutrition_source
penne,1,"Mendeley Data, Purwanto et al., version 3 (2026)",https://data.mendeley.com/datasets/8b4ztns76h/3,needs_deduplication_and_nutrition_source
penne rigati,1,"Mendeley Data, Purwanto et al., version 3 (2026)",https://data.mendeley.com/datasets/8b4ztns76h/3,needs_deduplication_and_nutrition_source
pentol sapi,1,"Mendeley Data, Purwanto et al., version 3 (2026)",https://data.mendeley.com/datasets/8b4ztns76h/3,needs_deduplication_and_nutrition_source
penyedap (optional),1,"Mendeley Data, Purwanto et al., version 3 (2026)",https://data.mendeley.com/datasets/8b4ztns76h/3,needs_deduplication_and_nutrition_source
penyedap (royco),1,"Mendeley Data, Purwanto et al., version 3 (2026)",https://data.mendeley.com/datasets/8b4ztns76h/3,needs_deduplication_and_nutrition_source
penyedap (sambal cianjur),1,"Mendeley Data, Purwanto et al., version 3 (2026)",https://data.mendeley.com/datasets/8b4ztns76h/3,needs_deduplication_and_nutrition_source
penyedap (sy kaldu jamur),1,"Mendeley Data, Purwanto et al., version 3 (2026)",https://data.mendeley.com/datasets/8b4ztns76h/3,needs_deduplication_and_nutrition_source
penyedap a satu rose brand,1,"Mendeley Data, Purwanto et al., version 3 (2026)",https://data.mendeley.com/datasets/8b4ztns76h/3,needs_deduplication_and_nutrition_source
penyedap ayam,1,"Mendeley Data, Purwanto et al., version 3 (2026)",https://data.mendeley.com/datasets/8b4ztns76h/3,needs_deduplication_and_nutrition_source
penyedap kaldu jamur,1,"Mendeley Data, Purwanto et al., version 3 (2026)",https://data.mendeley.com/datasets/8b4ztns76h/3,needs_deduplication_and_nutrition_source
penyedap micin a1 rose brand,1,"Mendeley Data, Purwanto et al., version 3 (2026)",https://data.mendeley.com/datasets/8b4ztns76h/3,needs_deduplication_and_nutrition_source
"penyedap non msg (me, totole)",1,"Mendeley Data, Purwanto et al., version 3 (2026)",https://data.mendeley.com/datasets/8b4ztns76h/3,needs_deduplication_and_nutrition_source
penyedap rasa #masako,1,"Mendeley Data, Purwanto et al., version 3 (2026)",https://data.mendeley.com/datasets/8b4ztns76h/3,needs_deduplication_and_nutrition_source
penyedap rasa (opsi),1,"Mendeley Data, Purwanto et al., version 3 (2026)",https://data.mendeley.com/datasets/8b4ztns76h/3,needs_deduplication_and_nutrition_source
penyedap rasa a1 dari rose brand,1,"Mendeley Data, Purwanto et al., version 3 (2026)",https://data.mendeley.com/datasets/8b4ztns76h/3,needs_deduplication_and_nutrition_source
penyedap rasa asatu rose brand,1,"Mendeley Data, Purwanto et al., version 3 (2026)",https://data.mendeley.com/datasets/8b4ztns76h/3,needs_deduplication_and_nutrition_source
penyedap rasa ayam,1,"Mendeley Data, Purwanto et al., version 3 (2026)",https://data.mendeley.com/datasets/8b4ztns76h/3,needs_deduplication_and_nutrition_source
"penyedap rasa kaldu (ayam, sapi, jamur, etc)",1,"Mendeley Data, Purwanto et al., version 3 (2026)",https://data.mendeley.com/datasets/8b4ztns76h/3,needs_deduplication_and_nutrition_source
penyedap rasa kaldu ayam,1,"Mendeley Data, Purwanto et al., version 3 (2026)",https://data.mendeley.com/datasets/8b4ztns76h/3,needs_deduplication_and_nutrition_source
penyedap rasa masako/ royco,1,"Mendeley Data, Purwanto et al., version 3 (2026)",https://data.mendeley.com/datasets/8b4ztns76h/3,needs_deduplication_and_nutrition_source
penyedap rasa sapi,1,"Mendeley Data, Purwanto et al., version 3 (2026)",https://data.mendeley.com/datasets/8b4ztns76h/3,needs_deduplication_and_nutrition_source
penyedap rasa sasa,1,"Mendeley Data, Purwanto et al., version 3 (2026)",https://data.mendeley.com/datasets/8b4ztns76h/3,needs_deduplication_and_nutrition_source
penyedap rose brand a,1,"Mendeley Data, Purwanto et al., version 3 (2026)",https://data.mendeley.com/datasets/8b4ztns76h/3,needs_deduplication_and_nutrition_source
penyedap royco,1,"Mendeley Data, Purwanto et al., version 3 (2026)",https://data.mendeley.com/datasets/8b4ztns76h/3,needs_deduplication_and_nutrition_source
pepperoni,1,"Mendeley Data, Purwanto et al., version 3 (2026)",https://data.mendeley.com/datasets/8b4ztns76h/3,needs_deduplication_and_nutrition_source
perasan jeruk sambal,1,"Mendeley Data, Purwanto et al., version 3 (2026)",https://data.mendeley.com/datasets/8b4ztns76h/3,needs_deduplication_and_nutrition_source
peres garam,1,"Mendeley Data, Purwanto et al., version 3 (2026)",https://data.mendeley.com/datasets/8b4ztns76h/3,needs_deduplication_and_nutrition_source
peres ketumbar bubuk,1,"Mendeley Data, Purwanto et al., version 3 (2026)",https://data.mendeley.com/datasets/8b4ztns76h/3,needs_deduplication_and_nutrition_source
peres lada bubuk,1,"Mendeley Data, Purwanto et al., version 3 (2026)",https://data.mendeley.com/datasets/8b4ztns76h/3,needs_deduplication_and_nutrition_source
perkedel,1,"Mendeley Data, Purwanto et al., version 3 (2026)",https://data.mendeley.com/datasets/8b4ztns76h/3,needs_deduplication_and_nutrition_source
perkedel kentang,1,"Mendeley Data, Purwanto et al., version 3 (2026)",https://data.mendeley.com/datasets/8b4ztns76h/3,needs_deduplication_and_nutrition_source
petis (skip),1,"Mendeley Data, Purwanto et al., version 3 (2026)",https://data.mendeley.com/datasets/8b4ztns76h/3,needs_deduplication_and_nutrition_source
petis tuban,1,"Mendeley Data, Purwanto et al., version 3 (2026)",https://data.mendeley.com/datasets/8b4ztns76h/3,needs_deduplication_and_nutrition_source
pewarna merah,1,"Mendeley Data, Purwanto et al., version 3 (2026)",https://data.mendeley.com/datasets/8b4ztns76h/3,needs_deduplication_and_nutrition_source
pindang,1,"Mendeley Data, Purwanto et al., version 3 (2026)",https://data.mendeley.com/datasets/8b4ztns76h/3,needs_deduplication_and_nutrition_source
pindang layang besar,1,"Mendeley Data, Purwanto et al., version 3 (2026)",https://data.mendeley.com/datasets/8b4ztns76h/3,needs_deduplication_and_nutrition_source
pindang teri nasi (4 pcs),1,"Mendeley Data, Purwanto et al., version 3 (2026)",https://data.mendeley.com/datasets/8b4ztns76h/3,needs_deduplication_and_nutrition_source
pindang tongkol,1,"Mendeley Data, Purwanto et al., version 3 (2026)",https://data.mendeley.com/datasets/8b4ztns76h/3,needs_deduplication_and_nutrition_source
pindang tongkol (8 potong kecil),1,"Mendeley Data, Purwanto et al., version 3 (2026)",https://data.mendeley.com/datasets/8b4ztns76h/3,needs_deduplication_and_nutrition_source
pindang tongkol irisan,1,"Mendeley Data, Purwanto et al., version 3 (2026)",https://data.mendeley.com/datasets/8b4ztns76h/3,needs_deduplication_and_nutrition_source
pindang uk besar,1,"Mendeley Data, Purwanto et al., version 3 (2026)",https://data.mendeley.com/datasets/8b4ztns76h/3,needs_deduplication_and_nutrition_source
pisang,1,"Mendeley Data, Purwanto et al., version 3 (2026)",https://data.mendeley.com/datasets/8b4ztns76h/3,needs_deduplication_and_nutrition_source
pisang tanduk,1,"Mendeley Data, Purwanto et al., version 3 (2026)",https://data.mendeley.com/datasets/8b4ztns76h/3,needs_deduplication_and_nutrition_source
plastik es lilin,1,"Mendeley Data, Purwanto et al., version 3 (2026)",https://data.mendeley.com/datasets/8b4ztns76h/3,needs_deduplication_and_nutrition_source
pliek u / patarana,1,"Mendeley Data, Purwanto et al., version 3 (2026)",https://data.mendeley.com/datasets/8b4ztns76h/3,needs_deduplication_and_nutrition_source
pokcoi,1,"Mendeley Data, Purwanto et al., version 3 (2026)",https://data.mendeley.com/datasets/8b4ztns76h/3,needs_deduplication_and_nutrition_source
pondoh,1,"Mendeley Data, Purwanto et al., version 3 (2026)",https://data.mendeley.com/datasets/8b4ztns76h/3,needs_deduplication_and_nutrition_source
pre iris tipis,1,"Mendeley Data, Purwanto et al., version 3 (2026)",https://data.mendeley.com/datasets/8b4ztns76h/3,needs_deduplication_and_nutrition_source
putih,1,"Mendeley Data, Purwanto et al., version 3 (2026)",https://data.mendeley.com/datasets/8b4ztns76h/3,needs_deduplication_and_nutrition_source
putih telor,1,"Mendeley Data, Purwanto et al., version 3 (2026)",https://data.mendeley.com/datasets/8b4ztns76h/3,needs_deduplication_and_nutrition_source
putih telur (adonan kulit),1,"Mendeley Data, Purwanto et al., version 3 (2026)",https://data.mendeley.com/datasets/8b4ztns76h/3,needs_deduplication_and_nutrition_source
putih telur ayam,1,"Mendeley Data, Purwanto et al., version 3 (2026)",https://data.mendeley.com/datasets/8b4ztns76h/3,needs_deduplication_and_nutrition_source
rabuk kelapa,1,"Mendeley Data, Purwanto et al., version 3 (2026)",https://data.mendeley.com/datasets/8b4ztns76h/3,needs_deduplication_and_nutrition_source
racik marinasi indofood,1,"Mendeley Data, Purwanto et al., version 3 (2026)",https://data.mendeley.com/datasets/8b4ztns76h/3,needs_deduplication_and_nutrition_source
ragi,1,"Mendeley Data, Purwanto et al., version 3 (2026)",https://data.mendeley.com/datasets/8b4ztns76h/3,needs_deduplication_and_nutrition_source
ragi instant,1,"Mendeley Data, Purwanto et al., version 3 (2026)",https://data.mendeley.com/datasets/8b4ztns76h/3,needs_deduplication_and_nutrition_source
ramania hijau (yg masih mentah),1,"Mendeley Data, Purwanto et al., version 3 (2026)",https://data.mendeley.com/datasets/8b4ztns76h/3,needs_deduplication_and_nutrition_source
rasa bawang goreng,1,"Mendeley Data, Purwanto et al., version 3 (2026)",https://data.mendeley.com/datasets/8b4ztns76h/3,needs_deduplication_and_nutrition_source
rawit (jika suka pedas),1,"Mendeley Data, Purwanto et al., version 3 (2026)",https://data.mendeley.com/datasets/8b4ztns76h/3,needs_deduplication_and_nutrition_source
rawit atau sckpy,1,"Mendeley Data, Purwanto et al., version 3 (2026)",https://data.mendeley.com/datasets/8b4ztns76h/3,needs_deduplication_and_nutrition_source
rawit hijau,1,"Mendeley Data, Purwanto et al., version 3 (2026)",https://data.mendeley.com/datasets/8b4ztns76h/3,needs_deduplication_and_nutrition_source
rawit ijo,1,"Mendeley Data, Purwanto et al., version 3 (2026)",https://data.mendeley.com/datasets/8b4ztns76h/3,needs_deduplication_and_nutrition_source
rawit utuh,1,"Mendeley Data, Purwanto et al., version 3 (2026)",https://data.mendeley.com/datasets/8b4ztns76h/3,needs_deduplication_and_nutrition_source
rawon instan (bumbu basah),1,"Mendeley Data, Purwanto et al., version 3 (2026)",https://data.mendeley.com/datasets/8b4ztns76h/3,needs_deduplication_and_nutrition_source
rayco,1,"Mendeley Data, Purwanto et al., version 3 (2026)",https://data.mendeley.com/datasets/8b4ztns76h/3,needs_deduplication_and_nutrition_source
rebung bambu yq sdah d rebus,1,"Mendeley Data, Purwanto et al., version 3 (2026)",https://data.mendeley.com/datasets/8b4ztns76h/3,needs_deduplication_and_nutrition_source
remas (kemangi),1,"Mendeley Data, Purwanto et al., version 3 (2026)",https://data.mendeley.com/datasets/8b4ztns76h/3,needs_deduplication_and_nutrition_source
risol bihun goreng,1,"Mendeley Data, Purwanto et al., version 3 (2026)",https://data.mendeley.com/datasets/8b4ztns76h/3,needs_deduplication_and_nutrition_source
ro*co ayam,1,"Mendeley Data, Purwanto et al., version 3 (2026)",https://data.mendeley.com/datasets/8b4ztns76h/3,needs_deduplication_and_nutrition_source
roco,1,"Mendeley Data, Purwanto et al., version 3 (2026)",https://data.mendeley.com/datasets/8b4ztns76h/3,needs_deduplication_and_nutrition_source
royc* ayam,1,"Mendeley Data, Purwanto et al., version 3 (2026)",https://data.mendeley.com/datasets/8b4ztns76h/3,needs_deduplication_and_nutrition_source
royco sapi,1,"Mendeley Data, Purwanto et al., version 3 (2026)",https://data.mendeley.com/datasets/8b4ztns76h/3,needs_deduplication_and_nutrition_source
royco/masako,1,"Mendeley Data, Purwanto et al., version 3 (2026)",https://data.mendeley.com/datasets/8b4ztns76h/3,needs_deduplication_and_nutrition_source
royko,1,"Mendeley Data, Purwanto et al., version 3 (2026)",https://data.mendeley.com/datasets/8b4ztns76h/3,needs_deduplication_and_nutrition_source
royko ayam,1,"Mendeley Data, Purwanto et al., version 3 (2026)",https://data.mendeley.com/datasets/8b4ztns76h/3,needs_deduplication_and_nutrition_source
ruas jahe,1,"Mendeley Data, Purwanto et al., version 3 (2026)",https://data.mendeley.com/datasets/8b4ztns76h/3,needs_deduplication_and_nutrition_source
ruas jari lengkuas,1,"Mendeley Data, Purwanto et al., version 3 (2026)",https://data.mendeley.com/datasets/8b4ztns76h/3,needs_deduplication_and_nutrition_source
ruas laos,1,"Mendeley Data, Purwanto et al., version 3 (2026)",https://data.mendeley.com/datasets/8b4ztns76h/3,needs_deduplication_and_nutrition_source
sagu / tapioka rose brand,1,"Mendeley Data, Purwanto et al., version 3 (2026)",https://data.mendeley.com/datasets/8b4ztns76h/3,needs_deduplication_and_nutrition_source
sagu cap pak tani gunung,1,"Mendeley Data, Purwanto et al., version 3 (2026)",https://data.mendeley.com/datasets/8b4ztns76h/3,needs_deduplication_and_nutrition_source
sagu kwalitas bagus (sagu tani atau sagu gunung),1,"Mendeley Data, Purwanto et al., version 3 (2026)",https://data.mendeley.com/datasets/8b4ztns76h/3,needs_deduplication_and_nutrition_source
sagu pak tani gunung (sago flour / tapioca),1,"Mendeley Data, Purwanto et al., version 3 (2026)",https://data.mendeley.com/datasets/8b4ztns76h/3,needs_deduplication_and_nutrition_source
sagu tani atau tepung tapioka rose brand,1,"Mendeley Data, Purwanto et al., version 3 (2026)",https://data.mendeley.com/datasets/8b4ztns76h/3,needs_deduplication_and_nutrition_source
salmon fillet panggang hingga matang,1,"Mendeley Data, Purwanto et al., version 3 (2026)",https://data.mendeley.com/datasets/8b4ztns76h/3,needs_deduplication_and_nutrition_source
sambal cabe rawit,1,"Mendeley Data, Purwanto et al., version 3 (2026)",https://data.mendeley.com/datasets/8b4ztns76h/3,needs_deduplication_and_nutrition_source
sambal dabu dabu,1,"Mendeley Data, Purwanto et al., version 3 (2026)",https://data.mendeley.com/datasets/8b4ztns76h/3,needs_deduplication_and_nutrition_source
sambal hitam madura,1,"Mendeley Data, Purwanto et al., version 3 (2026)",https://data.mendeley.com/datasets/8b4ztns76h/3,needs_deduplication_and_nutrition_source
sambal kacang,1,"Mendeley Data, Purwanto et al., version 3 (2026)",https://data.mendeley.com/datasets/8b4ztns76h/3,needs_deduplication_and_nutrition_source
sambal kecap,1,"Mendeley Data, Purwanto et al., version 3 (2026)",https://data.mendeley.com/datasets/8b4ztns76h/3,needs_deduplication_and_nutrition_source
sambal kemiri,1,"Mendeley Data, Purwanto et al., version 3 (2026)",https://data.mendeley.com/datasets/8b4ztns76h/3,needs_deduplication_and_nutrition_source
sambal masak habang,1,"Mendeley Data, Purwanto et al., version 3 (2026)",https://data.mendeley.com/datasets/8b4ztns76h/3,needs_deduplication_and_nutrition_source
sambal matah,1,"Mendeley Data, Purwanto et al., version 3 (2026)",https://data.mendeley.com/datasets/8b4ztns76h/3,needs_deduplication_and_nutrition_source
sambal panggang,1,"Mendeley Data, Purwanto et al., version 3 (2026)",https://data.mendeley.com/datasets/8b4ztns76h/3,needs_deduplication_and_nutrition_source
sambal teri kecombrang sambal teri bunga kecombrang,1,"Mendeley Data, Purwanto et al., version 3 (2026)",https://data.mendeley.com/datasets/8b4ztns76h/3,needs_deduplication_and_nutrition_source
sambel bawang /sambel apa aja,1,"Mendeley Data, Purwanto et al., version 3 (2026)",https://data.mendeley.com/datasets/8b4ztns76h/3,needs_deduplication_and_nutrition_source
sambel cabe rebus,1,"Mendeley Data, Purwanto et al., version 3 (2026)",https://data.mendeley.com/datasets/8b4ztns76h/3,needs_deduplication_and_nutrition_source
sambel goreng basah kentang + wortel + buncis,1,"Mendeley Data, Purwanto et al., version 3 (2026)",https://data.mendeley.com/datasets/8b4ztns76h/3,needs_deduplication_and_nutrition_source
sambel pecel,1,"Mendeley Data, Purwanto et al., version 3 (2026)",https://data.mendeley.com/datasets/8b4ztns76h/3,needs_deduplication_and_nutrition_source
sambel pecel instan,1,"Mendeley Data, Purwanto et al., version 3 (2026)",https://data.mendeley.com/datasets/8b4ztns76h/3,needs_deduplication_and_nutrition_source
sambel terasi,1,"Mendeley Data, Purwanto et al., version 3 (2026)",https://data.mendeley.com/datasets/8b4ztns76h/3,needs_deduplication_and_nutrition_source
santan dari 1/2 kelapa tua,1,"Mendeley Data, Purwanto et al., version 3 (2026)",https://data.mendeley.com/datasets/8b4ztns76h/3,needs_deduplication_and_nutrition_source
santan dari 1/4 butir kelapa tua,1,"Mendeley Data, Purwanto et al., version 3 (2026)",https://data.mendeley.com/datasets/8b4ztns76h/3,needs_deduplication_and_nutrition_source
santan dari setengah butir kelapa,1,"Mendeley Data, Purwanto et al., version 3 (2026)",https://data.mendeley.com/datasets/8b4ztns76h/3,needs_deduplication_and_nutrition_source
santan dr 1 buah kelapa,1,"Mendeley Data, Purwanto et al., version 3 (2026)",https://data.mendeley.com/datasets/8b4ztns76h/3,needs_deduplication_and_nutrition_source
santan hangar,1,"Mendeley Data, Purwanto et al., version 3 (2026)",https://data.mendeley.com/datasets/8b4ztns76h/3,needs_deduplication_and_nutrition_source
santan insan (me kara),1,"Mendeley Data, Purwanto et al., version 3 (2026)",https://data.mendeley.com/datasets/8b4ztns76h/3,needs_deduplication_and_nutrition_source
santan instan kecil,1,"Mendeley Data, Purwanto et al., version 3 (2026)",https://data.mendeley.com/datasets/8b4ztns76h/3,needs_deduplication_and_nutrition_source
santan instan produk sasa,1,"Mendeley Data, Purwanto et al., version 3 (2026)",https://data.mendeley.com/datasets/8b4ztns76h/3,needs_deduplication_and_nutrition_source
santan kara kotak,1,"Mendeley Data, Purwanto et al., version 3 (2026)",https://data.mendeley.com/datasets/8b4ztns76h/3,needs_deduplication_and_nutrition_source
santan kelapa (saya kemasan),1,"Mendeley Data, Purwanto et al., version 3 (2026)",https://data.mendeley.com/datasets/8b4ztns76h/3,needs_deduplication_and_nutrition_source
santan kelapa asli,1,"Mendeley Data, Purwanto et al., version 3 (2026)",https://data.mendeley.com/datasets/8b4ztns76h/3,needs_deduplication_and_nutrition_source
santan kelapa instan,1,"Mendeley Data, Purwanto et al., version 3 (2026)",https://data.mendeley.com/datasets/8b4ztns76h/3,needs_deduplication_and_nutrition_source
santan kelapa murni,1,"Mendeley Data, Purwanto et al., version 3 (2026)",https://data.mendeley.com/datasets/8b4ztns76h/3,needs_deduplication_and_nutrition_source
santan kemasan,1,"Mendeley Data, Purwanto et al., version 3 (2026)",https://data.mendeley.com/datasets/8b4ztns76h/3,needs_deduplication_and_nutrition_source
santan kental dari 200gr kelapa parut,1,"Mendeley Data, Purwanto et al., version 3 (2026)",https://data.mendeley.com/datasets/8b4ztns76h/3,needs_deduplication_and_nutrition_source
santan merk kara,1,"Mendeley Data, Purwanto et al., version 3 (2026)",https://data.mendeley.com/datasets/8b4ztns76h/3,needs_deduplication_and_nutrition_source
santan peras,1,"Mendeley Data, Purwanto et al., version 3 (2026)",https://data.mendeley.com/datasets/8b4ztns76h/3,needs_deduplication_and_nutrition_source
santan segitiga rose brand,1,"Mendeley Data, Purwanto et al., version 3 (2026)",https://data.mendeley.com/datasets/8b4ztns76h/3,needs_deduplication_and_nutrition_source
saori� saus tiram,1,"Mendeley Data, Purwanto et al., version 3 (2026)",https://data.mendeley.com/datasets/8b4ztns76h/3,needs_deduplication_and_nutrition_source
saos,1,"Mendeley Data, Purwanto et al., version 3 (2026)",https://data.mendeley.com/datasets/8b4ztns76h/3,needs_deduplication_and_nutrition_source
saos ikan,1,"Mendeley Data, Purwanto et al., version 3 (2026)",https://data.mendeley.com/datasets/8b4ztns76h/3,needs_deduplication_and_nutrition_source
saos pedas,1,"Mendeley Data, Purwanto et al., version 3 (2026)",https://data.mendeley.com/datasets/8b4ztns76h/3,needs_deduplication_and_nutrition_source
saps bolognes,1,"Mendeley Data, Purwanto et al., version 3 (2026)",https://data.mendeley.com/datasets/8b4ztns76h/3,needs_deduplication_and_nutrition_source
sarden saus pedas,1,"Mendeley Data, Purwanto et al., version 3 (2026)",https://data.mendeley.com/datasets/8b4ztns76h/3,needs_deduplication_and_nutrition_source
sasa msg,1,"Mendeley Data, Purwanto et al., version 3 (2026)",https://data.mendeley.com/datasets/8b4ztns76h/3,needs_deduplication_and_nutrition_source
sate ayam,1,"Mendeley Data, Purwanto et al., version 3 (2026)",https://data.mendeley.com/datasets/8b4ztns76h/3,needs_deduplication_and_nutrition_source
sate kambing,1,"Mendeley Data, Purwanto et al., version 3 (2026)",https://data.mendeley.com/datasets/8b4ztns76h/3,needs_deduplication_and_nutrition_source
saus bangkok (indofood),1,"Mendeley Data, Purwanto et al., version 3 (2026)",https://data.mendeley.com/datasets/8b4ztns76h/3,needs_deduplication_and_nutrition_source
saus bolognese,1,"Mendeley Data, Purwanto et al., version 3 (2026)",https://data.mendeley.com/datasets/8b4ztns76h/3,needs_deduplication_and_nutrition_source
saus bulgogi,1,"Mendeley Data, Purwanto et al., version 3 (2026)",https://data.mendeley.com/datasets/8b4ztns76h/3,needs_deduplication_and_nutrition_source
saus cabai,1,"Mendeley Data, Purwanto et al., version 3 (2026)",https://data.mendeley.com/datasets/8b4ztns76h/3,needs_deduplication_and_nutrition_source
saus cabai (selera),1,"Mendeley Data, Purwanto et al., version 3 (2026)",https://data.mendeley.com/datasets/8b4ztns76h/3,needs_deduplication_and_nutrition_source
saus cabe,1,"Mendeley Data, Purwanto et al., version 3 (2026)",https://data.mendeley.com/datasets/8b4ztns76h/3,needs_deduplication_and_nutrition_source
saus ening (sy pakai saus rajasa),1,"Mendeley Data, Purwanto et al., version 3 (2026)",https://data.mendeley.com/datasets/8b4ztns76h/3,needs_deduplication_and_nutrition_source
"saus kacang homemade saus gado-gado lembut, creamy",1,"Mendeley Data, Purwanto et al., version 3 (2026)",https://data.mendeley.com/datasets/8b4ztns76h/3,needs_deduplication_and_nutrition_source
saus sambal (sambal asli / extra pedas abc),1,"Mendeley Data, Purwanto et al., version 3 (2026)",https://data.mendeley.com/datasets/8b4ztns76h/3,needs_deduplication_and_nutrition_source
saus sambal rumahan balado merah,1,"Mendeley Data, Purwanto et al., version 3 (2026)",https://data.mendeley.com/datasets/8b4ztns76h/3,needs_deduplication_and_nutrition_source
saus sambel,1,"Mendeley Data, Purwanto et al., version 3 (2026)",https://data.mendeley.com/datasets/8b4ztns76h/3,needs_deduplication_and_nutrition_source
saus tiram ( saori ),1,"Mendeley Data, Purwanto et al., version 3 (2026)",https://data.mendeley.com/datasets/8b4ztns76h/3,needs_deduplication_and_nutrition_source
saus tiram (saori),1,"Mendeley Data, Purwanto et al., version 3 (2026)",https://data.mendeley.com/datasets/8b4ztns76h/3,needs_deduplication_and_nutrition_source
saus tomat (yg biasanya ada bakso),1,"Mendeley Data, Purwanto et al., version 3 (2026)",https://data.mendeley.com/datasets/8b4ztns76h/3,needs_deduplication_and_nutrition_source
saus tomat botol,1,"Mendeley Data, Purwanto et al., version 3 (2026)",https://data.mendeley.com/datasets/8b4ztns76h/3,needs_deduplication_and_nutrition_source
saus tomat jawa (me: tongchin),1,"Mendeley Data, Purwanto et al., version 3 (2026)",https://data.mendeley.com/datasets/8b4ztns76h/3,needs_deduplication_and_nutrition_source
sawi ijo,1,"Mendeley Data, Purwanto et al., version 3 (2026)",https://data.mendeley.com/datasets/8b4ztns76h/3,needs_deduplication_and_nutrition_source
sawi manis (sawi putih),1,"Mendeley Data, Purwanto et al., version 3 (2026)",https://data.mendeley.com/datasets/8b4ztns76h/3,needs_deduplication_and_nutrition_source
sawi putih (pokcoy atau sawi hijau),1,"Mendeley Data, Purwanto et al., version 3 (2026)",https://data.mendeley.com/datasets/8b4ztns76h/3,needs_deduplication_and_nutrition_source
sayap ayam potong kecil,1,"Mendeley Data, Purwanto et al., version 3 (2026)",https://data.mendeley.com/datasets/8b4ztns76h/3,needs_deduplication_and_nutrition_source
sayap dan ceker ayam,1,"Mendeley Data, Purwanto et al., version 3 (2026)",https://data.mendeley.com/datasets/8b4ztns76h/3,needs_deduplication_and_nutrition_source
sayur asem olahan,1,"Mendeley Data, Purwanto et al., version 3 (2026)",https://data.mendeley.com/datasets/8b4ztns76h/3,needs_deduplication_and_nutrition_source
"sayuran rebus (kol, tauge, kacang panjang, wortel)",1,"Mendeley Data, Purwanto et al., version 3 (2026)",https://data.mendeley.com/datasets/8b4ztns76h/3,needs_deduplication_and_nutrition_source
sayuran sop,1,"Mendeley Data, Purwanto et al., version 3 (2026)",https://data.mendeley.com/datasets/8b4ztns76h/3,needs_deduplication_and_nutrition_source
seasoning kuah santan,1,"Mendeley Data, Purwanto et al., version 3 (2026)",https://data.mendeley.com/datasets/8b4ztns76h/3,needs_deduplication_and_nutrition_source
sedaap kaldu ayam,1,"Mendeley Data, Purwanto et al., version 3 (2026)",https://data.mendeley.com/datasets/8b4ztns76h/3,needs_deduplication_and_nutrition_source
sedikit kecap,1,"Mendeley Data, Purwanto et al., version 3 (2026)",https://data.mendeley.com/datasets/8b4ztns76h/3,needs_deduplication_and_nutrition_source
segenggam daun melinjo muda,1,"Mendeley Data, Purwanto et al., version 3 (2026)",https://data.mendeley.com/datasets/8b4ztns76h/3,needs_deduplication_and_nutrition_source
sejumput garam,1,"Mendeley Data, Purwanto et al., version 3 (2026)",https://data.mendeley.com/datasets/8b4ztns76h/3,needs_deduplication_and_nutrition_source
selada keriting,1,"Mendeley Data, Purwanto et al., version 3 (2026)",https://data.mendeley.com/datasets/8b4ztns76h/3,needs_deduplication_and_nutrition_source
selasih,1,"Mendeley Data, Purwanto et al., version 3 (2026)",https://data.mendeley.com/datasets/8b4ztns76h/3,needs_deduplication_and_nutrition_source
seledri / daun bawang,1,"Mendeley Data, Purwanto et al., version 3 (2026)",https://data.mendeley.com/datasets/8b4ztns76h/3,needs_deduplication_and_nutrition_source
seledri iris tipis,1,"Mendeley Data, Purwanto et al., version 3 (2026)",https://data.mendeley.com/datasets/8b4ztns76h/3,needs_deduplication_and_nutrition_source
serah,1,"Mendeley Data, Purwanto et al., version 3 (2026)",https://data.mendeley.com/datasets/8b4ztns76h/3,needs_deduplication_and_nutrition_source
serai (batang),1,"Mendeley Data, Purwanto et al., version 3 (2026)",https://data.mendeley.com/datasets/8b4ztns76h/3,needs_deduplication_and_nutrition_source
"serai (btg, geprek)",1,"Mendeley Data, Purwanto et al., version 3 (2026)",https://data.mendeley.com/datasets/8b4ztns76h/3,needs_deduplication_and_nutrition_source
serai (optional),1,"Mendeley Data, Purwanto et al., version 3 (2026)",https://data.mendeley.com/datasets/8b4ztns76h/3,needs_deduplication_and_nutrition_source
serai (stem),1,"Mendeley Data, Purwanto et al., version 3 (2026)",https://data.mendeley.com/datasets/8b4ztns76h/3,needs_deduplication_and_nutrition_source
serai / sereh,1,"Mendeley Data, Purwanto et al., version 3 (2026)",https://data.mendeley.com/datasets/8b4ztns76h/3,needs_deduplication_and_nutrition_source
serai cincang,1,"Mendeley Data, Purwanto et al., version 3 (2026)",https://data.mendeley.com/datasets/8b4ztns76h/3,needs_deduplication_and_nutrition_source
sere geprek,1,"Mendeley Data, Purwanto et al., version 3 (2026)",https://data.mendeley.com/datasets/8b4ztns76h/3,needs_deduplication_and_nutrition_source
sereh (batang putih),1,"Mendeley Data, Purwanto et al., version 3 (2026)",https://data.mendeley.com/datasets/8b4ztns76h/3,needs_deduplication_and_nutrition_source
sereh (diiris),1,"Mendeley Data, Purwanto et al., version 3 (2026)",https://data.mendeley.com/datasets/8b4ztns76h/3,needs_deduplication_and_nutrition_source
sereh (iris2) untuk rajang,1,"Mendeley Data, Purwanto et al., version 3 (2026)",https://data.mendeley.com/datasets/8b4ztns76h/3,needs_deduplication_and_nutrition_source
sereh 2 batang digeperek,1,"Mendeley Data, Purwanto et al., version 3 (2026)",https://data.mendeley.com/datasets/8b4ztns76h/3,needs_deduplication_and_nutrition_source
sereh beras iris serong tipis,1,"Mendeley Data, Purwanto et al., version 3 (2026)",https://data.mendeley.com/datasets/8b4ztns76h/3,needs_deduplication_and_nutrition_source
sereh digeprek,1,"Mendeley Data, Purwanto et al., version 3 (2026)",https://data.mendeley.com/datasets/8b4ztns76h/3,needs_deduplication_and_nutrition_source
sereh gerpek,1,"Mendeley Data, Purwanto et al., version 3 (2026)",https://data.mendeley.com/datasets/8b4ztns76h/3,needs_deduplication_and_nutrition_source
sereh kecil,1,"Mendeley Data, Purwanto et al., version 3 (2026)",https://data.mendeley.com/datasets/8b4ztns76h/3,needs_deduplication_and_nutrition_source
sereh uk besar,1,"Mendeley Data, Purwanto et al., version 3 (2026)",https://data.mendeley.com/datasets/8b4ztns76h/3,needs_deduplication_and_nutrition_source
serundeng kelapa,1,"Mendeley Data, Purwanto et al., version 3 (2026)",https://data.mendeley.com/datasets/8b4ztns76h/3,needs_deduplication_and_nutrition_source
shallot,1,"Mendeley Data, Purwanto et al., version 3 (2026)",https://data.mendeley.com/datasets/8b4ztns76h/3,needs_deduplication_and_nutrition_source
siap beli cuci bersih,1,"Mendeley Data, Purwanto et al., version 3 (2026)",https://data.mendeley.com/datasets/8b4ztns76h/3,needs_deduplication_and_nutrition_source
singkong,1,"Mendeley Data, Purwanto et al., version 3 (2026)",https://data.mendeley.com/datasets/8b4ztns76h/3,needs_deduplication_and_nutrition_source
singkong parut halus,1,"Mendeley Data, Purwanto et al., version 3 (2026)",https://data.mendeley.com/datasets/8b4ztns76h/3,needs_deduplication_and_nutrition_source
siput,1,"Mendeley Data, Purwanto et al., version 3 (2026)",https://data.mendeley.com/datasets/8b4ztns76h/3,needs_deduplication_and_nutrition_source
siung bawang putih,1,"Mendeley Data, Purwanto et al., version 3 (2026)",https://data.mendeley.com/datasets/8b4ztns76h/3,needs_deduplication_and_nutrition_source
skm putih,1,"Mendeley Data, Purwanto et al., version 3 (2026)",https://data.mendeley.com/datasets/8b4ztns76h/3,needs_deduplication_and_nutrition_source
soda kue / baking soda,1,"Mendeley Data, Purwanto et al., version 3 (2026)",https://data.mendeley.com/datasets/8b4ztns76h/3,needs_deduplication_and_nutrition_source
sohun,1,"Mendeley Data, Purwanto et al., version 3 (2026)",https://data.mendeley.com/datasets/8b4ztns76h/3,needs_deduplication_and_nutrition_source
soon,1,"Mendeley Data, Purwanto et al., version 3 (2026)",https://data.mendeley.com/datasets/8b4ztns76h/3,needs_deduplication_and_nutrition_source
sop,1,"Mendeley Data, Purwanto et al., version 3 (2026)",https://data.mendeley.com/datasets/8b4ztns76h/3,needs_deduplication_and_nutrition_source
sosis ayam,1,"Mendeley Data, Purwanto et al., version 3 (2026)",https://data.mendeley.com/datasets/8b4ztns76h/3,needs_deduplication_and_nutrition_source
sosis kanzler potong potong,1,"Mendeley Data, Purwanto et al., version 3 (2026)",https://data.mendeley.com/datasets/8b4ztns76h/3,needs_deduplication_and_nutrition_source
sosisoris tipis,1,"Mendeley Data, Purwanto et al., version 3 (2026)",https://data.mendeley.com/datasets/8b4ztns76h/3,needs_deduplication_and_nutrition_source
soun / bihun,1,"Mendeley Data, Purwanto et al., version 3 (2026)",https://data.mendeley.com/datasets/8b4ztns76h/3,needs_deduplication_and_nutrition_source
soun / bihun rebus,1,"Mendeley Data, Purwanto et al., version 3 (2026)",https://data.mendeley.com/datasets/8b4ztns76h/3,needs_deduplication_and_nutrition_source
soun kecil,1,"Mendeley Data, Purwanto et al., version 3 (2026)",https://data.mendeley.com/datasets/8b4ztns76h/3,needs_deduplication_and_nutrition_source
soun rendam air matang,1,"Mendeley Data, Purwanto et al., version 3 (2026)",https://data.mendeley.com/datasets/8b4ztns76h/3,needs_deduplication_and_nutrition_source
spagetty,1,"Mendeley Data, Purwanto et al., version 3 (2026)",https://data.mendeley.com/datasets/8b4ztns76h/3,needs_deduplication_and_nutrition_source
spagheti,1,"Mendeley Data, Purwanto et al., version 3 (2026)",https://data.mendeley.com/datasets/8b4ztns76h/3,needs_deduplication_and_nutrition_source
spagheti kering,1,"Mendeley Data, Purwanto et al., version 3 (2026)",https://data.mendeley.com/datasets/8b4ztns76h/3,needs_deduplication_and_nutrition_source
spaghetti la fonte,1,"Mendeley Data, Purwanto et al., version 3 (2026)",https://data.mendeley.com/datasets/8b4ztns76h/3,needs_deduplication_and_nutrition_source
spaghetti lidi,1,"Mendeley Data, Purwanto et al., version 3 (2026)",https://data.mendeley.com/datasets/8b4ztns76h/3,needs_deduplication_and_nutrition_source
srikaya gula merah,1,"Mendeley Data, Purwanto et al., version 3 (2026)",https://data.mendeley.com/datasets/8b4ztns76h/3,needs_deduplication_and_nutrition_source
strawberry,1,"Mendeley Data, Purwanto et al., version 3 (2026)",https://data.mendeley.com/datasets/8b4ztns76h/3,needs_deduplication_and_nutrition_source
sumpil / cue,1,"Mendeley Data, Purwanto et al., version 3 (2026)",https://data.mendeley.com/datasets/8b4ztns76h/3,needs_deduplication_and_nutrition_source
sup kacang tanah goreng,1,"Mendeley Data, Purwanto et al., version 3 (2026)",https://data.mendeley.com/datasets/8b4ztns76h/3,needs_deduplication_and_nutrition_source
susu / santan,1,"Mendeley Data, Purwanto et al., version 3 (2026)",https://data.mendeley.com/datasets/8b4ztns76h/3,needs_deduplication_and_nutrition_source
susu bubuk full cream,1,"Mendeley Data, Purwanto et al., version 3 (2026)",https://data.mendeley.com/datasets/8b4ztns76h/3,needs_deduplication_and_nutrition_source
susu cair plain full cream,1,"Mendeley Data, Purwanto et al., version 3 (2026)",https://data.mendeley.com/datasets/8b4ztns76h/3,needs_deduplication_and_nutrition_source
susu cair tawar suam kuku,1,"Mendeley Data, Purwanto et al., version 3 (2026)",https://data.mendeley.com/datasets/8b4ztns76h/3,needs_deduplication_and_nutrition_source
susu cair uht,1,"Mendeley Data, Purwanto et al., version 3 (2026)",https://data.mendeley.com/datasets/8b4ztns76h/3,needs_deduplication_and_nutrition_source
susu dancow,1,"Mendeley Data, Purwanto et al., version 3 (2026)",https://data.mendeley.com/datasets/8b4ztns76h/3,needs_deduplication_and_nutrition_source
susu evaporasi,1,"Mendeley Data, Purwanto et al., version 3 (2026)",https://data.mendeley.com/datasets/8b4ztns76h/3,needs_deduplication_and_nutrition_source
susu fullcream (saya pakai susu ultra),1,"Mendeley Data, Purwanto et al., version 3 (2026)",https://data.mendeley.com/datasets/8b4ztns76h/3,needs_deduplication_and_nutrition_source
susu kental manis putih atau cokelat,1,"Mendeley Data, Purwanto et al., version 3 (2026)",https://data.mendeley.com/datasets/8b4ztns76h/3,needs_deduplication_and_nutrition_source
suun,1,"Mendeley Data, Purwanto et al., version 3 (2026)",https://data.mendeley.com/datasets/8b4ztns76h/3,needs_deduplication_and_nutrition_source
suun (rendam),1,"Mendeley Data, Purwanto et al., version 3 (2026)",https://data.mendeley.com/datasets/8b4ztns76h/3,needs_deduplication_and_nutrition_source
sweetener/gula pasir,1,"Mendeley Data, Purwanto et al., version 3 (2026)",https://data.mendeley.com/datasets/8b4ztns76h/3,needs_deduplication_and_nutrition_source
sy kakap,1,"Mendeley Data, Purwanto et al., version 3 (2026)",https://data.mendeley.com/datasets/8b4ztns76h/3,needs_deduplication_and_nutrition_source
tahu balado,1,"Mendeley Data, Purwanto et al., version 3 (2026)",https://data.mendeley.com/datasets/8b4ztns76h/3,needs_deduplication_and_nutrition_source
tahu besar kuning,1,"Mendeley Data, Purwanto et al., version 3 (2026)",https://data.mendeley.com/datasets/8b4ztns76h/3,needs_deduplication_and_nutrition_source
tahu cina potong kecil2,1,"Mendeley Data, Purwanto et al., version 3 (2026)",https://data.mendeley.com/datasets/8b4ztns76h/3,needs_deduplication_and_nutrition_source
tahu gimbal,1,"Mendeley Data, Purwanto et al., version 3 (2026)",https://data.mendeley.com/datasets/8b4ztns76h/3,needs_deduplication_and_nutrition_source
tahu kotak,1,"Mendeley Data, Purwanto et al., version 3 (2026)",https://data.mendeley.com/datasets/8b4ztns76h/3,needs_deduplication_and_nutrition_source
tahu merah potong jd 3bagian,1,"Mendeley Data, Purwanto et al., version 3 (2026)",https://data.mendeley.com/datasets/8b4ztns76h/3,needs_deduplication_and_nutrition_source
tahu pong goreng,1,"Mendeley Data, Purwanto et al., version 3 (2026)",https://data.mendeley.com/datasets/8b4ztns76h/3,needs_deduplication_and_nutrition_source
tahu putih isi 10 buah,1,"Mendeley Data, Purwanto et al., version 3 (2026)",https://data.mendeley.com/datasets/8b4ztns76h/3,needs_deduplication_and_nutrition_source
tahu putih kecil,1,"Mendeley Data, Purwanto et al., version 3 (2026)",https://data.mendeley.com/datasets/8b4ztns76h/3,needs_deduplication_and_nutrition_source
tahu putih menul,1,"Mendeley Data, Purwanto et al., version 3 (2026)",https://data.mendeley.com/datasets/8b4ztns76h/3,needs_deduplication_and_nutrition_source
tahu putih yg padat teksturnya,1,"Mendeley Data, Purwanto et al., version 3 (2026)",https://data.mendeley.com/datasets/8b4ztns76h/3,needs_deduplication_and_nutrition_source
tahu sumedang (isi 10 kotak),1,"Mendeley Data, Purwanto et al., version 3 (2026)",https://data.mendeley.com/datasets/8b4ztns76h/3,needs_deduplication_and_nutrition_source
tahu super,1,"Mendeley Data, Purwanto et al., version 3 (2026)",https://data.mendeley.com/datasets/8b4ztns76h/3,needs_deduplication_and_nutrition_source
tahu sutra,1,"Mendeley Data, Purwanto et al., version 3 (2026)",https://data.mendeley.com/datasets/8b4ztns76h/3,needs_deduplication_and_nutrition_source
tahu tofu jepang,1,"Mendeley Data, Purwanto et al., version 3 (2026)",https://data.mendeley.com/datasets/8b4ztns76h/3,needs_deduplication_and_nutrition_source
tahubak,1,"Mendeley Data, Purwanto et al., version 3 (2026)",https://data.mendeley.com/datasets/8b4ztns76h/3,needs_deduplication_and_nutrition_source
tali,1,"Mendeley Data, Purwanto et al., version 3 (2026)",https://data.mendeley.com/datasets/8b4ztns76h/3,needs_deduplication_and_nutrition_source
tali plastik untuk mengikat secukupnya,1,"Mendeley Data, Purwanto et al., version 3 (2026)",https://data.mendeley.com/datasets/8b4ztns76h/3,needs_deduplication_and_nutrition_source
tangkai sereh,1,"Mendeley Data, Purwanto et al., version 3 (2026)",https://data.mendeley.com/datasets/8b4ztns76h/3,needs_deduplication_and_nutrition_source
taoge / kecambah,1,"Mendeley Data, Purwanto et al., version 3 (2026)",https://data.mendeley.com/datasets/8b4ztns76h/3,needs_deduplication_and_nutrition_source
tapioka / kanji,1,"Mendeley Data, Purwanto et al., version 3 (2026)",https://data.mendeley.com/datasets/8b4ztns76h/3,needs_deduplication_and_nutrition_source
tapioka cap pak tani gunung rose brand,1,"Mendeley Data, Purwanto et al., version 3 (2026)",https://data.mendeley.com/datasets/8b4ztns76h/3,needs_deduplication_and_nutrition_source
tapioka pak tani gunung rose brand,1,"Mendeley Data, Purwanto et al., version 3 (2026)",https://data.mendeley.com/datasets/8b4ztns76h/3,needs_deduplication_and_nutrition_source
tapioka pak tani gunung/ rose brand,1,"Mendeley Data, Purwanto et al., version 3 (2026)",https://data.mendeley.com/datasets/8b4ztns76h/3,needs_deduplication_and_nutrition_source
tauge panjang,1,"Mendeley Data, Purwanto et al., version 3 (2026)",https://data.mendeley.com/datasets/8b4ztns76h/3,needs_deduplication_and_nutrition_source
tauge pendek,1,"Mendeley Data, Purwanto et al., version 3 (2026)",https://data.mendeley.com/datasets/8b4ztns76h/3,needs_deduplication_and_nutrition_source
tebung beras,1,"Mendeley Data, Purwanto et al., version 3 (2026)",https://data.mendeley.com/datasets/8b4ztns76h/3,needs_deduplication_and_nutrition_source
teh celup hitam,1,"Mendeley Data, Purwanto et al., version 3 (2026)",https://data.mendeley.com/datasets/8b4ztns76h/3,needs_deduplication_and_nutrition_source
teh gula,1,"Mendeley Data, Purwanto et al., version 3 (2026)",https://data.mendeley.com/datasets/8b4ztns76h/3,needs_deduplication_and_nutrition_source
teh melati,1,"Mendeley Data, Purwanto et al., version 3 (2026)",https://data.mendeley.com/datasets/8b4ztns76h/3,needs_deduplication_and_nutrition_source
teh tubruk,1,"Mendeley Data, Purwanto et al., version 3 (2026)",https://data.mendeley.com/datasets/8b4ztns76h/3,needs_deduplication_and_nutrition_source
telor rebus,1,"Mendeley Data, Purwanto et al., version 3 (2026)",https://data.mendeley.com/datasets/8b4ztns76h/3,needs_deduplication_and_nutrition_source
telur asin,1,"Mendeley Data, Purwanto et al., version 3 (2026)",https://data.mendeley.com/datasets/8b4ztns76h/3,needs_deduplication_and_nutrition_source
telur ayam kampung,1,"Mendeley Data, Purwanto et al., version 3 (2026)",https://data.mendeley.com/datasets/8b4ztns76h/3,needs_deduplication_and_nutrition_source
telur ayam kocok,1,"Mendeley Data, Purwanto et al., version 3 (2026)",https://data.mendeley.com/datasets/8b4ztns76h/3,needs_deduplication_and_nutrition_source
telur ayam ras kocok lepas,1,"Mendeley Data, Purwanto et al., version 3 (2026)",https://data.mendeley.com/datasets/8b4ztns76h/3,needs_deduplication_and_nutrition_source
telur bebek rebus,1,"Mendeley Data, Purwanto et al., version 3 (2026)",https://data.mendeley.com/datasets/8b4ztns76h/3,needs_deduplication_and_nutrition_source
telur dadar,1,"Mendeley Data, Purwanto et al., version 3 (2026)",https://data.mendeley.com/datasets/8b4ztns76h/3,needs_deduplication_and_nutrition_source
telur kecap 196,1,"Mendeley Data, Purwanto et al., version 3 (2026)",https://data.mendeley.com/datasets/8b4ztns76h/3,needs_deduplication_and_nutrition_source
telur orak arik,1,"Mendeley Data, Purwanto et al., version 3 (2026)",https://data.mendeley.com/datasets/8b4ztns76h/3,needs_deduplication_and_nutrition_source
telur pindang,1,"Mendeley Data, Purwanto et al., version 3 (2026)",https://data.mendeley.com/datasets/8b4ztns76h/3,needs_deduplication_and_nutrition_source
telur rebus kupas,1,"Mendeley Data, Purwanto et al., version 3 (2026)",https://data.mendeley.com/datasets/8b4ztns76h/3,needs_deduplication_and_nutrition_source
tempe gembus,1,"Mendeley Data, Purwanto et al., version 3 (2026)",https://data.mendeley.com/datasets/8b4ztns76h/3,needs_deduplication_and_nutrition_source
tempe saya,1,"Mendeley Data, Purwanto et al., version 3 (2026)",https://data.mendeley.com/datasets/8b4ztns76h/3,needs_deduplication_and_nutrition_source
tempe selimut tepung,1,"Mendeley Data, Purwanto et al., version 3 (2026)",https://data.mendeley.com/datasets/8b4ztns76h/3,needs_deduplication_and_nutrition_source
tempe semangit,1,"Mendeley Data, Purwanto et al., version 3 (2026)",https://data.mendeley.com/datasets/8b4ztns76h/3,needs_deduplication_and_nutrition_source
"tempe, iris tipis",1,"Mendeley Data, Purwanto et al., version 3 (2026)",https://data.mendeley.com/datasets/8b4ztns76h/3,needs_deduplication_and_nutrition_source
tenggiri,1,"Mendeley Data, Purwanto et al., version 3 (2026)",https://data.mendeley.com/datasets/8b4ztns76h/3,needs_deduplication_and_nutrition_source
tenggiri giling (udang),1,"Mendeley Data, Purwanto et al., version 3 (2026)",https://data.mendeley.com/datasets/8b4ztns76h/3,needs_deduplication_and_nutrition_source
tepung beras (merk bola deli),1,"Mendeley Data, Purwanto et al., version 3 (2026)",https://data.mendeley.com/datasets/8b4ztns76h/3,needs_deduplication_and_nutrition_source
tepung beras merk rose brand (rice flour),1,"Mendeley Data, Purwanto et al., version 3 (2026)",https://data.mendeley.com/datasets/8b4ztns76h/3,needs_deduplication_and_nutrition_source
tepung bumbu bakwan,1,"Mendeley Data, Purwanto et al., version 3 (2026)",https://data.mendeley.com/datasets/8b4ztns76h/3,needs_deduplication_and_nutrition_source
tepung bumbu instan,1,"Mendeley Data, Purwanto et al., version 3 (2026)",https://data.mendeley.com/datasets/8b4ztns76h/3,needs_deduplication_and_nutrition_source
tepung kanji / tepung sagu,1,"Mendeley Data, Purwanto et al., version 3 (2026)",https://data.mendeley.com/datasets/8b4ztns76h/3,needs_deduplication_and_nutrition_source
tepung kentaki (kobe),1,"Mendeley Data, Purwanto et al., version 3 (2026)",https://data.mendeley.com/datasets/8b4ztns76h/3,needs_deduplication_and_nutrition_source
tepung ketan putih rosebrand,1,"Mendeley Data, Purwanto et al., version 3 (2026)",https://data.mendeley.com/datasets/8b4ztns76h/3,needs_deduplication_and_nutrition_source
tepung ketan rose brand,1,"Mendeley Data, Purwanto et al., version 3 (2026)",https://data.mendeley.com/datasets/8b4ztns76h/3,needs_deduplication_and_nutrition_source
tepung maizena + air,1,"Mendeley Data, Purwanto et al., version 3 (2026)",https://data.mendeley.com/datasets/8b4ztns76h/3,needs_deduplication_and_nutrition_source
tepung maizena rosebrand,1,"Mendeley Data, Purwanto et al., version 3 (2026)",https://data.mendeley.com/datasets/8b4ztns76h/3,needs_deduplication_and_nutrition_source
tepung panir,1,"Mendeley Data, Purwanto et al., version 3 (2026)",https://data.mendeley.com/datasets/8b4ztns76h/3,needs_deduplication_and_nutrition_source
tepung protein sedang,1,"Mendeley Data, Purwanto et al., version 3 (2026)",https://data.mendeley.com/datasets/8b4ztns76h/3,needs_deduplication_and_nutrition_source
tepung roti,1,"Mendeley Data, Purwanto et al., version 3 (2026)",https://data.mendeley.com/datasets/8b4ztns76h/3,needs_deduplication_and_nutrition_source
tepung roti (panir),1,"Mendeley Data, Purwanto et al., version 3 (2026)",https://data.mendeley.com/datasets/8b4ztns76h/3,needs_deduplication_and_nutrition_source
tepung sago / tapioka rose brand,1,"Mendeley Data, Purwanto et al., version 3 (2026)",https://data.mendeley.com/datasets/8b4ztns76h/3,needs_deduplication_and_nutrition_source
tepung sagu (tapioka) gunung agung,1,"Mendeley Data, Purwanto et al., version 3 (2026)",https://data.mendeley.com/datasets/8b4ztns76h/3,needs_deduplication_and_nutrition_source
tepung sagu / tapioka cap pak tani gunung,1,"Mendeley Data, Purwanto et al., version 3 (2026)",https://data.mendeley.com/datasets/8b4ztns76h/3,needs_deduplication_and_nutrition_source
tepung sagu atau tapioka rosebrand,1,"Mendeley Data, Purwanto et al., version 3 (2026)",https://data.mendeley.com/datasets/8b4ztns76h/3,needs_deduplication_and_nutrition_source
tepung sagu pak tani,1,"Mendeley Data, Purwanto et al., version 3 (2026)",https://data.mendeley.com/datasets/8b4ztns76h/3,needs_deduplication_and_nutrition_source
tepung sagu pak tani rose brand,1,"Mendeley Data, Purwanto et al., version 3 (2026)",https://data.mendeley.com/datasets/8b4ztns76h/3,needs_deduplication_and_nutrition_source
tepung sagu pak tani/ tapioka rose brand,1,"Mendeley Data, Purwanto et al., version 3 (2026)",https://data.mendeley.com/datasets/8b4ztns76h/3,needs_deduplication_and_nutrition_source
tepung sagu tani (tapioka gunung agung),1,"Mendeley Data, Purwanto et al., version 3 (2026)",https://data.mendeley.com/datasets/8b4ztns76h/3,needs_deduplication_and_nutrition_source
tepung sagu tani (tapioka rose brand),1,"Mendeley Data, Purwanto et al., version 3 (2026)",https://data.mendeley.com/datasets/8b4ztns76h/3,needs_deduplication_and_nutrition_source
tepung sagu tani (tapioka),1,"Mendeley Data, Purwanto et al., version 3 (2026)",https://data.mendeley.com/datasets/8b4ztns76h/3,needs_deduplication_and_nutrition_source
tepung sagu tani (tepung tapioka),1,"Mendeley Data, Purwanto et al., version 3 (2026)",https://data.mendeley.com/datasets/8b4ztns76h/3,needs_deduplication_and_nutrition_source
tepung sagu tani / tepung tapioka,1,"Mendeley Data, Purwanto et al., version 3 (2026)",https://data.mendeley.com/datasets/8b4ztns76h/3,needs_deduplication_and_nutrition_source
tepung sagu tani / tepung tapioka cap pak tani gunung,1,"Mendeley Data, Purwanto et al., version 3 (2026)",https://data.mendeley.com/datasets/8b4ztns76h/3,needs_deduplication_and_nutrition_source
tepung sagu tani atau tepung tapioka,1,"Mendeley Data, Purwanto et al., version 3 (2026)",https://data.mendeley.com/datasets/8b4ztns76h/3,needs_deduplication_and_nutrition_source
tepung sagu tani atau tepung tapioka rose brand,1,"Mendeley Data, Purwanto et al., version 3 (2026)",https://data.mendeley.com/datasets/8b4ztns76h/3,needs_deduplication_and_nutrition_source
tepung sagu tani gunung,1,"Mendeley Data, Purwanto et al., version 3 (2026)",https://data.mendeley.com/datasets/8b4ztns76h/3,needs_deduplication_and_nutrition_source
tepung sagu tapioka pak tani,1,"Mendeley Data, Purwanto et al., version 3 (2026)",https://data.mendeley.com/datasets/8b4ztns76h/3,needs_deduplication_and_nutrition_source
tepung serbaguna,1,"Mendeley Data, Purwanto et al., version 3 (2026)",https://data.mendeley.com/datasets/8b4ztns76h/3,needs_deduplication_and_nutrition_source
tepung shihlin instan,1,"Mendeley Data, Purwanto et al., version 3 (2026)",https://data.mendeley.com/datasets/8b4ztns76h/3,needs_deduplication_and_nutrition_source
tepung tapioka / sagu (isi),1,"Mendeley Data, Purwanto et al., version 3 (2026)",https://data.mendeley.com/datasets/8b4ztns76h/3,needs_deduplication_and_nutrition_source
tepung tapioka / sagu gunung (adonan),1,"Mendeley Data, Purwanto et al., version 3 (2026)",https://data.mendeley.com/datasets/8b4ztns76h/3,needs_deduplication_and_nutrition_source
tepung tapioka atau tepung kanji,1,"Mendeley Data, Purwanto et al., version 3 (2026)",https://data.mendeley.com/datasets/8b4ztns76h/3,needs_deduplication_and_nutrition_source
tepung tapioka cap pak tani gunung (utk baluran),1,"Mendeley Data, Purwanto et al., version 3 (2026)",https://data.mendeley.com/datasets/8b4ztns76h/3,needs_deduplication_and_nutrition_source
tepung tapioka cap pak tani rose brand,1,"Mendeley Data, Purwanto et al., version 3 (2026)",https://data.mendeley.com/datasets/8b4ztns76h/3,needs_deduplication_and_nutrition_source
tepung tapioka cap pak tani rose brand (adonan),1,"Mendeley Data, Purwanto et al., version 3 (2026)",https://data.mendeley.com/datasets/8b4ztns76h/3,needs_deduplication_and_nutrition_source
tepung tapioka cap tani gunung,1,"Mendeley Data, Purwanto et al., version 3 (2026)",https://data.mendeley.com/datasets/8b4ztns76h/3,needs_deduplication_and_nutrition_source
tepung tapioka cap tani gunung rose brand,1,"Mendeley Data, Purwanto et al., version 3 (2026)",https://data.mendeley.com/datasets/8b4ztns76h/3,needs_deduplication_and_nutrition_source
tepung tapioka kwalitas bagus,1,"Mendeley Data, Purwanto et al., version 3 (2026)",https://data.mendeley.com/datasets/8b4ztns76h/3,needs_deduplication_and_nutrition_source
tepung tapioka pak tani gunung,1,"Mendeley Data, Purwanto et al., version 3 (2026)",https://data.mendeley.com/datasets/8b4ztns76h/3,needs_deduplication_and_nutrition_source
tepung tapioka tani gunung dari rose brand,1,"Mendeley Data, Purwanto et al., version 3 (2026)",https://data.mendeley.com/datasets/8b4ztns76h/3,needs_deduplication_and_nutrition_source
tepung terigu (adonan tahu),1,"Mendeley Data, Purwanto et al., version 3 (2026)",https://data.mendeley.com/datasets/8b4ztns76h/3,needs_deduplication_and_nutrition_source
tepung terigu (kulit),1,"Mendeley Data, Purwanto et al., version 3 (2026)",https://data.mendeley.com/datasets/8b4ztns76h/3,needs_deduplication_and_nutrition_source
tepung terigu egg chicken roll,1,"Mendeley Data, Purwanto et al., version 3 (2026)",https://data.mendeley.com/datasets/8b4ztns76h/3,needs_deduplication_and_nutrition_source
tepung terigu pro sedang,1,"Mendeley Data, Purwanto et al., version 3 (2026)",https://data.mendeley.com/datasets/8b4ztns76h/3,needs_deduplication_and_nutrition_source
tepung terigu protein sedang (medium-protein flour),1,"Mendeley Data, Purwanto et al., version 3 (2026)",https://data.mendeley.com/datasets/8b4ztns76h/3,needs_deduplication_and_nutrition_source
tepung terigu protein sedang segi tiga biru,1,"Mendeley Data, Purwanto et al., version 3 (2026)",https://data.mendeley.com/datasets/8b4ztns76h/3,needs_deduplication_and_nutrition_source
terasi kecil,1,"Mendeley Data, Purwanto et al., version 3 (2026)",https://data.mendeley.com/datasets/8b4ztns76h/3,needs_deduplication_and_nutrition_source
terasi panggang,1,"Mendeley Data, Purwanto et al., version 3 (2026)",https://data.mendeley.com/datasets/8b4ztns76h/3,needs_deduplication_and_nutrition_source
terasi sachet kecil,1,"Mendeley Data, Purwanto et al., version 3 (2026)",https://data.mendeley.com/datasets/8b4ztns76h/3,needs_deduplication_and_nutrition_source
terasi samhok,1,"Mendeley Data, Purwanto et al., version 3 (2026)",https://data.mendeley.com/datasets/8b4ztns76h/3,needs_deduplication_and_nutrition_source
terasi saset (sambal),1,"Mendeley Data, Purwanto et al., version 3 (2026)",https://data.mendeley.com/datasets/8b4ztns76h/3,needs_deduplication_and_nutrition_source
teri basah,1,"Mendeley Data, Purwanto et al., version 3 (2026)",https://data.mendeley.com/datasets/8b4ztns76h/3,needs_deduplication_and_nutrition_source
teri jengki,1,"Mendeley Data, Purwanto et al., version 3 (2026)",https://data.mendeley.com/datasets/8b4ztns76h/3,needs_deduplication_and_nutrition_source
teri nasi medan,1,"Mendeley Data, Purwanto et al., version 3 (2026)",https://data.mendeley.com/datasets/8b4ztns76h/3,needs_deduplication_and_nutrition_source
teri peto,1,"Mendeley Data, Purwanto et al., version 3 (2026)",https://data.mendeley.com/datasets/8b4ztns76h/3,needs_deduplication_and_nutrition_source
teri putih,1,"Mendeley Data, Purwanto et al., version 3 (2026)",https://data.mendeley.com/datasets/8b4ztns76h/3,needs_deduplication_and_nutrition_source
terigu (all-purpose flour),1,"Mendeley Data, Purwanto et al., version 3 (2026)",https://data.mendeley.com/datasets/8b4ztns76h/3,needs_deduplication_and_nutrition_source
terigu (bahan perekat),1,"Mendeley Data, Purwanto et al., version 3 (2026)",https://data.mendeley.com/datasets/8b4ztns76h/3,needs_deduplication_and_nutrition_source
terigu (segitiga biru),1,"Mendeley Data, Purwanto et al., version 3 (2026)",https://data.mendeley.com/datasets/8b4ztns76h/3,needs_deduplication_and_nutrition_source
terigu cakra,1,"Mendeley Data, Purwanto et al., version 3 (2026)",https://data.mendeley.com/datasets/8b4ztns76h/3,needs_deduplication_and_nutrition_source
terigu pro tinggi,1,"Mendeley Data, Purwanto et al., version 3 (2026)",https://data.mendeley.com/datasets/8b4ztns76h/3,needs_deduplication_and_nutrition_source
terigu protein tinggi,1,"Mendeley Data, Purwanto et al., version 3 (2026)",https://data.mendeley.com/datasets/8b4ztns76h/3,needs_deduplication_and_nutrition_source
terigu segitiga biru,1,"Mendeley Data, Purwanto et al., version 3 (2026)",https://data.mendeley.com/datasets/8b4ztns76h/3,needs_deduplication_and_nutrition_source
terigu serbaguna/pro sedang,1,"Mendeley Data, Purwanto et al., version 3 (2026)",https://data.mendeley.com/datasets/8b4ztns76h/3,needs_deduplication_and_nutrition_source
terong kecil,1,"Mendeley Data, Purwanto et al., version 3 (2026)",https://data.mendeley.com/datasets/8b4ztns76h/3,needs_deduplication_and_nutrition_source
terong ungu bulat,1,"Mendeley Data, Purwanto et al., version 3 (2026)",https://data.mendeley.com/datasets/8b4ztns76h/3,needs_deduplication_and_nutrition_source
terong ungu kecil,1,"Mendeley Data, Purwanto et al., version 3 (2026)",https://data.mendeley.com/datasets/8b4ztns76h/3,needs_deduplication_and_nutrition_source
terong ungu kupas kulitnya lalu potong kecil,1,"Mendeley Data, Purwanto et al., version 3 (2026)",https://data.mendeley.com/datasets/8b4ztns76h/3,needs_deduplication_and_nutrition_source
terong ungu muda,1,"Mendeley Data, Purwanto et al., version 3 (2026)",https://data.mendeley.com/datasets/8b4ztns76h/3,needs_deduplication_and_nutrition_source
terpung tapioka rose brand,1,"Mendeley Data, Purwanto et al., version 3 (2026)",https://data.mendeley.com/datasets/8b4ztns76h/3,needs_deduplication_and_nutrition_source
tetelan,1,"Mendeley Data, Purwanto et al., version 3 (2026)",https://data.mendeley.com/datasets/8b4ztns76h/3,needs_deduplication_and_nutrition_source
tetelan sapi,1,"Mendeley Data, Purwanto et al., version 3 (2026)",https://data.mendeley.com/datasets/8b4ztns76h/3,needs_deduplication_and_nutrition_source
timun krai,1,"Mendeley Data, Purwanto et al., version 3 (2026)",https://data.mendeley.com/datasets/8b4ztns76h/3,needs_deduplication_and_nutrition_source
timun me skip,1,"Mendeley Data, Purwanto et al., version 3 (2026)",https://data.mendeley.com/datasets/8b4ztns76h/3,needs_deduplication_and_nutrition_source
timun muda segar,1,"Mendeley Data, Purwanto et al., version 3 (2026)",https://data.mendeley.com/datasets/8b4ztns76h/3,needs_deduplication_and_nutrition_source
toge kecil,1,"Mendeley Data, Purwanto et al., version 3 (2026)",https://data.mendeley.com/datasets/8b4ztns76h/3,needs_deduplication_and_nutrition_source
toge pendek,1,"Mendeley Data, Purwanto et al., version 3 (2026)",https://data.mendeley.com/datasets/8b4ztns76h/3,needs_deduplication_and_nutrition_source
tole,1,"Mendeley Data, Purwanto et al., version 3 (2026)",https://data.mendeley.com/datasets/8b4ztns76h/3,needs_deduplication_and_nutrition_source
tomat / belimbing wuluh,1,"Mendeley Data, Purwanto et al., version 3 (2026)",https://data.mendeley.com/datasets/8b4ztns76h/3,needs_deduplication_and_nutrition_source
tomat ceri / tomat (yg masak atau mengkal jg boleh kebetulan lg g ada d rmh),1,"Mendeley Data, Purwanto et al., version 3 (2026)",https://data.mendeley.com/datasets/8b4ztns76h/3,needs_deduplication_and_nutrition_source
tomat cherry,1,"Mendeley Data, Purwanto et al., version 3 (2026)",https://data.mendeley.com/datasets/8b4ztns76h/3,needs_deduplication_and_nutrition_source
tomat hijau /merah,1,"Mendeley Data, Purwanto et al., version 3 (2026)",https://data.mendeley.com/datasets/8b4ztns76h/3,needs_deduplication_and_nutrition_source
tomat iris kotak,1,"Mendeley Data, Purwanto et al., version 3 (2026)",https://data.mendeley.com/datasets/8b4ztns76h/3,needs_deduplication_and_nutrition_source
tomat iris tipis,1,"Mendeley Data, Purwanto et al., version 3 (2026)",https://data.mendeley.com/datasets/8b4ztns76h/3,needs_deduplication_and_nutrition_source
tomat masak,1,"Mendeley Data, Purwanto et al., version 3 (2026)",https://data.mendeley.com/datasets/8b4ztns76h/3,needs_deduplication_and_nutrition_source
tomat merah kecil,1,"Mendeley Data, Purwanto et al., version 3 (2026)",https://data.mendeley.com/datasets/8b4ztns76h/3,needs_deduplication_and_nutrition_source
tomat potong-potong,1,"Mendeley Data, Purwanto et al., version 3 (2026)",https://data.mendeley.com/datasets/8b4ztns76h/3,needs_deduplication_and_nutrition_source
tomat potong2,1,"Mendeley Data, Purwanto et al., version 3 (2026)",https://data.mendeley.com/datasets/8b4ztns76h/3,needs_deduplication_and_nutrition_source
tomat puree,1,"Mendeley Data, Purwanto et al., version 3 (2026)",https://data.mendeley.com/datasets/8b4ztns76h/3,needs_deduplication_and_nutrition_source
tomat setengah masak,1,"Mendeley Data, Purwanto et al., version 3 (2026)",https://data.mendeley.com/datasets/8b4ztns76h/3,needs_deduplication_and_nutrition_source
tomat setengah matang,1,"Mendeley Data, Purwanto et al., version 3 (2026)",https://data.mendeley.com/datasets/8b4ztns76h/3,needs_deduplication_and_nutrition_source
tomat uk.kecil iris-iris,1,"Mendeley Data, Purwanto et al., version 3 (2026)",https://data.mendeley.com/datasets/8b4ztns76h/3,needs_deduplication_and_nutrition_source
tomat ukuran kecil,1,"Mendeley Data, Purwanto et al., version 3 (2026)",https://data.mendeley.com/datasets/8b4ztns76h/3,needs_deduplication_and_nutrition_source
tomate,1,"Mendeley Data, Purwanto et al., version 3 (2026)",https://data.mendeley.com/datasets/8b4ztns76h/3,needs_deduplication_and_nutrition_source
tomato oren,1,"Mendeley Data, Purwanto et al., version 3 (2026)",https://data.mendeley.com/datasets/8b4ztns76h/3,needs_deduplication_and_nutrition_source
tongkol ikan,1,"Mendeley Data, Purwanto et al., version 3 (2026)",https://data.mendeley.com/datasets/8b4ztns76h/3,needs_deduplication_and_nutrition_source
tongkol pindang siap pakai,1,"Mendeley Data, Purwanto et al., version 3 (2026)",https://data.mendeley.com/datasets/8b4ztns76h/3,needs_deduplication_and_nutrition_source
totole,1,"Mendeley Data, Purwanto et al., version 3 (2026)",https://data.mendeley.com/datasets/8b4ztns76h/3,needs_deduplication_and_nutrition_source
tulang / iga sapi,1,"Mendeley Data, Purwanto et al., version 3 (2026)",https://data.mendeley.com/datasets/8b4ztns76h/3,needs_deduplication_and_nutrition_source
tulang ayam yg masih ada dagingnya,1,"Mendeley Data, Purwanto et al., version 3 (2026)",https://data.mendeley.com/datasets/8b4ztns76h/3,needs_deduplication_and_nutrition_source
tulang dada ayam,1,"Mendeley Data, Purwanto et al., version 3 (2026)",https://data.mendeley.com/datasets/8b4ztns76h/3,needs_deduplication_and_nutrition_source
tulang iga kambing,1,"Mendeley Data, Purwanto et al., version 3 (2026)",https://data.mendeley.com/datasets/8b4ztns76h/3,needs_deduplication_and_nutrition_source
tulang kaki kambing,1,"Mendeley Data, Purwanto et al., version 3 (2026)",https://data.mendeley.com/datasets/8b4ztns76h/3,needs_deduplication_and_nutrition_source
tulang sumsum,1,"Mendeley Data, Purwanto et al., version 3 (2026)",https://data.mendeley.com/datasets/8b4ztns76h/3,needs_deduplication_and_nutrition_source
tumbuk,1,"Mendeley Data, Purwanto et al., version 3 (2026)",https://data.mendeley.com/datasets/8b4ztns76h/3,needs_deduplication_and_nutrition_source
tuna,1,"Mendeley Data, Purwanto et al., version 3 (2026)",https://data.mendeley.com/datasets/8b4ztns76h/3,needs_deduplication_and_nutrition_source
tuna fillet,1,"Mendeley Data, Purwanto et al., version 3 (2026)",https://data.mendeley.com/datasets/8b4ztns76h/3,needs_deduplication_and_nutrition_source
ubi rambat kuning (berat setelah dikupas),1,"Mendeley Data, Purwanto et al., version 3 (2026)",https://data.mendeley.com/datasets/8b4ztns76h/3,needs_deduplication_and_nutrition_source
ubi ungu,1,"Mendeley Data, Purwanto et al., version 3 (2026)",https://data.mendeley.com/datasets/8b4ztns76h/3,needs_deduplication_and_nutrition_source
udang basah,1,"Mendeley Data, Purwanto et al., version 3 (2026)",https://data.mendeley.com/datasets/8b4ztns76h/3,needs_deduplication_and_nutrition_source
udang basah / kepala kulit udang,1,"Mendeley Data, Purwanto et al., version 3 (2026)",https://data.mendeley.com/datasets/8b4ztns76h/3,needs_deduplication_and_nutrition_source
udang basah kupas,1,"Mendeley Data, Purwanto et al., version 3 (2026)",https://data.mendeley.com/datasets/8b4ztns76h/3,needs_deduplication_and_nutrition_source
udang bersih (atau bandeng goreng),1,"Mendeley Data, Purwanto et al., version 3 (2026)",https://data.mendeley.com/datasets/8b4ztns76h/3,needs_deduplication_and_nutrition_source
udang ebi kecil,1,"Mendeley Data, Purwanto et al., version 3 (2026)",https://data.mendeley.com/datasets/8b4ztns76h/3,needs_deduplication_and_nutrition_source
udang kipas kulit,1,"Mendeley Data, Purwanto et al., version 3 (2026)",https://data.mendeley.com/datasets/8b4ztns76h/3,needs_deduplication_and_nutrition_source
udang kupas (kuah),1,"Mendeley Data, Purwanto et al., version 3 (2026)",https://data.mendeley.com/datasets/8b4ztns76h/3,needs_deduplication_and_nutrition_source
udang kupas (optional),1,"Mendeley Data, Purwanto et al., version 3 (2026)",https://data.mendeley.com/datasets/8b4ztns76h/3,needs_deduplication_and_nutrition_source
udang laut,1,"Mendeley Data, Purwanto et al., version 3 (2026)",https://data.mendeley.com/datasets/8b4ztns76h/3,needs_deduplication_and_nutrition_source
udang segar kupas,1,"Mendeley Data, Purwanto et al., version 3 (2026)",https://data.mendeley.com/datasets/8b4ztns76h/3,needs_deduplication_and_nutrition_source
udang segar tanpa kepala,1,"Mendeley Data, Purwanto et al., version 3 (2026)",https://data.mendeley.com/datasets/8b4ztns76h/3,needs_deduplication_and_nutrition_source
udang segar/kepala udang,1,"Mendeley Data, Purwanto et al., version 3 (2026)",https://data.mendeley.com/datasets/8b4ztns76h/3,needs_deduplication_and_nutrition_source
udang windu kupas,1,"Mendeley Data, Purwanto et al., version 3 (2026)",https://data.mendeley.com/datasets/8b4ztns76h/3,needs_deduplication_and_nutrition_source
udang/ kepala udang,1,"Mendeley Data, Purwanto et al., version 3 (2026)",https://data.mendeley.com/datasets/8b4ztns76h/3,needs_deduplication_and_nutrition_source
unsalted butter,1,"Mendeley Data, Purwanto et al., version 3 (2026)",https://data.mendeley.com/datasets/8b4ztns76h/3,needs_deduplication_and_nutrition_source
urap2,1,"Mendeley Data, Purwanto et al., version 3 (2026)",https://data.mendeley.com/datasets/8b4ztns76h/3,needs_deduplication_and_nutrition_source
usus dan ceker,1,"Mendeley Data, Purwanto et al., version 3 (2026)",https://data.mendeley.com/datasets/8b4ztns76h/3,needs_deduplication_and_nutrition_source
vanila bubuk,1,"Mendeley Data, Purwanto et al., version 3 (2026)",https://data.mendeley.com/datasets/8b4ztns76h/3,needs_deduplication_and_nutrition_source
vanilli,1,"Mendeley Data, Purwanto et al., version 3 (2026)",https://data.mendeley.com/datasets/8b4ztns76h/3,needs_deduplication_and_nutrition_source
whipped cream,1,"Mendeley Data, Purwanto et al., version 3 (2026)",https://data.mendeley.com/datasets/8b4ztns76h/3,needs_deduplication_and_nutrition_source
wortel iris korek api,1,"Mendeley Data, Purwanto et al., version 3 (2026)",https://data.mendeley.com/datasets/8b4ztns76h/3,needs_deduplication_and_nutrition_source
wortel ukuran kecil,1,"Mendeley Data, Purwanto et al., version 3 (2026)",https://data.mendeley.com/datasets/8b4ztns76h/3,needs_deduplication_and_nutrition_source
wow spageti,1,"Mendeley Data, Purwanto et al., version 3 (2026)",https://data.mendeley.com/datasets/8b4ztns76h/3,needs_deduplication_and_nutrition_source
