recipe_code,ingredient_position,raw_ingredient,raw_measure,ingredient_code,quantity_g,purchase_quantity_g,status,estimation_note,reference_url,recipe_source_url,rules_version
RCP-KAGGLE-4473027,1,1 Ekor Ayam Kampung (potong 12),1 Ekor Ayam Kampung (potong 12),ING-DAGING-AYAM-KAMPUNG,600.0,1000.0,estimated,"asumsi 1 ekor 1000 g × 60% daging termakan; belanja memakai berat utuh, gizi memakai daging",,https://cookpad.com/id/resep/4473027-ayam-woku-manado,takarkuy-estimates-2026-10-01-v2
RCP-KAGGLE-4473027,2,2 Buah Jeruk Nipis,2 Buah Jeruk Nipis,ING-JERUK-NIPIS,88.0,88.0,estimated,"asumsi TAKARKUY berat bagian termakan per unit 44 g; mengacu ukuran USDA, bukan bobot pasti produk",https://fdc.nal.usda.gov/download-datasets/,https://cookpad.com/id/resep/4473027-ayam-woku-manado,takarkuy-estimates-2026-10-01-v2
RCP-KAGGLE-4473027,3,2 Sdm Garam,2 Sdm Garam,ING-GARAM,36.5,36.5,estimated,"perkiraan sdm; massa khusus bahan, cup ≈ 240 ml",https://fdc.nal.usda.gov/download-datasets/; https://www.kingarthurbaking.com/learn/ingredient-weight-chart,https://cookpad.com/id/resep/4473027-ayam-woku-manado,takarkuy-estimates-2026-10-01-v2
RCP-KAGGLE-4473027,4,3 Ruas Kunyit,3 Ruas Kunyit,ING-KUNYIT,30.0,30.0,estimated,"asumsi TAKARKUY: 1 ruas ≈ 10 g, 1 cm ≈ 5 g",,https://cookpad.com/id/resep/4473027-ayam-woku-manado,takarkuy-estimates-2026-10-01-v2
RCP-KAGGLE-4473027,5,7 Bawang Merah,7 Bawang Merah,ING-BAWANG-MERAH,70.0,70.0,estimated,"asumsi TAKARKUY berat bagian termakan per unit 10 g; mengacu ukuran USDA, bukan bobot pasti produk",https://fdc.nal.usda.gov/download-datasets/,https://cookpad.com/id/resep/4473027-ayam-woku-manado,takarkuy-estimates-2026-10-01-v2
RCP-KAGGLE-4473027,6,7 Bawang Putih,7 Bawang Putih,ING-BAWANG-PUTIH,21.0,21.0,estimated,"asumsi TAKARKUY berat bagian termakan per unit 3 g; mengacu ukuran USDA, bukan bobot pasti produk",https://fdc.nal.usda.gov/download-datasets/,https://cookpad.com/id/resep/4473027-ayam-woku-manado,takarkuy-estimates-2026-10-01-v2
RCP-KAGGLE-4473027,7,10 Cabe Merah,10 Cabe Merah,ING-CABAI-MERAH-KERITING,100.0,100.0,estimated,"asumsi TAKARKUY berat bagian termakan per unit 10 g; mengacu ukuran USDA, bukan bobot pasti produk",https://fdc.nal.usda.gov/download-datasets/,https://cookpad.com/id/resep/4473027-ayam-woku-manado,takarkuy-estimates-2026-10-01-v2
RCP-KAGGLE-4473027,8,10 Cabe Rawit Merah (sesuai selera),10 Cabe Rawit Merah (sesuai selera),ING-CABAI-RAWIT-MERAH,30.0,30.0,estimated,"asumsi TAKARKUY berat bagian termakan per unit 3 g; mengacu ukuran USDA, bukan bobot pasti produk",https://fdc.nal.usda.gov/download-datasets/,https://cookpad.com/id/resep/4473027-ayam-woku-manado,takarkuy-estimates-2026-10-01-v2
RCP-KAGGLE-4473027,9,3 Butir Kemiri,3 Butir Kemiri,ING-KEMIRI,12.0,12.0,estimated,"asumsi TAKARKUY berat bagian termakan per unit 4 g; mengacu ukuran USDA, bukan bobot pasti produk",https://fdc.nal.usda.gov/download-datasets/,https://cookpad.com/id/resep/4473027-ayam-woku-manado,takarkuy-estimates-2026-10-01-v2
RCP-KAGGLE-4473027,10,2 Batang Sereh,2 Batang Sereh,ING-SERAI,40.0,40.0,estimated,"asumsi TAKARKUY berat bagian termakan per unit 20 g; mengacu ukuran USDA, bukan bobot pasti produk",https://fdc.nal.usda.gov/download-datasets/,https://cookpad.com/id/resep/4473027-ayam-woku-manado,takarkuy-estimates-2026-10-01-v2
RCP-KAGGLE-4473027,11,2 Lembar Daun Salam,2 Lembar Daun Salam,ING-DAUN-SALAM,1.0,1.0,estimated,"asumsi TAKARKUY berat bagian termakan per unit 0.5 g; mengacu ukuran USDA, bukan bobot pasti produk",https://fdc.nal.usda.gov/download-datasets/,https://cookpad.com/id/resep/4473027-ayam-woku-manado,takarkuy-estimates-2026-10-01-v2
RCP-KAGGLE-4473027,12,2 Ikat Daun Kemangi,2 Ikat Daun Kemangi,ING-KEMANGI,100.0,100.0,estimated,"asumsi TAKARKUY: ikat ini 50 g, bukan konversi kemasan universal",,https://cookpad.com/id/resep/4473027-ayam-woku-manado,takarkuy-estimates-2026-10-01-v2
RCP-KAGGLE-4473027,13,Penyedap Rasa,Penyedap Rasa,ING-KALDU-AYAM-BUBUK,3,3,estimated,asumsi TAKARKUY untuk batch: 3 g; sumber tidak memberi angka pasti,,https://cookpad.com/id/resep/4473027-ayam-woku-manado,takarkuy-estimates-2026-10-01-v2
RCP-KAGGLE-4473027,14,1 1/2 Gelas Air,1 1/2 Gelas Air,,,,excluded_utility,air/alat/pembungkus masak di luar gizi dan biaya bahan termakan,,https://cookpad.com/id/resep/4473027-ayam-woku-manado,takarkuy-estimates-2026-10-01-v2
RCP-KAGGLE-4471956,1,1 kg ayam (dipotong sesuai selera jangan kecil2 ya),1 kg ayam (dipotong sesuai selera jangan kecil2 ya),ING-DAGING-AYAM-BROILER,1000.0,1000.0,estimated,konversi massa kg → g,https://www.nist.gov/pml/owm/metric-si/unit-conversion/approximate-conversions-us-customary-measures-metric,https://cookpad.com/id/resep/4471956-ayam-goreng-tulang-lunak,takarkuy-estimates-2026-10-01-v2
RCP-KAGGLE-4471956,2,2 batang serai (memarkan),2 batang serai (memarkan),ING-SERAI,40.0,40.0,estimated,"asumsi TAKARKUY berat bagian termakan per unit 20 g; mengacu ukuran USDA, bukan bobot pasti produk",https://fdc.nal.usda.gov/download-datasets/,https://cookpad.com/id/resep/4471956-ayam-goreng-tulang-lunak,takarkuy-estimates-2026-10-01-v2
RCP-KAGGLE-4471956,3,4 lembar daun jeruk,4 lembar daun jeruk,ING-DAUN-JERUK,2.0,2.0,estimated,"asumsi TAKARKUY berat bagian termakan per unit 0.5 g; mengacu ukuran USDA, bukan bobot pasti produk",https://fdc.nal.usda.gov/download-datasets/,https://cookpad.com/id/resep/4471956-ayam-goreng-tulang-lunak,takarkuy-estimates-2026-10-01-v2
RCP-KAGGLE-4471956,4,7 butir bawang putih (haluskan),7 butir bawang putih (haluskan),ING-BAWANG-PUTIH,21.0,21.0,estimated,"asumsi TAKARKUY berat bagian termakan per unit 3 g; mengacu ukuran USDA, bukan bobot pasti produk",https://fdc.nal.usda.gov/download-datasets/,https://cookpad.com/id/resep/4471956-ayam-goreng-tulang-lunak,takarkuy-estimates-2026-10-01-v2
RCP-KAGGLE-4471956,5,1 sdm ketumbar (haluskan),1 sdm ketumbar (haluskan),ING-KETUMBAR-BIJI,5.0,5.0,estimated,"perkiraan sdm; massa khusus bahan, cup ≈ 240 ml",https://fdc.nal.usda.gov/download-datasets/; https://www.kingarthurbaking.com/learn/ingredient-weight-chart,https://cookpad.com/id/resep/4471956-ayam-goreng-tulang-lunak,takarkuy-estimates-2026-10-01-v2
RCP-KAGGLE-4471956,6,3 ruas jari Laos (haluskan),3 ruas jari Laos (haluskan),ING-LENGKUAS,30.0,30.0,estimated,"asumsi TAKARKUY: 1 ruas ≈ 10 g, 1 cm ≈ 5 g",,https://cookpad.com/id/resep/4471956-ayam-goreng-tulang-lunak,takarkuy-estimates-2026-10-01-v2
RCP-KAGGLE-4471956,7,3 ruas jari kunyit (haluskan),3 ruas jari kunyit (haluskan),ING-KUNYIT,30.0,30.0,estimated,"asumsi TAKARKUY: 1 ruas ≈ 10 g, 1 cm ≈ 5 g",,https://cookpad.com/id/resep/4471956-ayam-goreng-tulang-lunak,takarkuy-estimates-2026-10-01-v2
RCP-KAGGLE-4471956,8,2 butir kemiri (haluskan),2 butir kemiri (haluskan),ING-KEMIRI,8.0,8.0,estimated,"asumsi TAKARKUY berat bagian termakan per unit 4 g; mengacu ukuran USDA, bukan bobot pasti produk",https://fdc.nal.usda.gov/download-datasets/,https://cookpad.com/id/resep/4471956-ayam-goreng-tulang-lunak,takarkuy-estimates-2026-10-01-v2
RCP-KAGGLE-4471956,9,secukupnya Garam,secukupnya Garam,ING-GARAM,3,3,estimated,asumsi TAKARKUY untuk batch: 3 g; sumber tidak memberi angka pasti,,https://cookpad.com/id/resep/4471956-ayam-goreng-tulang-lunak,takarkuy-estimates-2026-10-01-v2
RCP-KAGGLE-4471956,10,Secukupnya Air (tuk ukep ayam),Secukupnya Air (tuk ukep ayam),,,,excluded_utility,air/alat/pembungkus masak di luar gizi dan biaya bahan termakan,,https://cookpad.com/id/resep/4471956-ayam-goreng-tulang-lunak,takarkuy-estimates-2026-10-01-v2
RCP-KAGGLE-4471956,11,Secukupnya Minyak goreng,Secukupnya Minyak goreng,ING-MINYAK-GORENG-CURAH,20,20,estimated,asumsi TAKARKUY untuk batch: 20 g; sumber tidak memberi angka pasti,,https://cookpad.com/id/resep/4471956-ayam-goreng-tulang-lunak,takarkuy-estimates-2026-10-01-v2
RCP-KAGGLE-4473057,1,1/4 kg ayam,1/4 kg ayam,ING-DAGING-AYAM-BROILER,250.0,250.0,estimated,konversi massa kg → g,https://www.nist.gov/pml/owm/metric-si/unit-conversion/approximate-conversions-us-customary-measures-metric,https://cookpad.com/id/resep/4473057-ayam-cabai-kawin,takarkuy-estimates-2026-10-01-v2
RCP-KAGGLE-4473057,2,3 buah cabai hijau besar,3 buah cabai hijau besar,ING-CABE-HIJAU-BIASA,30.0,30.0,estimated,"asumsi TAKARKUY berat bagian termakan per unit 10 g; mengacu ukuran USDA, bukan bobot pasti produk",https://fdc.nal.usda.gov/download-datasets/,https://cookpad.com/id/resep/4473057-ayam-cabai-kawin,takarkuy-estimates-2026-10-01-v2
RCP-KAGGLE-4473057,3,7 buah cabai merah rawit,7 buah cabai merah rawit,ING-CABAI-RAWIT-MERAH,21.0,21.0,estimated,"asumsi TAKARKUY berat bagian termakan per unit 3 g; mengacu ukuran USDA, bukan bobot pasti produk",https://fdc.nal.usda.gov/download-datasets/,https://cookpad.com/id/resep/4473057-ayam-cabai-kawin,takarkuy-estimates-2026-10-01-v2
RCP-KAGGLE-4473057,4,3 siung bawang putih,3 siung bawang putih,ING-BAWANG-PUTIH,9.0,9.0,estimated,"asumsi TAKARKUY berat bagian termakan per unit 3 g; mengacu ukuran USDA, bukan bobot pasti produk",https://fdc.nal.usda.gov/download-datasets/,https://cookpad.com/id/resep/4473057-ayam-cabai-kawin,takarkuy-estimates-2026-10-01-v2
RCP-KAGGLE-4473057,5,2 siung bawang merah,2 siung bawang merah,ING-BAWANG-MERAH,20.0,20.0,estimated,"asumsi TAKARKUY berat bagian termakan per unit 10 g; mengacu ukuran USDA, bukan bobot pasti produk",https://fdc.nal.usda.gov/download-datasets/,https://cookpad.com/id/resep/4473057-ayam-cabai-kawin,takarkuy-estimates-2026-10-01-v2
RCP-KAGGLE-4473057,6,secukupnya Gula,secukupnya Gula,ING-GULA-PASIR-DALAM-NEGERI,8,8,estimated,asumsi TAKARKUY untuk batch: 8 g; sumber tidak memberi angka pasti,,https://cookpad.com/id/resep/4473057-ayam-cabai-kawin,takarkuy-estimates-2026-10-01-v2
RCP-KAGGLE-4473057,7,secukupnya Garam,secukupnya Garam,ING-GARAM,3,3,estimated,asumsi TAKARKUY untuk batch: 3 g; sumber tidak memberi angka pasti,,https://cookpad.com/id/resep/4473057-ayam-cabai-kawin,takarkuy-estimates-2026-10-01-v2
RCP-KAGGLE-4473057,8,1/4 buah tomat merah,1/4 buah tomat merah,ING-TOMAT,30.75,30.75,estimated,"asumsi TAKARKUY berat bagian termakan per unit 123 g; mengacu ukuran USDA, bukan bobot pasti produk",https://fdc.nal.usda.gov/download-datasets/,https://cookpad.com/id/resep/4473057-ayam-cabai-kawin,takarkuy-estimates-2026-10-01-v2
RCP-KAGGLE-4473057,9,secukupnya Air,secukupnya Air,,,,excluded_utility,air/alat/pembungkus masak di luar gizi dan biaya bahan termakan,,https://cookpad.com/id/resep/4473057-ayam-cabai-kawin,takarkuy-estimates-2026-10-01-v2
RCP-KAGGLE-4473057,10,secukupnya Minyak goreng,secukupnya Minyak goreng,ING-MINYAK-GORENG-CURAH,20,20,estimated,asumsi TAKARKUY untuk batch: 20 g; sumber tidak memberi angka pasti,,https://cookpad.com/id/resep/4473057-ayam-cabai-kawin,takarkuy-estimates-2026-10-01-v2
RCP-KAGGLE-4473023,1,250 gr daging ayam (saya pakai fillet),250 gr daging ayam (saya pakai fillet),ING-DAGING-AYAM-BROILER,250.0,250.0,estimated,konversi massa gr → g,https://www.nist.gov/pml/owm/metric-si/unit-conversion/approximate-conversions-us-customary-measures-metric,https://cookpad.com/id/resep/4473023-ayam-geprek,takarkuy-estimates-2026-10-01-v2
RCP-KAGGLE-4473023,2.1,Secukupnya gula dan garam,secukupnya gula,ING-GULA-PASIR-DALAM-NEGERI,8,8,estimated,"daftar bahan dipecah; takaran per komponen adalah estimasi terpisah, bukan angka bersama; komponen: secukupnya gula; asumsi TAKARKUY untuk batch: 8 g; sumber tidak memberi angka pasti",,https://cookpad.com/id/resep/4473023-ayam-geprek,takarkuy-estimates-2026-10-01-v2
RCP-KAGGLE-4473023,2.2,Secukupnya gula dan garam,garam,ING-GARAM,3,3,estimated,"daftar bahan dipecah; takaran per komponen adalah estimasi terpisah, bukan angka bersama; komponen: garam; asumsi TAKARKUY untuk batch: 3 g; sumber tidak memberi angka pasti",,https://cookpad.com/id/resep/4473023-ayam-geprek,takarkuy-estimates-2026-10-01-v2
RCP-KAGGLE-4473023,3,50-100 gr tepung ayam serbaguna,50-100 gr tepung ayam serbaguna,,100.0,,blocked,bahan/bentuk/komposisi belum dipetakan; tidak dibuang dari perhitungan; rentang memakai batas atas untuk estimasi belanja; konversi massa gr → g,https://www.nist.gov/pml/owm/metric-si/unit-conversion/approximate-conversions-us-customary-measures-metric,https://cookpad.com/id/resep/4473023-ayam-geprek,takarkuy-estimates-2026-10-01-v2
RCP-KAGGLE-4473023,4.1,"Secukupnya lalapan (kemangi,kol,timun)",secukupnya kemangi,ING-KEMANGI,10,10,estimated,"daftar bahan dipecah; takaran per komponen adalah estimasi terpisah, bukan angka bersama; komponen: secukupnya kemangi; asumsi TAKARKUY untuk batch: 10 g; sumber tidak memberi angka pasti",,https://cookpad.com/id/resep/4473023-ayam-geprek,takarkuy-estimates-2026-10-01-v2
RCP-KAGGLE-4473023,4.2,"Secukupnya lalapan (kemangi,kol,timun)",kol,ING-KUBIS,150,150,estimated,"daftar bahan dipecah; takaran per komponen adalah estimasi terpisah, bukan angka bersama; komponen: kol; asumsi TAKARKUY untuk batch: 150 g; sumber tidak memberi angka pasti",,https://cookpad.com/id/resep/4473023-ayam-geprek,takarkuy-estimates-2026-10-01-v2
RCP-KAGGLE-4473023,4.3,"Secukupnya lalapan (kemangi,kol,timun)",timun,ING-MENTIMUN,150,150,estimated,"daftar bahan dipecah; takaran per komponen adalah estimasi terpisah, bukan angka bersama; komponen: timun; asumsi TAKARKUY untuk batch: 150 g; sumber tidak memberi angka pasti",,https://cookpad.com/id/resep/4473023-ayam-geprek,takarkuy-estimates-2026-10-01-v2
RCP-KAGGLE-4473023,5,Secukupnya minyak panas,Secukupnya minyak panas,ING-MINYAK-GORENG-CURAH,20,20,estimated,asumsi TAKARKUY untuk batch: 20 g; sumber tidak memberi angka pasti,,https://cookpad.com/id/resep/4473023-ayam-geprek,takarkuy-estimates-2026-10-01-v2
RCP-KAGGLE-4473023,6,❤sambal korek,❤sambal korek,,,,section_heading,"judul bagian, bukan bahan",,https://cookpad.com/id/resep/4473023-ayam-geprek,takarkuy-estimates-2026-10-01-v2
RCP-KAGGLE-4473023,7.1,Secukupnya cabe rawit merah dan bwg putih,secukupnya cabe rawit merah,ING-CABAI-RAWIT-MERAH,12,12,estimated,"daftar bahan dipecah; takaran per komponen adalah estimasi terpisah, bukan angka bersama; komponen: secukupnya cabe rawit merah; asumsi TAKARKUY untuk batch: 12 g; sumber tidak memberi angka pasti",,https://cookpad.com/id/resep/4473023-ayam-geprek,takarkuy-estimates-2026-10-01-v2
RCP-KAGGLE-4473023,7.2,Secukupnya cabe rawit merah dan bwg putih,bwg putih,ING-BAWANG-PUTIH,12,12,estimated,"daftar bahan dipecah; takaran per komponen adalah estimasi terpisah, bukan angka bersama; komponen: bwg putih; asumsi TAKARKUY untuk batch: 12 g; sumber tidak memberi angka pasti",,https://cookpad.com/id/resep/4473023-ayam-geprek,takarkuy-estimates-2026-10-01-v2
RCP-KAGGLE-4427438,1,400 gr kulit ayam & lemaknya,400 gr kulit ayam & lemaknya,,400.0,,blocked,bahan/bentuk/komposisi belum dipetakan; tidak dibuang dari perhitungan; konversi massa gr → g,https://www.nist.gov/pml/owm/metric-si/unit-conversion/approximate-conversions-us-customary-measures-metric,https://cookpad.com/id/resep/4427438-minyak-ayam,takarkuy-estimates-2026-10-01-v2
RCP-KAGGLE-4427438,2,"8 siung bawang putih kating, cincang kasar","8 siung bawang putih kating, cincang kasar",ING-BAWANG-PUTIH,24.0,24.0,estimated,"asumsi TAKARKUY berat bagian termakan per unit 3 g; mengacu ukuran USDA, bukan bobot pasti produk",https://fdc.nal.usda.gov/download-datasets/,https://cookpad.com/id/resep/4427438-minyak-ayam,takarkuy-estimates-2026-10-01-v2
RCP-KAGGLE-4427438,3,"1 ruas jahe, geprek","1 ruas jahe, geprek",ING-JAHE,10.0,10.0,estimated,"asumsi TAKARKUY: 1 ruas ≈ 10 g, 1 cm ≈ 5 g",,https://cookpad.com/id/resep/4427438-minyak-ayam,takarkuy-estimates-2026-10-01-v2
RCP-KAGGLE-4427438,4,350 ml minyak goreng,350 ml minyak goreng,ING-MINYAK-GORENG-CURAH,317.917,317.917,estimated,"perkiraan ml; massa khusus bahan, cup ≈ 240 ml",https://fdc.nal.usda.gov/download-datasets/; https://www.kingarthurbaking.com/learn/ingredient-weight-chart,https://cookpad.com/id/resep/4427438-minyak-ayam,takarkuy-estimates-2026-10-01-v2
RCP-KAGGLE-4427438,5,1 sdm ketumbar bubuk,1 sdm ketumbar bubuk,ING-KETUMBAR-BIJI,5.0,5.0,estimated,"perkiraan sdm; massa khusus bahan, cup ≈ 240 ml",https://fdc.nal.usda.gov/download-datasets/; https://www.kingarthurbaking.com/learn/ingredient-weight-chart,https://cookpad.com/id/resep/4427438-minyak-ayam,takarkuy-estimates-2026-10-01-v2
RCP-KAGGLE-4472552,1,1 piring nasi,1 piring nasi,,,,blocked,bahan/bentuk/komposisi belum dipetakan; tidak dibuang dari perhitungan,,https://cookpad.com/id/resep/4472552-nasi-bakar-ayam,takarkuy-estimates-2026-10-01-v2
RCP-KAGGLE-4472552,2,"¹/⁴ fillet ayam, potong kotak, cuci bersih","¹/⁴ fillet ayam, potong kotak, cuci bersih",ING-DAGING-AYAM-BROILER,,,blocked,"satuan/format belum dipetakan: fillet ayam, potong kotak, cuci bersih",,https://cookpad.com/id/resep/4472552-nasi-bakar-ayam,takarkuy-estimates-2026-10-01-v2
RCP-KAGGLE-4472552,3,Daun pisang yang sudah dibersihkan,Daun pisang yang sudah dibersihkan,,,,excluded_utility,air/alat/pembungkus masak di luar gizi dan biaya bahan termakan,,https://cookpad.com/id/resep/4472552-nasi-bakar-ayam,takarkuy-estimates-2026-10-01-v2
RCP-KAGGLE-4472552,4,Lidi/tusuk gigi untuk mengapit daun,Lidi/tusuk gigi untuk mengapit daun,,,,excluded_utility,air/alat/pembungkus masak di luar gizi dan biaya bahan termakan,,https://cookpad.com/id/resep/4472552-nasi-bakar-ayam,takarkuy-estimates-2026-10-01-v2
RCP-KAGGLE-4472552,5,1 lbr daun salam,1 lbr daun salam,ING-DAUN-SALAM,0.5,0.5,estimated,"asumsi TAKARKUY berat bagian termakan per unit 0.5 g; mengacu ukuran USDA, bukan bobot pasti produk",https://fdc.nal.usda.gov/download-datasets/,https://cookpad.com/id/resep/4472552-nasi-bakar-ayam,takarkuy-estimates-2026-10-01-v2
RCP-KAGGLE-4472552,6,"3 cm serai, memarkan","3 cm serai, memarkan",ING-SERAI,,,blocked,"satuan/format belum dipetakan: cm serai, memarkan",,https://cookpad.com/id/resep/4472552-nasi-bakar-ayam,takarkuy-estimates-2026-10-01-v2
RCP-KAGGLE-4472552,7,"1 ikat daun kemangi, opsional","1 ikat daun kemangi, opsional",ING-KEMANGI,50.0,50.0,estimated,"asumsi TAKARKUY: ikat ini 50 g, bukan konversi kemasan universal",,https://cookpad.com/id/resep/4472552-nasi-bakar-ayam,takarkuy-estimates-2026-10-01-v2
RCP-KAGGLE-4472552,8,"1 cabe merah besar, iris tipis","1 cabe merah besar, iris tipis",ING-CABAI-MERAH-KERITING,10.0,10.0,estimated,"asumsi TAKARKUY berat bagian termakan per unit 10 g; mengacu ukuran USDA, bukan bobot pasti produk",https://fdc.nal.usda.gov/download-datasets/,https://cookpad.com/id/resep/4472552-nasi-bakar-ayam,takarkuy-estimates-2026-10-01-v2
RCP-KAGGLE-4472552,9,1 sdt kecap manis,1 sdt kecap manis,ING-KECAP-MANIS,6.5,6.5,estimated,"perkiraan sdt; massa khusus bahan, cup ≈ 240 ml",https://fdc.nal.usda.gov/download-datasets/; https://www.kingarthurbaking.com/learn/ingredient-weight-chart,https://cookpad.com/id/resep/4472552-nasi-bakar-ayam,takarkuy-estimates-2026-10-01-v2
RCP-KAGGLE-4472552,10,Minyak untuk menumis,Minyak untuk menumis,ING-MINYAK-GORENG-CURAH,20,20,estimated,asumsi TAKARKUY untuk batch: 20 g; sumber tidak memberi angka pasti,,https://cookpad.com/id/resep/4472552-nasi-bakar-ayam,takarkuy-estimates-2026-10-01-v2
RCP-KAGGLE-4472552,11,100 ml air,100 ml air,,,,excluded_utility,air/alat/pembungkus masak di luar gizi dan biaya bahan termakan,,https://cookpad.com/id/resep/4472552-nasi-bakar-ayam,takarkuy-estimates-2026-10-01-v2
RCP-KAGGLE-4472552,12,Bumbu Halus:,Bumbu Halus:,,,,section_heading,"judul bagian, bukan bahan",,https://cookpad.com/id/resep/4472552-nasi-bakar-ayam,takarkuy-estimates-2026-10-01-v2
RCP-KAGGLE-4472552,13,1 cabe merah besar,1 cabe merah besar,ING-CABAI-MERAH-KERITING,10.0,10.0,estimated,"asumsi TAKARKUY berat bagian termakan per unit 10 g; mengacu ukuran USDA, bukan bobot pasti produk",https://fdc.nal.usda.gov/download-datasets/,https://cookpad.com/id/resep/4472552-nasi-bakar-ayam,takarkuy-estimates-2026-10-01-v2
RCP-KAGGLE-4472552,14,3 cabe kecil,3 cabe kecil,ING-CABAI-RAWIT-MERAH,9.0,9.0,estimated,"asumsi TAKARKUY berat bagian termakan per unit 3 g; mengacu ukuran USDA, bukan bobot pasti produk",https://fdc.nal.usda.gov/download-datasets/,https://cookpad.com/id/resep/4472552-nasi-bakar-ayam,takarkuy-estimates-2026-10-01-v2
RCP-KAGGLE-4472552,15,2 siung bawang merah,2 siung bawang merah,ING-BAWANG-MERAH,20.0,20.0,estimated,"asumsi TAKARKUY berat bagian termakan per unit 10 g; mengacu ukuran USDA, bukan bobot pasti produk",https://fdc.nal.usda.gov/download-datasets/,https://cookpad.com/id/resep/4472552-nasi-bakar-ayam,takarkuy-estimates-2026-10-01-v2
RCP-KAGGLE-4472552,16,1 siung bawang putih,1 siung bawang putih,ING-BAWANG-PUTIH,3.0,3.0,estimated,"asumsi TAKARKUY berat bagian termakan per unit 3 g; mengacu ukuran USDA, bukan bobot pasti produk",https://fdc.nal.usda.gov/download-datasets/,https://cookpad.com/id/resep/4472552-nasi-bakar-ayam,takarkuy-estimates-2026-10-01-v2
RCP-KAGGLE-4472552,17,1 kemiri,1 kemiri,ING-KEMIRI,4.0,4.0,estimated,"asumsi TAKARKUY berat bagian termakan per unit 4 g; mengacu ukuran USDA, bukan bobot pasti produk",https://fdc.nal.usda.gov/download-datasets/,https://cookpad.com/id/resep/4472552-nasi-bakar-ayam,takarkuy-estimates-2026-10-01-v2
RCP-KAGGLE-4472552,18,1 cm kunyit,1 cm kunyit,ING-KUNYIT,5.0,5.0,estimated,"asumsi TAKARKUY: 1 ruas ≈ 10 g, 1 cm ≈ 5 g",,https://cookpad.com/id/resep/4472552-nasi-bakar-ayam,takarkuy-estimates-2026-10-01-v2
RCP-KAGGLE-4472552,19,¹/² ruas jahe,¹/² ruas jahe,ING-JAHE,5.0,5.0,estimated,"asumsi TAKARKUY: 1 ruas ≈ 10 g, 1 cm ≈ 5 g",,https://cookpad.com/id/resep/4472552-nasi-bakar-ayam,takarkuy-estimates-2026-10-01-v2
RCP-KAGGLE-4472552,20,¹/⁴ tomat,¹/⁴ tomat,ING-TOMAT,30.75,30.75,estimated,"asumsi TAKARKUY berat bagian termakan per unit 123 g; mengacu ukuran USDA, bukan bobot pasti produk",https://fdc.nal.usda.gov/download-datasets/,https://cookpad.com/id/resep/4472552-nasi-bakar-ayam,takarkuy-estimates-2026-10-01-v2
RCP-KAGGLE-4472552,21,1 sdt gula pasir,1 sdt gula pasir,ING-GULA-PASIR-DALAM-NEGERI,4.125,4.125,estimated,"perkiraan sdt; massa khusus bahan, cup ≈ 240 ml",https://fdc.nal.usda.gov/download-datasets/; https://www.kingarthurbaking.com/learn/ingredient-weight-chart,https://cookpad.com/id/resep/4472552-nasi-bakar-ayam,takarkuy-estimates-2026-10-01-v2
RCP-KAGGLE-4472552,22,"1 blok kaldu ayam (aku biasa pake maggy) pake royco, masako","1 blok kaldu ayam (aku biasa pake maggy) pake royco, masako",,,,blocked,bahan/bentuk/komposisi belum dipetakan; tidak dibuang dari perhitungan,,https://cookpad.com/id/resep/4472552-nasi-bakar-ayam,takarkuy-estimates-2026-10-01-v2
RCP-KAGGLE-4472552,23,"Merica (dikira2 z takar nya, aku sdkit z sih)","Merica (dikira2 z takar nya, aku sdkit z sih)",ING-MERICA,1,1,estimated,asumsi TAKARKUY untuk batch: 1 g; sumber tidak memberi angka pasti,,https://cookpad.com/id/resep/4472552-nasi-bakar-ayam,takarkuy-estimates-2026-10-01-v2
RCP-KAGGLE-4437475,1,1/2 Ekor ayam,1/2 Ekor ayam,ING-DAGING-AYAM-BROILER,300.0,500.0,estimated,"asumsi 1 ekor 1000 g × 60% daging termakan; belanja memakai berat utuh, gizi memakai daging",,https://cookpad.com/id/resep/4437475-ayam-saus-hintalu-jaruk,takarkuy-estimates-2026-10-01-v2
RCP-KAGGLE-4437475,2,2 Butir Hintalu Jaruk,2 Butir Hintalu Jaruk,,,,blocked,bahan/bentuk/komposisi belum dipetakan; tidak dibuang dari perhitungan,,https://cookpad.com/id/resep/4437475-ayam-saus-hintalu-jaruk,takarkuy-estimates-2026-10-01-v2
RCP-KAGGLE-4437475,3,1 Buah Cabe merah,1 Buah Cabe merah,ING-CABAI-MERAH-KERITING,10.0,10.0,estimated,"asumsi TAKARKUY berat bagian termakan per unit 10 g; mengacu ukuran USDA, bukan bobot pasti produk",https://fdc.nal.usda.gov/download-datasets/,https://cookpad.com/id/resep/4437475-ayam-saus-hintalu-jaruk,takarkuy-estimates-2026-10-01-v2
RCP-KAGGLE-4437475,4,1 Buah Cabe hijau,1 Buah Cabe hijau,ING-CABE-HIJAU-BIASA,10.0,10.0,estimated,"asumsi TAKARKUY berat bagian termakan per unit 10 g; mengacu ukuran USDA, bukan bobot pasti produk",https://fdc.nal.usda.gov/download-datasets/,https://cookpad.com/id/resep/4437475-ayam-saus-hintalu-jaruk,takarkuy-estimates-2026-10-01-v2
RCP-KAGGLE-4437475,5,300 gr Tepung terigu,300 gr Tepung terigu,ING-TEPUNG-TERIGU-CURAH,300.0,300.0,estimated,konversi massa gr → g,https://www.nist.gov/pml/owm/metric-si/unit-conversion/approximate-conversions-us-customary-measures-metric,https://cookpad.com/id/resep/4437475-ayam-saus-hintalu-jaruk,takarkuy-estimates-2026-10-01-v2
RCP-KAGGLE-4437475,6,1 bks Merica bubuk,1 bks Merica bubuk,ING-MERICA,,,blocked,satuan/format belum dipetakan: bks merica bubuk,,https://cookpad.com/id/resep/4437475-ayam-saus-hintalu-jaruk,takarkuy-estimates-2026-10-01-v2
RCP-KAGGLE-4437475,7,2 Siung Bawang putih,2 Siung Bawang putih,ING-BAWANG-PUTIH,6.0,6.0,estimated,"asumsi TAKARKUY berat bagian termakan per unit 3 g; mengacu ukuran USDA, bukan bobot pasti produk",https://fdc.nal.usda.gov/download-datasets/,https://cookpad.com/id/resep/4437475-ayam-saus-hintalu-jaruk,takarkuy-estimates-2026-10-01-v2
RCP-KAGGLE-4437475,8,1 Buah jeruk nipis,1 Buah jeruk nipis,ING-JERUK-NIPIS,44.0,44.0,estimated,"asumsi TAKARKUY berat bagian termakan per unit 44 g; mengacu ukuran USDA, bukan bobot pasti produk",https://fdc.nal.usda.gov/download-datasets/,https://cookpad.com/id/resep/4437475-ayam-saus-hintalu-jaruk,takarkuy-estimates-2026-10-01-v2
RCP-KAGGLE-4437475,9,secukupnya Minyak goreng untuk menumis dan menggoreng,secukupnya Minyak goreng untuk menumis dan menggoreng,ING-MINYAK-GORENG-CURAH,20,20,estimated,asumsi TAKARKUY untuk batch: 20 g; sumber tidak memberi angka pasti,,https://cookpad.com/id/resep/4437475-ayam-saus-hintalu-jaruk,takarkuy-estimates-2026-10-01-v2
RCP-KAGGLE-4437475,10.1,"secukupnya Gula, garam dan penyedap rasa",secukupnya gula,ING-GULA-PASIR-DALAM-NEGERI,8,8,estimated,"daftar bahan dipecah; takaran per komponen adalah estimasi terpisah, bukan angka bersama; komponen: secukupnya gula; asumsi TAKARKUY untuk batch: 8 g; sumber tidak memberi angka pasti",,https://cookpad.com/id/resep/4437475-ayam-saus-hintalu-jaruk,takarkuy-estimates-2026-10-01-v2
RCP-KAGGLE-4437475,10.2,"secukupnya Gula, garam dan penyedap rasa",garam,ING-GARAM,3,3,estimated,"daftar bahan dipecah; takaran per komponen adalah estimasi terpisah, bukan angka bersama; komponen: garam; asumsi TAKARKUY untuk batch: 3 g; sumber tidak memberi angka pasti",,https://cookpad.com/id/resep/4437475-ayam-saus-hintalu-jaruk,takarkuy-estimates-2026-10-01-v2
RCP-KAGGLE-4437475,10.3,"secukupnya Gula, garam dan penyedap rasa",penyedap rasa,ING-KALDU-AYAM-BUBUK,3,3,estimated,"daftar bahan dipecah; takaran per komponen adalah estimasi terpisah, bukan angka bersama; komponen: penyedap rasa; asumsi TAKARKUY untuk batch: 3 g; sumber tidak memberi angka pasti",,https://cookpad.com/id/resep/4437475-ayam-saus-hintalu-jaruk,takarkuy-estimates-2026-10-01-v2
RCP-KAGGLE-4472877,1,Ayam bagian dada dan tulang,Ayam bagian dada dan tulang,,,,blocked,bahan/bentuk/komposisi belum dipetakan; tidak dibuang dari perhitungan,,https://cookpad.com/id/resep/4472877-ayam-saos-teriyaki-lada-hitam,takarkuy-estimates-2026-10-01-v2
RCP-KAGGLE-4472877,2,1 buah bawang bombay,1 buah bawang bombay,ING-BAWANG-BOMBAY,110.0,110.0,estimated,"asumsi TAKARKUY berat bagian termakan per unit 110 g; mengacu ukuran USDA, bukan bobot pasti produk",https://fdc.nal.usda.gov/download-datasets/,https://cookpad.com/id/resep/4472877-ayam-saos-teriyaki-lada-hitam,takarkuy-estimates-2026-10-01-v2
RCP-KAGGLE-4472877,3,2 siung bawang daun,2 siung bawang daun,ING-DAUN-BAWANG,30.0,30.0,estimated,"asumsi TAKARKUY berat bagian termakan per unit 15 g; mengacu ukuran USDA, bukan bobot pasti produk",https://fdc.nal.usda.gov/download-datasets/,https://cookpad.com/id/resep/4472877-ayam-saos-teriyaki-lada-hitam,takarkuy-estimates-2026-10-01-v2
RCP-KAGGLE-4472877,4,4 siung bawang putih,4 siung bawang putih,ING-BAWANG-PUTIH,12.0,12.0,estimated,"asumsi TAKARKUY berat bagian termakan per unit 3 g; mengacu ukuran USDA, bukan bobot pasti produk",https://fdc.nal.usda.gov/download-datasets/,https://cookpad.com/id/resep/4472877-ayam-saos-teriyaki-lada-hitam,takarkuy-estimates-2026-10-01-v2
RCP-KAGGLE-4472877,5,1 buah cabe merah besar,1 buah cabe merah besar,ING-CABAI-MERAH-KERITING,10.0,10.0,estimated,"asumsi TAKARKUY berat bagian termakan per unit 10 g; mengacu ukuran USDA, bukan bobot pasti produk",https://fdc.nal.usda.gov/download-datasets/,https://cookpad.com/id/resep/4472877-ayam-saos-teriyaki-lada-hitam,takarkuy-estimates-2026-10-01-v2
RCP-KAGGLE-4472877,6,1 buah cabe ijo besar,1 buah cabe ijo besar,ING-CABE-HIJAU-BIASA,10.0,10.0,estimated,"asumsi TAKARKUY berat bagian termakan per unit 10 g; mengacu ukuran USDA, bukan bobot pasti produk",https://fdc.nal.usda.gov/download-datasets/,https://cookpad.com/id/resep/4472877-ayam-saos-teriyaki-lada-hitam,takarkuy-estimates-2026-10-01-v2
RCP-KAGGLE-4472877,7,Bahan bumbu :,Bahan bumbu :,,,,section_heading,"judul bagian, bukan bahan",,https://cookpad.com/id/resep/4472877-ayam-saos-teriyaki-lada-hitam,takarkuy-estimates-2026-10-01-v2
RCP-KAGGLE-4472877,8,secukupnya Air,secukupnya Air,,,,excluded_utility,air/alat/pembungkus masak di luar gizi dan biaya bahan termakan,,https://cookpad.com/id/resep/4472877-ayam-saos-teriyaki-lada-hitam,takarkuy-estimates-2026-10-01-v2
RCP-KAGGLE-4472877,9,Mentega untuk menumis,Mentega untuk menumis,ING-MENTEGA,15,15,estimated,asumsi TAKARKUY untuk batch: 15 g; sumber tidak memberi angka pasti,,https://cookpad.com/id/resep/4472877-ayam-saos-teriyaki-lada-hitam,takarkuy-estimates-2026-10-01-v2
RCP-KAGGLE-4472877,10,1 bungkus saos teriyaki (2 sdm),1 bungkus saos teriyaki (2 sdm),ING-SAUS-TERIYAKI,,,blocked,satuan/format belum dipetakan: bungkus saos teriyaki (2 sdm),,https://cookpad.com/id/resep/4472877-ayam-saos-teriyaki-lada-hitam,takarkuy-estimates-2026-10-01-v2
RCP-KAGGLE-4472877,11,1 sdm gula pasir,1 sdm gula pasir,ING-GULA-PASIR-DALAM-NEGERI,12.375,12.375,estimated,"perkiraan sdm; massa khusus bahan, cup ≈ 240 ml",https://fdc.nal.usda.gov/download-datasets/; https://www.kingarthurbaking.com/learn/ingredient-weight-chart,https://cookpad.com/id/resep/4472877-ayam-saos-teriyaki-lada-hitam,takarkuy-estimates-2026-10-01-v2
RCP-KAGGLE-4472877,12,1 bungkus royco ayam,1 bungkus royco ayam,,,,blocked,bahan/bentuk/komposisi belum dipetakan; tidak dibuang dari perhitungan,,https://cookpad.com/id/resep/4472877-ayam-saos-teriyaki-lada-hitam,takarkuy-estimates-2026-10-01-v2
RCP-KAGGLE-4472877,13,Larutan meizena,Larutan meizena,ING-MAIZENA,10,10,estimated,asumsi TAKARKUY untuk batch: 10 g; sumber tidak memberi angka pasti,,https://cookpad.com/id/resep/4472877-ayam-saos-teriyaki-lada-hitam,takarkuy-estimates-2026-10-01-v2
RCP-KAGGLE-4472822,1,300 gr dada ayam fillet,300 gr dada ayam fillet,ING-DAGING-AYAM-BROILER,300.0,300.0,estimated,konversi massa gr → g,https://www.nist.gov/pml/owm/metric-si/unit-conversion/approximate-conversions-us-customary-measures-metric,https://cookpad.com/id/resep/4472822-steak-ayam,takarkuy-estimates-2026-10-01-v2
RCP-KAGGLE-4472822,2,1 sdm air jeruk nipis,1 sdm air jeruk nipis,ING-JERUK-NIPIS,15.125,15.125,estimated,"perkiraan sdm; massa khusus bahan, cup ≈ 240 ml",https://fdc.nal.usda.gov/download-datasets/; https://www.kingarthurbaking.com/learn/ingredient-weight-chart,https://cookpad.com/id/resep/4472822-steak-ayam,takarkuy-estimates-2026-10-01-v2
RCP-KAGGLE-4472822,3,secukupnya garam,secukupnya garam,ING-GARAM,3,3,estimated,asumsi TAKARKUY untuk batch: 3 g; sumber tidak memberi angka pasti,,https://cookpad.com/id/resep/4472822-steak-ayam,takarkuy-estimates-2026-10-01-v2
RCP-KAGGLE-4472822,4,adonan basah,adonan basah,,,,section_heading,"judul bagian, bukan bahan",,https://cookpad.com/id/resep/4472822-steak-ayam,takarkuy-estimates-2026-10-01-v2
RCP-KAGGLE-4472822,5,50 gr terigu,50 gr terigu,ING-TEPUNG-TERIGU-CURAH,50.0,50.0,estimated,konversi massa gr → g,https://www.nist.gov/pml/owm/metric-si/unit-conversion/approximate-conversions-us-customary-measures-metric,https://cookpad.com/id/resep/4472822-steak-ayam,takarkuy-estimates-2026-10-01-v2
RCP-KAGGLE-4472822,6,10 gr maizena,10 gr maizena,ING-MAIZENA,10.0,10.0,estimated,konversi massa gr → g,https://www.nist.gov/pml/owm/metric-si/unit-conversion/approximate-conversions-us-customary-measures-metric,https://cookpad.com/id/resep/4472822-steak-ayam,takarkuy-estimates-2026-10-01-v2
RCP-KAGGLE-4472822,7,1/4 sdt merica,1/4 sdt merica,ING-MERICA,0.573,0.573,estimated,"perkiraan sdt; massa khusus bahan, cup ≈ 240 ml",https://fdc.nal.usda.gov/download-datasets/; https://www.kingarthurbaking.com/learn/ingredient-weight-chart,https://cookpad.com/id/resep/4472822-steak-ayam,takarkuy-estimates-2026-10-01-v2
RCP-KAGGLE-4472822,8,garam,garam,ING-GARAM,3,3,estimated,asumsi TAKARKUY untuk batch: 3 g; sumber tidak memberi angka pasti,,https://cookpad.com/id/resep/4472822-steak-ayam,takarkuy-estimates-2026-10-01-v2
RCP-KAGGLE-4472822,9,secukupnya air,secukupnya air,,,,excluded_utility,air/alat/pembungkus masak di luar gizi dan biaya bahan termakan,,https://cookpad.com/id/resep/4472822-steak-ayam,takarkuy-estimates-2026-10-01-v2
RCP-KAGGLE-4472822,10,adonan kering,adonan kering,,,,section_heading,"judul bagian, bukan bahan",,https://cookpad.com/id/resep/4472822-steak-ayam,takarkuy-estimates-2026-10-01-v2
RCP-KAGGLE-4472822,11,150 gr terigu,150 gr terigu,ING-TEPUNG-TERIGU-CURAH,150.0,150.0,estimated,konversi massa gr → g,https://www.nist.gov/pml/owm/metric-si/unit-conversion/approximate-conversions-us-customary-measures-metric,https://cookpad.com/id/resep/4472822-steak-ayam,takarkuy-estimates-2026-10-01-v2
RCP-KAGGLE-4472822,12,30 gr maizena,30 gr maizena,ING-MAIZENA,30.0,30.0,estimated,konversi massa gr → g,https://www.nist.gov/pml/owm/metric-si/unit-conversion/approximate-conversions-us-customary-measures-metric,https://cookpad.com/id/resep/4472822-steak-ayam,takarkuy-estimates-2026-10-01-v2
RCP-KAGGLE-4472822,13,1/2 sdt merica bubuk,1/2 sdt merica bubuk,ING-MERICA,1.146,1.146,estimated,"perkiraan sdt; massa khusus bahan, cup ≈ 240 ml",https://fdc.nal.usda.gov/download-datasets/; https://www.kingarthurbaking.com/learn/ingredient-weight-chart,https://cookpad.com/id/resep/4472822-steak-ayam,takarkuy-estimates-2026-10-01-v2
RCP-KAGGLE-4472822,14,1/4 sdt kaldu jamur,1/4 sdt kaldu jamur,,,,blocked,bahan/bentuk/komposisi belum dipetakan; tidak dibuang dari perhitungan,,https://cookpad.com/id/resep/4472822-steak-ayam,takarkuy-estimates-2026-10-01-v2
RCP-KAGGLE-4472822,15,secukupnya garam,secukupnya garam,ING-GARAM,3,3,estimated,asumsi TAKARKUY untuk batch: 3 g; sumber tidak memberi angka pasti,,https://cookpad.com/id/resep/4472822-steak-ayam,takarkuy-estimates-2026-10-01-v2
RCP-KAGGLE-4472822,16,secukupnya minyak goreng,secukupnya minyak goreng,ING-MINYAK-GORENG-CURAH,20,20,estimated,asumsi TAKARKUY untuk batch: 20 g; sumber tidak memberi angka pasti,,https://cookpad.com/id/resep/4472822-steak-ayam,takarkuy-estimates-2026-10-01-v2
RCP-KAGGLE-4472822,17,bahan saus jamur,bahan saus jamur,,,,section_heading,"judul bagian, bukan bahan",,https://cookpad.com/id/resep/4472822-steak-ayam,takarkuy-estimates-2026-10-01-v2
RCP-KAGGLE-4472822,18,50 gr jamur tiram blender,50 gr jamur tiram blender,ING-JAMUR-TIRAM,50.0,50.0,estimated,konversi massa gr → g,https://www.nist.gov/pml/owm/metric-si/unit-conversion/approximate-conversions-us-customary-measures-metric,https://cookpad.com/id/resep/4472822-steak-ayam,takarkuy-estimates-2026-10-01-v2
RCP-KAGGLE-4472822,19,3 bawang putih cincang halus,3 bawang putih cincang halus,ING-BAWANG-PUTIH,9.0,9.0,estimated,"asumsi TAKARKUY berat bagian termakan per unit 3 g; mengacu ukuran USDA, bukan bobot pasti produk",https://fdc.nal.usda.gov/download-datasets/,https://cookpad.com/id/resep/4472822-steak-ayam,takarkuy-estimates-2026-10-01-v2
RCP-KAGGLE-4472822,20,20 gr keju parut,20 gr keju parut,,20.0,,blocked,bahan/bentuk/komposisi belum dipetakan; tidak dibuang dari perhitungan; konversi massa gr → g,https://www.nist.gov/pml/owm/metric-si/unit-conversion/approximate-conversions-us-customary-measures-metric,https://cookpad.com/id/resep/4472822-steak-ayam,takarkuy-estimates-2026-10-01-v2
RCP-KAGGLE-4472822,21,1 sdm maizena cairkan dgn air,1 sdm maizena cairkan dgn air,ING-MAIZENA,8.0,8.0,estimated,"perkiraan sdm; massa khusus bahan, cup ≈ 240 ml",https://fdc.nal.usda.gov/download-datasets/; https://www.kingarthurbaking.com/learn/ingredient-weight-chart,https://cookpad.com/id/resep/4472822-steak-ayam,takarkuy-estimates-2026-10-01-v2
RCP-KAGGLE-4472822,22,2 sdm saus tiram,2 sdm saus tiram,ING-SAUS-TIRAM,36.0,36.0,estimated,"perkiraan sdm; massa khusus bahan, cup ≈ 240 ml",https://fdc.nal.usda.gov/download-datasets/; https://www.kingarthurbaking.com/learn/ingredient-weight-chart,https://cookpad.com/id/resep/4472822-steak-ayam,takarkuy-estimates-2026-10-01-v2
RCP-KAGGLE-4472822,23,1 sdm kecap manis,1 sdm kecap manis,ING-KECAP-MANIS,19.5,19.5,estimated,"perkiraan sdm; massa khusus bahan, cup ≈ 240 ml",https://fdc.nal.usda.gov/download-datasets/; https://www.kingarthurbaking.com/learn/ingredient-weight-chart,https://cookpad.com/id/resep/4472822-steak-ayam,takarkuy-estimates-2026-10-01-v2
RCP-KAGGLE-4472822,24,1/2 sdt merica halus,1/2 sdt merica halus,ING-MERICA,1.146,1.146,estimated,"perkiraan sdt; massa khusus bahan, cup ≈ 240 ml",https://fdc.nal.usda.gov/download-datasets/; https://www.kingarthurbaking.com/learn/ingredient-weight-chart,https://cookpad.com/id/resep/4472822-steak-ayam,takarkuy-estimates-2026-10-01-v2
RCP-KAGGLE-4472822,25,secukupnya garam & kaldu jamur,secukupnya garam & kaldu jamur,,,,blocked,bahan/bentuk/komposisi belum dipetakan; tidak dibuang dari perhitungan,,https://cookpad.com/id/resep/4472822-steak-ayam,takarkuy-estimates-2026-10-01-v2
RCP-KAGGLE-4472822,26,air,air,,,,excluded_utility,air/alat/pembungkus masak di luar gizi dan biaya bahan termakan,,https://cookpad.com/id/resep/4472822-steak-ayam,takarkuy-estimates-2026-10-01-v2
RCP-KAGGLE-4472822,27,bahan pelengkap,bahan pelengkap,,,,section_heading,"judul bagian, bukan bahan",,https://cookpad.com/id/resep/4472822-steak-ayam,takarkuy-estimates-2026-10-01-v2
RCP-KAGGLE-4472822,28.1,buncis dan wortel di kukus,buncis,ING-BUNCIS,150,150,estimated,"daftar bahan dipecah; takaran per komponen adalah estimasi terpisah, bukan angka bersama; komponen: buncis; asumsi TAKARKUY untuk batch: 150 g; sumber tidak memberi angka pasti",,https://cookpad.com/id/resep/4472822-steak-ayam,takarkuy-estimates-2026-10-01-v2
RCP-KAGGLE-4472822,28.2,buncis dan wortel di kukus,wortel di kukus,ING-WORTEL,120,120,estimated,"daftar bahan dipecah; takaran per komponen adalah estimasi terpisah, bukan angka bersama; komponen: wortel di kukus; asumsi TAKARKUY untuk batch: 120 g; sumber tidak memberi angka pasti",,https://cookpad.com/id/resep/4472822-steak-ayam,takarkuy-estimates-2026-10-01-v2
RCP-KAGGLE-4472901,1,1/4 kg Ayam bagian dada fillet (Potong dadu),1/4 kg Ayam bagian dada fillet (Potong dadu),ING-DAGING-AYAM-BROILER,250.0,250.0,estimated,konversi massa kg → g,https://www.nist.gov/pml/owm/metric-si/unit-conversion/approximate-conversions-us-customary-measures-metric,https://cookpad.com/id/resep/4472901-ayam-saos-asam-manis-simple,takarkuy-estimates-2026-10-01-v2
RCP-KAGGLE-4472901,2,Secukupnya air jeruk nipis utk baluran,Secukupnya air jeruk nipis utk baluran,ING-JERUK-NIPIS,20,20,estimated,asumsi TAKARKUY untuk batch: 20 g; sumber tidak memberi angka pasti,,https://cookpad.com/id/resep/4472901-ayam-saos-asam-manis-simple,takarkuy-estimates-2026-10-01-v2
RCP-KAGGLE-4472901,3,1 Bungkus tepung bumbu ayam instan uk besar + campur sedikit tepung terigu,1 Bungkus tepung bumbu ayam instan uk besar + campur sedikit tepung terigu,,,,blocked,bahan/bentuk/komposisi belum dipetakan; tidak dibuang dari perhitungan,,https://cookpad.com/id/resep/4472901-ayam-saos-asam-manis-simple,takarkuy-estimates-2026-10-01-v2
RCP-KAGGLE-4472901,4,3 Siung b.putih (iris tipis),3 Siung b.putih (iris tipis),ING-BAWANG-PUTIH,9.0,9.0,estimated,"asumsi TAKARKUY berat bagian termakan per unit 3 g; mengacu ukuran USDA, bukan bobot pasti produk",https://fdc.nal.usda.gov/download-datasets/,https://cookpad.com/id/resep/4472901-ayam-saos-asam-manis-simple,takarkuy-estimates-2026-10-01-v2
RCP-KAGGLE-4472901,5,3 Siung b.merah (Iris tipis),3 Siung b.merah (Iris tipis),ING-BAWANG-MERAH,30.0,30.0,estimated,"asumsi TAKARKUY berat bagian termakan per unit 10 g; mengacu ukuran USDA, bukan bobot pasti produk",https://fdc.nal.usda.gov/download-datasets/,https://cookpad.com/id/resep/4472901-ayam-saos-asam-manis-simple,takarkuy-estimates-2026-10-01-v2
RCP-KAGGLE-4472901,6,1 Buah b.bombay (Iris tipis),1 Buah b.bombay (Iris tipis),ING-BAWANG-BOMBAY,110.0,110.0,estimated,"asumsi TAKARKUY berat bagian termakan per unit 110 g; mengacu ukuran USDA, bukan bobot pasti produk",https://fdc.nal.usda.gov/download-datasets/,https://cookpad.com/id/resep/4472901-ayam-saos-asam-manis-simple,takarkuy-estimates-2026-10-01-v2
RCP-KAGGLE-4472901,7,1 Buah tomat uk besar (Haluskan),1 Buah tomat uk besar (Haluskan),ING-TOMAT,123.0,123.0,estimated,"asumsi TAKARKUY berat bagian termakan per unit 123 g; mengacu ukuran USDA, bukan bobot pasti produk",https://fdc.nal.usda.gov/download-datasets/,https://cookpad.com/id/resep/4472901-ayam-saos-asam-manis-simple,takarkuy-estimates-2026-10-01-v2
RCP-KAGGLE-4472901,8,3 sdm saos sambal,3 sdm saos sambal,,,,blocked,bahan/bentuk/komposisi belum dipetakan; tidak dibuang dari perhitungan,,https://cookpad.com/id/resep/4472901-ayam-saos-asam-manis-simple,takarkuy-estimates-2026-10-01-v2
RCP-KAGGLE-4472901,9,1 Sdm Saos tiram,1 Sdm Saos tiram,ING-SAUS-TIRAM,18.0,18.0,estimated,"perkiraan sdm; massa khusus bahan, cup ≈ 240 ml",https://fdc.nal.usda.gov/download-datasets/; https://www.kingarthurbaking.com/learn/ingredient-weight-chart,https://cookpad.com/id/resep/4472901-ayam-saos-asam-manis-simple,takarkuy-estimates-2026-10-01-v2
RCP-KAGGLE-4472901,10.1,Secukupnya Gula & garam,secukupnya gula,ING-GULA-PASIR-DALAM-NEGERI,8,8,estimated,"daftar bahan dipecah; takaran per komponen adalah estimasi terpisah, bukan angka bersama; komponen: secukupnya gula; asumsi TAKARKUY untuk batch: 8 g; sumber tidak memberi angka pasti",,https://cookpad.com/id/resep/4472901-ayam-saos-asam-manis-simple,takarkuy-estimates-2026-10-01-v2
RCP-KAGGLE-4472901,10.2,Secukupnya Gula & garam,garam,ING-GARAM,3,3,estimated,"daftar bahan dipecah; takaran per komponen adalah estimasi terpisah, bukan angka bersama; komponen: garam; asumsi TAKARKUY untuk batch: 3 g; sumber tidak memberi angka pasti",,https://cookpad.com/id/resep/4472901-ayam-saos-asam-manis-simple,takarkuy-estimates-2026-10-01-v2
RCP-KAGGLE-4472901,11,Secukupnya merica bubuk,Secukupnya merica bubuk,ING-MERICA,1,1,estimated,asumsi TAKARKUY untuk batch: 1 g; sumber tidak memberi angka pasti,,https://cookpad.com/id/resep/4472901-ayam-saos-asam-manis-simple,takarkuy-estimates-2026-10-01-v2
RCP-KAGGLE-4472541,1,Bahan mie ayam :,Bahan mie ayam :,,,,section_heading,"judul bagian, bukan bahan",,https://cookpad.com/id/resep/4472541-mie-ayam-homemade-by-suami%F0%9F%98%82%F0%9F%98%82%F0%9F%98%82,takarkuy-estimates-2026-10-01-v2
RCP-KAGGLE-4472541,2,1 kg tepung terigu proteiin tinggi,1 kg tepung terigu proteiin tinggi,ING-TEPUNG-TERIGU-CURAH,1000.0,1000.0,estimated,konversi massa kg → g,https://www.nist.gov/pml/owm/metric-si/unit-conversion/approximate-conversions-us-customary-measures-metric,https://cookpad.com/id/resep/4472541-mie-ayam-homemade-by-suami%F0%9F%98%82%F0%9F%98%82%F0%9F%98%82,takarkuy-estimates-2026-10-01-v2
RCP-KAGGLE-4472541,3,4 butir telur,4 butir telur,ING-TELUR-AYAM-BROILER,200.0,200.0,estimated,"asumsi TAKARKUY berat bagian termakan per unit 50 g; mengacu ukuran USDA, bukan bobot pasti produk",https://fdc.nal.usda.gov/download-datasets/,https://cookpad.com/id/resep/4472541-mie-ayam-homemade-by-suami%F0%9F%98%82%F0%9F%98%82%F0%9F%98%82,takarkuy-estimates-2026-10-01-v2
RCP-KAGGLE-4472541,4,3 sendok minyak goreng,3 sendok minyak goreng,ING-MINYAK-GORENG-CURAH,,,blocked,satuan/format belum dipetakan: sendok minyak goreng,,https://cookpad.com/id/resep/4472541-mie-ayam-homemade-by-suami%F0%9F%98%82%F0%9F%98%82%F0%9F%98%82,takarkuy-estimates-2026-10-01-v2
RCP-KAGGLE-4472541,5,Air,Air,,,,excluded_utility,air/alat/pembungkus masak di luar gizi dan biaya bahan termakan,,https://cookpad.com/id/resep/4472541-mie-ayam-homemade-by-suami%F0%9F%98%82%F0%9F%98%82%F0%9F%98%82,takarkuy-estimates-2026-10-01-v2
RCP-KAGGLE-4472541,6,Secukupnyaa garam,Secukupnyaa garam,ING-GARAM,3,3,estimated,asumsi TAKARKUY untuk batch: 3 g; sumber tidak memberi angka pasti,,https://cookpad.com/id/resep/4472541-mie-ayam-homemade-by-suami%F0%9F%98%82%F0%9F%98%82%F0%9F%98%82,takarkuy-estimates-2026-10-01-v2
RCP-KAGGLE-4472541,7,Air untuk merebus mie :,Air untuk merebus mie :,,,,excluded_utility,air/alat/pembungkus masak di luar gizi dan biaya bahan termakan,,https://cookpad.com/id/resep/4472541-mie-ayam-homemade-by-suami%F0%9F%98%82%F0%9F%98%82%F0%9F%98%82,takarkuy-estimates-2026-10-01-v2
RCP-KAGGLE-4472541,8,secukupnya Air,secukupnya Air,,,,excluded_utility,air/alat/pembungkus masak di luar gizi dan biaya bahan termakan,,https://cookpad.com/id/resep/4472541-mie-ayam-homemade-by-suami%F0%9F%98%82%F0%9F%98%82%F0%9F%98%82,takarkuy-estimates-2026-10-01-v2
RCP-KAGGLE-4472541,9,Minyak goreng,Minyak goreng,ING-MINYAK-GORENG-CURAH,20,20,estimated,asumsi TAKARKUY untuk batch: 20 g; sumber tidak memberi angka pasti,,https://cookpad.com/id/resep/4472541-mie-ayam-homemade-by-suami%F0%9F%98%82%F0%9F%98%82%F0%9F%98%82,takarkuy-estimates-2026-10-01-v2
RCP-KAGGLE-4472541,10,Bumbu halus kuah ayam untuk mie ayam :,Bumbu halus kuah ayam untuk mie ayam :,,,,section_heading,"judul bagian, bukan bahan",,https://cookpad.com/id/resep/4472541-mie-ayam-homemade-by-suami%F0%9F%98%82%F0%9F%98%82%F0%9F%98%82,takarkuy-estimates-2026-10-01-v2
RCP-KAGGLE-4472541,11,3 Dada ayam(potong kotak2 jngn terlalu besar),3 Dada ayam(potong kotak2 jngn terlalu besar),ING-DAGING-AYAM-BROILER,450.0,450.0,estimated,"asumsi TAKARKUY berat bagian termakan per unit 150 g; mengacu ukuran USDA, bukan bobot pasti produk",https://fdc.nal.usda.gov/download-datasets/,https://cookpad.com/id/resep/4472541-mie-ayam-homemade-by-suami%F0%9F%98%82%F0%9F%98%82%F0%9F%98%82,takarkuy-estimates-2026-10-01-v2
RCP-KAGGLE-4472541,12,5 siung bawang merah,5 siung bawang merah,ING-BAWANG-MERAH,50.0,50.0,estimated,"asumsi TAKARKUY berat bagian termakan per unit 10 g; mengacu ukuran USDA, bukan bobot pasti produk",https://fdc.nal.usda.gov/download-datasets/,https://cookpad.com/id/resep/4472541-mie-ayam-homemade-by-suami%F0%9F%98%82%F0%9F%98%82%F0%9F%98%82,takarkuy-estimates-2026-10-01-v2
RCP-KAGGLE-4472541,13,5 siung bawang putih,5 siung bawang putih,ING-BAWANG-PUTIH,15.0,15.0,estimated,"asumsi TAKARKUY berat bagian termakan per unit 3 g; mengacu ukuran USDA, bukan bobot pasti produk",https://fdc.nal.usda.gov/download-datasets/,https://cookpad.com/id/resep/4472541-mie-ayam-homemade-by-suami%F0%9F%98%82%F0%9F%98%82%F0%9F%98%82,takarkuy-estimates-2026-10-01-v2
RCP-KAGGLE-4472541,14,4 buah kemiri,4 buah kemiri,ING-KEMIRI,16.0,16.0,estimated,"asumsi TAKARKUY berat bagian termakan per unit 4 g; mengacu ukuran USDA, bukan bobot pasti produk",https://fdc.nal.usda.gov/download-datasets/,https://cookpad.com/id/resep/4472541-mie-ayam-homemade-by-suami%F0%9F%98%82%F0%9F%98%82%F0%9F%98%82,takarkuy-estimates-2026-10-01-v2
RCP-KAGGLE-4472541,15,secukupnya Lada,secukupnya Lada,ING-MERICA,1,1,estimated,asumsi TAKARKUY untuk batch: 1 g; sumber tidak memberi angka pasti,,https://cookpad.com/id/resep/4472541-mie-ayam-homemade-by-suami%F0%9F%98%82%F0%9F%98%82%F0%9F%98%82,takarkuy-estimates-2026-10-01-v2
RCP-KAGGLE-4472541,16,Secukupnya ketumbar,Secukupnya ketumbar,ING-KETUMBAR-BIJI,2,2,estimated,asumsi TAKARKUY untuk batch: 2 g; sumber tidak memberi angka pasti,,https://cookpad.com/id/resep/4472541-mie-ayam-homemade-by-suami%F0%9F%98%82%F0%9F%98%82%F0%9F%98%82,takarkuy-estimates-2026-10-01-v2
RCP-KAGGLE-4472541,17,Jahe,Jahe,ING-JAHE,10,10,estimated,asumsi TAKARKUY untuk batch: 10 g; sumber tidak memberi angka pasti,,https://cookpad.com/id/resep/4472541-mie-ayam-homemade-by-suami%F0%9F%98%82%F0%9F%98%82%F0%9F%98%82,takarkuy-estimates-2026-10-01-v2
RCP-KAGGLE-4472541,18,Lengkuas,Lengkuas,ING-LENGKUAS,10,10,estimated,asumsi TAKARKUY untuk batch: 10 g; sumber tidak memberi angka pasti,,https://cookpad.com/id/resep/4472541-mie-ayam-homemade-by-suami%F0%9F%98%82%F0%9F%98%82%F0%9F%98%82,takarkuy-estimates-2026-10-01-v2
RCP-KAGGLE-4472541,19,2 lembar sereh,2 lembar sereh,ING-SERAI,40.0,40.0,estimated,"asumsi TAKARKUY berat bagian termakan per unit 20 g; mengacu ukuran USDA, bukan bobot pasti produk",https://fdc.nal.usda.gov/download-datasets/,https://cookpad.com/id/resep/4472541-mie-ayam-homemade-by-suami%F0%9F%98%82%F0%9F%98%82%F0%9F%98%82,takarkuy-estimates-2026-10-01-v2
RCP-KAGGLE-4472541,20,5 lembar daun jeruk,5 lembar daun jeruk,ING-DAUN-JERUK,2.5,2.5,estimated,"asumsi TAKARKUY berat bagian termakan per unit 0.5 g; mengacu ukuran USDA, bukan bobot pasti produk",https://fdc.nal.usda.gov/download-datasets/,https://cookpad.com/id/resep/4472541-mie-ayam-homemade-by-suami%F0%9F%98%82%F0%9F%98%82%F0%9F%98%82,takarkuy-estimates-2026-10-01-v2
RCP-KAGGLE-4472541,21,2 lembar daun salam,2 lembar daun salam,ING-DAUN-SALAM,1.0,1.0,estimated,"asumsi TAKARKUY berat bagian termakan per unit 0.5 g; mengacu ukuran USDA, bukan bobot pasti produk",https://fdc.nal.usda.gov/download-datasets/,https://cookpad.com/id/resep/4472541-mie-ayam-homemade-by-suami%F0%9F%98%82%F0%9F%98%82%F0%9F%98%82,takarkuy-estimates-2026-10-01-v2
RCP-KAGGLE-4472541,22,Kecap,Kecap,ING-KECAP-MANIS,20,20,estimated,asumsi TAKARKUY untuk batch: 20 g; sumber tidak memberi angka pasti,,https://cookpad.com/id/resep/4472541-mie-ayam-homemade-by-suami%F0%9F%98%82%F0%9F%98%82%F0%9F%98%82,takarkuy-estimates-2026-10-01-v2
RCP-KAGGLE-4472541,23,Gula merah,Gula merah,ING-GULA-MERAH,10,10,estimated,asumsi TAKARKUY untuk batch: 10 g; sumber tidak memberi angka pasti,,https://cookpad.com/id/resep/4472541-mie-ayam-homemade-by-suami%F0%9F%98%82%F0%9F%98%82%F0%9F%98%82,takarkuy-estimates-2026-10-01-v2
RCP-KAGGLE-4472541,24,Minyak untuk menumis,Minyak untuk menumis,ING-MINYAK-GORENG-CURAH,20,20,estimated,asumsi TAKARKUY untuk batch: 20 g; sumber tidak memberi angka pasti,,https://cookpad.com/id/resep/4472541-mie-ayam-homemade-by-suami%F0%9F%98%82%F0%9F%98%82%F0%9F%98%82,takarkuy-estimates-2026-10-01-v2
RCP-KAGGLE-4472541,25,Bahan pelengkap :,Bahan pelengkap :,,,,section_heading,"judul bagian, bukan bahan",,https://cookpad.com/id/resep/4472541-mie-ayam-homemade-by-suami%F0%9F%98%82%F0%9F%98%82%F0%9F%98%82,takarkuy-estimates-2026-10-01-v2
RCP-KAGGLE-4472541,26,Daun bawang,Daun bawang,ING-DAUN-BAWANG,15,15,estimated,asumsi TAKARKUY untuk batch: 15 g; sumber tidak memberi angka pasti,,https://cookpad.com/id/resep/4472541-mie-ayam-homemade-by-suami%F0%9F%98%82%F0%9F%98%82%F0%9F%98%82,takarkuy-estimates-2026-10-01-v2
RCP-KAGGLE-4472541,27,Sawi hijau,Sawi hijau,ING-SAWI-HIJAU,150,150,estimated,asumsi TAKARKUY untuk batch: 150 g; sumber tidak memberi angka pasti,,https://cookpad.com/id/resep/4472541-mie-ayam-homemade-by-suami%F0%9F%98%82%F0%9F%98%82%F0%9F%98%82,takarkuy-estimates-2026-10-01-v2
RCP-KAGGLE-4472541,28,Bawang goreng(me gak pakai lupa),Bawang goreng(me gak pakai lupa),,,,blocked,bahan/bentuk/komposisi belum dipetakan; tidak dibuang dari perhitungan,,https://cookpad.com/id/resep/4472541-mie-ayam-homemade-by-suami%F0%9F%98%82%F0%9F%98%82%F0%9F%98%82,takarkuy-estimates-2026-10-01-v2
RCP-KAGGLE-4472541,29,Bahan sambal :,Bahan sambal :,,,,section_heading,"judul bagian, bukan bahan",,https://cookpad.com/id/resep/4472541-mie-ayam-homemade-by-suami%F0%9F%98%82%F0%9F%98%82%F0%9F%98%82,takarkuy-estimates-2026-10-01-v2
RCP-KAGGLE-4472541,30,20 buah cabai rawit merah,20 buah cabai rawit merah,ING-CABAI-RAWIT-MERAH,60.0,60.0,estimated,"asumsi TAKARKUY berat bagian termakan per unit 3 g; mengacu ukuran USDA, bukan bobot pasti produk",https://fdc.nal.usda.gov/download-datasets/,https://cookpad.com/id/resep/4472541-mie-ayam-homemade-by-suami%F0%9F%98%82%F0%9F%98%82%F0%9F%98%82,takarkuy-estimates-2026-10-01-v2
RCP-KAGGLE-4472541,31,Garam(agar tidak cepat bau asam),Garam(agar tidak cepat bau asam),ING-GARAM,3,3,estimated,asumsi TAKARKUY untuk batch: 3 g; sumber tidak memberi angka pasti,,https://cookpad.com/id/resep/4472541-mie-ayam-homemade-by-suami%F0%9F%98%82%F0%9F%98%82%F0%9F%98%82,takarkuy-estimates-2026-10-01-v2
RCP-KAGGLE-4472541,32,Air untuk merebus,Air untuk merebus,,,,excluded_utility,air/alat/pembungkus masak di luar gizi dan biaya bahan termakan,,https://cookpad.com/id/resep/4472541-mie-ayam-homemade-by-suami%F0%9F%98%82%F0%9F%98%82%F0%9F%98%82,takarkuy-estimates-2026-10-01-v2
RCP-KAGGLE-4472362,1,1 Ekor Ayam Broiler Ukuran Jumbo,1 Ekor Ayam Broiler Ukuran Jumbo,ING-DAGING-AYAM-BROILER,900.0,1500.0,estimated,"asumsi 1 ekor 1500 g × 60% daging termakan; belanja memakai berat utuh, gizi memakai daging",,https://cookpad.com/id/resep/4472362-ayam-bakar-pedas-manis-resep-nila-sari,takarkuy-estimates-2026-10-01-v2
RCP-KAGGLE-4472362,2,Bumbu :,Bumbu :,,,,section_heading,"judul bagian, bukan bahan",,https://cookpad.com/id/resep/4472362-ayam-bakar-pedas-manis-resep-nila-sari,takarkuy-estimates-2026-10-01-v2
RCP-KAGGLE-4472362,3,5 Siung Bawang Merah,5 Siung Bawang Merah,ING-BAWANG-MERAH,50.0,50.0,estimated,"asumsi TAKARKUY berat bagian termakan per unit 10 g; mengacu ukuran USDA, bukan bobot pasti produk",https://fdc.nal.usda.gov/download-datasets/,https://cookpad.com/id/resep/4472362-ayam-bakar-pedas-manis-resep-nila-sari,takarkuy-estimates-2026-10-01-v2
RCP-KAGGLE-4472362,4,10 Buah Cabe (Optional),10 Buah Cabe (Optional),ING-CABAI-MERAH-KERITING,100.0,100.0,estimated,"asumsi TAKARKUY berat bagian termakan per unit 10 g; mengacu ukuran USDA, bukan bobot pasti produk",https://fdc.nal.usda.gov/download-datasets/,https://cookpad.com/id/resep/4472362-ayam-bakar-pedas-manis-resep-nila-sari,takarkuy-estimates-2026-10-01-v2
RCP-KAGGLE-4472362,5,1 Ruas Jahe,1 Ruas Jahe,ING-JAHE,10.0,10.0,estimated,"asumsi TAKARKUY: 1 ruas ≈ 10 g, 1 cm ≈ 5 g",,https://cookpad.com/id/resep/4472362-ayam-bakar-pedas-manis-resep-nila-sari,takarkuy-estimates-2026-10-01-v2
RCP-KAGGLE-4472362,6,1 Ruas Kunyit,1 Ruas Kunyit,ING-KUNYIT,10.0,10.0,estimated,"asumsi TAKARKUY: 1 ruas ≈ 10 g, 1 cm ≈ 5 g",,https://cookpad.com/id/resep/4472362-ayam-bakar-pedas-manis-resep-nila-sari,takarkuy-estimates-2026-10-01-v2
RCP-KAGGLE-4472362,7,Secukupnya Lada Bubuk,Secukupnya Lada Bubuk,ING-MERICA,1,1,estimated,asumsi TAKARKUY untuk batch: 1 g; sumber tidak memberi angka pasti,,https://cookpad.com/id/resep/4472362-ayam-bakar-pedas-manis-resep-nila-sari,takarkuy-estimates-2026-10-01-v2
RCP-KAGGLE-4472362,8,Secukupnya Ketumbar,Secukupnya Ketumbar,ING-KETUMBAR-BIJI,2,2,estimated,asumsi TAKARKUY untuk batch: 2 g; sumber tidak memberi angka pasti,,https://cookpad.com/id/resep/4472362-ayam-bakar-pedas-manis-resep-nila-sari,takarkuy-estimates-2026-10-01-v2
RCP-KAGGLE-4472362,9,2 Lembar Daun Jeruk,2 Lembar Daun Jeruk,ING-DAUN-JERUK,1.0,1.0,estimated,"asumsi TAKARKUY berat bagian termakan per unit 0.5 g; mengacu ukuran USDA, bukan bobot pasti produk",https://fdc.nal.usda.gov/download-datasets/,https://cookpad.com/id/resep/4472362-ayam-bakar-pedas-manis-resep-nila-sari,takarkuy-estimates-2026-10-01-v2
RCP-KAGGLE-4472362,10,3 Lembar Daun Salam,3 Lembar Daun Salam,ING-DAUN-SALAM,1.5,1.5,estimated,"asumsi TAKARKUY berat bagian termakan per unit 0.5 g; mengacu ukuran USDA, bukan bobot pasti produk",https://fdc.nal.usda.gov/download-datasets/,https://cookpad.com/id/resep/4472362-ayam-bakar-pedas-manis-resep-nila-sari,takarkuy-estimates-2026-10-01-v2
RCP-KAGGLE-4472362,11,1 Batang Serai,1 Batang Serai,ING-SERAI,20.0,20.0,estimated,"asumsi TAKARKUY berat bagian termakan per unit 20 g; mengacu ukuran USDA, bukan bobot pasti produk",https://fdc.nal.usda.gov/download-datasets/,https://cookpad.com/id/resep/4472362-ayam-bakar-pedas-manis-resep-nila-sari,takarkuy-estimates-2026-10-01-v2
RCP-KAGGLE-4472362,12,4 Siung Bawah Putih,4 Siung Bawah Putih,ING-BAWANG-PUTIH,12.0,12.0,estimated,"asumsi TAKARKUY berat bagian termakan per unit 3 g; mengacu ukuran USDA, bukan bobot pasti produk",https://fdc.nal.usda.gov/download-datasets/,https://cookpad.com/id/resep/4472362-ayam-bakar-pedas-manis-resep-nila-sari,takarkuy-estimates-2026-10-01-v2
RCP-KAGGLE-4472362,13,Secukupnya Kecap,Secukupnya Kecap,ING-KECAP-MANIS,20,20,estimated,asumsi TAKARKUY untuk batch: 20 g; sumber tidak memberi angka pasti,,https://cookpad.com/id/resep/4472362-ayam-bakar-pedas-manis-resep-nila-sari,takarkuy-estimates-2026-10-01-v2
RCP-KAGGLE-4472362,14,Secukupnya Gula Merah,Secukupnya Gula Merah,ING-GULA-MERAH,10,10,estimated,asumsi TAKARKUY untuk batch: 10 g; sumber tidak memberi angka pasti,,https://cookpad.com/id/resep/4472362-ayam-bakar-pedas-manis-resep-nila-sari,takarkuy-estimates-2026-10-01-v2
RCP-KAGGLE-4472362,15,Secukupnya Minyak Goreng,Secukupnya Minyak Goreng,ING-MINYAK-GORENG-CURAH,20,20,estimated,asumsi TAKARKUY untuk batch: 20 g; sumber tidak memberi angka pasti,,https://cookpad.com/id/resep/4472362-ayam-bakar-pedas-manis-resep-nila-sari,takarkuy-estimates-2026-10-01-v2
RCP-KAGGLE-4472362,16,Secukupnya Royco,Secukupnya Royco,ING-KALDU-AYAM-BUBUK,3,3,estimated,asumsi TAKARKUY untuk batch: 3 g; sumber tidak memberi angka pasti,,https://cookpad.com/id/resep/4472362-ayam-bakar-pedas-manis-resep-nila-sari,takarkuy-estimates-2026-10-01-v2
RCP-KAGGLE-4472362,17,Secukupnya Garam,Secukupnya Garam,ING-GARAM,3,3,estimated,asumsi TAKARKUY untuk batch: 3 g; sumber tidak memberi angka pasti,,https://cookpad.com/id/resep/4472362-ayam-bakar-pedas-manis-resep-nila-sari,takarkuy-estimates-2026-10-01-v2
RCP-KAGGLE-4472362,18,1 Bungkus Santan Kara,1 Bungkus Santan Kara,ING-SANTAN,,,blocked,satuan/format belum dipetakan: bungkus santan kara,,https://cookpad.com/id/resep/4472362-ayam-bakar-pedas-manis-resep-nila-sari,takarkuy-estimates-2026-10-01-v2
RCP-KAGGLE-4472563,1,1/2 Ekor ayam,1/2 Ekor ayam,ING-DAGING-AYAM-BROILER,300.0,500.0,estimated,"asumsi 1 ekor 1000 g × 60% daging termakan; belanja memakai berat utuh, gizi memakai daging",,https://cookpad.com/id/resep/4472563-semur-ayam-kentang-ala-mama-kirana,takarkuy-estimates-2026-10-01-v2
RCP-KAGGLE-4472563,2,Kentang,Kentang,ING-KENTANG,250,250,estimated,asumsi TAKARKUY untuk batch: 250 g; sumber tidak memberi angka pasti,,https://cookpad.com/id/resep/4472563-semur-ayam-kentang-ala-mama-kirana,takarkuy-estimates-2026-10-01-v2
RCP-KAGGLE-4472563,3,Bumbu Halus :,Bumbu Halus :,,,,section_heading,"judul bagian, bukan bahan",,https://cookpad.com/id/resep/4472563-semur-ayam-kentang-ala-mama-kirana,takarkuy-estimates-2026-10-01-v2
RCP-KAGGLE-4472563,4,Bawang putih - bisa di sesuaikan sesuaikan,Bawang putih - bisa di sesuaikan sesuaikan,ING-BAWANG-PUTIH,12,12,estimated,asumsi TAKARKUY untuk batch: 12 g; sumber tidak memberi angka pasti,,https://cookpad.com/id/resep/4472563-semur-ayam-kentang-ala-mama-kirana,takarkuy-estimates-2026-10-01-v2
RCP-KAGGLE-4472563,5,Bawang merah,Bawang merah,ING-BAWANG-MERAH,40,40,estimated,asumsi TAKARKUY untuk batch: 40 g; sumber tidak memberi angka pasti,,https://cookpad.com/id/resep/4472563-semur-ayam-kentang-ala-mama-kirana,takarkuy-estimates-2026-10-01-v2
RCP-KAGGLE-4472563,6,Merica,Merica,ING-MERICA,1,1,estimated,asumsi TAKARKUY untuk batch: 1 g; sumber tidak memberi angka pasti,,https://cookpad.com/id/resep/4472563-semur-ayam-kentang-ala-mama-kirana,takarkuy-estimates-2026-10-01-v2
RCP-KAGGLE-4472563,7,Kemiri,Kemiri,ING-KEMIRI,12,12,estimated,asumsi TAKARKUY untuk batch: 12 g; sumber tidak memberi angka pasti,,https://cookpad.com/id/resep/4472563-semur-ayam-kentang-ala-mama-kirana,takarkuy-estimates-2026-10-01-v2
RCP-KAGGLE-4472563,8,Sedikit biji Pala,Sedikit biji Pala,ING-PALA,1,1,estimated,asumsi TAKARKUY untuk batch: 1 g; sumber tidak memberi angka pasti,,https://cookpad.com/id/resep/4472563-semur-ayam-kentang-ala-mama-kirana,takarkuy-estimates-2026-10-01-v2
RCP-KAGGLE-4472563,9,"Cabai Merah kriting, bila suka pedas","Cabai Merah kriting, bila suka pedas",ING-CABAI-MERAH-KERITING,20,20,estimated,asumsi TAKARKUY untuk batch: 20 g; sumber tidak memberi angka pasti,,https://cookpad.com/id/resep/4472563-semur-ayam-kentang-ala-mama-kirana,takarkuy-estimates-2026-10-01-v2
RCP-KAGGLE-4472563,10,Sedikit jahe,Sedikit jahe,ING-JAHE,10,10,estimated,asumsi TAKARKUY untuk batch: 10 g; sumber tidak memberi angka pasti,,https://cookpad.com/id/resep/4472563-semur-ayam-kentang-ala-mama-kirana,takarkuy-estimates-2026-10-01-v2
RCP-KAGGLE-4472563,11,Rempah:,Rempah:,,,,section_heading,"judul bagian, bukan bahan",,https://cookpad.com/id/resep/4472563-semur-ayam-kentang-ala-mama-kirana,takarkuy-estimates-2026-10-01-v2
RCP-KAGGLE-4472563,12,Daun salam,Daun salam,ING-DAUN-SALAM,1,1,estimated,asumsi TAKARKUY untuk batch: 1 g; sumber tidak memberi angka pasti,,https://cookpad.com/id/resep/4472563-semur-ayam-kentang-ala-mama-kirana,takarkuy-estimates-2026-10-01-v2
RCP-KAGGLE-4472563,13,Lengkuas,Lengkuas,ING-LENGKUAS,10,10,estimated,asumsi TAKARKUY untuk batch: 10 g; sumber tidak memberi angka pasti,,https://cookpad.com/id/resep/4472563-semur-ayam-kentang-ala-mama-kirana,takarkuy-estimates-2026-10-01-v2
RCP-KAGGLE-4472563,14,Sereh,Sereh,ING-SERAI,20,20,estimated,asumsi TAKARKUY untuk batch: 20 g; sumber tidak memberi angka pasti,,https://cookpad.com/id/resep/4472563-semur-ayam-kentang-ala-mama-kirana,takarkuy-estimates-2026-10-01-v2
RCP-KAGGLE-4472563,15,Kapulaga,Kapulaga,,,,blocked,bahan/bentuk/komposisi belum dipetakan; tidak dibuang dari perhitungan,,https://cookpad.com/id/resep/4472563-semur-ayam-kentang-ala-mama-kirana,takarkuy-estimates-2026-10-01-v2
RCP-KAGGLE-4472563,16,Kulit manis,Kulit manis,ING-KAYU-MANIS,1,1,estimated,asumsi TAKARKUY untuk batch: 1 g; sumber tidak memberi angka pasti,,https://cookpad.com/id/resep/4472563-semur-ayam-kentang-ala-mama-kirana,takarkuy-estimates-2026-10-01-v2
RCP-KAGGLE-4472563,17,Irisan bawang bombay,Irisan bawang bombay,ING-BAWANG-BOMBAY,110,110,estimated,asumsi TAKARKUY untuk batch: 110 g; sumber tidak memberi angka pasti,,https://cookpad.com/id/resep/4472563-semur-ayam-kentang-ala-mama-kirana,takarkuy-estimates-2026-10-01-v2
RCP-KAGGLE-4472563,18,Irisan tomat,Irisan tomat,ING-TOMAT,150,150,estimated,asumsi TAKARKUY untuk batch: 150 g; sumber tidak memberi angka pasti,,https://cookpad.com/id/resep/4472563-semur-ayam-kentang-ala-mama-kirana,takarkuy-estimates-2026-10-01-v2
RCP-KAGGLE-4472563,19,Garam,Garam,ING-GARAM,3,3,estimated,asumsi TAKARKUY untuk batch: 3 g; sumber tidak memberi angka pasti,,https://cookpad.com/id/resep/4472563-semur-ayam-kentang-ala-mama-kirana,takarkuy-estimates-2026-10-01-v2
RCP-KAGGLE-4472563,20,Kecap manis,Kecap manis,ING-KECAP-MANIS,20,20,estimated,asumsi TAKARKUY untuk batch: 20 g; sumber tidak memberi angka pasti,,https://cookpad.com/id/resep/4472563-semur-ayam-kentang-ala-mama-kirana,takarkuy-estimates-2026-10-01-v2
RCP-KAGGLE-4472563,21,Sedikit penyedap rasa,Sedikit penyedap rasa,ING-KALDU-AYAM-BUBUK,3,3,estimated,asumsi TAKARKUY untuk batch: 3 g; sumber tidak memberi angka pasti,,https://cookpad.com/id/resep/4472563-semur-ayam-kentang-ala-mama-kirana,takarkuy-estimates-2026-10-01-v2
RCP-KAGGLE-4472563,22,Jeruk nipis untuk ayam,Jeruk nipis untuk ayam,ING-JERUK-NIPIS,20,20,estimated,asumsi TAKARKUY untuk batch: 20 g; sumber tidak memberi angka pasti,,https://cookpad.com/id/resep/4472563-semur-ayam-kentang-ala-mama-kirana,takarkuy-estimates-2026-10-01-v2
RCP-KAGGLE-4471653,1,300 gram Ayam suwir (sudah direbus/Goreng),300 gram Ayam suwir (sudah direbus/Goreng),,300.0,,blocked,bahan/bentuk/komposisi belum dipetakan; tidak dibuang dari perhitungan; konversi massa gram → g,https://www.nist.gov/pml/owm/metric-si/unit-conversion/approximate-conversions-us-customary-measures-metric,https://cookpad.com/id/resep/4471653-ayam-suwir,takarkuy-estimates-2026-10-01-v2
RCP-KAGGLE-4471653,2,5 siung bawang merah,5 siung bawang merah,ING-BAWANG-MERAH,50.0,50.0,estimated,"asumsi TAKARKUY berat bagian termakan per unit 10 g; mengacu ukuran USDA, bukan bobot pasti produk",https://fdc.nal.usda.gov/download-datasets/,https://cookpad.com/id/resep/4471653-ayam-suwir,takarkuy-estimates-2026-10-01-v2
RCP-KAGGLE-4471653,3,3 siung bawang putih,3 siung bawang putih,ING-BAWANG-PUTIH,9.0,9.0,estimated,"asumsi TAKARKUY berat bagian termakan per unit 3 g; mengacu ukuran USDA, bukan bobot pasti produk",https://fdc.nal.usda.gov/download-datasets/,https://cookpad.com/id/resep/4471653-ayam-suwir,takarkuy-estimates-2026-10-01-v2
RCP-KAGGLE-4471653,4,1/2 buah tomat,1/2 buah tomat,ING-TOMAT,61.5,61.5,estimated,"asumsi TAKARKUY berat bagian termakan per unit 123 g; mengacu ukuran USDA, bukan bobot pasti produk",https://fdc.nal.usda.gov/download-datasets/,https://cookpad.com/id/resep/4471653-ayam-suwir,takarkuy-estimates-2026-10-01-v2
RCP-KAGGLE-4471653,5,1/2 sdt merica,1/2 sdt merica,ING-MERICA,1.146,1.146,estimated,"perkiraan sdt; massa khusus bahan, cup ≈ 240 ml",https://fdc.nal.usda.gov/download-datasets/; https://www.kingarthurbaking.com/learn/ingredient-weight-chart,https://cookpad.com/id/resep/4471653-ayam-suwir,takarkuy-estimates-2026-10-01-v2
RCP-KAGGLE-4471653,6,1/2 sdt terasi,1/2 sdt terasi,,,,blocked,bahan/bentuk/komposisi belum dipetakan; tidak dibuang dari perhitungan,,https://cookpad.com/id/resep/4471653-ayam-suwir,takarkuy-estimates-2026-10-01-v2
RCP-KAGGLE-4471653,7,2 buah cabe rawit,2 buah cabe rawit,ING-CABAI-RAWIT-MERAH,6.0,6.0,estimated,"asumsi TAKARKUY berat bagian termakan per unit 3 g; mengacu ukuran USDA, bukan bobot pasti produk",https://fdc.nal.usda.gov/download-datasets/,https://cookpad.com/id/resep/4471653-ayam-suwir,takarkuy-estimates-2026-10-01-v2
RCP-KAGGLE-4471653,8,2 buah cabe kriting,2 buah cabe kriting,ING-CABAI-MERAH-KERITING,20.0,20.0,estimated,"asumsi TAKARKUY berat bagian termakan per unit 10 g; mengacu ukuran USDA, bukan bobot pasti produk",https://fdc.nal.usda.gov/download-datasets/,https://cookpad.com/id/resep/4471653-ayam-suwir,takarkuy-estimates-2026-10-01-v2
RCP-KAGGLE-4471653,9,Secukupnya gula,Secukupnya gula,ING-GULA-PASIR-DALAM-NEGERI,8,8,estimated,asumsi TAKARKUY untuk batch: 8 g; sumber tidak memberi angka pasti,,https://cookpad.com/id/resep/4471653-ayam-suwir,takarkuy-estimates-2026-10-01-v2
RCP-KAGGLE-4471653,10,Secukupnya garam,Secukupnya garam,ING-GARAM,3,3,estimated,asumsi TAKARKUY untuk batch: 3 g; sumber tidak memberi angka pasti,,https://cookpad.com/id/resep/4471653-ayam-suwir,takarkuy-estimates-2026-10-01-v2
RCP-KAGGLE-4471653,11,Secukupnya air,Secukupnya air,,,,excluded_utility,air/alat/pembungkus masak di luar gizi dan biaya bahan termakan,,https://cookpad.com/id/resep/4471653-ayam-suwir,takarkuy-estimates-2026-10-01-v2
RCP-KAGGLE-4471653,12,Secukupnya penyedap rasa (Royco),Secukupnya penyedap rasa (Royco),ING-KALDU-AYAM-BUBUK,3,3,estimated,asumsi TAKARKUY untuk batch: 3 g; sumber tidak memberi angka pasti,,https://cookpad.com/id/resep/4471653-ayam-suwir,takarkuy-estimates-2026-10-01-v2
RCP-KAGGLE-4471653,13,2 lembar daun salam,2 lembar daun salam,ING-DAUN-SALAM,1.0,1.0,estimated,"asumsi TAKARKUY berat bagian termakan per unit 0.5 g; mengacu ukuran USDA, bukan bobot pasti produk",https://fdc.nal.usda.gov/download-datasets/,https://cookpad.com/id/resep/4471653-ayam-suwir,takarkuy-estimates-2026-10-01-v2
RCP-KAGGLE-4471653,14,1 jari Lengkuas geprek,1 jari Lengkuas geprek,ING-LENGKUAS,10.0,10.0,estimated,"asumsi TAKARKUY: 1 ruas ≈ 10 g, 1 cm ≈ 5 g",,https://cookpad.com/id/resep/4471653-ayam-suwir,takarkuy-estimates-2026-10-01-v2
RCP-KAGGLE-4472498,1,150 gr fillet ayam,150 gr fillet ayam,ING-DAGING-AYAM-BROILER,150.0,150.0,estimated,konversi massa gr → g,https://www.nist.gov/pml/owm/metric-si/unit-conversion/approximate-conversions-us-customary-measures-metric,https://cookpad.com/id/resep/4472498-ayam-goreng-tepung,takarkuy-estimates-2026-10-01-v2
RCP-KAGGLE-4472498,2,5 sdm tepung bumbu serbaguna,5 sdm tepung bumbu serbaguna,,,,blocked,bahan/bentuk/komposisi belum dipetakan; tidak dibuang dari perhitungan,,https://cookpad.com/id/resep/4472498-ayam-goreng-tepung,takarkuy-estimates-2026-10-01-v2
RCP-KAGGLE-4472498,3,1 butir telur ayam (kocok lepas),1 butir telur ayam (kocok lepas),ING-TELUR-AYAM-BROILER,50.0,50.0,estimated,"asumsi TAKARKUY berat bagian termakan per unit 50 g; mengacu ukuran USDA, bukan bobot pasti produk",https://fdc.nal.usda.gov/download-datasets/,https://cookpad.com/id/resep/4472498-ayam-goreng-tepung,takarkuy-estimates-2026-10-01-v2
RCP-KAGGLE-4472498,4,Garam sck,Garam sck,ING-GARAM,3,3,estimated,asumsi TAKARKUY untuk batch: 3 g; sumber tidak memberi angka pasti,,https://cookpad.com/id/resep/4472498-ayam-goreng-tepung,takarkuy-estimates-2026-10-01-v2
RCP-KAGGLE-4472498,5,Minya goreng secukupnya untuk menggoreng,Minya goreng secukupnya untuk menggoreng,,,,blocked,bahan/bentuk/komposisi belum dipetakan; tidak dibuang dari perhitungan,,https://cookpad.com/id/resep/4472498-ayam-goreng-tepung,takarkuy-estimates-2026-10-01-v2
RCP-KAGGLE-4472409,1,1/2 kg tulang ayam bersihkan lalu potong,1/2 kg tulang ayam bersihkan lalu potong,,500.0,,blocked,bahan/bentuk/komposisi belum dipetakan; tidak dibuang dari perhitungan; konversi massa kg → g,https://www.nist.gov/pml/owm/metric-si/unit-conversion/approximate-conversions-us-customary-measures-metric,https://cookpad.com/id/resep/4472409-tulang-ayam-pedas-manis,takarkuy-estimates-2026-10-01-v2
RCP-KAGGLE-4472409,2,5 bh cabe merah keriting,5 bh cabe merah keriting,ING-CABAI-MERAH-KERITING,50.0,50.0,estimated,"asumsi TAKARKUY berat bagian termakan per unit 10 g; mengacu ukuran USDA, bukan bobot pasti produk",https://fdc.nal.usda.gov/download-datasets/,https://cookpad.com/id/resep/4472409-tulang-ayam-pedas-manis,takarkuy-estimates-2026-10-01-v2
RCP-KAGGLE-4472409,3,5 bh cabe rawit (tambah jika suka pedas),5 bh cabe rawit (tambah jika suka pedas),ING-CABAI-RAWIT-MERAH,15.0,15.0,estimated,"asumsi TAKARKUY berat bagian termakan per unit 3 g; mengacu ukuran USDA, bukan bobot pasti produk",https://fdc.nal.usda.gov/download-datasets/,https://cookpad.com/id/resep/4472409-tulang-ayam-pedas-manis,takarkuy-estimates-2026-10-01-v2
RCP-KAGGLE-4472409,4,4 butir bawang merah,4 butir bawang merah,ING-BAWANG-MERAH,40.0,40.0,estimated,"asumsi TAKARKUY berat bagian termakan per unit 10 g; mengacu ukuran USDA, bukan bobot pasti produk",https://fdc.nal.usda.gov/download-datasets/,https://cookpad.com/id/resep/4472409-tulang-ayam-pedas-manis,takarkuy-estimates-2026-10-01-v2
RCP-KAGGLE-4472409,5,2 butir bawang putih,2 butir bawang putih,ING-BAWANG-PUTIH,6.0,6.0,estimated,"asumsi TAKARKUY berat bagian termakan per unit 3 g; mengacu ukuran USDA, bukan bobot pasti produk",https://fdc.nal.usda.gov/download-datasets/,https://cookpad.com/id/resep/4472409-tulang-ayam-pedas-manis,takarkuy-estimates-2026-10-01-v2
RCP-KAGGLE-4472409,6,1 ruas kunyit,1 ruas kunyit,ING-KUNYIT,10.0,10.0,estimated,"asumsi TAKARKUY: 1 ruas ≈ 10 g, 1 cm ≈ 5 g",,https://cookpad.com/id/resep/4472409-tulang-ayam-pedas-manis,takarkuy-estimates-2026-10-01-v2
RCP-KAGGLE-4472409,7,2 lbr daun salam,2 lbr daun salam,ING-DAUN-SALAM,1.0,1.0,estimated,"asumsi TAKARKUY berat bagian termakan per unit 0.5 g; mengacu ukuran USDA, bukan bobot pasti produk",https://fdc.nal.usda.gov/download-datasets/,https://cookpad.com/id/resep/4472409-tulang-ayam-pedas-manis,takarkuy-estimates-2026-10-01-v2
RCP-KAGGLE-4472409,8,1 lbr daun jeruk,1 lbr daun jeruk,ING-DAUN-JERUK,0.5,0.5,estimated,"asumsi TAKARKUY berat bagian termakan per unit 0.5 g; mengacu ukuran USDA, bukan bobot pasti produk",https://fdc.nal.usda.gov/download-datasets/,https://cookpad.com/id/resep/4472409-tulang-ayam-pedas-manis,takarkuy-estimates-2026-10-01-v2
RCP-KAGGLE-4472409,9,1 btg sereh geprek,1 btg sereh geprek,ING-SERAI,20.0,20.0,estimated,"asumsi TAKARKUY berat bagian termakan per unit 20 g; mengacu ukuran USDA, bukan bobot pasti produk",https://fdc.nal.usda.gov/download-datasets/,https://cookpad.com/id/resep/4472409-tulang-ayam-pedas-manis,takarkuy-estimates-2026-10-01-v2
RCP-KAGGLE-4472409,10,1 ruas jahe geprek,1 ruas jahe geprek,ING-JAHE,10.0,10.0,estimated,"asumsi TAKARKUY: 1 ruas ≈ 10 g, 1 cm ≈ 5 g",,https://cookpad.com/id/resep/4472409-tulang-ayam-pedas-manis,takarkuy-estimates-2026-10-01-v2
RCP-KAGGLE-4472409,11,1 btr jeruk nipis,1 btr jeruk nipis,ING-JERUK-NIPIS,44.0,44.0,estimated,"asumsi TAKARKUY berat bagian termakan per unit 44 g; mengacu ukuran USDA, bukan bobot pasti produk",https://fdc.nal.usda.gov/download-datasets/,https://cookpad.com/id/resep/4472409-tulang-ayam-pedas-manis,takarkuy-estimates-2026-10-01-v2
RCP-KAGGLE-4472409,12,secukupnya kaldu bubuk,secukupnya kaldu bubuk,ING-KALDU-AYAM-BUBUK,3,3,estimated,asumsi TAKARKUY untuk batch: 3 g; sumber tidak memberi angka pasti,,https://cookpad.com/id/resep/4472409-tulang-ayam-pedas-manis,takarkuy-estimates-2026-10-01-v2
RCP-KAGGLE-4472409,13,secukupnya gula pasir,secukupnya gula pasir,ING-GULA-PASIR-DALAM-NEGERI,8,8,estimated,asumsi TAKARKUY untuk batch: 8 g; sumber tidak memberi angka pasti,,https://cookpad.com/id/resep/4472409-tulang-ayam-pedas-manis,takarkuy-estimates-2026-10-01-v2
RCP-KAGGLE-4472409,14,secukupnya kecap manis,secukupnya kecap manis,ING-KECAP-MANIS,20,20,estimated,asumsi TAKARKUY untuk batch: 20 g; sumber tidak memberi angka pasti,,https://cookpad.com/id/resep/4472409-tulang-ayam-pedas-manis,takarkuy-estimates-2026-10-01-v2
RCP-KAGGLE-4472409,15,500 ml air untuk merebus tulang,500 ml air untuk merebus tulang,,,,excluded_utility,air/alat/pembungkus masak di luar gizi dan biaya bahan termakan,,https://cookpad.com/id/resep/4472409-tulang-ayam-pedas-manis,takarkuy-estimates-2026-10-01-v2
RCP-KAGGLE-4472409,16,minyak untuk menumis,minyak untuk menumis,ING-MINYAK-GORENG-CURAH,20,20,estimated,asumsi TAKARKUY untuk batch: 20 g; sumber tidak memberi angka pasti,,https://cookpad.com/id/resep/4472409-tulang-ayam-pedas-manis,takarkuy-estimates-2026-10-01-v2
RCP-KAGGLE-4472187,1,1 ekr ayam negri cuci bersih ptng beri air jeruk nipis cuci lagi,1 ekr ayam negri cuci bersih ptng beri air jeruk nipis cuci lagi,,,,blocked,bahan/bentuk/komposisi belum dipetakan; tidak dibuang dari perhitungan,,https://cookpad.com/id/resep/4472187-ayam-penyet-rumahan,takarkuy-estimates-2026-10-01-v2
RCP-KAGGLE-4472187,2,1 buah jeruk nipis,1 buah jeruk nipis,ING-JERUK-NIPIS,44.0,44.0,estimated,"asumsi TAKARKUY berat bagian termakan per unit 44 g; mengacu ukuran USDA, bukan bobot pasti produk",https://fdc.nal.usda.gov/download-datasets/,https://cookpad.com/id/resep/4472187-ayam-penyet-rumahan,takarkuy-estimates-2026-10-01-v2
RCP-KAGGLE-4472187,3,"Bumbu ayam goreng jd,yg bsah. bisa beli di pasar,aku beli 3rb","Bumbu ayam goreng jd,yg bsah. bisa beli di pasar,aku beli 3rb",,,,blocked,bahan/bentuk/komposisi belum dipetakan; tidak dibuang dari perhitungan,,https://cookpad.com/id/resep/4472187-ayam-penyet-rumahan,takarkuy-estimates-2026-10-01-v2
RCP-KAGGLE-4472187,4,2 lmbr daun salam,2 lmbr daun salam,ING-DAUN-SALAM,1.0,1.0,estimated,"asumsi TAKARKUY berat bagian termakan per unit 0.5 g; mengacu ukuran USDA, bukan bobot pasti produk",https://fdc.nal.usda.gov/download-datasets/,https://cookpad.com/id/resep/4472187-ayam-penyet-rumahan,takarkuy-estimates-2026-10-01-v2
RCP-KAGGLE-4472187,5,2 lmbr daun jeruk,2 lmbr daun jeruk,ING-DAUN-JERUK,1.0,1.0,estimated,"asumsi TAKARKUY berat bagian termakan per unit 0.5 g; mengacu ukuran USDA, bukan bobot pasti produk",https://fdc.nal.usda.gov/download-datasets/,https://cookpad.com/id/resep/4472187-ayam-penyet-rumahan,takarkuy-estimates-2026-10-01-v2
RCP-KAGGLE-4472187,6,1 btng sere geprek,1 btng sere geprek,ING-SERAI,20.0,20.0,estimated,"asumsi TAKARKUY berat bagian termakan per unit 20 g; mengacu ukuran USDA, bukan bobot pasti produk",https://fdc.nal.usda.gov/download-datasets/,https://cookpad.com/id/resep/4472187-ayam-penyet-rumahan,takarkuy-estimates-2026-10-01-v2
RCP-KAGGLE-4472187,7.1,Garam secukupnya dan penyedap,garam secukupnya,ING-GARAM,3,3,estimated,"daftar bahan dipecah; takaran per komponen adalah estimasi terpisah, bukan angka bersama; komponen: garam secukupnya; asumsi TAKARKUY untuk batch: 3 g; sumber tidak memberi angka pasti",,https://cookpad.com/id/resep/4472187-ayam-penyet-rumahan,takarkuy-estimates-2026-10-01-v2
RCP-KAGGLE-4472187,7.2,Garam secukupnya dan penyedap,penyedap,ING-KALDU-AYAM-BUBUK,3,3,estimated,"daftar bahan dipecah; takaran per komponen adalah estimasi terpisah, bukan angka bersama; komponen: penyedap; asumsi TAKARKUY untuk batch: 3 g; sumber tidak memberi angka pasti",,https://cookpad.com/id/resep/4472187-ayam-penyet-rumahan,takarkuy-estimates-2026-10-01-v2
RCP-KAGGLE-4472187,8,secukupnya Minyak goreng,secukupnya Minyak goreng,ING-MINYAK-GORENG-CURAH,20,20,estimated,asumsi TAKARKUY untuk batch: 20 g; sumber tidak memberi angka pasti,,https://cookpad.com/id/resep/4472187-ayam-penyet-rumahan,takarkuy-estimates-2026-10-01-v2
RCP-KAGGLE-4472187,9,Sambel penyet:,Sambel penyet:,,,,section_heading,"judul bagian, bukan bahan",,https://cookpad.com/id/resep/4472187-ayam-penyet-rumahan,takarkuy-estimates-2026-10-01-v2
RCP-KAGGLE-4472187,10,20 buah cabe rawit merah,20 buah cabe rawit merah,ING-CABAI-RAWIT-MERAH,60.0,60.0,estimated,"asumsi TAKARKUY berat bagian termakan per unit 3 g; mengacu ukuran USDA, bukan bobot pasti produk",https://fdc.nal.usda.gov/download-datasets/,https://cookpad.com/id/resep/4472187-ayam-penyet-rumahan,takarkuy-estimates-2026-10-01-v2
RCP-KAGGLE-4472187,11,5 buah cabe merah,5 buah cabe merah,ING-CABAI-MERAH-KERITING,50.0,50.0,estimated,"asumsi TAKARKUY berat bagian termakan per unit 10 g; mengacu ukuran USDA, bukan bobot pasti produk",https://fdc.nal.usda.gov/download-datasets/,https://cookpad.com/id/resep/4472187-ayam-penyet-rumahan,takarkuy-estimates-2026-10-01-v2
RCP-KAGGLE-4472187,12,2 siung bawang p kating,2 siung bawang p kating,ING-BAWANG-PUTIH,6.0,6.0,estimated,"asumsi TAKARKUY berat bagian termakan per unit 3 g; mengacu ukuran USDA, bukan bobot pasti produk",https://fdc.nal.usda.gov/download-datasets/,https://cookpad.com/id/resep/4472187-ayam-penyet-rumahan,takarkuy-estimates-2026-10-01-v2
RCP-KAGGLE-4472187,13,5 buah bawang merah goreng sebentr,5 buah bawang merah goreng sebentr,ING-BAWANG-MERAH,50.0,50.0,estimated,"asumsi TAKARKUY berat bagian termakan per unit 10 g; mengacu ukuran USDA, bukan bobot pasti produk",https://fdc.nal.usda.gov/download-datasets/,https://cookpad.com/id/resep/4472187-ayam-penyet-rumahan,takarkuy-estimates-2026-10-01-v2
RCP-KAGGLE-4472187,14.1,Penyedap dan sedikit gula,penyedap,ING-KALDU-AYAM-BUBUK,3,3,estimated,"daftar bahan dipecah; takaran per komponen adalah estimasi terpisah, bukan angka bersama; komponen: penyedap; asumsi TAKARKUY untuk batch: 3 g; sumber tidak memberi angka pasti",,https://cookpad.com/id/resep/4472187-ayam-penyet-rumahan,takarkuy-estimates-2026-10-01-v2
RCP-KAGGLE-4472187,14.2,Penyedap dan sedikit gula,sedikit gula,ING-GULA-PASIR-DALAM-NEGERI,8,8,estimated,"daftar bahan dipecah; takaran per komponen adalah estimasi terpisah, bukan angka bersama; komponen: sedikit gula; asumsi TAKARKUY untuk batch: 8 g; sumber tidak memberi angka pasti",,https://cookpad.com/id/resep/4472187-ayam-penyet-rumahan,takarkuy-estimates-2026-10-01-v2
RCP-KAGGLE-4472298,1,1 kg ayam potong kecil kecil,1 kg ayam potong kecil kecil,ING-DAGING-AYAM-BROILER,1000.0,1000.0,estimated,konversi massa kg → g,https://www.nist.gov/pml/owm/metric-si/unit-conversion/approximate-conversions-us-customary-measures-metric,https://cookpad.com/id/resep/4472298-sop-ayam,takarkuy-estimates-2026-10-01-v2
RCP-KAGGLE-4472298,2,1/2 kg ceker ayam bersihkan,1/2 kg ceker ayam bersihkan,,500.0,,blocked,bahan/bentuk/komposisi belum dipetakan; tidak dibuang dari perhitungan; konversi massa kg → g,https://www.nist.gov/pml/owm/metric-si/unit-conversion/approximate-conversions-us-customary-measures-metric,https://cookpad.com/id/resep/4472298-sop-ayam,takarkuy-estimates-2026-10-01-v2
RCP-KAGGLE-4472298,3,1/2 kg kentang iris,1/2 kg kentang iris,ING-KENTANG,500.0,500.0,estimated,konversi massa kg → g,https://www.nist.gov/pml/owm/metric-si/unit-conversion/approximate-conversions-us-customary-measures-metric,https://cookpad.com/id/resep/4472298-sop-ayam,takarkuy-estimates-2026-10-01-v2
RCP-KAGGLE-4472298,4,1/2 kg wortel iris,1/2 kg wortel iris,ING-WORTEL,500.0,500.0,estimated,konversi massa kg → g,https://www.nist.gov/pml/owm/metric-si/unit-conversion/approximate-conversions-us-customary-measures-metric,https://cookpad.com/id/resep/4472298-sop-ayam,takarkuy-estimates-2026-10-01-v2
RCP-KAGGLE-4472298,5,1 mangkok makaroni (rebus),1 mangkok makaroni (rebus),,,,blocked,bahan/bentuk/komposisi belum dipetakan; tidak dibuang dari perhitungan,,https://cookpad.com/id/resep/4472298-sop-ayam,takarkuy-estimates-2026-10-01-v2
RCP-KAGGLE-4472298,6,2 batang daun bawang (sesuai selera),2 batang daun bawang (sesuai selera),ING-DAUN-BAWANG,30.0,30.0,estimated,"asumsi TAKARKUY berat bagian termakan per unit 15 g; mengacu ukuran USDA, bukan bobot pasti produk",https://fdc.nal.usda.gov/download-datasets/,https://cookpad.com/id/resep/4472298-sop-ayam,takarkuy-estimates-2026-10-01-v2
RCP-KAGGLE-4472298,7,4 batang daun seledri (sesuai selera),4 batang daun seledri (sesuai selera),ING-SELEDRI,160.0,160.0,estimated,"asumsi TAKARKUY berat bagian termakan per unit 40 g; mengacu ukuran USDA, bukan bobot pasti produk",https://fdc.nal.usda.gov/download-datasets/,https://cookpad.com/id/resep/4472298-sop-ayam,takarkuy-estimates-2026-10-01-v2
RCP-KAGGLE-4472298,8,Bumbu dihaluskan :,Bumbu dihaluskan :,,,,section_heading,"judul bagian, bukan bahan",,https://cookpad.com/id/resep/4472298-sop-ayam,takarkuy-estimates-2026-10-01-v2
RCP-KAGGLE-4472298,9,8 siung bawang merah,8 siung bawang merah,ING-BAWANG-MERAH,80.0,80.0,estimated,"asumsi TAKARKUY berat bagian termakan per unit 10 g; mengacu ukuran USDA, bukan bobot pasti produk",https://fdc.nal.usda.gov/download-datasets/,https://cookpad.com/id/resep/4472298-sop-ayam,takarkuy-estimates-2026-10-01-v2
RCP-KAGGLE-4472298,10,5 siung bawang putih,5 siung bawang putih,ING-BAWANG-PUTIH,15.0,15.0,estimated,"asumsi TAKARKUY berat bagian termakan per unit 3 g; mengacu ukuran USDA, bukan bobot pasti produk",https://fdc.nal.usda.gov/download-datasets/,https://cookpad.com/id/resep/4472298-sop-ayam,takarkuy-estimates-2026-10-01-v2
RCP-KAGGLE-4472298,11,Tambahan :,Tambahan :,,,,section_heading,"judul bagian, bukan bahan",,https://cookpad.com/id/resep/4472298-sop-ayam,takarkuy-estimates-2026-10-01-v2
RCP-KAGGLE-4472298,12,1 sendok teh lada halus,1 sendok teh lada halus,ING-MERICA,2.292,2.292,estimated,"perkiraan sendok teh; massa khusus bahan, cup ≈ 240 ml",https://fdc.nal.usda.gov/download-datasets/; https://www.kingarthurbaking.com/learn/ingredient-weight-chart,https://cookpad.com/id/resep/4472298-sop-ayam,takarkuy-estimates-2026-10-01-v2
RCP-KAGGLE-4472298,13,secukupnya Garam,secukupnya Garam,ING-GARAM,3,3,estimated,asumsi TAKARKUY untuk batch: 3 g; sumber tidak memberi angka pasti,,https://cookpad.com/id/resep/4472298-sop-ayam,takarkuy-estimates-2026-10-01-v2
RCP-KAGGLE-4472298,14,Penyedap rasa (bila Sun's saya pake gula aja),Penyedap rasa (bila Sun's saya pake gula aja),ING-KALDU-AYAM-BUBUK,3,3,estimated,asumsi TAKARKUY untuk batch: 3 g; sumber tidak memberi angka pasti,,https://cookpad.com/id/resep/4472298-sop-ayam,takarkuy-estimates-2026-10-01-v2
RCP-KAGGLE-4472222,1,400 grm dada ayam,400 grm dada ayam,ING-DAGING-AYAM-BROILER,400.0,400.0,estimated,konversi massa grm → g,https://www.nist.gov/pml/owm/metric-si/unit-conversion/approximate-conversions-us-customary-measures-metric,https://cookpad.com/id/resep/4472222-ayam-suwir,takarkuy-estimates-2026-10-01-v2
RCP-KAGGLE-4472222,2,3 lembar daun jeruk,3 lembar daun jeruk,ING-DAUN-JERUK,1.5,1.5,estimated,"asumsi TAKARKUY berat bagian termakan per unit 0.5 g; mengacu ukuran USDA, bukan bobot pasti produk",https://fdc.nal.usda.gov/download-datasets/,https://cookpad.com/id/resep/4472222-ayam-suwir,takarkuy-estimates-2026-10-01-v2
RCP-KAGGLE-4472222,3,4 siung bawang putih,4 siung bawang putih,ING-BAWANG-PUTIH,12.0,12.0,estimated,"asumsi TAKARKUY berat bagian termakan per unit 3 g; mengacu ukuran USDA, bukan bobot pasti produk",https://fdc.nal.usda.gov/download-datasets/,https://cookpad.com/id/resep/4472222-ayam-suwir,takarkuy-estimates-2026-10-01-v2
RCP-KAGGLE-4472222,4,6 siung bawang merah,6 siung bawang merah,ING-BAWANG-MERAH,60.0,60.0,estimated,"asumsi TAKARKUY berat bagian termakan per unit 10 g; mengacu ukuran USDA, bukan bobot pasti produk",https://fdc.nal.usda.gov/download-datasets/,https://cookpad.com/id/resep/4472222-ayam-suwir,takarkuy-estimates-2026-10-01-v2
RCP-KAGGLE-4472222,5,1 cm jahe,1 cm jahe,ING-JAHE,5.0,5.0,estimated,"asumsi TAKARKUY: 1 ruas ≈ 10 g, 1 cm ≈ 5 g",,https://cookpad.com/id/resep/4472222-ayam-suwir,takarkuy-estimates-2026-10-01-v2
RCP-KAGGLE-4472222,6,1 cm kunyit,1 cm kunyit,ING-KUNYIT,5.0,5.0,estimated,"asumsi TAKARKUY: 1 ruas ≈ 10 g, 1 cm ≈ 5 g",,https://cookpad.com/id/resep/4472222-ayam-suwir,takarkuy-estimates-2026-10-01-v2
RCP-KAGGLE-4472222,7.1,secukupnya Garam dan gula,secukupnya garam,ING-GARAM,3,3,estimated,"daftar bahan dipecah; takaran per komponen adalah estimasi terpisah, bukan angka bersama; komponen: secukupnya garam; asumsi TAKARKUY untuk batch: 3 g; sumber tidak memberi angka pasti",,https://cookpad.com/id/resep/4472222-ayam-suwir,takarkuy-estimates-2026-10-01-v2
RCP-KAGGLE-4472222,7.2,secukupnya Garam dan gula,gula,ING-GULA-PASIR-DALAM-NEGERI,8,8,estimated,"daftar bahan dipecah; takaran per komponen adalah estimasi terpisah, bukan angka bersama; komponen: gula; asumsi TAKARKUY untuk batch: 8 g; sumber tidak memberi angka pasti",,https://cookpad.com/id/resep/4472222-ayam-suwir,takarkuy-estimates-2026-10-01-v2
RCP-KAGGLE-4472222,8,Minyak untuk menumis,Minyak untuk menumis,ING-MINYAK-GORENG-CURAH,20,20,estimated,asumsi TAKARKUY untuk batch: 20 g; sumber tidak memberi angka pasti,,https://cookpad.com/id/resep/4472222-ayam-suwir,takarkuy-estimates-2026-10-01-v2
RCP-KAGGLE-4472482,1,1/4 kg ayam d fillet ambil dagingnya aja,1/4 kg ayam d fillet ambil dagingnya aja,ING-DAGING-AYAM-BROILER,250.0,250.0,estimated,konversi massa kg → g,https://www.nist.gov/pml/owm/metric-si/unit-conversion/approximate-conversions-us-customary-measures-metric,https://cookpad.com/id/resep/4472482-nugget-ayam-home-made,takarkuy-estimates-2026-10-01-v2
RCP-KAGGLE-4472482,2,1 buah wortel,1 buah wortel,ING-WORTEL,61.0,61.0,estimated,"asumsi TAKARKUY berat bagian termakan per unit 61 g; mengacu ukuran USDA, bukan bobot pasti produk",https://fdc.nal.usda.gov/download-datasets/,https://cookpad.com/id/resep/4472482-nugget-ayam-home-made,takarkuy-estimates-2026-10-01-v2
RCP-KAGGLE-4472482,3,1 buah daun bawang prei,1 buah daun bawang prei,ING-DAUN-BAWANG,15.0,15.0,estimated,"asumsi TAKARKUY berat bagian termakan per unit 15 g; mengacu ukuran USDA, bukan bobot pasti produk",https://fdc.nal.usda.gov/download-datasets/,https://cookpad.com/id/resep/4472482-nugget-ayam-home-made,takarkuy-estimates-2026-10-01-v2
RCP-KAGGLE-4472482,4,4 siung bawang putih,4 siung bawang putih,ING-BAWANG-PUTIH,12.0,12.0,estimated,"asumsi TAKARKUY berat bagian termakan per unit 3 g; mengacu ukuran USDA, bukan bobot pasti produk",https://fdc.nal.usda.gov/download-datasets/,https://cookpad.com/id/resep/4472482-nugget-ayam-home-made,takarkuy-estimates-2026-10-01-v2
RCP-KAGGLE-4472482,5,8 siung bawang merah,8 siung bawang merah,ING-BAWANG-MERAH,80.0,80.0,estimated,"asumsi TAKARKUY berat bagian termakan per unit 10 g; mengacu ukuran USDA, bukan bobot pasti produk",https://fdc.nal.usda.gov/download-datasets/,https://cookpad.com/id/resep/4472482-nugget-ayam-home-made,takarkuy-estimates-2026-10-01-v2
RCP-KAGGLE-4472482,6,1 sdt merica,1 sdt merica,ING-MERICA,2.292,2.292,estimated,"perkiraan sdt; massa khusus bahan, cup ≈ 240 ml",https://fdc.nal.usda.gov/download-datasets/; https://www.kingarthurbaking.com/learn/ingredient-weight-chart,https://cookpad.com/id/resep/4472482-nugget-ayam-home-made,takarkuy-estimates-2026-10-01-v2
RCP-KAGGLE-4472482,7,1/2 kg tepung tapioka,1/2 kg tepung tapioka,ING-TEPUNG-TAPIOKA,500.0,500.0,estimated,konversi massa kg → g,https://www.nist.gov/pml/owm/metric-si/unit-conversion/approximate-conversions-us-customary-measures-metric,https://cookpad.com/id/resep/4472482-nugget-ayam-home-made,takarkuy-estimates-2026-10-01-v2
RCP-KAGGLE-4472482,8,2 telur ayam,2 telur ayam,ING-TELUR-AYAM-BROILER,100.0,100.0,estimated,"asumsi TAKARKUY berat bagian termakan per unit 50 g; mengacu ukuran USDA, bukan bobot pasti produk",https://fdc.nal.usda.gov/download-datasets/,https://cookpad.com/id/resep/4472482-nugget-ayam-home-made,takarkuy-estimates-2026-10-01-v2
RCP-KAGGLE-4472482,9.1,"Garam, penyedap rasa",garam,ING-GARAM,3,3,estimated,"daftar bahan dipecah; takaran per komponen adalah estimasi terpisah, bukan angka bersama; komponen: garam; asumsi TAKARKUY untuk batch: 3 g; sumber tidak memberi angka pasti",,https://cookpad.com/id/resep/4472482-nugget-ayam-home-made,takarkuy-estimates-2026-10-01-v2
RCP-KAGGLE-4472482,9.2,"Garam, penyedap rasa",penyedap rasa,ING-KALDU-AYAM-BUBUK,3,3,estimated,"daftar bahan dipecah; takaran per komponen adalah estimasi terpisah, bukan angka bersama; komponen: penyedap rasa; asumsi TAKARKUY untuk batch: 3 g; sumber tidak memberi angka pasti",,https://cookpad.com/id/resep/4472482-nugget-ayam-home-made,takarkuy-estimates-2026-10-01-v2
RCP-KAGGLE-4472482,10,Tepung roti/ tepung panir,Tepung roti/ tepung panir,ING-TEPUNG-PANIR,50,50,estimated,asumsi TAKARKUY untuk batch: 50 g; sumber tidak memberi angka pasti,,https://cookpad.com/id/resep/4472482-nugget-ayam-home-made,takarkuy-estimates-2026-10-01-v2
RCP-KAGGLE-4472309,1,"250 gr ayam fillet, potong-potong","250 gr ayam fillet, potong-potong",ING-DAGING-AYAM-BROILER,250.0,250.0,estimated,konversi massa gr → g,https://www.nist.gov/pml/owm/metric-si/unit-conversion/approximate-conversions-us-customary-measures-metric,https://cookpad.com/id/resep/4472309-ayam-koloke,takarkuy-estimates-2026-10-01-v2
RCP-KAGGLE-4472309,2,2 sdm tepung bumbu serbaguna (larutkan dgn 75 ml air),2 sdm tepung bumbu serbaguna (larutkan dgn 75 ml air),,,,excluded_utility,air/alat/pembungkus masak di luar gizi dan biaya bahan termakan,,https://cookpad.com/id/resep/4472309-ayam-koloke,takarkuy-estimates-2026-10-01-v2
RCP-KAGGLE-4472309,3,Pelapis:,Pelapis:,,,,section_heading,"judul bagian, bukan bahan",,https://cookpad.com/id/resep/4472309-ayam-koloke,takarkuy-estimates-2026-10-01-v2
RCP-KAGGLE-4472309,4,4 sdm tepung terigu,4 sdm tepung terigu,ING-TEPUNG-TERIGU-CURAH,30.0,30.0,estimated,"perkiraan sdm; massa khusus bahan, cup ≈ 240 ml",https://fdc.nal.usda.gov/download-datasets/; https://www.kingarthurbaking.com/learn/ingredient-weight-chart,https://cookpad.com/id/resep/4472309-ayam-koloke,takarkuy-estimates-2026-10-01-v2
RCP-KAGGLE-4472309,5,1 sdm maizena,1 sdm maizena,ING-MAIZENA,8.0,8.0,estimated,"perkiraan sdm; massa khusus bahan, cup ≈ 240 ml",https://fdc.nal.usda.gov/download-datasets/; https://www.kingarthurbaking.com/learn/ingredient-weight-chart,https://cookpad.com/id/resep/4472309-ayam-koloke,takarkuy-estimates-2026-10-01-v2
RCP-KAGGLE-4472309,6,Bahan Saus,Bahan Saus,,,,section_heading,"judul bagian, bukan bahan",,https://cookpad.com/id/resep/4472309-ayam-koloke,takarkuy-estimates-2026-10-01-v2
RCP-KAGGLE-4472309,7,1 sdm butter / margarin,1 sdm margarin,ING-MARGARIN,14.188,14.188,estimated,"varian demonstrasi memilih margarin dari alternatif sumber; komponen: 1 sdm margarin; perkiraan sdm; massa khusus bahan, cup ≈ 240 ml",https://fdc.nal.usda.gov/download-datasets/; https://www.kingarthurbaking.com/learn/ingredient-weight-chart,https://cookpad.com/id/resep/4472309-ayam-koloke,takarkuy-estimates-2026-10-01-v2
RCP-KAGGLE-4472309,8,"2 siung bawang putih, cincang halus","2 siung bawang putih, cincang halus",ING-BAWANG-PUTIH,6.0,6.0,estimated,"asumsi TAKARKUY berat bagian termakan per unit 3 g; mengacu ukuran USDA, bukan bobot pasti produk",https://fdc.nal.usda.gov/download-datasets/,https://cookpad.com/id/resep/4472309-ayam-koloke,takarkuy-estimates-2026-10-01-v2
RCP-KAGGLE-4472309,9,1 siung bawang bombai uk. Kecil (iris halus),1 siung bawang bombai uk. Kecil (iris halus),ING-BAWANG-BOMBAY,110.0,110.0,estimated,"asumsi TAKARKUY berat bagian termakan per unit 110 g; mengacu ukuran USDA, bukan bobot pasti produk",https://fdc.nal.usda.gov/download-datasets/,https://cookpad.com/id/resep/4472309-ayam-koloke,takarkuy-estimates-2026-10-01-v2
RCP-KAGGLE-4472309,10,1/2 bh wortel (potong korek api),1/2 bh wortel (potong korek api),ING-WORTEL,30.5,30.5,estimated,"asumsi TAKARKUY berat bagian termakan per unit 61 g; mengacu ukuran USDA, bukan bobot pasti produk",https://fdc.nal.usda.gov/download-datasets/,https://cookpad.com/id/resep/4472309-ayam-koloke,takarkuy-estimates-2026-10-01-v2
RCP-KAGGLE-4472309,11,1/2 bh timun (buang biji dan iris korek api),1/2 bh timun (buang biji dan iris korek api),ING-MENTIMUN,100.0,100.0,estimated,"asumsi TAKARKUY berat bagian termakan per unit 200 g; mengacu ukuran USDA, bukan bobot pasti produk",https://fdc.nal.usda.gov/download-datasets/,https://cookpad.com/id/resep/4472309-ayam-koloke,takarkuy-estimates-2026-10-01-v2
RCP-KAGGLE-4472309,12,1 btg daun bawang (potong2),1 btg daun bawang (potong2),ING-DAUN-BAWANG,15.0,15.0,estimated,"asumsi TAKARKUY berat bagian termakan per unit 15 g; mengacu ukuran USDA, bukan bobot pasti produk",https://fdc.nal.usda.gov/download-datasets/,https://cookpad.com/id/resep/4472309-ayam-koloke,takarkuy-estimates-2026-10-01-v2
RCP-KAGGLE-4472309,13,2 bh cabe merah (iris serong),2 bh cabe merah (iris serong),ING-CABAI-MERAH-KERITING,20.0,20.0,estimated,"asumsi TAKARKUY berat bagian termakan per unit 10 g; mengacu ukuran USDA, bukan bobot pasti produk",https://fdc.nal.usda.gov/download-datasets/,https://cookpad.com/id/resep/4472309-ayam-koloke,takarkuy-estimates-2026-10-01-v2
RCP-KAGGLE-4472309,14,3 bh cabe rawit (iris serong),3 bh cabe rawit (iris serong),ING-CABAI-RAWIT-MERAH,9.0,9.0,estimated,"asumsi TAKARKUY berat bagian termakan per unit 3 g; mengacu ukuran USDA, bukan bobot pasti produk",https://fdc.nal.usda.gov/download-datasets/,https://cookpad.com/id/resep/4472309-ayam-koloke,takarkuy-estimates-2026-10-01-v2
RCP-KAGGLE-4472309,15,3 sdm saus tomat,3 sdm saus tomat,ING-SAUS-TOMAT,51.0,51.0,estimated,"perkiraan sdm; massa khusus bahan, cup ≈ 240 ml",https://fdc.nal.usda.gov/download-datasets/; https://www.kingarthurbaking.com/learn/ingredient-weight-chart,https://cookpad.com/id/resep/4472309-ayam-koloke,takarkuy-estimates-2026-10-01-v2
RCP-KAGGLE-4472309,16,1 sdm saus tiram,1 sdm saus tiram,ING-SAUS-TIRAM,18.0,18.0,estimated,"perkiraan sdm; massa khusus bahan, cup ≈ 240 ml",https://fdc.nal.usda.gov/download-datasets/; https://www.kingarthurbaking.com/learn/ingredient-weight-chart,https://cookpad.com/id/resep/4472309-ayam-koloke,takarkuy-estimates-2026-10-01-v2
RCP-KAGGLE-4472309,17,1 sdt minyak wijen,1 sdt minyak wijen,ING-MINYAK-WIJEN,4.542,4.542,estimated,"perkiraan sdt; massa khusus bahan, cup ≈ 240 ml",https://fdc.nal.usda.gov/download-datasets/; https://www.kingarthurbaking.com/learn/ingredient-weight-chart,https://cookpad.com/id/resep/4472309-ayam-koloke,takarkuy-estimates-2026-10-01-v2
RCP-KAGGLE-4472309,18,1 sdt air lemon / jeruk nipis / cuka masak,1 sdt air lemon / jeruk nipis / cuka masak,ING-JERUK-NIPIS,5.042,5.042,estimated,"perkiraan sdt; massa khusus bahan, cup ≈ 240 ml",https://fdc.nal.usda.gov/download-datasets/; https://www.kingarthurbaking.com/learn/ingredient-weight-chart,https://cookpad.com/id/resep/4472309-ayam-koloke,takarkuy-estimates-2026-10-01-v2
RCP-KAGGLE-4472309,19,250 ml air,250 ml air,,,,excluded_utility,air/alat/pembungkus masak di luar gizi dan biaya bahan termakan,,https://cookpad.com/id/resep/4472309-ayam-koloke,takarkuy-estimates-2026-10-01-v2
RCP-KAGGLE-4472309,20.1,"Garam, lada, gula",garam,ING-GARAM,3,3,estimated,"daftar bahan dipecah; takaran per komponen adalah estimasi terpisah, bukan angka bersama; komponen: garam; asumsi TAKARKUY untuk batch: 3 g; sumber tidak memberi angka pasti",,https://cookpad.com/id/resep/4472309-ayam-koloke,takarkuy-estimates-2026-10-01-v2
RCP-KAGGLE-4472309,20.2,"Garam, lada, gula",lada,ING-MERICA,1,1,estimated,"daftar bahan dipecah; takaran per komponen adalah estimasi terpisah, bukan angka bersama; komponen: lada; asumsi TAKARKUY untuk batch: 1 g; sumber tidak memberi angka pasti",,https://cookpad.com/id/resep/4472309-ayam-koloke,takarkuy-estimates-2026-10-01-v2
RCP-KAGGLE-4472309,20.3,"Garam, lada, gula",gula,ING-GULA-PASIR-DALAM-NEGERI,8,8,estimated,"daftar bahan dipecah; takaran per komponen adalah estimasi terpisah, bukan angka bersama; komponen: gula; asumsi TAKARKUY untuk batch: 8 g; sumber tidak memberi angka pasti",,https://cookpad.com/id/resep/4472309-ayam-koloke,takarkuy-estimates-2026-10-01-v2
RCP-KAGGLE-4472309,21,1 sdt maizena (larutlan dgn 1 sdm air),1 sdt maizena (larutlan dgn 1 sdm air),ING-MAIZENA,2.667,2.667,estimated,"perkiraan sdt; massa khusus bahan, cup ≈ 240 ml",https://fdc.nal.usda.gov/download-datasets/; https://www.kingarthurbaking.com/learn/ingredient-weight-chart,https://cookpad.com/id/resep/4472309-ayam-koloke,takarkuy-estimates-2026-10-01-v2
RCP-KAGGLE-4472258,1,1/4 kg tulang ayam,1/4 kg tulang ayam,,250.0,,blocked,bahan/bentuk/komposisi belum dipetakan; tidak dibuang dari perhitungan; konversi massa kg → g,https://www.nist.gov/pml/owm/metric-si/unit-conversion/approximate-conversions-us-customary-measures-metric,https://cookpad.com/id/resep/4472258-mie-tulang-ayam,takarkuy-estimates-2026-10-01-v2
RCP-KAGGLE-4472258,2,1 bungkus kecil mie burung dara,1 bungkus kecil mie burung dara,,,,blocked,bahan/bentuk/komposisi belum dipetakan; tidak dibuang dari perhitungan,,https://cookpad.com/id/resep/4472258-mie-tulang-ayam,takarkuy-estimates-2026-10-01-v2
RCP-KAGGLE-4472258,3,5 siung bawang putih,5 siung bawang putih,ING-BAWANG-PUTIH,15.0,15.0,estimated,"asumsi TAKARKUY berat bagian termakan per unit 3 g; mengacu ukuran USDA, bukan bobot pasti produk",https://fdc.nal.usda.gov/download-datasets/,https://cookpad.com/id/resep/4472258-mie-tulang-ayam,takarkuy-estimates-2026-10-01-v2
RCP-KAGGLE-4472258,4,3 siung bawang merah,3 siung bawang merah,ING-BAWANG-MERAH,30.0,30.0,estimated,"asumsi TAKARKUY berat bagian termakan per unit 10 g; mengacu ukuran USDA, bukan bobot pasti produk",https://fdc.nal.usda.gov/download-datasets/,https://cookpad.com/id/resep/4472258-mie-tulang-ayam,takarkuy-estimates-2026-10-01-v2
RCP-KAGGLE-4472258,5,7 cabe rawit,7 cabe rawit,ING-CABAI-RAWIT-MERAH,21.0,21.0,estimated,"asumsi TAKARKUY berat bagian termakan per unit 3 g; mengacu ukuran USDA, bukan bobot pasti produk",https://fdc.nal.usda.gov/download-datasets/,https://cookpad.com/id/resep/4472258-mie-tulang-ayam,takarkuy-estimates-2026-10-01-v2
RCP-KAGGLE-4472258,6,1 tangkai daun bawang,1 tangkai daun bawang,ING-DAUN-BAWANG,15.0,15.0,estimated,"asumsi TAKARKUY berat bagian termakan per unit 15 g; mengacu ukuran USDA, bukan bobot pasti produk",https://fdc.nal.usda.gov/download-datasets/,https://cookpad.com/id/resep/4472258-mie-tulang-ayam,takarkuy-estimates-2026-10-01-v2
RCP-KAGGLE-4472258,7,2 tangkai seledri,2 tangkai seledri,ING-SELEDRI,80.0,80.0,estimated,"asumsi TAKARKUY berat bagian termakan per unit 40 g; mengacu ukuran USDA, bukan bobot pasti produk",https://fdc.nal.usda.gov/download-datasets/,https://cookpad.com/id/resep/4472258-mie-tulang-ayam,takarkuy-estimates-2026-10-01-v2
RCP-KAGGLE-4472258,8,1 1/2 sdm merica bubuk,1 1/2 sdm merica bubuk,ING-MERICA,10.312,10.312,estimated,"perkiraan sdm; massa khusus bahan, cup ≈ 240 ml",https://fdc.nal.usda.gov/download-datasets/; https://www.kingarthurbaking.com/learn/ingredient-weight-chart,https://cookpad.com/id/resep/4472258-mie-tulang-ayam,takarkuy-estimates-2026-10-01-v2
RCP-KAGGLE-4472258,9,2 sdm saos cabe,2 sdm saos cabe,,,,blocked,bahan/bentuk/komposisi belum dipetakan; tidak dibuang dari perhitungan,,https://cookpad.com/id/resep/4472258-mie-tulang-ayam,takarkuy-estimates-2026-10-01-v2
RCP-KAGGLE-4472258,10,3 sdm kecap manis,3 sdm kecap manis,ING-KECAP-MANIS,58.5,58.5,estimated,"perkiraan sdm; massa khusus bahan, cup ≈ 240 ml",https://fdc.nal.usda.gov/download-datasets/; https://www.kingarthurbaking.com/learn/ingredient-weight-chart,https://cookpad.com/id/resep/4472258-mie-tulang-ayam,takarkuy-estimates-2026-10-01-v2
RCP-KAGGLE-4472258,11.1,secukupnya Gula dan garam,secukupnya gula,ING-GULA-PASIR-DALAM-NEGERI,8,8,estimated,"daftar bahan dipecah; takaran per komponen adalah estimasi terpisah, bukan angka bersama; komponen: secukupnya gula; asumsi TAKARKUY untuk batch: 8 g; sumber tidak memberi angka pasti",,https://cookpad.com/id/resep/4472258-mie-tulang-ayam,takarkuy-estimates-2026-10-01-v2
RCP-KAGGLE-4472258,11.2,secukupnya Gula dan garam,garam,ING-GARAM,3,3,estimated,"daftar bahan dipecah; takaran per komponen adalah estimasi terpisah, bukan angka bersama; komponen: garam; asumsi TAKARKUY untuk batch: 3 g; sumber tidak memberi angka pasti",,https://cookpad.com/id/resep/4472258-mie-tulang-ayam,takarkuy-estimates-2026-10-01-v2
RCP-KAGGLE-4472258,12,Minyak untuk menumis,Minyak untuk menumis,ING-MINYAK-GORENG-CURAH,20,20,estimated,asumsi TAKARKUY untuk batch: 20 g; sumber tidak memberi angka pasti,,https://cookpad.com/id/resep/4472258-mie-tulang-ayam,takarkuy-estimates-2026-10-01-v2
RCP-KAGGLE-4472532,1,1/2 kg dada ayam (rebus dahulu),1/2 kg dada ayam (rebus dahulu),ING-DAGING-AYAM-BROILER,500.0,500.0,estimated,konversi massa kg → g,https://www.nist.gov/pml/owm/metric-si/unit-conversion/approximate-conversions-us-customary-measures-metric,https://cookpad.com/id/resep/4472532-ayam-suir-bali-bemesere-bali,takarkuy-estimates-2026-10-01-v2
RCP-KAGGLE-4472532,2,50 ml minyak goreng,50 ml minyak goreng,ING-MINYAK-GORENG-CURAH,45.417,45.417,estimated,"perkiraan ml; massa khusus bahan, cup ≈ 240 ml",https://fdc.nal.usda.gov/download-datasets/; https://www.kingarthurbaking.com/learn/ingredient-weight-chart,https://cookpad.com/id/resep/4472532-ayam-suir-bali-bemesere-bali,takarkuy-estimates-2026-10-01-v2
RCP-KAGGLE-4472532,3,Bumbu :,Bumbu :,,,,section_heading,"judul bagian, bukan bahan",,https://cookpad.com/id/resep/4472532-ayam-suir-bali-bemesere-bali,takarkuy-estimates-2026-10-01-v2
RCP-KAGGLE-4472532,4,1/4 kg cabai merah,1/4 kg cabai merah,ING-CABAI-MERAH-KERITING,250.0,250.0,estimated,konversi massa kg → g,https://www.nist.gov/pml/owm/metric-si/unit-conversion/approximate-conversions-us-customary-measures-metric,https://cookpad.com/id/resep/4472532-ayam-suir-bali-bemesere-bali,takarkuy-estimates-2026-10-01-v2
RCP-KAGGLE-4472532,5,1/2 buah tomat,1/2 buah tomat,ING-TOMAT,61.5,61.5,estimated,"asumsi TAKARKUY berat bagian termakan per unit 123 g; mengacu ukuran USDA, bukan bobot pasti produk",https://fdc.nal.usda.gov/download-datasets/,https://cookpad.com/id/resep/4472532-ayam-suir-bali-bemesere-bali,takarkuy-estimates-2026-10-01-v2
RCP-KAGGLE-4472532,6,5 buah Cabe rawit,5 buah Cabe rawit,ING-CABAI-RAWIT-MERAH,15.0,15.0,estimated,"asumsi TAKARKUY berat bagian termakan per unit 3 g; mengacu ukuran USDA, bukan bobot pasti produk",https://fdc.nal.usda.gov/download-datasets/,https://cookpad.com/id/resep/4472532-ayam-suir-bali-bemesere-bali,takarkuy-estimates-2026-10-01-v2
RCP-KAGGLE-4472532,7,secukupnya Garam,secukupnya Garam,ING-GARAM,3,3,estimated,asumsi TAKARKUY untuk batch: 3 g; sumber tidak memberi angka pasti,,https://cookpad.com/id/resep/4472532-ayam-suir-bali-bemesere-bali,takarkuy-estimates-2026-10-01-v2
RCP-KAGGLE-4472532,8,secukupnya Gula jawa,secukupnya Gula jawa,ING-GULA-MERAH,10,10,estimated,asumsi TAKARKUY untuk batch: 10 g; sumber tidak memberi angka pasti,,https://cookpad.com/id/resep/4472532-ayam-suir-bali-bemesere-bali,takarkuy-estimates-2026-10-01-v2
RCP-KAGGLE-4472532,9,1 sdt terasi bakar,1 sdt terasi bakar,,,,blocked,bahan/bentuk/komposisi belum dipetakan; tidak dibuang dari perhitungan,,https://cookpad.com/id/resep/4472532-ayam-suir-bali-bemesere-bali,takarkuy-estimates-2026-10-01-v2
RCP-KAGGLE-4472532,10,1/2 perasan jeruk limo,1/2 perasan jeruk limo,,,,blocked,bahan/bentuk/komposisi belum dipetakan; tidak dibuang dari perhitungan,,https://cookpad.com/id/resep/4472532-ayam-suir-bali-bemesere-bali,takarkuy-estimates-2026-10-01-v2
RCP-KAGGLE-4472532,11,3 buah daun jeruk purut,3 buah daun jeruk purut,ING-DAUN-JERUK,1.5,1.5,estimated,"asumsi TAKARKUY berat bagian termakan per unit 0.5 g; mengacu ukuran USDA, bukan bobot pasti produk",https://fdc.nal.usda.gov/download-datasets/,https://cookpad.com/id/resep/4472532-ayam-suir-bali-bemesere-bali,takarkuy-estimates-2026-10-01-v2
RCP-KAGGLE-4472100,1,1/2 kg ayam,1/2 kg ayam,ING-DAGING-AYAM-BROILER,500.0,500.0,estimated,konversi massa kg → g,https://www.nist.gov/pml/owm/metric-si/unit-conversion/approximate-conversions-us-customary-measures-metric,https://cookpad.com/id/resep/4472100-pindang-ayam-jadul,takarkuy-estimates-2026-10-01-v2
RCP-KAGGLE-4472100,2,5 btr bawang merah iris halus,5 btr bawang merah iris halus,ING-BAWANG-MERAH,50.0,50.0,estimated,"asumsi TAKARKUY berat bagian termakan per unit 10 g; mengacu ukuran USDA, bukan bobot pasti produk",https://fdc.nal.usda.gov/download-datasets/,https://cookpad.com/id/resep/4472100-pindang-ayam-jadul,takarkuy-estimates-2026-10-01-v2
RCP-KAGGLE-4472100,3,10 buah cabe rawit iris halus,10 buah cabe rawit iris halus,ING-CABAI-RAWIT-MERAH,30.0,30.0,estimated,"asumsi TAKARKUY berat bagian termakan per unit 3 g; mengacu ukuran USDA, bukan bobot pasti produk",https://fdc.nal.usda.gov/download-datasets/,https://cookpad.com/id/resep/4472100-pindang-ayam-jadul,takarkuy-estimates-2026-10-01-v2
RCP-KAGGLE-4472100,4,2 cm jahe iris halus,2 cm jahe iris halus,ING-JAHE,10.0,10.0,estimated,"asumsi TAKARKUY: 1 ruas ≈ 10 g, 1 cm ≈ 5 g",,https://cookpad.com/id/resep/4472100-pindang-ayam-jadul,takarkuy-estimates-2026-10-01-v2
RCP-KAGGLE-4472100,5,1 cm lengkuas iris halus,1 cm lengkuas iris halus,ING-LENGKUAS,5.0,5.0,estimated,"asumsi TAKARKUY: 1 ruas ≈ 10 g, 1 cm ≈ 5 g",,https://cookpad.com/id/resep/4472100-pindang-ayam-jadul,takarkuy-estimates-2026-10-01-v2
RCP-KAGGLE-4472100,6,1/2 sdt kunyit halus,1/2 sdt kunyit halus,ING-KUNYIT,1.0,1.0,estimated,"perkiraan sdt; massa khusus bahan, cup ≈ 240 ml",https://fdc.nal.usda.gov/download-datasets/; https://www.kingarthurbaking.com/learn/ingredient-weight-chart,https://cookpad.com/id/resep/4472100-pindang-ayam-jadul,takarkuy-estimates-2026-10-01-v2
RCP-KAGGLE-4472100,7,1 sdt asam jawa,1 sdt asam jawa,ING-ASAM-JAWA,2.5,2.5,estimated,"perkiraan sdt; massa khusus bahan, cup ≈ 240 ml",https://fdc.nal.usda.gov/download-datasets/; https://www.kingarthurbaking.com/learn/ingredient-weight-chart,https://cookpad.com/id/resep/4472100-pindang-ayam-jadul,takarkuy-estimates-2026-10-01-v2
RCP-KAGGLE-4472100,8,1 sdt terasi bangka panggang,1 sdt terasi bangka panggang,,,,blocked,bahan/bentuk/komposisi belum dipetakan; tidak dibuang dari perhitungan,,https://cookpad.com/id/resep/4472100-pindang-ayam-jadul,takarkuy-estimates-2026-10-01-v2
RCP-KAGGLE-4472100,9,1 bh tomat potong 4,1 bh tomat potong 4,ING-TOMAT,123.0,123.0,estimated,"asumsi TAKARKUY berat bagian termakan per unit 123 g; mengacu ukuran USDA, bukan bobot pasti produk",https://fdc.nal.usda.gov/download-datasets/,https://cookpad.com/id/resep/4472100-pindang-ayam-jadul,takarkuy-estimates-2026-10-01-v2
RCP-KAGGLE-4472100,10,Secukupnya daun kemangi (me:gak ada),Secukupnya daun kemangi (me:gak ada),ING-KEMANGI,10,10,estimated,asumsi TAKARKUY untuk batch: 10 g; sumber tidak memberi angka pasti,,https://cookpad.com/id/resep/4472100-pindang-ayam-jadul,takarkuy-estimates-2026-10-01-v2
RCP-KAGGLE-4472201,1,Bahan Daging,Bahan Daging,,,,section_heading,"judul bagian, bukan bahan",,https://cookpad.com/id/resep/4472201-ayam-kacang-panjang-saos-hoisin,takarkuy-estimates-2026-10-01-v2
RCP-KAGGLE-4472201,2,1 lembar paha atas/dada ayam,1 lembar paha atas/dada ayam,ING-DAGING-AYAM-BROILER,150.0,150.0,estimated,"asumsi TAKARKUY berat bagian termakan per unit 150 g; mengacu ukuran USDA, bukan bobot pasti produk",https://fdc.nal.usda.gov/download-datasets/,https://cookpad.com/id/resep/4472201-ayam-kacang-panjang-saos-hoisin,takarkuy-estimates-2026-10-01-v2
RCP-KAGGLE-4472201,3,"1 sdm kecap asin, arak beras, tapioka","1 sdm kecap asin, arak beras, tapioka",,,,blocked,bahan/bentuk/komposisi belum dipetakan; tidak dibuang dari perhitungan,,https://cookpad.com/id/resep/4472201-ayam-kacang-panjang-saos-hoisin,takarkuy-estimates-2026-10-01-v2
RCP-KAGGLE-4472201,4,Bahan saos,Bahan saos,,,,section_heading,"judul bagian, bukan bahan",,https://cookpad.com/id/resep/4472201-ayam-kacang-panjang-saos-hoisin,takarkuy-estimates-2026-10-01-v2
RCP-KAGGLE-4472201,5,1 ikat Kacang panjang,1 ikat Kacang panjang,,,,blocked,bahan/bentuk/komposisi belum dipetakan; tidak dibuang dari perhitungan,,https://cookpad.com/id/resep/4472201-ayam-kacang-panjang-saos-hoisin,takarkuy-estimates-2026-10-01-v2
RCP-KAGGLE-4472201,6,2 siung baput cincang halus,2 siung baput cincang halus,ING-BAWANG-PUTIH,6.0,6.0,estimated,"asumsi TAKARKUY berat bagian termakan per unit 3 g; mengacu ukuran USDA, bukan bobot pasti produk",https://fdc.nal.usda.gov/download-datasets/,https://cookpad.com/id/resep/4472201-ayam-kacang-panjang-saos-hoisin,takarkuy-estimates-2026-10-01-v2
RCP-KAGGLE-4472201,7,3 cm jahe cincang halus,3 cm jahe cincang halus,ING-JAHE,15.0,15.0,estimated,"asumsi TAKARKUY: 1 ruas ≈ 10 g, 1 cm ≈ 5 g",,https://cookpad.com/id/resep/4472201-ayam-kacang-panjang-saos-hoisin,takarkuy-estimates-2026-10-01-v2
RCP-KAGGLE-4472201,8,1 sdm saos hoisin,1 sdm saos hoisin,,,,blocked,bahan/bentuk/komposisi belum dipetakan; tidak dibuang dari perhitungan,,https://cookpad.com/id/resep/4472201-ayam-kacang-panjang-saos-hoisin,takarkuy-estimates-2026-10-01-v2
RCP-KAGGLE-4472201,9,1 sdt kecap asin,1 sdt kecap asin,ING-KECAP-ASIN,5.312,5.312,estimated,"perkiraan sdt; massa khusus bahan, cup ≈ 240 ml",https://fdc.nal.usda.gov/download-datasets/; https://www.kingarthurbaking.com/learn/ingredient-weight-chart,https://cookpad.com/id/resep/4472201-ayam-kacang-panjang-saos-hoisin,takarkuy-estimates-2026-10-01-v2
RCP-KAGGLE-4472201,10,0.5 sdt micin,0.5 sdt micin,,,,blocked,bahan/bentuk/komposisi belum dipetakan; tidak dibuang dari perhitungan,,https://cookpad.com/id/resep/4472201-ayam-kacang-panjang-saos-hoisin,takarkuy-estimates-2026-10-01-v2
RCP-KAGGLE-4472201,11,100 ml air,100 ml air,,,,excluded_utility,air/alat/pembungkus masak di luar gizi dan biaya bahan termakan,,https://cookpad.com/id/resep/4472201-ayam-kacang-panjang-saos-hoisin,takarkuy-estimates-2026-10-01-v2
RCP-KAGGLE-4472201,12,Larutan tapioka,Larutan tapioka,,,,blocked,bahan/bentuk/komposisi belum dipetakan; tidak dibuang dari perhitungan,,https://cookpad.com/id/resep/4472201-ayam-kacang-panjang-saos-hoisin,takarkuy-estimates-2026-10-01-v2
RCP-KAGGLE-4471980,1,500 g daging ayam (potong2),500 g daging ayam (potong2),ING-DAGING-AYAM-BROILER,500.0,500.0,estimated,konversi massa g → g,https://www.nist.gov/pml/owm/metric-si/unit-conversion/approximate-conversions-us-customary-measures-metric,https://cookpad.com/id/resep/4471980-tongseng-ayam,takarkuy-estimates-2026-10-01-v2
RCP-KAGGLE-4471980,2,1250 CC santan dr 1 butir kelapa (pisahkan bagian yg kental),1250 CC santan dr 1 butir kelapa (pisahkan bagian yg kental),ING-SANTAN,1250.0,1250.0,estimated,"perkiraan cc; massa khusus bahan, cup ≈ 240 ml",https://fdc.nal.usda.gov/download-datasets/; https://www.kingarthurbaking.com/learn/ingredient-weight-chart,https://cookpad.com/id/resep/4471980-tongseng-ayam,takarkuy-estimates-2026-10-01-v2
RCP-KAGGLE-4471980,3,3 lembar daun jeruk,3 lembar daun jeruk,ING-DAUN-JERUK,1.5,1.5,estimated,"asumsi TAKARKUY berat bagian termakan per unit 0.5 g; mengacu ukuran USDA, bukan bobot pasti produk",https://fdc.nal.usda.gov/download-datasets/,https://cookpad.com/id/resep/4471980-tongseng-ayam,takarkuy-estimates-2026-10-01-v2
RCP-KAGGLE-4471980,4,3 lembar daun salam,3 lembar daun salam,ING-DAUN-SALAM,1.5,1.5,estimated,"asumsi TAKARKUY berat bagian termakan per unit 0.5 g; mengacu ukuran USDA, bukan bobot pasti produk",https://fdc.nal.usda.gov/download-datasets/,https://cookpad.com/id/resep/4471980-tongseng-ayam,takarkuy-estimates-2026-10-01-v2
RCP-KAGGLE-4471980,5,1 ruas lengkuas (geprek),1 ruas lengkuas (geprek),ING-LENGKUAS,10.0,10.0,estimated,"asumsi TAKARKUY: 1 ruas ≈ 10 g, 1 cm ≈ 5 g",,https://cookpad.com/id/resep/4471980-tongseng-ayam,takarkuy-estimates-2026-10-01-v2
RCP-KAGGLE-4471980,6,1 batang serai (geprek),1 batang serai (geprek),ING-SERAI,20.0,20.0,estimated,"asumsi TAKARKUY berat bagian termakan per unit 20 g; mengacu ukuran USDA, bukan bobot pasti produk",https://fdc.nal.usda.gov/download-datasets/,https://cookpad.com/id/resep/4471980-tongseng-ayam,takarkuy-estimates-2026-10-01-v2
RCP-KAGGLE-4471980,7,20 buah cabe rawit hijau,20 buah cabe rawit hijau,ING-CABAI-RAWIT-MERAH,60.0,60.0,estimated,"asumsi TAKARKUY berat bagian termakan per unit 3 g; mengacu ukuran USDA, bukan bobot pasti produk",https://fdc.nal.usda.gov/download-datasets/,https://cookpad.com/id/resep/4471980-tongseng-ayam,takarkuy-estimates-2026-10-01-v2
RCP-KAGGLE-4471980,8,1 batang daun bawang (potong serong),1 batang daun bawang (potong serong),ING-DAUN-BAWANG,15.0,15.0,estimated,"asumsi TAKARKUY berat bagian termakan per unit 15 g; mengacu ukuran USDA, bukan bobot pasti produk",https://fdc.nal.usda.gov/download-datasets/,https://cookpad.com/id/resep/4471980-tongseng-ayam,takarkuy-estimates-2026-10-01-v2
RCP-KAGGLE-4471980,9,1 buah tomat (potong2),1 buah tomat (potong2),ING-TOMAT,123.0,123.0,estimated,"asumsi TAKARKUY berat bagian termakan per unit 123 g; mengacu ukuran USDA, bukan bobot pasti produk",https://fdc.nal.usda.gov/download-datasets/,https://cookpad.com/id/resep/4471980-tongseng-ayam,takarkuy-estimates-2026-10-01-v2
RCP-KAGGLE-4471980,10,3 sdm kecap manis,3 sdm kecap manis,ING-KECAP-MANIS,58.5,58.5,estimated,"perkiraan sdm; massa khusus bahan, cup ≈ 240 ml",https://fdc.nal.usda.gov/download-datasets/; https://www.kingarthurbaking.com/learn/ingredient-weight-chart,https://cookpad.com/id/resep/4471980-tongseng-ayam,takarkuy-estimates-2026-10-01-v2
RCP-KAGGLE-4471980,11,1 buah kentang ukuran sedang (potong2),1 buah kentang ukuran sedang (potong2),ING-KENTANG,170.0,170.0,estimated,"asumsi TAKARKUY berat bagian termakan per unit 170 g; mengacu ukuran USDA, bukan bobot pasti produk",https://fdc.nal.usda.gov/download-datasets/,https://cookpad.com/id/resep/4471980-tongseng-ayam,takarkuy-estimates-2026-10-01-v2
RCP-KAGGLE-4471980,12,Secukupnya kol (iris2 tebal),Secukupnya kol (iris2 tebal),ING-KUBIS,150,150,estimated,asumsi TAKARKUY untuk batch: 150 g; sumber tidak memberi angka pasti,,https://cookpad.com/id/resep/4471980-tongseng-ayam,takarkuy-estimates-2026-10-01-v2
RCP-KAGGLE-4471980,13.1,"Secukupnya garam,kaldu bubuk, gula pasir (sesuai selera masing2)",secukupnya garam,ING-GARAM,3,3,estimated,"daftar bahan dipecah; takaran per komponen adalah estimasi terpisah, bukan angka bersama; komponen: secukupnya garam; asumsi TAKARKUY untuk batch: 3 g; sumber tidak memberi angka pasti",,https://cookpad.com/id/resep/4471980-tongseng-ayam,takarkuy-estimates-2026-10-01-v2
RCP-KAGGLE-4471980,13.2,"Secukupnya garam,kaldu bubuk, gula pasir (sesuai selera masing2)",kaldu bubuk,ING-KALDU-AYAM-BUBUK,3,3,estimated,"daftar bahan dipecah; takaran per komponen adalah estimasi terpisah, bukan angka bersama; komponen: kaldu bubuk; asumsi TAKARKUY untuk batch: 3 g; sumber tidak memberi angka pasti",,https://cookpad.com/id/resep/4471980-tongseng-ayam,takarkuy-estimates-2026-10-01-v2
RCP-KAGGLE-4471980,13.3,"Secukupnya garam,kaldu bubuk, gula pasir (sesuai selera masing2)",gula pasir,ING-GULA-PASIR-DALAM-NEGERI,8,8,estimated,"daftar bahan dipecah; takaran per komponen adalah estimasi terpisah, bukan angka bersama; komponen: gula pasir; asumsi TAKARKUY untuk batch: 8 g; sumber tidak memberi angka pasti",,https://cookpad.com/id/resep/4471980-tongseng-ayam,takarkuy-estimates-2026-10-01-v2
RCP-KAGGLE-4471980,14,Bawang goreng untuk taburan,Bawang goreng untuk taburan,,,,blocked,bahan/bentuk/komposisi belum dipetakan; tidak dibuang dari perhitungan,,https://cookpad.com/id/resep/4471980-tongseng-ayam,takarkuy-estimates-2026-10-01-v2
RCP-KAGGLE-4471980,15,Secukupnya minyak untuk menumis,Secukupnya minyak untuk menumis,ING-MINYAK-GORENG-CURAH,20,20,estimated,asumsi TAKARKUY untuk batch: 20 g; sumber tidak memberi angka pasti,,https://cookpad.com/id/resep/4471980-tongseng-ayam,takarkuy-estimates-2026-10-01-v2
RCP-KAGGLE-4471980,16,Bumbu halus ;,Bumbu halus ;,,,,section_heading,"judul bagian, bukan bahan",,https://cookpad.com/id/resep/4471980-tongseng-ayam,takarkuy-estimates-2026-10-01-v2
RCP-KAGGLE-4471980,17,8 siung bawang merah,8 siung bawang merah,ING-BAWANG-MERAH,80.0,80.0,estimated,"asumsi TAKARKUY berat bagian termakan per unit 10 g; mengacu ukuran USDA, bukan bobot pasti produk",https://fdc.nal.usda.gov/download-datasets/,https://cookpad.com/id/resep/4471980-tongseng-ayam,takarkuy-estimates-2026-10-01-v2
RCP-KAGGLE-4471980,18,4 siung bawang putih,4 siung bawang putih,ING-BAWANG-PUTIH,12.0,12.0,estimated,"asumsi TAKARKUY berat bagian termakan per unit 3 g; mengacu ukuran USDA, bukan bobot pasti produk",https://fdc.nal.usda.gov/download-datasets/,https://cookpad.com/id/resep/4471980-tongseng-ayam,takarkuy-estimates-2026-10-01-v2
RCP-KAGGLE-4471980,19,1 ruas jahe,1 ruas jahe,ING-JAHE,10.0,10.0,estimated,"asumsi TAKARKUY: 1 ruas ≈ 10 g, 1 cm ≈ 5 g",,https://cookpad.com/id/resep/4471980-tongseng-ayam,takarkuy-estimates-2026-10-01-v2
RCP-KAGGLE-4471980,20,1/2 ruas kunyit,1/2 ruas kunyit,ING-KUNYIT,5.0,5.0,estimated,"asumsi TAKARKUY: 1 ruas ≈ 10 g, 1 cm ≈ 5 g",,https://cookpad.com/id/resep/4471980-tongseng-ayam,takarkuy-estimates-2026-10-01-v2
RCP-KAGGLE-4471980,21,1 sdt ketumbar,1 sdt ketumbar,ING-KETUMBAR-BIJI,1.667,1.667,estimated,"perkiraan sdt; massa khusus bahan, cup ≈ 240 ml",https://fdc.nal.usda.gov/download-datasets/; https://www.kingarthurbaking.com/learn/ingredient-weight-chart,https://cookpad.com/id/resep/4471980-tongseng-ayam,takarkuy-estimates-2026-10-01-v2
RCP-KAGGLE-4471980,22,1/2 sdt merica,1/2 sdt merica,ING-MERICA,1.146,1.146,estimated,"perkiraan sdt; massa khusus bahan, cup ≈ 240 ml",https://fdc.nal.usda.gov/download-datasets/; https://www.kingarthurbaking.com/learn/ingredient-weight-chart,https://cookpad.com/id/resep/4471980-tongseng-ayam,takarkuy-estimates-2026-10-01-v2
RCP-KAGGLE-4471980,23,3 butir kemiri sangrai,3 butir kemiri sangrai,ING-KEMIRI,12.0,12.0,estimated,"asumsi TAKARKUY berat bagian termakan per unit 4 g; mengacu ukuran USDA, bukan bobot pasti produk",https://fdc.nal.usda.gov/download-datasets/,https://cookpad.com/id/resep/4471980-tongseng-ayam,takarkuy-estimates-2026-10-01-v2
RCP-KAGGLE-4471980,24,3 buah cabai merah besar,3 buah cabai merah besar,ING-CABAI-MERAH-KERITING,30.0,30.0,estimated,"asumsi TAKARKUY berat bagian termakan per unit 10 g; mengacu ukuran USDA, bukan bobot pasti produk",https://fdc.nal.usda.gov/download-datasets/,https://cookpad.com/id/resep/4471980-tongseng-ayam,takarkuy-estimates-2026-10-01-v2
RCP-KAGGLE-4472141,1,400 gr dada ayam,400 gr dada ayam,ING-DAGING-AYAM-BROILER,400.0,400.0,estimated,konversi massa gr → g,https://www.nist.gov/pml/owm/metric-si/unit-conversion/approximate-conversions-us-customary-measures-metric,https://cookpad.com/id/resep/4472141-ayam-penyet-sambel-kemangi,takarkuy-estimates-2026-10-01-v2
RCP-KAGGLE-4472141,2,1 ikat daun kemangi,1 ikat daun kemangi,ING-KEMANGI,50.0,50.0,estimated,"asumsi TAKARKUY: ikat ini 50 g, bukan konversi kemasan universal",,https://cookpad.com/id/resep/4472141-ayam-penyet-sambel-kemangi,takarkuy-estimates-2026-10-01-v2
RCP-KAGGLE-4472141,3,1 buah timun uk sedang,1 buah timun uk sedang,ING-MENTIMUN,200.0,200.0,estimated,"asumsi TAKARKUY berat bagian termakan per unit 200 g; mengacu ukuran USDA, bukan bobot pasti produk",https://fdc.nal.usda.gov/download-datasets/,https://cookpad.com/id/resep/4472141-ayam-penyet-sambel-kemangi,takarkuy-estimates-2026-10-01-v2
RCP-KAGGLE-4472141,4,1 bungkus bumbu racik tempe,1 bungkus bumbu racik tempe,,,,blocked,bahan/bentuk/komposisi belum dipetakan; tidak dibuang dari perhitungan,,https://cookpad.com/id/resep/4472141-ayam-penyet-sambel-kemangi,takarkuy-estimates-2026-10-01-v2
RCP-KAGGLE-4472141,5,bahan sambel,bahan sambel,,,,section_heading,"judul bagian, bukan bahan",,https://cookpad.com/id/resep/4472141-ayam-penyet-sambel-kemangi,takarkuy-estimates-2026-10-01-v2
RCP-KAGGLE-4472141,6,10 buah cabe merah,10 buah cabe merah,ING-CABAI-MERAH-KERITING,100.0,100.0,estimated,"asumsi TAKARKUY berat bagian termakan per unit 10 g; mengacu ukuran USDA, bukan bobot pasti produk",https://fdc.nal.usda.gov/download-datasets/,https://cookpad.com/id/resep/4472141-ayam-penyet-sambel-kemangi,takarkuy-estimates-2026-10-01-v2
RCP-KAGGLE-4472141,7,10 buah cabe rawit,10 buah cabe rawit,ING-CABAI-RAWIT-MERAH,30.0,30.0,estimated,"asumsi TAKARKUY berat bagian termakan per unit 3 g; mengacu ukuran USDA, bukan bobot pasti produk",https://fdc.nal.usda.gov/download-datasets/,https://cookpad.com/id/resep/4472141-ayam-penyet-sambel-kemangi,takarkuy-estimates-2026-10-01-v2
RCP-KAGGLE-4472141,8,3 siung bamer,3 siung bamer,ING-BAWANG-MERAH,30.0,30.0,estimated,"asumsi TAKARKUY berat bagian termakan per unit 10 g; mengacu ukuran USDA, bukan bobot pasti produk",https://fdc.nal.usda.gov/download-datasets/,https://cookpad.com/id/resep/4472141-ayam-penyet-sambel-kemangi,takarkuy-estimates-2026-10-01-v2
RCP-KAGGLE-4472141,9,2 siung baput,2 siung baput,ING-BAWANG-PUTIH,6.0,6.0,estimated,"asumsi TAKARKUY berat bagian termakan per unit 3 g; mengacu ukuran USDA, bukan bobot pasti produk",https://fdc.nal.usda.gov/download-datasets/,https://cookpad.com/id/resep/4472141-ayam-penyet-sambel-kemangi,takarkuy-estimates-2026-10-01-v2
RCP-KAGGLE-4472141,10,gula,gula,ING-GULA-PASIR-DALAM-NEGERI,8,8,estimated,asumsi TAKARKUY untuk batch: 8 g; sumber tidak memberi angka pasti,,https://cookpad.com/id/resep/4472141-ayam-penyet-sambel-kemangi,takarkuy-estimates-2026-10-01-v2
RCP-KAGGLE-4472141,11,garam,garam,ING-GARAM,3,3,estimated,asumsi TAKARKUY untuk batch: 3 g; sumber tidak memberi angka pasti,,https://cookpad.com/id/resep/4472141-ayam-penyet-sambel-kemangi,takarkuy-estimates-2026-10-01-v2
RCP-KAGGLE-4472141,12,1/2 buah tomat merah,1/2 buah tomat merah,ING-TOMAT,61.5,61.5,estimated,"asumsi TAKARKUY berat bagian termakan per unit 123 g; mengacu ukuran USDA, bukan bobot pasti produk",https://fdc.nal.usda.gov/download-datasets/,https://cookpad.com/id/resep/4472141-ayam-penyet-sambel-kemangi,takarkuy-estimates-2026-10-01-v2
RCP-KAGGLE-4472141,13,secukupnya terasi,secukupnya terasi,,,,blocked,bahan/bentuk/komposisi belum dipetakan; tidak dibuang dari perhitungan,,https://cookpad.com/id/resep/4472141-ayam-penyet-sambel-kemangi,takarkuy-estimates-2026-10-01-v2
RCP-KAGGLE-4472141,14,secukupnya minyak utk menggoreng,secukupnya minyak utk menggoreng,ING-MINYAK-GORENG-CURAH,20,20,estimated,asumsi TAKARKUY untuk batch: 20 g; sumber tidak memberi angka pasti,,https://cookpad.com/id/resep/4472141-ayam-penyet-sambel-kemangi,takarkuy-estimates-2026-10-01-v2
RCP-KAGGLE-4472141,15,air utk mengungkep ayam,air utk mengungkep ayam,,,,excluded_utility,air/alat/pembungkus masak di luar gizi dan biaya bahan termakan,,https://cookpad.com/id/resep/4472141-ayam-penyet-sambel-kemangi,takarkuy-estimates-2026-10-01-v2
RCP-KAGGLE-4472084,1,250 gram daging ayam giling,250 gram daging ayam giling,ING-DAGING-AYAM-BROILER,250.0,250.0,estimated,konversi massa gram → g,https://www.nist.gov/pml/owm/metric-si/unit-conversion/approximate-conversions-us-customary-measures-metric,https://cookpad.com/id/resep/4472084-nugget-ayam-wortel,takarkuy-estimates-2026-10-01-v2
RCP-KAGGLE-4472084,2,1 buah wortel ukuran sedang,1 buah wortel ukuran sedang,ING-WORTEL,61.0,61.0,estimated,"asumsi TAKARKUY berat bagian termakan per unit 61 g; mengacu ukuran USDA, bukan bobot pasti produk",https://fdc.nal.usda.gov/download-datasets/,https://cookpad.com/id/resep/4472084-nugget-ayam-wortel,takarkuy-estimates-2026-10-01-v2
RCP-KAGGLE-4472084,3,1/2 buah bawang bombay,1/2 buah bawang bombay,ING-BAWANG-BOMBAY,55.0,55.0,estimated,"asumsi TAKARKUY berat bagian termakan per unit 110 g; mengacu ukuran USDA, bukan bobot pasti produk",https://fdc.nal.usda.gov/download-datasets/,https://cookpad.com/id/resep/4472084-nugget-ayam-wortel,takarkuy-estimates-2026-10-01-v2
RCP-KAGGLE-4472084,4,2-3 siung bawang putih,2-3 siung bawang putih,ING-BAWANG-PUTIH,9.0,9.0,estimated,"asumsi TAKARKUY berat bagian termakan per unit 3 g; mengacu ukuran USDA, bukan bobot pasti produk",https://fdc.nal.usda.gov/download-datasets/,https://cookpad.com/id/resep/4472084-nugget-ayam-wortel,takarkuy-estimates-2026-10-01-v2
RCP-KAGGLE-4472084,5,3 batang daun bawang,3 batang daun bawang,ING-DAUN-BAWANG,45.0,45.0,estimated,"asumsi TAKARKUY berat bagian termakan per unit 15 g; mengacu ukuran USDA, bukan bobot pasti produk",https://fdc.nal.usda.gov/download-datasets/,https://cookpad.com/id/resep/4472084-nugget-ayam-wortel,takarkuy-estimates-2026-10-01-v2
RCP-KAGGLE-4472084,6,2 butir telur ayam,2 butir telur ayam,ING-TELUR-AYAM-BROILER,100.0,100.0,estimated,"asumsi TAKARKUY berat bagian termakan per unit 50 g; mengacu ukuran USDA, bukan bobot pasti produk",https://fdc.nal.usda.gov/download-datasets/,https://cookpad.com/id/resep/4472084-nugget-ayam-wortel,takarkuy-estimates-2026-10-01-v2
RCP-KAGGLE-4472084,7,100 gram tepung terigu (kurang lebih),100 gram tepung terigu (kurang lebih),ING-TEPUNG-TERIGU-CURAH,100.0,100.0,estimated,konversi massa gram → g,https://www.nist.gov/pml/owm/metric-si/unit-conversion/approximate-conversions-us-customary-measures-metric,https://cookpad.com/id/resep/4472084-nugget-ayam-wortel,takarkuy-estimates-2026-10-01-v2
RCP-KAGGLE-4472084,8,secukupnya Tepung roti,secukupnya Tepung roti,ING-TEPUNG-PANIR,50,50,estimated,asumsi TAKARKUY untuk batch: 50 g; sumber tidak memberi angka pasti,,https://cookpad.com/id/resep/4472084-nugget-ayam-wortel,takarkuy-estimates-2026-10-01-v2
RCP-KAGGLE-4472084,9,secukupnya Garam,secukupnya Garam,ING-GARAM,3,3,estimated,asumsi TAKARKUY untuk batch: 3 g; sumber tidak memberi angka pasti,,https://cookpad.com/id/resep/4472084-nugget-ayam-wortel,takarkuy-estimates-2026-10-01-v2
RCP-KAGGLE-4472084,10,secukupnya Lada,secukupnya Lada,ING-MERICA,1,1,estimated,asumsi TAKARKUY untuk batch: 1 g; sumber tidak memberi angka pasti,,https://cookpad.com/id/resep/4472084-nugget-ayam-wortel,takarkuy-estimates-2026-10-01-v2
RCP-KAGGLE-4472084,11,secukupnya Penyedap rasa ayam,secukupnya Penyedap rasa ayam,ING-KALDU-AYAM-BUBUK,3,3,estimated,asumsi TAKARKUY untuk batch: 3 g; sumber tidak memberi angka pasti,,https://cookpad.com/id/resep/4472084-nugget-ayam-wortel,takarkuy-estimates-2026-10-01-v2
RCP-KAGGLE-4472084,12,Minyak goreng,Minyak goreng,ING-MINYAK-GORENG-CURAH,20,20,estimated,asumsi TAKARKUY untuk batch: 20 g; sumber tidak memberi angka pasti,,https://cookpad.com/id/resep/4472084-nugget-ayam-wortel,takarkuy-estimates-2026-10-01-v2
RCP-KAGGLE-4471847,1,1/2 kg ayam,1/2 kg ayam,ING-DAGING-AYAM-BROILER,500.0,500.0,estimated,konversi massa kg → g,https://www.nist.gov/pml/owm/metric-si/unit-conversion/approximate-conversions-us-customary-measures-metric,https://cookpad.com/id/resep/4471847-ayam-goreng-pedas-gila-ala-kfc,takarkuy-estimates-2026-10-01-v2
RCP-KAGGLE-4471847,2,3 bungkus tepung bumbu uk 80 g yg pedas (aku pke sajiku),3 bungkus tepung bumbu uk 80 g yg pedas (aku pke sajiku),,,,blocked,bahan/bentuk/komposisi belum dipetakan; tidak dibuang dari perhitungan,,https://cookpad.com/id/resep/4471847-ayam-goreng-pedas-gila-ala-kfc,takarkuy-estimates-2026-10-01-v2
RCP-KAGGLE-4471847,3,Secukupnya air es,Secukupnya air es,,,,excluded_utility,air/alat/pembungkus masak di luar gizi dan biaya bahan termakan,,https://cookpad.com/id/resep/4471847-ayam-goreng-pedas-gila-ala-kfc,takarkuy-estimates-2026-10-01-v2
RCP-KAGGLE-4471847,4,Minyak goreng,Minyak goreng,ING-MINYAK-GORENG-CURAH,20,20,estimated,asumsi TAKARKUY untuk batch: 20 g; sumber tidak memberi angka pasti,,https://cookpad.com/id/resep/4471847-ayam-goreng-pedas-gila-ala-kfc,takarkuy-estimates-2026-10-01-v2
RCP-KAGGLE-4469586,1,500 gr Daging ayam iris memanjang,500 gr Daging ayam iris memanjang,ING-DAGING-AYAM-BROILER,500.0,500.0,estimated,konversi massa gr → g,https://www.nist.gov/pml/owm/metric-si/unit-conversion/approximate-conversions-us-customary-measures-metric,https://cookpad.com/id/resep/4469586-chicken-teriyaki,takarkuy-estimates-2026-10-01-v2
RCP-KAGGLE-4469586,2,"1 bh Bawang bombay, iris memanjang","1 bh Bawang bombay, iris memanjang",ING-BAWANG-BOMBAY,110.0,110.0,estimated,"asumsi TAKARKUY berat bagian termakan per unit 110 g; mengacu ukuran USDA, bukan bobot pasti produk",https://fdc.nal.usda.gov/download-datasets/,https://cookpad.com/id/resep/4469586-chicken-teriyaki,takarkuy-estimates-2026-10-01-v2
RCP-KAGGLE-4469586,3,1/2 sdt Gula,1/2 sdt Gula,ING-GULA-PASIR-DALAM-NEGERI,2.062,2.062,estimated,"perkiraan sdt; massa khusus bahan, cup ≈ 240 ml",https://fdc.nal.usda.gov/download-datasets/; https://www.kingarthurbaking.com/learn/ingredient-weight-chart,https://cookpad.com/id/resep/4469586-chicken-teriyaki,takarkuy-estimates-2026-10-01-v2
RCP-KAGGLE-4469586,4,1/4 sdt Garan,1/4 sdt Garan,ING-GARAM,1.521,1.521,estimated,"perkiraan sdt; massa khusus bahan, cup ≈ 240 ml",https://fdc.nal.usda.gov/download-datasets/; https://www.kingarthurbaking.com/learn/ingredient-weight-chart,https://cookpad.com/id/resep/4469586-chicken-teriyaki,takarkuy-estimates-2026-10-01-v2
RCP-KAGGLE-4469586,5,150 ml Air,150 ml Air,,,,excluded_utility,air/alat/pembungkus masak di luar gizi dan biaya bahan termakan,,https://cookpad.com/id/resep/4469586-chicken-teriyaki,takarkuy-estimates-2026-10-01-v2
RCP-KAGGLE-4469586,6,Minyak untuk menumis,Minyak untuk menumis,ING-MINYAK-GORENG-CURAH,20,20,estimated,asumsi TAKARKUY untuk batch: 20 g; sumber tidak memberi angka pasti,,https://cookpad.com/id/resep/4469586-chicken-teriyaki,takarkuy-estimates-2026-10-01-v2
RCP-KAGGLE-4469586,7,Bumbu perendam :,Bumbu perendam :,,,,section_heading,"judul bagian, bukan bahan",,https://cookpad.com/id/resep/4469586-chicken-teriyaki,takarkuy-estimates-2026-10-01-v2
RCP-KAGGLE-4469586,8,3 sdm Saus teriyaki,3 sdm Saus teriyaki,ING-SAUS-TERIYAKI,54.0,54.0,estimated,"perkiraan sdm; massa khusus bahan, cup ≈ 240 ml",https://fdc.nal.usda.gov/download-datasets/; https://www.kingarthurbaking.com/learn/ingredient-weight-chart,https://cookpad.com/id/resep/4469586-chicken-teriyaki,takarkuy-estimates-2026-10-01-v2
RCP-KAGGLE-4469586,9,2 sdm Saus tiram,2 sdm Saus tiram,ING-SAUS-TIRAM,36.0,36.0,estimated,"perkiraan sdm; massa khusus bahan, cup ≈ 240 ml",https://fdc.nal.usda.gov/download-datasets/; https://www.kingarthurbaking.com/learn/ingredient-weight-chart,https://cookpad.com/id/resep/4469586-chicken-teriyaki,takarkuy-estimates-2026-10-01-v2
RCP-KAGGLE-4469586,10,1 sdm Kecap manis,1 sdm Kecap manis,ING-KECAP-MANIS,19.5,19.5,estimated,"perkiraan sdm; massa khusus bahan, cup ≈ 240 ml",https://fdc.nal.usda.gov/download-datasets/; https://www.kingarthurbaking.com/learn/ingredient-weight-chart,https://cookpad.com/id/resep/4469586-chicken-teriyaki,takarkuy-estimates-2026-10-01-v2
RCP-KAGGLE-4469586,11,1 sdt Minyak wijen,1 sdt Minyak wijen,ING-MINYAK-WIJEN,4.542,4.542,estimated,"perkiraan sdt; massa khusus bahan, cup ≈ 240 ml",https://fdc.nal.usda.gov/download-datasets/; https://www.kingarthurbaking.com/learn/ingredient-weight-chart,https://cookpad.com/id/resep/4469586-chicken-teriyaki,takarkuy-estimates-2026-10-01-v2
RCP-KAGGLE-4469586,12,"3 siung bawang putih, haluskan","3 siung bawang putih, haluskan",ING-BAWANG-PUTIH,9.0,9.0,estimated,"asumsi TAKARKUY berat bagian termakan per unit 3 g; mengacu ukuran USDA, bukan bobot pasti produk",https://fdc.nal.usda.gov/download-datasets/,https://cookpad.com/id/resep/4469586-chicken-teriyaki,takarkuy-estimates-2026-10-01-v2
RCP-KAGGLE-4469586,13,"2 cm Jahe, haluskan","2 cm Jahe, haluskan",ING-JAHE,10.0,10.0,estimated,"asumsi TAKARKUY: 1 ruas ≈ 10 g, 1 cm ≈ 5 g",,https://cookpad.com/id/resep/4469586-chicken-teriyaki,takarkuy-estimates-2026-10-01-v2
RCP-KAGGLE-4469586,14,1/4 sdt Merica,1/4 sdt Merica,ING-MERICA,0.573,0.573,estimated,"perkiraan sdt; massa khusus bahan, cup ≈ 240 ml",https://fdc.nal.usda.gov/download-datasets/; https://www.kingarthurbaking.com/learn/ingredient-weight-chart,https://cookpad.com/id/resep/4469586-chicken-teriyaki,takarkuy-estimates-2026-10-01-v2
RCP-KAGGLE-4469586,15,1/2 sdt Kaldu bubuk,1/2 sdt Kaldu bubuk,ING-KALDU-AYAM-BUBUK,1.333,1.333,estimated,"perkiraan sdt; massa khusus bahan, cup ≈ 240 ml",https://fdc.nal.usda.gov/download-datasets/; https://www.kingarthurbaking.com/learn/ingredient-weight-chart,https://cookpad.com/id/resep/4469586-chicken-teriyaki,takarkuy-estimates-2026-10-01-v2
RCP-KAGGLE-4471776,1,1/2 kg ayam potong2,1/2 kg ayam potong2,ING-DAGING-AYAM-BROILER,500.0,500.0,estimated,konversi massa kg → g,https://www.nist.gov/pml/owm/metric-si/unit-conversion/approximate-conversions-us-customary-measures-metric,https://cookpad.com/id/resep/4471776-ayam-kecap-pedas-jeruk-limao,takarkuy-estimates-2026-10-01-v2
RCP-KAGGLE-4471776,2,2 lbr daun salam,2 lbr daun salam,ING-DAUN-SALAM,1.0,1.0,estimated,"asumsi TAKARKUY berat bagian termakan per unit 0.5 g; mengacu ukuran USDA, bukan bobot pasti produk",https://fdc.nal.usda.gov/download-datasets/,https://cookpad.com/id/resep/4471776-ayam-kecap-pedas-jeruk-limao,takarkuy-estimates-2026-10-01-v2
RCP-KAGGLE-4471776,3,1 ruas jahe geprek,1 ruas jahe geprek,ING-JAHE,10.0,10.0,estimated,"asumsi TAKARKUY: 1 ruas ≈ 10 g, 1 cm ≈ 5 g",,https://cookpad.com/id/resep/4471776-ayam-kecap-pedas-jeruk-limao,takarkuy-estimates-2026-10-01-v2
RCP-KAGGLE-4471776,4,"4 lbr daun jeruk, buang tulangnya","4 lbr daun jeruk, buang tulangnya",ING-DAUN-JERUK,2.0,2.0,estimated,"asumsi TAKARKUY berat bagian termakan per unit 0.5 g; mengacu ukuran USDA, bukan bobot pasti produk",https://fdc.nal.usda.gov/download-datasets/,https://cookpad.com/id/resep/4471776-ayam-kecap-pedas-jeruk-limao,takarkuy-estimates-2026-10-01-v2
RCP-KAGGLE-4471776,5,3 buah jeruk limao,3 buah jeruk limao,,,,blocked,bahan/bentuk/komposisi belum dipetakan; tidak dibuang dari perhitungan,,https://cookpad.com/id/resep/4471776-ayam-kecap-pedas-jeruk-limao,takarkuy-estimates-2026-10-01-v2
RCP-KAGGLE-4471776,6,Secukupnya air perasn jeruk nipis,Secukupnya air perasn jeruk nipis,ING-JERUK-NIPIS,20,20,estimated,asumsi TAKARKUY untuk batch: 20 g; sumber tidak memberi angka pasti,,https://cookpad.com/id/resep/4471776-ayam-kecap-pedas-jeruk-limao,takarkuy-estimates-2026-10-01-v2
RCP-KAGGLE-4471776,7.1,"Secukupnya garam, merica, gula pasir, kaldu bubuk",secukupnya garam,ING-GARAM,3,3,estimated,"daftar bahan dipecah; takaran per komponen adalah estimasi terpisah, bukan angka bersama; komponen: secukupnya garam; asumsi TAKARKUY untuk batch: 3 g; sumber tidak memberi angka pasti",,https://cookpad.com/id/resep/4471776-ayam-kecap-pedas-jeruk-limao,takarkuy-estimates-2026-10-01-v2
RCP-KAGGLE-4471776,7.2,"Secukupnya garam, merica, gula pasir, kaldu bubuk",merica,ING-MERICA,1,1,estimated,"daftar bahan dipecah; takaran per komponen adalah estimasi terpisah, bukan angka bersama; komponen: merica; asumsi TAKARKUY untuk batch: 1 g; sumber tidak memberi angka pasti",,https://cookpad.com/id/resep/4471776-ayam-kecap-pedas-jeruk-limao,takarkuy-estimates-2026-10-01-v2
RCP-KAGGLE-4471776,7.3,"Secukupnya garam, merica, gula pasir, kaldu bubuk",gula pasir,ING-GULA-PASIR-DALAM-NEGERI,8,8,estimated,"daftar bahan dipecah; takaran per komponen adalah estimasi terpisah, bukan angka bersama; komponen: gula pasir; asumsi TAKARKUY untuk batch: 8 g; sumber tidak memberi angka pasti",,https://cookpad.com/id/resep/4471776-ayam-kecap-pedas-jeruk-limao,takarkuy-estimates-2026-10-01-v2
RCP-KAGGLE-4471776,7.4,"Secukupnya garam, merica, gula pasir, kaldu bubuk",kaldu bubuk,ING-KALDU-AYAM-BUBUK,3,3,estimated,"daftar bahan dipecah; takaran per komponen adalah estimasi terpisah, bukan angka bersama; komponen: kaldu bubuk; asumsi TAKARKUY untuk batch: 3 g; sumber tidak memberi angka pasti",,https://cookpad.com/id/resep/4471776-ayam-kecap-pedas-jeruk-limao,takarkuy-estimates-2026-10-01-v2
RCP-KAGGLE-4471776,8,Secukupnya kecap manis,Secukupnya kecap manis,ING-KECAP-MANIS,20,20,estimated,asumsi TAKARKUY untuk batch: 20 g; sumber tidak memberi angka pasti,,https://cookpad.com/id/resep/4471776-ayam-kecap-pedas-jeruk-limao,takarkuy-estimates-2026-10-01-v2
RCP-KAGGLE-4471776,9,250 ml air,250 ml air,,,,excluded_utility,air/alat/pembungkus masak di luar gizi dan biaya bahan termakan,,https://cookpad.com/id/resep/4471776-ayam-kecap-pedas-jeruk-limao,takarkuy-estimates-2026-10-01-v2
RCP-KAGGLE-4471776,10,"1 siung bawang Bombay, iris2","1 siung bawang Bombay, iris2",ING-BAWANG-BOMBAY,110.0,110.0,estimated,"asumsi TAKARKUY berat bagian termakan per unit 110 g; mengacu ukuran USDA, bukan bobot pasti produk",https://fdc.nal.usda.gov/download-datasets/,https://cookpad.com/id/resep/4471776-ayam-kecap-pedas-jeruk-limao,takarkuy-estimates-2026-10-01-v2
RCP-KAGGLE-4471776,11,🌀 Bumbu Halus 🌀,🌀 Bumbu Halus 🌀,,,,section_heading,"judul bagian, bukan bahan",,https://cookpad.com/id/resep/4471776-ayam-kecap-pedas-jeruk-limao,takarkuy-estimates-2026-10-01-v2
RCP-KAGGLE-4471776,12,3 siung bawang putih,3 siung bawang putih,ING-BAWANG-PUTIH,9.0,9.0,estimated,"asumsi TAKARKUY berat bagian termakan per unit 3 g; mengacu ukuran USDA, bukan bobot pasti produk",https://fdc.nal.usda.gov/download-datasets/,https://cookpad.com/id/resep/4471776-ayam-kecap-pedas-jeruk-limao,takarkuy-estimates-2026-10-01-v2
RCP-KAGGLE-4471776,13,5 siung bawang merah,5 siung bawang merah,ING-BAWANG-MERAH,50.0,50.0,estimated,"asumsi TAKARKUY berat bagian termakan per unit 10 g; mengacu ukuran USDA, bukan bobot pasti produk",https://fdc.nal.usda.gov/download-datasets/,https://cookpad.com/id/resep/4471776-ayam-kecap-pedas-jeruk-limao,takarkuy-estimates-2026-10-01-v2
RCP-KAGGLE-4471776,14,10 buah cabe keriting merah,10 buah cabe keriting merah,ING-CABAI-MERAH-KERITING,100.0,100.0,estimated,"asumsi TAKARKUY berat bagian termakan per unit 10 g; mengacu ukuran USDA, bukan bobot pasti produk",https://fdc.nal.usda.gov/download-datasets/,https://cookpad.com/id/resep/4471776-ayam-kecap-pedas-jeruk-limao,takarkuy-estimates-2026-10-01-v2
RCP-KAGGLE-4471776,15,5 buah cabe rawit merah,5 buah cabe rawit merah,ING-CABAI-RAWIT-MERAH,15.0,15.0,estimated,"asumsi TAKARKUY berat bagian termakan per unit 3 g; mengacu ukuran USDA, bukan bobot pasti produk",https://fdc.nal.usda.gov/download-datasets/,https://cookpad.com/id/resep/4471776-ayam-kecap-pedas-jeruk-limao,takarkuy-estimates-2026-10-01-v2
RCP-KAGGLE-4472147,1,1/2 Kg ayam,1/2 Kg ayam,ING-DAGING-AYAM-BROILER,500.0,500.0,estimated,konversi massa kg → g,https://www.nist.gov/pml/owm/metric-si/unit-conversion/approximate-conversions-us-customary-measures-metric,https://cookpad.com/id/resep/4472147-resep-ayam-kecap-rumahan,takarkuy-estimates-2026-10-01-v2
RCP-KAGGLE-4472147,2,Bumbu yg di haluskan :,Bumbu yg di haluskan :,,,,section_heading,"judul bagian, bukan bahan",,https://cookpad.com/id/resep/4472147-resep-ayam-kecap-rumahan,takarkuy-estimates-2026-10-01-v2
RCP-KAGGLE-4472147,3,3 Bawang Putih,3 Bawang Putih,ING-BAWANG-PUTIH,9.0,9.0,estimated,"asumsi TAKARKUY berat bagian termakan per unit 3 g; mengacu ukuran USDA, bukan bobot pasti produk",https://fdc.nal.usda.gov/download-datasets/,https://cookpad.com/id/resep/4472147-resep-ayam-kecap-rumahan,takarkuy-estimates-2026-10-01-v2
RCP-KAGGLE-4472147,4,7 Bawang Merah,7 Bawang Merah,ING-BAWANG-MERAH,70.0,70.0,estimated,"asumsi TAKARKUY berat bagian termakan per unit 10 g; mengacu ukuran USDA, bukan bobot pasti produk",https://fdc.nal.usda.gov/download-datasets/,https://cookpad.com/id/resep/4472147-resep-ayam-kecap-rumahan,takarkuy-estimates-2026-10-01-v2
RCP-KAGGLE-4472147,5.1,sesuai selera Cabe rawit dan cabe merah besar,sesuai selera cabe rawit,ING-CABAI-RAWIT-MERAH,12,12,estimated,"daftar bahan dipecah; takaran per komponen adalah estimasi terpisah, bukan angka bersama; komponen: sesuai selera cabe rawit; asumsi TAKARKUY untuk batch: 12 g; sumber tidak memberi angka pasti",,https://cookpad.com/id/resep/4472147-resep-ayam-kecap-rumahan,takarkuy-estimates-2026-10-01-v2
RCP-KAGGLE-4472147,5.2,sesuai selera Cabe rawit dan cabe merah besar,cabe merah besar,ING-CABAI-MERAH-KERITING,20,20,estimated,"daftar bahan dipecah; takaran per komponen adalah estimasi terpisah, bukan angka bersama; komponen: cabe merah besar; asumsi TAKARKUY untuk batch: 20 g; sumber tidak memberi angka pasti",,https://cookpad.com/id/resep/4472147-resep-ayam-kecap-rumahan,takarkuy-estimates-2026-10-01-v2
RCP-KAGGLE-4472147,6,2 cm Jahe,2 cm Jahe,ING-JAHE,10.0,10.0,estimated,"asumsi TAKARKUY: 1 ruas ≈ 10 g, 1 cm ≈ 5 g",,https://cookpad.com/id/resep/4472147-resep-ayam-kecap-rumahan,takarkuy-estimates-2026-10-01-v2
RCP-KAGGLE-4472147,7.1,secukupnya Lada dan Pala,secukupnya lada,ING-MERICA,1,1,estimated,"daftar bahan dipecah; takaran per komponen adalah estimasi terpisah, bukan angka bersama; komponen: secukupnya lada; asumsi TAKARKUY untuk batch: 1 g; sumber tidak memberi angka pasti",,https://cookpad.com/id/resep/4472147-resep-ayam-kecap-rumahan,takarkuy-estimates-2026-10-01-v2
RCP-KAGGLE-4472147,7.2,secukupnya Lada dan Pala,pala,ING-PALA,1,1,estimated,"daftar bahan dipecah; takaran per komponen adalah estimasi terpisah, bukan angka bersama; komponen: pala; asumsi TAKARKUY untuk batch: 1 g; sumber tidak memberi angka pasti",,https://cookpad.com/id/resep/4472147-resep-ayam-kecap-rumahan,takarkuy-estimates-2026-10-01-v2
RCP-KAGGLE-4472147,8,Lengkuas se jempol kaki😂,Lengkuas se jempol kaki😂,ING-LENGKUAS,10,10,estimated,asumsi TAKARKUY untuk batch: 10 g; sumber tidak memberi angka pasti,,https://cookpad.com/id/resep/4472147-resep-ayam-kecap-rumahan,takarkuy-estimates-2026-10-01-v2
RCP-KAGGLE-4472147,9,4 biji Kemiri,4 biji Kemiri,ING-KEMIRI,16.0,16.0,estimated,"asumsi TAKARKUY berat bagian termakan per unit 4 g; mengacu ukuran USDA, bukan bobot pasti produk",https://fdc.nal.usda.gov/download-datasets/,https://cookpad.com/id/resep/4472147-resep-ayam-kecap-rumahan,takarkuy-estimates-2026-10-01-v2
RCP-KAGGLE-4466395,1,1/2 ayam,1/2 ayam,ING-DAGING-AYAM-BROILER,75.0,75.0,estimated,"asumsi TAKARKUY berat bagian termakan per unit 150 g; mengacu ukuran USDA, bukan bobot pasti produk",https://fdc.nal.usda.gov/download-datasets/,https://cookpad.com/id/resep/4466395-sop-ayam-garang-asam,takarkuy-estimates-2026-10-01-v2
RCP-KAGGLE-4466395,2,3 serai,3 serai,ING-SERAI,60.0,60.0,estimated,"asumsi TAKARKUY berat bagian termakan per unit 20 g; mengacu ukuran USDA, bukan bobot pasti produk",https://fdc.nal.usda.gov/download-datasets/,https://cookpad.com/id/resep/4466395-sop-ayam-garang-asam,takarkuy-estimates-2026-10-01-v2
RCP-KAGGLE-4466395,3,3 cm jahe,3 cm jahe,ING-JAHE,15.0,15.0,estimated,"asumsi TAKARKUY: 1 ruas ≈ 10 g, 1 cm ≈ 5 g",,https://cookpad.com/id/resep/4466395-sop-ayam-garang-asam,takarkuy-estimates-2026-10-01-v2
RCP-KAGGLE-4466395,4,20 cabe rawit merah,20 cabe rawit merah,ING-CABAI-RAWIT-MERAH,60.0,60.0,estimated,"asumsi TAKARKUY berat bagian termakan per unit 3 g; mengacu ukuran USDA, bukan bobot pasti produk",https://fdc.nal.usda.gov/download-datasets/,https://cookpad.com/id/resep/4466395-sop-ayam-garang-asam,takarkuy-estimates-2026-10-01-v2
RCP-KAGGLE-4466395,5,8 bawang putih,8 bawang putih,ING-BAWANG-PUTIH,24.0,24.0,estimated,"asumsi TAKARKUY berat bagian termakan per unit 3 g; mengacu ukuran USDA, bukan bobot pasti produk",https://fdc.nal.usda.gov/download-datasets/,https://cookpad.com/id/resep/4466395-sop-ayam-garang-asam,takarkuy-estimates-2026-10-01-v2
RCP-KAGGLE-4466395,6,4 bawang merah,4 bawang merah,ING-BAWANG-MERAH,40.0,40.0,estimated,"asumsi TAKARKUY berat bagian termakan per unit 10 g; mengacu ukuran USDA, bukan bobot pasti produk",https://fdc.nal.usda.gov/download-datasets/,https://cookpad.com/id/resep/4466395-sop-ayam-garang-asam,takarkuy-estimates-2026-10-01-v2
RCP-KAGGLE-4466395,7,2 tomat hijau,2 tomat hijau,ING-TOMAT,246.0,246.0,estimated,"asumsi TAKARKUY berat bagian termakan per unit 123 g; mengacu ukuran USDA, bukan bobot pasti produk",https://fdc.nal.usda.gov/download-datasets/,https://cookpad.com/id/resep/4466395-sop-ayam-garang-asam,takarkuy-estimates-2026-10-01-v2
RCP-KAGGLE-4466395,8,2 jeruk nipis (boleh lebih),2 jeruk nipis (boleh lebih),ING-JERUK-NIPIS,88.0,88.0,estimated,"asumsi TAKARKUY berat bagian termakan per unit 44 g; mengacu ukuran USDA, bukan bobot pasti produk",https://fdc.nal.usda.gov/download-datasets/,https://cookpad.com/id/resep/4466395-sop-ayam-garang-asam,takarkuy-estimates-2026-10-01-v2
RCP-KAGGLE-4466395,9,4 daun jeruk,4 daun jeruk,ING-DAUN-JERUK,2.0,2.0,estimated,"asumsi TAKARKUY berat bagian termakan per unit 0.5 g; mengacu ukuran USDA, bukan bobot pasti produk",https://fdc.nal.usda.gov/download-datasets/,https://cookpad.com/id/resep/4466395-sop-ayam-garang-asam,takarkuy-estimates-2026-10-01-v2
RCP-KAGGLE-4466395,10,secukupnya daun bawang,secukupnya daun bawang,ING-DAUN-BAWANG,15,15,estimated,asumsi TAKARKUY untuk batch: 15 g; sumber tidak memberi angka pasti,,https://cookpad.com/id/resep/4466395-sop-ayam-garang-asam,takarkuy-estimates-2026-10-01-v2
RCP-KAGGLE-4466395,11,secukupnya garam,secukupnya garam,ING-GARAM,3,3,estimated,asumsi TAKARKUY untuk batch: 3 g; sumber tidak memberi angka pasti,,https://cookpad.com/id/resep/4466395-sop-ayam-garang-asam,takarkuy-estimates-2026-10-01-v2
RCP-KAGGLE-4466395,12,secukupnya penyedap,secukupnya penyedap,ING-KALDU-AYAM-BUBUK,3,3,estimated,asumsi TAKARKUY untuk batch: 3 g; sumber tidak memberi angka pasti,,https://cookpad.com/id/resep/4466395-sop-ayam-garang-asam,takarkuy-estimates-2026-10-01-v2
RCP-KAGGLE-4466395,13,secukupnya air matang,secukupnya air matang,,,,excluded_utility,air/alat/pembungkus masak di luar gizi dan biaya bahan termakan,,https://cookpad.com/id/resep/4466395-sop-ayam-garang-asam,takarkuy-estimates-2026-10-01-v2
RCP-KAGGLE-927515,1,tepung terigu,tepung terigu,ING-TEPUNG-TERIGU-CURAH,100,100,estimated,asumsi TAKARKUY untuk batch: 100 g; sumber tidak memberi angka pasti,,https://cookpad.com/id/resep/927515-ayam-goreng-krutuk,takarkuy-estimates-2026-10-01-v2
RCP-KAGGLE-927515,2,Air matang,Air matang,,,,excluded_utility,air/alat/pembungkus masak di luar gizi dan biaya bahan termakan,,https://cookpad.com/id/resep/927515-ayam-goreng-krutuk,takarkuy-estimates-2026-10-01-v2
RCP-KAGGLE-927515,3,ayam (yg sudah direbus sebelumnya),ayam (yg sudah direbus sebelumnya),,,,blocked,bahan/bentuk/komposisi belum dipetakan; tidak dibuang dari perhitungan,,https://cookpad.com/id/resep/927515-ayam-goreng-krutuk,takarkuy-estimates-2026-10-01-v2
RCP-KAGGLE-927515,4,Garam,Garam,ING-GARAM,3,3,estimated,asumsi TAKARKUY untuk batch: 3 g; sumber tidak memberi angka pasti,,https://cookpad.com/id/resep/927515-ayam-goreng-krutuk,takarkuy-estimates-2026-10-01-v2
RCP-KAGGLE-927515,5,Gula/penyedap,gula,ING-GULA-PASIR-DALAM-NEGERI,8,8,estimated,varian demonstrasi memilih gula dari alternatif sumber; komponen: gula; asumsi TAKARKUY untuk batch: 8 g; sumber tidak memberi angka pasti,,https://cookpad.com/id/resep/927515-ayam-goreng-krutuk,takarkuy-estimates-2026-10-01-v2
RCP-KAGGLE-927515,6,Lada bubuk,Lada bubuk,ING-MERICA,1,1,estimated,asumsi TAKARKUY untuk batch: 1 g; sumber tidak memberi angka pasti,,https://cookpad.com/id/resep/927515-ayam-goreng-krutuk,takarkuy-estimates-2026-10-01-v2
RCP-KAGGLE-927515,7,1 butir telur ayam,1 butir telur ayam,ING-TELUR-AYAM-BROILER,50.0,50.0,estimated,"asumsi TAKARKUY berat bagian termakan per unit 50 g; mengacu ukuran USDA, bukan bobot pasti produk",https://fdc.nal.usda.gov/download-datasets/,https://cookpad.com/id/resep/927515-ayam-goreng-krutuk,takarkuy-estimates-2026-10-01-v2
RCP-KAGGLE-927515,8,Minyak goreng,Minyak goreng,ING-MINYAK-GORENG-CURAH,20,20,estimated,asumsi TAKARKUY untuk batch: 20 g; sumber tidak memberi angka pasti,,https://cookpad.com/id/resep/927515-ayam-goreng-krutuk,takarkuy-estimates-2026-10-01-v2
RCP-KAGGLE-4471637,1,Bumbu ayam panggang ;,Bumbu ayam panggang ;,,,,section_heading,"judul bagian, bukan bahan",,https://cookpad.com/id/resep/4471637-ayam-panggang-saos-kecap,takarkuy-estimates-2026-10-01-v2
RCP-KAGGLE-4471637,2,1 kg ayam potong sesuai selera,1 kg ayam potong sesuai selera,ING-DAGING-AYAM-BROILER,1000.0,1000.0,estimated,konversi massa kg → g,https://www.nist.gov/pml/owm/metric-si/unit-conversion/approximate-conversions-us-customary-measures-metric,https://cookpad.com/id/resep/4471637-ayam-panggang-saos-kecap,takarkuy-estimates-2026-10-01-v2
RCP-KAGGLE-4471637,3,"3 siung bawang merah,ulek halus","3 siung bawang merah,ulek halus",ING-BAWANG-MERAH,30.0,30.0,estimated,"asumsi TAKARKUY berat bagian termakan per unit 10 g; mengacu ukuran USDA, bukan bobot pasti produk",https://fdc.nal.usda.gov/download-datasets/,https://cookpad.com/id/resep/4471637-ayam-panggang-saos-kecap,takarkuy-estimates-2026-10-01-v2
RCP-KAGGLE-4471637,4,"3 siung bawang putih,ulek halus","3 siung bawang putih,ulek halus",ING-BAWANG-PUTIH,9.0,9.0,estimated,"asumsi TAKARKUY berat bagian termakan per unit 3 g; mengacu ukuran USDA, bukan bobot pasti produk",https://fdc.nal.usda.gov/download-datasets/,https://cookpad.com/id/resep/4471637-ayam-panggang-saos-kecap,takarkuy-estimates-2026-10-01-v2
RCP-KAGGLE-4471637,5.1,"Sedikit kunyit,dan garam,ulek halus",sedikit kunyit,ING-KUNYIT,10,10,estimated,"daftar bahan dipecah; takaran per komponen adalah estimasi terpisah, bukan angka bersama; komponen: sedikit kunyit; asumsi TAKARKUY untuk batch: 10 g; sumber tidak memberi angka pasti",,https://cookpad.com/id/resep/4471637-ayam-panggang-saos-kecap,takarkuy-estimates-2026-10-01-v2
RCP-KAGGLE-4471637,5.2,"Sedikit kunyit,dan garam,ulek halus",dan garam,ING-GARAM,3,3,estimated,"daftar bahan dipecah; takaran per komponen adalah estimasi terpisah, bukan angka bersama; komponen: dan garam; asumsi TAKARKUY untuk batch: 3 g; sumber tidak memberi angka pasti",,https://cookpad.com/id/resep/4471637-ayam-panggang-saos-kecap,takarkuy-estimates-2026-10-01-v2
RCP-KAGGLE-4471637,5.3,"Sedikit kunyit,dan garam,ulek halus",ulek halus,,,,excluded_preparation,"daftar bahan dipecah; takaran per komponen adalah estimasi terpisah, bukan angka bersama; komponen: ulek halus; frasa persiapan yang dipisahkan koma, bukan bahan",,https://cookpad.com/id/resep/4471637-ayam-panggang-saos-kecap,takarkuy-estimates-2026-10-01-v2
RCP-KAGGLE-4471637,6,Untuk olesan ayam ;,Untuk olesan ayam ;,ING-DAGING-AYAM-BROILER,300,300,estimated,asumsi TAKARKUY untuk batch: 300 g; sumber tidak memberi angka pasti,,https://cookpad.com/id/resep/4471637-ayam-panggang-saos-kecap,takarkuy-estimates-2026-10-01-v2
RCP-KAGGLE-4471637,7.1,"Kecap manis,saus tomat,sedikit minyak,dicampur",kecap manis,ING-KECAP-MANIS,20,20,estimated,"daftar bahan dipecah; takaran per komponen adalah estimasi terpisah, bukan angka bersama; komponen: kecap manis; asumsi TAKARKUY untuk batch: 20 g; sumber tidak memberi angka pasti",,https://cookpad.com/id/resep/4471637-ayam-panggang-saos-kecap,takarkuy-estimates-2026-10-01-v2
RCP-KAGGLE-4471637,7.2,"Kecap manis,saus tomat,sedikit minyak,dicampur",saus tomat,ING-SAUS-TOMAT,20,20,estimated,"daftar bahan dipecah; takaran per komponen adalah estimasi terpisah, bukan angka bersama; komponen: saus tomat; asumsi TAKARKUY untuk batch: 20 g; sumber tidak memberi angka pasti",,https://cookpad.com/id/resep/4471637-ayam-panggang-saos-kecap,takarkuy-estimates-2026-10-01-v2
RCP-KAGGLE-4471637,7.3,"Kecap manis,saus tomat,sedikit minyak,dicampur",sedikit minyak,ING-MINYAK-GORENG-CURAH,20,20,estimated,"daftar bahan dipecah; takaran per komponen adalah estimasi terpisah, bukan angka bersama; komponen: sedikit minyak; asumsi TAKARKUY untuk batch: 20 g; sumber tidak memberi angka pasti",,https://cookpad.com/id/resep/4471637-ayam-panggang-saos-kecap,takarkuy-estimates-2026-10-01-v2
RCP-KAGGLE-4471637,7.4,"Kecap manis,saus tomat,sedikit minyak,dicampur",dicampur,,,,excluded_preparation,"daftar bahan dipecah; takaran per komponen adalah estimasi terpisah, bukan angka bersama; komponen: dicampur; frasa persiapan yang dipisahkan koma, bukan bahan",,https://cookpad.com/id/resep/4471637-ayam-panggang-saos-kecap,takarkuy-estimates-2026-10-01-v2
RCP-KAGGLE-4471637,8,Saos kecap/cocolan ;,Saos kecap/cocolan ;,,,,section_heading,"judul bagian, bukan bahan",,https://cookpad.com/id/resep/4471637-ayam-panggang-saos-kecap,takarkuy-estimates-2026-10-01-v2
RCP-KAGGLE-4471637,9,sesuai selera Kecap manis,sesuai selera Kecap manis,ING-KECAP-MANIS,20,20,estimated,asumsi TAKARKUY untuk batch: 20 g; sumber tidak memberi angka pasti,,https://cookpad.com/id/resep/4471637-ayam-panggang-saos-kecap,takarkuy-estimates-2026-10-01-v2
RCP-KAGGLE-4471637,10,"5 siung bawang merah,iris melintang agak tebal","5 siung bawang merah,iris melintang agak tebal",ING-BAWANG-MERAH,50.0,50.0,estimated,"asumsi TAKARKUY berat bagian termakan per unit 10 g; mengacu ukuran USDA, bukan bobot pasti produk",https://fdc.nal.usda.gov/download-datasets/,https://cookpad.com/id/resep/4471637-ayam-panggang-saos-kecap,takarkuy-estimates-2026-10-01-v2
RCP-KAGGLE-4471637,11,"3 siung bawang putih,ulek halus","3 siung bawang putih,ulek halus",ING-BAWANG-PUTIH,9.0,9.0,estimated,"asumsi TAKARKUY berat bagian termakan per unit 3 g; mengacu ukuran USDA, bukan bobot pasti produk",https://fdc.nal.usda.gov/download-datasets/,https://cookpad.com/id/resep/4471637-ayam-panggang-saos-kecap,takarkuy-estimates-2026-10-01-v2
RCP-KAGGLE-4471637,12,"5 buah cabe rawit,ulek halus","5 buah cabe rawit,ulek halus",ING-CABAI-RAWIT-MERAH,15.0,15.0,estimated,"asumsi TAKARKUY berat bagian termakan per unit 3 g; mengacu ukuran USDA, bukan bobot pasti produk",https://fdc.nal.usda.gov/download-datasets/,https://cookpad.com/id/resep/4471637-ayam-panggang-saos-kecap,takarkuy-estimates-2026-10-01-v2
RCP-KAGGLE-4471637,13,2 buah tomat potong sesuai selera,2 buah tomat potong sesuai selera,ING-TOMAT,246.0,246.0,estimated,"asumsi TAKARKUY berat bagian termakan per unit 123 g; mengacu ukuran USDA, bukan bobot pasti produk",https://fdc.nal.usda.gov/download-datasets/,https://cookpad.com/id/resep/4471637-ayam-panggang-saos-kecap,takarkuy-estimates-2026-10-01-v2
RCP-KAGGLE-4471637,14,Jeruk nipis (skip),Jeruk nipis (skip),ING-JERUK-NIPIS,20,20,estimated,asumsi TAKARKUY untuk batch: 20 g; sumber tidak memberi angka pasti,,https://cookpad.com/id/resep/4471637-ayam-panggang-saos-kecap,takarkuy-estimates-2026-10-01-v2
RCP-KAGGLE-4471637,15,Arang untuk memanggang ayam,Arang untuk memanggang ayam,ING-DAGING-AYAM-BROILER,300,300,estimated,asumsi TAKARKUY untuk batch: 300 g; sumber tidak memberi angka pasti,,https://cookpad.com/id/resep/4471637-ayam-panggang-saos-kecap,takarkuy-estimates-2026-10-01-v2
RCP-KAGGLE-4471748,1,"1/5 kg ayam (diungkep dulu,lalu digoreng)","1/5 kg ayam (diungkep dulu,lalu digoreng)",ING-DAGING-AYAM-BROILER,200.0,200.0,estimated,konversi massa kg → g,https://www.nist.gov/pml/owm/metric-si/unit-conversion/approximate-conversions-us-customary-measures-metric,https://cookpad.com/id/resep/4471748-soto-ayam-kuah-santan,takarkuy-estimates-2026-10-01-v2
RCP-KAGGLE-4471748,2,2 bungkus santan kara,2 bungkus santan kara,ING-SANTAN,,,blocked,satuan/format belum dipetakan: bungkus santan kara,,https://cookpad.com/id/resep/4471748-soto-ayam-kuah-santan,takarkuy-estimates-2026-10-01-v2
RCP-KAGGLE-4471748,3,2 cm kunyit,2 cm kunyit,ING-KUNYIT,10.0,10.0,estimated,"asumsi TAKARKUY: 1 ruas ≈ 10 g, 1 cm ≈ 5 g",,https://cookpad.com/id/resep/4471748-soto-ayam-kuah-santan,takarkuy-estimates-2026-10-01-v2
RCP-KAGGLE-4471748,4,1 cm jahe,1 cm jahe,ING-JAHE,5.0,5.0,estimated,"asumsi TAKARKUY: 1 ruas ≈ 10 g, 1 cm ≈ 5 g",,https://cookpad.com/id/resep/4471748-soto-ayam-kuah-santan,takarkuy-estimates-2026-10-01-v2
RCP-KAGGLE-4471748,5,secukupnya Lada,secukupnya Lada,ING-MERICA,1,1,estimated,asumsi TAKARKUY untuk batch: 1 g; sumber tidak memberi angka pasti,,https://cookpad.com/id/resep/4471748-soto-ayam-kuah-santan,takarkuy-estimates-2026-10-01-v2
RCP-KAGGLE-4471748,6.1,"secukupnya Daun salam,lengkuas,daun jeruk dan sereh",secukupnya daun salam,ING-DAUN-SALAM,1,1,estimated,"daftar bahan dipecah; takaran per komponen adalah estimasi terpisah, bukan angka bersama; komponen: secukupnya daun salam; asumsi TAKARKUY untuk batch: 1 g; sumber tidak memberi angka pasti",,https://cookpad.com/id/resep/4471748-soto-ayam-kuah-santan,takarkuy-estimates-2026-10-01-v2
RCP-KAGGLE-4471748,6.2,"secukupnya Daun salam,lengkuas,daun jeruk dan sereh",lengkuas,ING-LENGKUAS,10,10,estimated,"daftar bahan dipecah; takaran per komponen adalah estimasi terpisah, bukan angka bersama; komponen: lengkuas; asumsi TAKARKUY untuk batch: 10 g; sumber tidak memberi angka pasti",,https://cookpad.com/id/resep/4471748-soto-ayam-kuah-santan,takarkuy-estimates-2026-10-01-v2
RCP-KAGGLE-4471748,6.3,"secukupnya Daun salam,lengkuas,daun jeruk dan sereh",daun jeruk,ING-DAUN-JERUK,1,1,estimated,"daftar bahan dipecah; takaran per komponen adalah estimasi terpisah, bukan angka bersama; komponen: daun jeruk; asumsi TAKARKUY untuk batch: 1 g; sumber tidak memberi angka pasti",,https://cookpad.com/id/resep/4471748-soto-ayam-kuah-santan,takarkuy-estimates-2026-10-01-v2
RCP-KAGGLE-4471748,6.4,"secukupnya Daun salam,lengkuas,daun jeruk dan sereh",sereh,ING-SERAI,20,20,estimated,"daftar bahan dipecah; takaran per komponen adalah estimasi terpisah, bukan angka bersama; komponen: sereh; asumsi TAKARKUY untuk batch: 20 g; sumber tidak memberi angka pasti",,https://cookpad.com/id/resep/4471748-soto-ayam-kuah-santan,takarkuy-estimates-2026-10-01-v2
RCP-KAGGLE-4471748,7,5 siung bawang merah,5 siung bawang merah,ING-BAWANG-MERAH,50.0,50.0,estimated,"asumsi TAKARKUY berat bagian termakan per unit 10 g; mengacu ukuran USDA, bukan bobot pasti produk",https://fdc.nal.usda.gov/download-datasets/,https://cookpad.com/id/resep/4471748-soto-ayam-kuah-santan,takarkuy-estimates-2026-10-01-v2
RCP-KAGGLE-4471748,8,5 siung bawang putih,5 siung bawang putih,ING-BAWANG-PUTIH,15.0,15.0,estimated,"asumsi TAKARKUY berat bagian termakan per unit 3 g; mengacu ukuran USDA, bukan bobot pasti produk",https://fdc.nal.usda.gov/download-datasets/,https://cookpad.com/id/resep/4471748-soto-ayam-kuah-santan,takarkuy-estimates-2026-10-01-v2
RCP-KAGGLE-4471748,9,"Penyedap : gula,garam royko ayam","Penyedap : gula,garam royko ayam",,,,blocked,bahan/bentuk/komposisi belum dipetakan; tidak dibuang dari perhitungan,,https://cookpad.com/id/resep/4471748-soto-ayam-kuah-santan,takarkuy-estimates-2026-10-01-v2
RCP-KAGGLE-4471748,10,Bahan pelengkap:,Bahan pelengkap:,,,,section_heading,"judul bagian, bukan bahan",,https://cookpad.com/id/resep/4471748-soto-ayam-kuah-santan,takarkuy-estimates-2026-10-01-v2
RCP-KAGGLE-4471748,11,iris Tomat,iris Tomat,ING-TOMAT,150,150,estimated,asumsi TAKARKUY untuk batch: 150 g; sumber tidak memberi angka pasti,,https://cookpad.com/id/resep/4471748-soto-ayam-kuah-santan,takarkuy-estimates-2026-10-01-v2
RCP-KAGGLE-4471748,12.1,Daun bawang dan seledri,daun bawang,ING-DAUN-BAWANG,15,15,estimated,"daftar bahan dipecah; takaran per komponen adalah estimasi terpisah, bukan angka bersama; komponen: daun bawang; asumsi TAKARKUY untuk batch: 15 g; sumber tidak memberi angka pasti",,https://cookpad.com/id/resep/4471748-soto-ayam-kuah-santan,takarkuy-estimates-2026-10-01-v2
RCP-KAGGLE-4471748,12.2,Daun bawang dan seledri,seledri,ING-SELEDRI,15,15,estimated,"daftar bahan dipecah; takaran per komponen adalah estimasi terpisah, bukan angka bersama; komponen: seledri; asumsi TAKARKUY untuk batch: 15 g; sumber tidak memberi angka pasti",,https://cookpad.com/id/resep/4471748-soto-ayam-kuah-santan,takarkuy-estimates-2026-10-01-v2
RCP-KAGGLE-4471748,13,Bihun (rebus dulu),Bihun (rebus dulu),,,,blocked,bahan/bentuk/komposisi belum dipetakan; tidak dibuang dari perhitungan,,https://cookpad.com/id/resep/4471748-soto-ayam-kuah-santan,takarkuy-estimates-2026-10-01-v2
RCP-KAGGLE-4471748,14,Bawang goreng,Bawang goreng,,,,blocked,bahan/bentuk/komposisi belum dipetakan; tidak dibuang dari perhitungan,,https://cookpad.com/id/resep/4471748-soto-ayam-kuah-santan,takarkuy-estimates-2026-10-01-v2
RCP-KAGGLE-4471748,15,Kol di potong tipis,Kol di potong tipis,ING-KUBIS,150,150,estimated,asumsi TAKARKUY untuk batch: 150 g; sumber tidak memberi angka pasti,,https://cookpad.com/id/resep/4471748-soto-ayam-kuah-santan,takarkuy-estimates-2026-10-01-v2
RCP-KAGGLE-4471748,16,Tahu goreng,Tahu goreng,ING-TAHU-PUTIH,200,200,estimated,asumsi TAKARKUY untuk batch: 200 g; sumber tidak memberi angka pasti,,https://cookpad.com/id/resep/4471748-soto-ayam-kuah-santan,takarkuy-estimates-2026-10-01-v2
RCP-KAGGLE-4471748,17,Kerupuk,Kerupuk,,,,blocked,bahan/bentuk/komposisi belum dipetakan; tidak dibuang dari perhitungan,,https://cookpad.com/id/resep/4471748-soto-ayam-kuah-santan,takarkuy-estimates-2026-10-01-v2
RCP-KAGGLE-4471748,18,Bawang goreng,Bawang goreng,,,,blocked,bahan/bentuk/komposisi belum dipetakan; tidak dibuang dari perhitungan,,https://cookpad.com/id/resep/4471748-soto-ayam-kuah-santan,takarkuy-estimates-2026-10-01-v2
RCP-KAGGLE-4471748,19,Jeruk nipis,Jeruk nipis,ING-JERUK-NIPIS,20,20,estimated,asumsi TAKARKUY untuk batch: 20 g; sumber tidak memberi angka pasti,,https://cookpad.com/id/resep/4471748-soto-ayam-kuah-santan,takarkuy-estimates-2026-10-01-v2
RCP-KAGGLE-4471748,20,"Sambal (cabe rawit,bawang putih/merah di rebus dulu, diulek)","Sambal (cabe rawit,bawang putih/merah di rebus dulu, diulek)",,,,blocked,bahan/bentuk/komposisi belum dipetakan; tidak dibuang dari perhitungan,,https://cookpad.com/id/resep/4471748-soto-ayam-kuah-santan,takarkuy-estimates-2026-10-01-v2
RCP-KAGGLE-4471738,1,5 potong ayam,5 potong ayam,ING-DAGING-AYAM-BROILER,750.0,750.0,estimated,"asumsi TAKARKUY berat bagian termakan per unit 150 g; mengacu ukuran USDA, bukan bobot pasti produk",https://fdc.nal.usda.gov/download-datasets/,https://cookpad.com/id/resep/4471738-ayam-goreng-bumbu-kuning,takarkuy-estimates-2026-10-01-v2
RCP-KAGGLE-4471738,2,Secukupnya air,Secukupnya air,,,,excluded_utility,air/alat/pembungkus masak di luar gizi dan biaya bahan termakan,,https://cookpad.com/id/resep/4471738-ayam-goreng-bumbu-kuning,takarkuy-estimates-2026-10-01-v2
RCP-KAGGLE-4471738,3,Secukupnya minyak goreng,Secukupnya minyak goreng,ING-MINYAK-GORENG-CURAH,20,20,estimated,asumsi TAKARKUY untuk batch: 20 g; sumber tidak memberi angka pasti,,https://cookpad.com/id/resep/4471738-ayam-goreng-bumbu-kuning,takarkuy-estimates-2026-10-01-v2
RCP-KAGGLE-4471738,4,🐓 Bumbu Halus 🐓,🐓 Bumbu Halus 🐓,,,,section_heading,"judul bagian, bukan bahan",,https://cookpad.com/id/resep/4471738-ayam-goreng-bumbu-kuning,takarkuy-estimates-2026-10-01-v2
RCP-KAGGLE-4471738,5,1 siung bawang putih,1 siung bawang putih,ING-BAWANG-PUTIH,3.0,3.0,estimated,"asumsi TAKARKUY berat bagian termakan per unit 3 g; mengacu ukuran USDA, bukan bobot pasti produk",https://fdc.nal.usda.gov/download-datasets/,https://cookpad.com/id/resep/4471738-ayam-goreng-bumbu-kuning,takarkuy-estimates-2026-10-01-v2
RCP-KAGGLE-4471738,6,1 ruas jari kunyit,1 ruas jari kunyit,ING-KUNYIT,10.0,10.0,estimated,"asumsi TAKARKUY: 1 ruas ≈ 10 g, 1 cm ≈ 5 g",,https://cookpad.com/id/resep/4471738-ayam-goreng-bumbu-kuning,takarkuy-estimates-2026-10-01-v2
RCP-KAGGLE-4471738,7,1/2 ruas jari jahe,1/2 ruas jari jahe,ING-JAHE,5.0,5.0,estimated,"asumsi TAKARKUY: 1 ruas ≈ 10 g, 1 cm ≈ 5 g",,https://cookpad.com/id/resep/4471738-ayam-goreng-bumbu-kuning,takarkuy-estimates-2026-10-01-v2
RCP-KAGGLE-4471738,8,1/2 sdt ketumbar,1/2 sdt ketumbar,ING-KETUMBAR-BIJI,0.833,0.833,estimated,"perkiraan sdt; massa khusus bahan, cup ≈ 240 ml",https://fdc.nal.usda.gov/download-datasets/; https://www.kingarthurbaking.com/learn/ingredient-weight-chart,https://cookpad.com/id/resep/4471738-ayam-goreng-bumbu-kuning,takarkuy-estimates-2026-10-01-v2
RCP-KAGGLE-4471738,9,Secukupnya garam,Secukupnya garam,ING-GARAM,3,3,estimated,asumsi TAKARKUY untuk batch: 3 g; sumber tidak memberi angka pasti,,https://cookpad.com/id/resep/4471738-ayam-goreng-bumbu-kuning,takarkuy-estimates-2026-10-01-v2
RCP-KAGGLE-4471771,1,1 bungkus mie burung dara,1 bungkus mie burung dara,,,,blocked,bahan/bentuk/komposisi belum dipetakan; tidak dibuang dari perhitungan,,https://cookpad.com/id/resep/4471771-mie-geprek-mie-ayam-geprek,takarkuy-estimates-2026-10-01-v2
RCP-KAGGLE-4471771,2,1 ons dada ayam,1 ons dada ayam,ING-DAGING-AYAM-BROILER,100.0,100.0,estimated,konversi massa ons → g,https://repositori.kemendikdasmen.go.id/19098/1/6.%20%20Matematika_IV%20SD.pdf,https://cookpad.com/id/resep/4471771-mie-geprek-mie-ayam-geprek,takarkuy-estimates-2026-10-01-v2
RCP-KAGGLE-4471771,3,tepung terigu,tepung terigu,ING-TEPUNG-TERIGU-CURAH,100,100,estimated,asumsi TAKARKUY untuk batch: 100 g; sumber tidak memberi angka pasti,,https://cookpad.com/id/resep/4471771-mie-geprek-mie-ayam-geprek,takarkuy-estimates-2026-10-01-v2
RCP-KAGGLE-4471771,4,kubis,kubis,ING-KUBIS,150,150,estimated,asumsi TAKARKUY untuk batch: 150 g; sumber tidak memberi angka pasti,,https://cookpad.com/id/resep/4471771-mie-geprek-mie-ayam-geprek,takarkuy-estimates-2026-10-01-v2
RCP-KAGGLE-4471771,5,bawang putih,bawang putih,ING-BAWANG-PUTIH,12,12,estimated,asumsi TAKARKUY untuk batch: 12 g; sumber tidak memberi angka pasti,,https://cookpad.com/id/resep/4471771-mie-geprek-mie-ayam-geprek,takarkuy-estimates-2026-10-01-v2
RCP-KAGGLE-4471771,6,kecap,kecap,ING-KECAP-MANIS,20,20,estimated,asumsi TAKARKUY untuk batch: 20 g; sumber tidak memberi angka pasti,,https://cookpad.com/id/resep/4471771-mie-geprek-mie-ayam-geprek,takarkuy-estimates-2026-10-01-v2
RCP-KAGGLE-4471771,7,royco sapi,royco sapi,,,,blocked,bahan/bentuk/komposisi belum dipetakan; tidak dibuang dari perhitungan,,https://cookpad.com/id/resep/4471771-mie-geprek-mie-ayam-geprek,takarkuy-estimates-2026-10-01-v2
RCP-KAGGLE-4471771,8,secukupnya garam,secukupnya garam,ING-GARAM,3,3,estimated,asumsi TAKARKUY untuk batch: 3 g; sumber tidak memberi angka pasti,,https://cookpad.com/id/resep/4471771-mie-geprek-mie-ayam-geprek,takarkuy-estimates-2026-10-01-v2
RCP-KAGGLE-4471771,9,ebi,ebi,,,,blocked,bahan/bentuk/komposisi belum dipetakan; tidak dibuang dari perhitungan,,https://cookpad.com/id/resep/4471771-mie-geprek-mie-ayam-geprek,takarkuy-estimates-2026-10-01-v2
RCP-KAGGLE-4471771,10,minyak wijen,minyak wijen,ING-MINYAK-WIJEN,10,10,estimated,asumsi TAKARKUY untuk batch: 10 g; sumber tidak memberi angka pasti,,https://cookpad.com/id/resep/4471771-mie-geprek-mie-ayam-geprek,takarkuy-estimates-2026-10-01-v2
RCP-KAGGLE-4471771,11,saus tiram,saus tiram,ING-SAUS-TIRAM,15,15,estimated,asumsi TAKARKUY untuk batch: 15 g; sumber tidak memberi angka pasti,,https://cookpad.com/id/resep/4471771-mie-geprek-mie-ayam-geprek,takarkuy-estimates-2026-10-01-v2
RCP-KAGGLE-4471771,12,lada bubuk,lada bubuk,ING-MERICA,1,1,estimated,asumsi TAKARKUY untuk batch: 1 g; sumber tidak memberi angka pasti,,https://cookpad.com/id/resep/4471771-mie-geprek-mie-ayam-geprek,takarkuy-estimates-2026-10-01-v2
RCP-KAGGLE-4471771,13,minyak goreng,minyak goreng,ING-MINYAK-GORENG-CURAH,20,20,estimated,asumsi TAKARKUY untuk batch: 20 g; sumber tidak memberi angka pasti,,https://cookpad.com/id/resep/4471771-mie-geprek-mie-ayam-geprek,takarkuy-estimates-2026-10-01-v2
RCP-KAGGLE-4471771,14,air,air,,,,excluded_utility,air/alat/pembungkus masak di luar gizi dan biaya bahan termakan,,https://cookpad.com/id/resep/4471771-mie-geprek-mie-ayam-geprek,takarkuy-estimates-2026-10-01-v2
RCP-KAGGLE-4471771,15,cabe rawit,cabe rawit,ING-CABAI-RAWIT-MERAH,12,12,estimated,asumsi TAKARKUY untuk batch: 12 g; sumber tidak memberi angka pasti,,https://cookpad.com/id/resep/4471771-mie-geprek-mie-ayam-geprek,takarkuy-estimates-2026-10-01-v2
RCP-KAGGLE-4471771,16,bawang merah,bawang merah,ING-BAWANG-MERAH,40,40,estimated,asumsi TAKARKUY untuk batch: 40 g; sumber tidak memberi angka pasti,,https://cookpad.com/id/resep/4471771-mie-geprek-mie-ayam-geprek,takarkuy-estimates-2026-10-01-v2
RCP-KAGGLE-4471802,1,1 bungkus mie burung dara,1 bungkus mie burung dara,,,,blocked,bahan/bentuk/komposisi belum dipetakan; tidak dibuang dari perhitungan,,https://cookpad.com/id/resep/4471802-seblak-mie-tulang-ayam,takarkuy-estimates-2026-10-01-v2
RCP-KAGGLE-4471802,2,1/4 tulang ayam sisa filet (jadi masih ada daging2ny😁),1/4 tulang ayam sisa filet (jadi masih ada daging2ny😁),,,,blocked,bahan/bentuk/komposisi belum dipetakan; tidak dibuang dari perhitungan,,https://cookpad.com/id/resep/4471802-seblak-mie-tulang-ayam,takarkuy-estimates-2026-10-01-v2
RCP-KAGGLE-4471802,3,Sawi hijau,Sawi hijau,ING-SAWI-HIJAU,150,150,estimated,asumsi TAKARKUY untuk batch: 150 g; sumber tidak memberi angka pasti,,https://cookpad.com/id/resep/4471802-seblak-mie-tulang-ayam,takarkuy-estimates-2026-10-01-v2
RCP-KAGGLE-4471802,4,Sawi putih,Sawi putih,,,,blocked,bahan/bentuk/komposisi belum dipetakan; tidak dibuang dari perhitungan,,https://cookpad.com/id/resep/4471802-seblak-mie-tulang-ayam,takarkuy-estimates-2026-10-01-v2
RCP-KAGGLE-4471802,5,Garam,Garam,ING-GARAM,3,3,estimated,asumsi TAKARKUY untuk batch: 3 g; sumber tidak memberi angka pasti,,https://cookpad.com/id/resep/4471802-seblak-mie-tulang-ayam,takarkuy-estimates-2026-10-01-v2
RCP-KAGGLE-4471802,6,Gula,Gula,ING-GULA-PASIR-DALAM-NEGERI,8,8,estimated,asumsi TAKARKUY untuk batch: 8 g; sumber tidak memberi angka pasti,,https://cookpad.com/id/resep/4471802-seblak-mie-tulang-ayam,takarkuy-estimates-2026-10-01-v2
RCP-KAGGLE-4471802,7,Bahan halus :,Bahan halus :,,,,section_heading,"judul bagian, bukan bahan",,https://cookpad.com/id/resep/4471802-seblak-mie-tulang-ayam,takarkuy-estimates-2026-10-01-v2
RCP-KAGGLE-4471802,8,5 siung bawang merah,5 siung bawang merah,ING-BAWANG-MERAH,50.0,50.0,estimated,"asumsi TAKARKUY berat bagian termakan per unit 10 g; mengacu ukuran USDA, bukan bobot pasti produk",https://fdc.nal.usda.gov/download-datasets/,https://cookpad.com/id/resep/4471802-seblak-mie-tulang-ayam,takarkuy-estimates-2026-10-01-v2
RCP-KAGGLE-4471802,9,3 siung bawang putih,3 siung bawang putih,ING-BAWANG-PUTIH,9.0,9.0,estimated,"asumsi TAKARKUY berat bagian termakan per unit 3 g; mengacu ukuran USDA, bukan bobot pasti produk",https://fdc.nal.usda.gov/download-datasets/,https://cookpad.com/id/resep/4471802-seblak-mie-tulang-ayam,takarkuy-estimates-2026-10-01-v2
RCP-KAGGLE-4471802,10,3 buah cabe keritinh,3 buah cabe keritinh,ING-CABAI-MERAH-KERITING,30.0,30.0,estimated,"asumsi TAKARKUY berat bagian termakan per unit 10 g; mengacu ukuran USDA, bukan bobot pasti produk",https://fdc.nal.usda.gov/download-datasets/,https://cookpad.com/id/resep/4471802-seblak-mie-tulang-ayam,takarkuy-estimates-2026-10-01-v2
RCP-KAGGLE-4471802,11,15 buah cabe rawit (sesuai selera),15 buah cabe rawit (sesuai selera),ING-CABAI-RAWIT-MERAH,45.0,45.0,estimated,"asumsi TAKARKUY berat bagian termakan per unit 3 g; mengacu ukuran USDA, bukan bobot pasti produk",https://fdc.nal.usda.gov/download-datasets/,https://cookpad.com/id/resep/4471802-seblak-mie-tulang-ayam,takarkuy-estimates-2026-10-01-v2
RCP-KAGGLE-4471802,12,1 ruas jari kencur,1 ruas jari kencur,,,,blocked,bahan/bentuk/komposisi belum dipetakan; tidak dibuang dari perhitungan,,https://cookpad.com/id/resep/4471802-seblak-mie-tulang-ayam,takarkuy-estimates-2026-10-01-v2
RCP-KAGGLE-4460035,1,🐔 Bahan Utama:,🐔 Bahan Utama:,,,,section_heading,"judul bagian, bukan bahan",,https://cookpad.com/id/resep/4460035-sweet-buffalo-chicken-%F0%9F%90%94,takarkuy-estimates-2026-10-01-v2
RCP-KAGGLE-4460035,2,1 kg Paha ayam (10 potong),1 kg Paha ayam (10 potong),ING-DAGING-AYAM-BROILER,1000.0,1000.0,estimated,konversi massa kg → g,https://www.nist.gov/pml/owm/metric-si/unit-conversion/approximate-conversions-us-customary-measures-metric,https://cookpad.com/id/resep/4460035-sweet-buffalo-chicken-%F0%9F%90%94,takarkuy-estimates-2026-10-01-v2
RCP-KAGGLE-4460035,3,🐔 Bumbu Pelapis Ayam :,🐔 Bumbu Pelapis Ayam :,ING-DAGING-AYAM-BROILER,300,300,estimated,asumsi TAKARKUY untuk batch: 300 g; sumber tidak memberi angka pasti,,https://cookpad.com/id/resep/4460035-sweet-buffalo-chicken-%F0%9F%90%94,takarkuy-estimates-2026-10-01-v2
RCP-KAGGLE-4460035,4,Secukupnya Garam,Secukupnya Garam,ING-GARAM,3,3,estimated,asumsi TAKARKUY untuk batch: 3 g; sumber tidak memberi angka pasti,,https://cookpad.com/id/resep/4460035-sweet-buffalo-chicken-%F0%9F%90%94,takarkuy-estimates-2026-10-01-v2
RCP-KAGGLE-4460035,5,1 sdt Lada hitam bubuk,1 sdt Lada hitam bubuk,ING-MERICA,2.292,2.292,estimated,"perkiraan sdt; massa khusus bahan, cup ≈ 240 ml",https://fdc.nal.usda.gov/download-datasets/; https://www.kingarthurbaking.com/learn/ingredient-weight-chart,https://cookpad.com/id/resep/4460035-sweet-buffalo-chicken-%F0%9F%90%94,takarkuy-estimates-2026-10-01-v2
RCP-KAGGLE-4460035,6,1 sdt Paprika bubuk,1 sdt Paprika bubuk,ING-PAPRIKA-BUBUK,2.271,2.271,estimated,"perkiraan sdt; massa khusus bahan, cup ≈ 240 ml",https://fdc.nal.usda.gov/download-datasets/; https://www.kingarthurbaking.com/learn/ingredient-weight-chart,https://cookpad.com/id/resep/4460035-sweet-buffalo-chicken-%F0%9F%90%94,takarkuy-estimates-2026-10-01-v2
RCP-KAGGLE-4460035,7,2 sdm Tepung terigu,2 sdm Tepung terigu,ING-TEPUNG-TERIGU-CURAH,15.0,15.0,estimated,"perkiraan sdm; massa khusus bahan, cup ≈ 240 ml",https://fdc.nal.usda.gov/download-datasets/; https://www.kingarthurbaking.com/learn/ingredient-weight-chart,https://cookpad.com/id/resep/4460035-sweet-buffalo-chicken-%F0%9F%90%94,takarkuy-estimates-2026-10-01-v2
RCP-KAGGLE-4460035,8,🐔 Bumbu Saus:,🐔 Bumbu Saus:,,,,section_heading,"judul bagian, bukan bahan",,https://cookpad.com/id/resep/4460035-sweet-buffalo-chicken-%F0%9F%90%94,takarkuy-estimates-2026-10-01-v2
RCP-KAGGLE-4460035,9,6 sdm Margarin unsalted,6 sdm Margarin unsalted,ING-MARGARIN,85.125,85.125,estimated,"perkiraan sdm; massa khusus bahan, cup ≈ 240 ml",https://fdc.nal.usda.gov/download-datasets/; https://www.kingarthurbaking.com/learn/ingredient-weight-chart,https://cookpad.com/id/resep/4460035-sweet-buffalo-chicken-%F0%9F%90%94,takarkuy-estimates-2026-10-01-v2
RCP-KAGGLE-4460035,10,2 sdt Bawang putih bubuk,2 sdt Bawang putih bubuk,ING-BAWANG-PUTIH,5.667,5.667,estimated,"perkiraan sdt; massa khusus bahan, cup ≈ 240 ml",https://fdc.nal.usda.gov/download-datasets/; https://www.kingarthurbaking.com/learn/ingredient-weight-chart,https://cookpad.com/id/resep/4460035-sweet-buffalo-chicken-%F0%9F%90%94,takarkuy-estimates-2026-10-01-v2
RCP-KAGGLE-4460035,11,4 sdm Gula merah bubuk,4 sdm Gula merah bubuk,ING-GULA-MERAH,55.0,55.0,estimated,"perkiraan sdm; massa khusus bahan, cup ≈ 240 ml",https://fdc.nal.usda.gov/download-datasets/; https://www.kingarthurbaking.com/learn/ingredient-weight-chart,https://cookpad.com/id/resep/4460035-sweet-buffalo-chicken-%F0%9F%90%94,takarkuy-estimates-2026-10-01-v2
RCP-KAGGLE-4460035,12,4 sdm Saus tomat,4 sdm Saus tomat,ING-SAUS-TOMAT,68.0,68.0,estimated,"perkiraan sdm; massa khusus bahan, cup ≈ 240 ml",https://fdc.nal.usda.gov/download-datasets/; https://www.kingarthurbaking.com/learn/ingredient-weight-chart,https://cookpad.com/id/resep/4460035-sweet-buffalo-chicken-%F0%9F%90%94,takarkuy-estimates-2026-10-01-v2
RCP-KAGGLE-4460035,13,4 sdm Saus sambal,4 sdm Saus sambal,,,,blocked,bahan/bentuk/komposisi belum dipetakan; tidak dibuang dari perhitungan,,https://cookpad.com/id/resep/4460035-sweet-buffalo-chicken-%F0%9F%90%94,takarkuy-estimates-2026-10-01-v2
RCP-KAGGLE-4460035,14,secukupnya Garam,secukupnya Garam,ING-GARAM,3,3,estimated,asumsi TAKARKUY untuk batch: 3 g; sumber tidak memberi angka pasti,,https://cookpad.com/id/resep/4460035-sweet-buffalo-chicken-%F0%9F%90%94,takarkuy-estimates-2026-10-01-v2
RCP-KAGGLE-4460035,15,Secukupnya Wijen,Secukupnya Wijen,ING-WIJEN,10,10,estimated,asumsi TAKARKUY untuk batch: 10 g; sumber tidak memberi angka pasti,,https://cookpad.com/id/resep/4460035-sweet-buffalo-chicken-%F0%9F%90%94,takarkuy-estimates-2026-10-01-v2
RCP-KAGGLE-4471498,1,1/2 ekor ayam,1/2 ekor ayam,ING-DAGING-AYAM-BROILER,300.0,500.0,estimated,"asumsi 1 ekor 1000 g × 60% daging termakan; belanja memakai berat utuh, gizi memakai daging",,https://cookpad.com/id/resep/4471498-ayam-garang-asem,takarkuy-estimates-2026-10-01-v2
RCP-KAGGLE-4471498,2,Secukupnya daun pisang,Secukupnya daun pisang,,,,excluded_utility,air/alat/pembungkus masak di luar gizi dan biaya bahan termakan,,https://cookpad.com/id/resep/4471498-ayam-garang-asem,takarkuy-estimates-2026-10-01-v2
RCP-KAGGLE-4471498,3,1 santan kara kecil,1 santan kara kecil,ING-SANTAN,,,blocked,satuan/format belum dipetakan: santan kara kecil,,https://cookpad.com/id/resep/4471498-ayam-garang-asem,takarkuy-estimates-2026-10-01-v2
RCP-KAGGLE-4471498,4,1 jeruk nipis,1 jeruk nipis,ING-JERUK-NIPIS,44.0,44.0,estimated,"asumsi TAKARKUY berat bagian termakan per unit 44 g; mengacu ukuran USDA, bukan bobot pasti produk",https://fdc.nal.usda.gov/download-datasets/,https://cookpad.com/id/resep/4471498-ayam-garang-asem,takarkuy-estimates-2026-10-01-v2
RCP-KAGGLE-4471498,5,👉bumbu rajang,👉bumbu rajang,,,,section_heading,"judul bagian, bukan bahan",,https://cookpad.com/id/resep/4471498-ayam-garang-asem,takarkuy-estimates-2026-10-01-v2
RCP-KAGGLE-4471498,6,5 cabai rawit,5 cabai rawit,ING-CABAI-RAWIT-MERAH,15.0,15.0,estimated,"asumsi TAKARKUY berat bagian termakan per unit 3 g; mengacu ukuran USDA, bukan bobot pasti produk",https://fdc.nal.usda.gov/download-datasets/,https://cookpad.com/id/resep/4471498-ayam-garang-asem,takarkuy-estimates-2026-10-01-v2
RCP-KAGGLE-4471498,7,5 cabai merah,5 cabai merah,ING-CABAI-MERAH-KERITING,50.0,50.0,estimated,"asumsi TAKARKUY berat bagian termakan per unit 10 g; mengacu ukuran USDA, bukan bobot pasti produk",https://fdc.nal.usda.gov/download-datasets/,https://cookpad.com/id/resep/4471498-ayam-garang-asem,takarkuy-estimates-2026-10-01-v2
RCP-KAGGLE-4471498,8,4 tomat hijau kecil,4 tomat hijau kecil,ING-TOMAT,492.0,492.0,estimated,"asumsi TAKARKUY berat bagian termakan per unit 123 g; mengacu ukuran USDA, bukan bobot pasti produk",https://fdc.nal.usda.gov/download-datasets/,https://cookpad.com/id/resep/4471498-ayam-garang-asem,takarkuy-estimates-2026-10-01-v2
RCP-KAGGLE-4471498,9,6 bawang merah,6 bawang merah,ING-BAWANG-MERAH,60.0,60.0,estimated,"asumsi TAKARKUY berat bagian termakan per unit 10 g; mengacu ukuran USDA, bukan bobot pasti produk",https://fdc.nal.usda.gov/download-datasets/,https://cookpad.com/id/resep/4471498-ayam-garang-asem,takarkuy-estimates-2026-10-01-v2
RCP-KAGGLE-4471498,10,4 bawanh putih,4 bawanh putih,ING-BAWANG-PUTIH,12.0,12.0,estimated,"asumsi TAKARKUY berat bagian termakan per unit 3 g; mengacu ukuran USDA, bukan bobot pasti produk",https://fdc.nal.usda.gov/download-datasets/,https://cookpad.com/id/resep/4471498-ayam-garang-asem,takarkuy-estimates-2026-10-01-v2
RCP-KAGGLE-4471498,11,👉tambahan,👉tambahan,,,,section_heading,"judul bagian, bukan bahan",,https://cookpad.com/id/resep/4471498-ayam-garang-asem,takarkuy-estimates-2026-10-01-v2
RCP-KAGGLE-4471498,12,1 ruas laos,1 ruas laos,ING-LENGKUAS,10.0,10.0,estimated,"asumsi TAKARKUY: 1 ruas ≈ 10 g, 1 cm ≈ 5 g",,https://cookpad.com/id/resep/4471498-ayam-garang-asem,takarkuy-estimates-2026-10-01-v2
RCP-KAGGLE-4471498,13,2 ruas jahe,2 ruas jahe,ING-JAHE,20.0,20.0,estimated,"asumsi TAKARKUY: 1 ruas ≈ 10 g, 1 cm ≈ 5 g",,https://cookpad.com/id/resep/4471498-ayam-garang-asem,takarkuy-estimates-2026-10-01-v2
RCP-KAGGLE-4471498,14,4 daun jeruk,4 daun jeruk,ING-DAUN-JERUK,2.0,2.0,estimated,"asumsi TAKARKUY berat bagian termakan per unit 0.5 g; mengacu ukuran USDA, bukan bobot pasti produk",https://fdc.nal.usda.gov/download-datasets/,https://cookpad.com/id/resep/4471498-ayam-garang-asem,takarkuy-estimates-2026-10-01-v2
RCP-KAGGLE-4471498,15,2 daun salam,2 daun salam,ING-DAUN-SALAM,1.0,1.0,estimated,"asumsi TAKARKUY berat bagian termakan per unit 0.5 g; mengacu ukuran USDA, bukan bobot pasti produk",https://fdc.nal.usda.gov/download-datasets/,https://cookpad.com/id/resep/4471498-ayam-garang-asem,takarkuy-estimates-2026-10-01-v2
RCP-KAGGLE-4471498,16,2 batang serai,2 batang serai,ING-SERAI,40.0,40.0,estimated,"asumsi TAKARKUY berat bagian termakan per unit 20 g; mengacu ukuran USDA, bukan bobot pasti produk",https://fdc.nal.usda.gov/download-datasets/,https://cookpad.com/id/resep/4471498-ayam-garang-asem,takarkuy-estimates-2026-10-01-v2
RCP-KAGGLE-4471498,17,👉garam gulpas air minyak goreng,👉garam gulpas air minyak goreng,,,,blocked,bahan/bentuk/komposisi belum dipetakan; tidak dibuang dari perhitungan,,https://cookpad.com/id/resep/4471498-ayam-garang-asem,takarkuy-estimates-2026-10-01-v2
RCP-KAGGLE-4471625,1,Fillet dada ayam khas dalam,Fillet dada ayam khas dalam,ING-DAGING-AYAM-BROILER,300,300,estimated,asumsi TAKARKUY untuk batch: 300 g; sumber tidak memberi angka pasti,,https://cookpad.com/id/resep/4471625-ayam-geprek,takarkuy-estimates-2026-10-01-v2
RCP-KAGGLE-4471625,2,Tepung bumbu kriuk,Tepung bumbu kriuk,,,,blocked,bahan/bentuk/komposisi belum dipetakan; tidak dibuang dari perhitungan,,https://cookpad.com/id/resep/4471625-ayam-geprek,takarkuy-estimates-2026-10-01-v2
RCP-KAGGLE-4471625,3,Baham Sambal:,Baham Sambal:,,,,section_heading,"judul bagian, bukan bahan",,https://cookpad.com/id/resep/4471625-ayam-geprek,takarkuy-estimates-2026-10-01-v2
RCP-KAGGLE-4471625,4,7 buah rawit merah,7 buah rawit merah,ING-CABAI-RAWIT-MERAH,21.0,21.0,estimated,"asumsi TAKARKUY berat bagian termakan per unit 3 g; mengacu ukuran USDA, bukan bobot pasti produk",https://fdc.nal.usda.gov/download-datasets/,https://cookpad.com/id/resep/4471625-ayam-geprek,takarkuy-estimates-2026-10-01-v2
RCP-KAGGLE-4471625,5,10 buah cabai merah keriting,10 buah cabai merah keriting,ING-CABAI-MERAH-KERITING,100.0,100.0,estimated,"asumsi TAKARKUY berat bagian termakan per unit 10 g; mengacu ukuran USDA, bukan bobot pasti produk",https://fdc.nal.usda.gov/download-datasets/,https://cookpad.com/id/resep/4471625-ayam-geprek,takarkuy-estimates-2026-10-01-v2
RCP-KAGGLE-4471625,6,5 siung bawang putih,5 siung bawang putih,ING-BAWANG-PUTIH,15.0,15.0,estimated,"asumsi TAKARKUY berat bagian termakan per unit 3 g; mengacu ukuran USDA, bukan bobot pasti produk",https://fdc.nal.usda.gov/download-datasets/,https://cookpad.com/id/resep/4471625-ayam-geprek,takarkuy-estimates-2026-10-01-v2
RCP-KAGGLE-4471625,7,secukupnya garam,secukupnya garam,ING-GARAM,3,3,estimated,asumsi TAKARKUY untuk batch: 3 g; sumber tidak memberi angka pasti,,https://cookpad.com/id/resep/4471625-ayam-geprek,takarkuy-estimates-2026-10-01-v2
RCP-KAGGLE-4471625,8,secukupnya kaldu jamur,secukupnya kaldu jamur,,,,blocked,bahan/bentuk/komposisi belum dipetakan; tidak dibuang dari perhitungan,,https://cookpad.com/id/resep/4471625-ayam-geprek,takarkuy-estimates-2026-10-01-v2
RCP-KAGGLE-4471418,1,Bahan,Bahan,,,,section_heading,"judul bagian, bukan bahan",,https://cookpad.com/id/resep/4471418-ayam-asam-manis-rumahan-citarasa-resto,takarkuy-estimates-2026-10-01-v2
RCP-KAGGLE-4471418,2,"250 gram dada ayam, potong dadu","250 gram dada ayam, potong dadu",ING-DAGING-AYAM-BROILER,250.0,250.0,estimated,konversi massa gram → g,https://www.nist.gov/pml/owm/metric-si/unit-conversion/approximate-conversions-us-customary-measures-metric,https://cookpad.com/id/resep/4471418-ayam-asam-manis-rumahan-citarasa-resto,takarkuy-estimates-2026-10-01-v2
RCP-KAGGLE-4471418,3,1 buah paprika merah/hijau,1 buah paprika merah,ING-PAPRIKA-MERAH,119.0,119.0,estimated,"varian demonstrasi memilih paprika merah dari alternatif sumber; komponen: 1 buah paprika merah; asumsi TAKARKUY berat bagian termakan per unit 119 g; mengacu ukuran USDA, bukan bobot pasti produk",https://fdc.nal.usda.gov/download-datasets/,https://cookpad.com/id/resep/4471418-ayam-asam-manis-rumahan-citarasa-resto,takarkuy-estimates-2026-10-01-v2
RCP-KAGGLE-4471418,4,"Sedikit nanas, potong dadu","Sedikit nanas, potong dadu",,,,blocked,bahan/bentuk/komposisi belum dipetakan; tidak dibuang dari perhitungan,,https://cookpad.com/id/resep/4471418-ayam-asam-manis-rumahan-citarasa-resto,takarkuy-estimates-2026-10-01-v2
RCP-KAGGLE-4471418,5,1 bawang bombay,1 bawang bombay,ING-BAWANG-BOMBAY,110.0,110.0,estimated,"asumsi TAKARKUY berat bagian termakan per unit 110 g; mengacu ukuran USDA, bukan bobot pasti produk",https://fdc.nal.usda.gov/download-datasets/,https://cookpad.com/id/resep/4471418-ayam-asam-manis-rumahan-citarasa-resto,takarkuy-estimates-2026-10-01-v2
RCP-KAGGLE-4471418,6,"2 siung bawang putih, geprek","2 siung bawang putih, geprek",ING-BAWANG-PUTIH,6.0,6.0,estimated,"asumsi TAKARKUY berat bagian termakan per unit 3 g; mengacu ukuran USDA, bukan bobot pasti produk",https://fdc.nal.usda.gov/download-datasets/,https://cookpad.com/id/resep/4471418-ayam-asam-manis-rumahan-citarasa-resto,takarkuy-estimates-2026-10-01-v2
RCP-KAGGLE-4471418,7,1 sdm minyak bawang utk menumis,1 sdm minyak bawang utk menumis,ING-MINYAK-GORENG-CURAH,13.625,13.625,estimated,"perkiraan sdm; massa khusus bahan, cup ≈ 240 ml",https://fdc.nal.usda.gov/download-datasets/; https://www.kingarthurbaking.com/learn/ingredient-weight-chart,https://cookpad.com/id/resep/4471418-ayam-asam-manis-rumahan-citarasa-resto,takarkuy-estimates-2026-10-01-v2
RCP-KAGGLE-4471418,8,"Air dan tepung sagu, perbandingan 2:1","Air dan tepung sagu, perbandingan 2:1",,,,excluded_utility,air/alat/pembungkus masak di luar gizi dan biaya bahan termakan,,https://cookpad.com/id/resep/4471418-ayam-asam-manis-rumahan-citarasa-resto,takarkuy-estimates-2026-10-01-v2
RCP-KAGGLE-4471418,9,Saos asam manis:,Saos asam manis:,,,,blocked,bahan/bentuk/komposisi belum dipetakan; tidak dibuang dari perhitungan,,https://cookpad.com/id/resep/4471418-ayam-asam-manis-rumahan-citarasa-resto,takarkuy-estimates-2026-10-01-v2
RCP-KAGGLE-4471418,10,4 sdm saos tomat,4 sdm saos tomat,ING-SAUS-TOMAT,68.0,68.0,estimated,"perkiraan sdm; massa khusus bahan, cup ≈ 240 ml",https://fdc.nal.usda.gov/download-datasets/; https://www.kingarthurbaking.com/learn/ingredient-weight-chart,https://cookpad.com/id/resep/4471418-ayam-asam-manis-rumahan-citarasa-resto,takarkuy-estimates-2026-10-01-v2
RCP-KAGGLE-4471418,11,1 sdm saos sambal,1 sdm saos sambal,,,,blocked,bahan/bentuk/komposisi belum dipetakan; tidak dibuang dari perhitungan,,https://cookpad.com/id/resep/4471418-ayam-asam-manis-rumahan-citarasa-resto,takarkuy-estimates-2026-10-01-v2
RCP-KAGGLE-4471418,12,1/2 sdt saos lea perrins,1/2 sdt saos lea perrins,,,,blocked,bahan/bentuk/komposisi belum dipetakan; tidak dibuang dari perhitungan,,https://cookpad.com/id/resep/4471418-ayam-asam-manis-rumahan-citarasa-resto,takarkuy-estimates-2026-10-01-v2
RCP-KAGGLE-4471418,13,3 sdm gula pasir,3 sdm gula pasir,ING-GULA-PASIR-DALAM-NEGERI,37.125,37.125,estimated,"perkiraan sdm; massa khusus bahan, cup ≈ 240 ml",https://fdc.nal.usda.gov/download-datasets/; https://www.kingarthurbaking.com/learn/ingredient-weight-chart,https://cookpad.com/id/resep/4471418-ayam-asam-manis-rumahan-citarasa-resto,takarkuy-estimates-2026-10-01-v2
RCP-KAGGLE-4471418,14,1 sdt kaldu ayam,1 sdt kaldu ayam,,,,blocked,bahan/bentuk/komposisi belum dipetakan; tidak dibuang dari perhitungan,,https://cookpad.com/id/resep/4471418-ayam-asam-manis-rumahan-citarasa-resto,takarkuy-estimates-2026-10-01-v2
RCP-KAGGLE-4471418,15,secukupnya garam,secukupnya garam,ING-GARAM,3,3,estimated,asumsi TAKARKUY untuk batch: 3 g; sumber tidak memberi angka pasti,,https://cookpad.com/id/resep/4471418-ayam-asam-manis-rumahan-citarasa-resto,takarkuy-estimates-2026-10-01-v2
RCP-KAGGLE-4471418,16,3 sdm kecap Inggris,3 sdm kecap Inggris,,,,blocked,bahan/bentuk/komposisi belum dipetakan; tidak dibuang dari perhitungan,,https://cookpad.com/id/resep/4471418-ayam-asam-manis-rumahan-citarasa-resto,takarkuy-estimates-2026-10-01-v2
RCP-KAGGLE-4471418,17,1 sdt minyak wijen,1 sdt minyak wijen,ING-MINYAK-WIJEN,4.542,4.542,estimated,"perkiraan sdt; massa khusus bahan, cup ≈ 240 ml",https://fdc.nal.usda.gov/download-datasets/; https://www.kingarthurbaking.com/learn/ingredient-weight-chart,https://cookpad.com/id/resep/4471418-ayam-asam-manis-rumahan-citarasa-resto,takarkuy-estimates-2026-10-01-v2
RCP-KAGGLE-4471418,18,1 sdm maggie seasoning,1 sdm maggie seasoning,,,,blocked,bahan/bentuk/komposisi belum dipetakan; tidak dibuang dari perhitungan,,https://cookpad.com/id/resep/4471418-ayam-asam-manis-rumahan-citarasa-resto,takarkuy-estimates-2026-10-01-v2
RCP-KAGGLE-4471418,19,1 sdm saos raja rasa,1 sdm saos raja rasa,,,,blocked,bahan/bentuk/komposisi belum dipetakan; tidak dibuang dari perhitungan,,https://cookpad.com/id/resep/4471418-ayam-asam-manis-rumahan-citarasa-resto,takarkuy-estimates-2026-10-01-v2
RCP-KAGGLE-4471418,20,Bumbu marinasi ayam:,Bumbu marinasi ayam:,,,,section_heading,"judul bagian, bukan bahan",,https://cookpad.com/id/resep/4471418-ayam-asam-manis-rumahan-citarasa-resto,takarkuy-estimates-2026-10-01-v2
RCP-KAGGLE-4471418,21,1 sdt gula pasir,1 sdt gula pasir,ING-GULA-PASIR-DALAM-NEGERI,4.125,4.125,estimated,"perkiraan sdt; massa khusus bahan, cup ≈ 240 ml",https://fdc.nal.usda.gov/download-datasets/; https://www.kingarthurbaking.com/learn/ingredient-weight-chart,https://cookpad.com/id/resep/4471418-ayam-asam-manis-rumahan-citarasa-resto,takarkuy-estimates-2026-10-01-v2
RCP-KAGGLE-4471418,22,1 sdt garam,1 sdt garam,ING-GARAM,6.083,6.083,estimated,"perkiraan sdt; massa khusus bahan, cup ≈ 240 ml",https://fdc.nal.usda.gov/download-datasets/; https://www.kingarthurbaking.com/learn/ingredient-weight-chart,https://cookpad.com/id/resep/4471418-ayam-asam-manis-rumahan-citarasa-resto,takarkuy-estimates-2026-10-01-v2
RCP-KAGGLE-4471418,23,1 sdt kaldu ayam,1 sdt kaldu ayam,,,,blocked,bahan/bentuk/komposisi belum dipetakan; tidak dibuang dari perhitungan,,https://cookpad.com/id/resep/4471418-ayam-asam-manis-rumahan-citarasa-resto,takarkuy-estimates-2026-10-01-v2
RCP-KAGGLE-4471418,24,1/2 sdt merica,1/2 sdt merica,ING-MERICA,1.146,1.146,estimated,"perkiraan sdt; massa khusus bahan, cup ≈ 240 ml",https://fdc.nal.usda.gov/download-datasets/; https://www.kingarthurbaking.com/learn/ingredient-weight-chart,https://cookpad.com/id/resep/4471418-ayam-asam-manis-rumahan-citarasa-resto,takarkuy-estimates-2026-10-01-v2
RCP-KAGGLE-4471562,1,500 gram ayam dada potong2,500 gram ayam dada potong2,ING-DAGING-AYAM-BROILER,500.0,500.0,estimated,konversi massa gram → g,https://www.nist.gov/pml/owm/metric-si/unit-conversion/approximate-conversions-us-customary-measures-metric,https://cookpad.com/id/resep/4471562-ayam-goreng-tepung-simple,takarkuy-estimates-2026-10-01-v2
RCP-KAGGLE-4471562,2,6 siung bawang putih haluskan,6 siung bawang putih haluskan,ING-BAWANG-PUTIH,18.0,18.0,estimated,"asumsi TAKARKUY berat bagian termakan per unit 3 g; mengacu ukuran USDA, bukan bobot pasti produk",https://fdc.nal.usda.gov/download-datasets/,https://cookpad.com/id/resep/4471562-ayam-goreng-tepung-simple,takarkuy-estimates-2026-10-01-v2
RCP-KAGGLE-4471562,3,1/2 sdt lada bubuk,1/2 sdt lada bubuk,ING-MERICA,1.146,1.146,estimated,"perkiraan sdt; massa khusus bahan, cup ≈ 240 ml",https://fdc.nal.usda.gov/download-datasets/; https://www.kingarthurbaking.com/learn/ingredient-weight-chart,https://cookpad.com/id/resep/4471562-ayam-goreng-tepung-simple,takarkuy-estimates-2026-10-01-v2
RCP-KAGGLE-4471562,4,secukupnya Kaldu bubuk,secukupnya Kaldu bubuk,ING-KALDU-AYAM-BUBUK,3,3,estimated,asumsi TAKARKUY untuk batch: 3 g; sumber tidak memberi angka pasti,,https://cookpad.com/id/resep/4471562-ayam-goreng-tepung-simple,takarkuy-estimates-2026-10-01-v2
RCP-KAGGLE-4471562,5,secukupnya Garam,secukupnya Garam,ING-GARAM,3,3,estimated,asumsi TAKARKUY untuk batch: 3 g; sumber tidak memberi angka pasti,,https://cookpad.com/id/resep/4471562-ayam-goreng-tepung-simple,takarkuy-estimates-2026-10-01-v2
RCP-KAGGLE-4471562,6,1 butir telur,1 butir telur,ING-TELUR-AYAM-BROILER,50.0,50.0,estimated,"asumsi TAKARKUY berat bagian termakan per unit 50 g; mengacu ukuran USDA, bukan bobot pasti produk",https://fdc.nal.usda.gov/download-datasets/,https://cookpad.com/id/resep/4471562-ayam-goreng-tepung-simple,takarkuy-estimates-2026-10-01-v2
RCP-KAGGLE-4471562,7,Tepung pelapis :,Tepung pelapis :,,,,section_heading,"judul bagian, bukan bahan",,https://cookpad.com/id/resep/4471562-ayam-goreng-tepung-simple,takarkuy-estimates-2026-10-01-v2
RCP-KAGGLE-4471562,8,100 gram tepung terigu,100 gram tepung terigu,ING-TEPUNG-TERIGU-CURAH,100.0,100.0,estimated,konversi massa gram → g,https://www.nist.gov/pml/owm/metric-si/unit-conversion/approximate-conversions-us-customary-measures-metric,https://cookpad.com/id/resep/4471562-ayam-goreng-tepung-simple,takarkuy-estimates-2026-10-01-v2
RCP-KAGGLE-4471562,9,20 gram tepung meizena,20 gram tepung meizena,ING-MAIZENA,20.0,20.0,estimated,konversi massa gram → g,https://www.nist.gov/pml/owm/metric-si/unit-conversion/approximate-conversions-us-customary-measures-metric,https://cookpad.com/id/resep/4471562-ayam-goreng-tepung-simple,takarkuy-estimates-2026-10-01-v2
RCP-KAGGLE-4471258,1,"Tulang dari 1 ekor ayam jowo, rebus dg api kecil","Tulang dari 1 ekor ayam jowo, rebus dg api kecil",,,,blocked,bahan/bentuk/komposisi belum dipetakan; tidak dibuang dari perhitungan,,https://cookpad.com/id/resep/4471258-sop-balungan-ayam,takarkuy-estimates-2026-10-01-v2
RCP-KAGGLE-4471258,2,Bumbu ulek :,Bumbu ulek :,,,,section_heading,"judul bagian, bukan bahan",,https://cookpad.com/id/resep/4471258-sop-balungan-ayam,takarkuy-estimates-2026-10-01-v2
RCP-KAGGLE-4471258,3,4 siung bawang putih,4 siung bawang putih,ING-BAWANG-PUTIH,12.0,12.0,estimated,"asumsi TAKARKUY berat bagian termakan per unit 3 g; mengacu ukuran USDA, bukan bobot pasti produk",https://fdc.nal.usda.gov/download-datasets/,https://cookpad.com/id/resep/4471258-sop-balungan-ayam,takarkuy-estimates-2026-10-01-v2
RCP-KAGGLE-4471258,4,1/4 sdt merica bubuk,1/4 sdt merica bubuk,ING-MERICA,0.573,0.573,estimated,"perkiraan sdt; massa khusus bahan, cup ≈ 240 ml",https://fdc.nal.usda.gov/download-datasets/; https://www.kingarthurbaking.com/learn/ingredient-weight-chart,https://cookpad.com/id/resep/4471258-sop-balungan-ayam,takarkuy-estimates-2026-10-01-v2
RCP-KAGGLE-4471258,5,1/2 sdt pala bubuk,1/2 sdt pala bubuk,ING-PALA,1.167,1.167,estimated,"perkiraan sdt; massa khusus bahan, cup ≈ 240 ml",https://fdc.nal.usda.gov/download-datasets/; https://www.kingarthurbaking.com/learn/ingredient-weight-chart,https://cookpad.com/id/resep/4471258-sop-balungan-ayam,takarkuy-estimates-2026-10-01-v2
RCP-KAGGLE-4471258,6,2 cengkeh,2 cengkeh,,,,blocked,bahan/bentuk/komposisi belum dipetakan; tidak dibuang dari perhitungan,,https://cookpad.com/id/resep/4471258-sop-balungan-ayam,takarkuy-estimates-2026-10-01-v2
RCP-KAGGLE-4471258,7,1 sdm garam(sesuaikan dg penggunaan air),1 sdm garam(sesuaikan dg penggunaan air),ING-GARAM,18.25,18.25,estimated,"perkiraan sdm; massa khusus bahan, cup ≈ 240 ml",https://fdc.nal.usda.gov/download-datasets/; https://www.kingarthurbaking.com/learn/ingredient-weight-chart,https://cookpad.com/id/resep/4471258-sop-balungan-ayam,takarkuy-estimates-2026-10-01-v2
RCP-KAGGLE-4471258,8,1/2 sdt kaldu jamur,1/2 sdt kaldu jamur,,,,blocked,bahan/bentuk/komposisi belum dipetakan; tidak dibuang dari perhitungan,,https://cookpad.com/id/resep/4471258-sop-balungan-ayam,takarkuy-estimates-2026-10-01-v2
RCP-KAGGLE-4471258,9,1 sdt gula,1 sdt gula,ING-GULA-PASIR-DALAM-NEGERI,4.125,4.125,estimated,"perkiraan sdt; massa khusus bahan, cup ≈ 240 ml",https://fdc.nal.usda.gov/download-datasets/; https://www.kingarthurbaking.com/learn/ingredient-weight-chart,https://cookpad.com/id/resep/4471258-sop-balungan-ayam,takarkuy-estimates-2026-10-01-v2
RCP-KAGGLE-4471258,10,Bahan sayur :,Bahan sayur :,,,,blocked,bahan/bentuk/komposisi belum dipetakan; tidak dibuang dari perhitungan,,https://cookpad.com/id/resep/4471258-sop-balungan-ayam,takarkuy-estimates-2026-10-01-v2
RCP-KAGGLE-4471258,11,"2 buah wortel, iris tipis","2 buah wortel, iris tipis",ING-WORTEL,122.0,122.0,estimated,"asumsi TAKARKUY berat bagian termakan per unit 61 g; mengacu ukuran USDA, bukan bobot pasti produk",https://fdc.nal.usda.gov/download-datasets/,https://cookpad.com/id/resep/4471258-sop-balungan-ayam,takarkuy-estimates-2026-10-01-v2
RCP-KAGGLE-4471258,12,"1 kentang ukuran kecil, potong dadu","1 kentang ukuran kecil, potong dadu",ING-KENTANG,170.0,170.0,estimated,"asumsi TAKARKUY berat bagian termakan per unit 170 g; mengacu ukuran USDA, bukan bobot pasti produk",https://fdc.nal.usda.gov/download-datasets/,https://cookpad.com/id/resep/4471258-sop-balungan-ayam,takarkuy-estimates-2026-10-01-v2
RCP-KAGGLE-4471258,13,1 bonggol sawi sendok,1 bonggol sawi sendok,,,,blocked,bahan/bentuk/komposisi belum dipetakan; tidak dibuang dari perhitungan,,https://cookpad.com/id/resep/4471258-sop-balungan-ayam,takarkuy-estimates-2026-10-01-v2
RCP-KAGGLE-4471258,14.1,Secukupnya seledri dan daun bawang,secukupnya seledri,ING-SELEDRI,15,15,estimated,"daftar bahan dipecah; takaran per komponen adalah estimasi terpisah, bukan angka bersama; komponen: secukupnya seledri; asumsi TAKARKUY untuk batch: 15 g; sumber tidak memberi angka pasti",,https://cookpad.com/id/resep/4471258-sop-balungan-ayam,takarkuy-estimates-2026-10-01-v2
RCP-KAGGLE-4471258,14.2,Secukupnya seledri dan daun bawang,daun bawang,ING-DAUN-BAWANG,15,15,estimated,"daftar bahan dipecah; takaran per komponen adalah estimasi terpisah, bukan angka bersama; komponen: daun bawang; asumsi TAKARKUY untuk batch: 15 g; sumber tidak memberi angka pasti",,https://cookpad.com/id/resep/4471258-sop-balungan-ayam,takarkuy-estimates-2026-10-01-v2
RCP-KAGGLE-4471258,15,Pelengkap : bawang merah goreng,Pelengkap : bawang merah goreng,ING-BAWANG-MERAH,40,40,estimated,asumsi TAKARKUY untuk batch: 40 g; sumber tidak memberi angka pasti,,https://cookpad.com/id/resep/4471258-sop-balungan-ayam,takarkuy-estimates-2026-10-01-v2
RCP-KAGGLE-4469261,1,1 kg ayam,1 kg ayam,ING-DAGING-AYAM-BROILER,1000.0,1000.0,estimated,konversi massa kg → g,https://www.nist.gov/pml/owm/metric-si/unit-conversion/approximate-conversions-us-customary-measures-metric,https://cookpad.com/id/resep/4469261-ayam-goreng-lepas-tulang-lembut,takarkuy-estimates-2026-10-01-v2
RCP-KAGGLE-4469261,2,4 bawang putih,4 bawang putih,ING-BAWANG-PUTIH,12.0,12.0,estimated,"asumsi TAKARKUY berat bagian termakan per unit 3 g; mengacu ukuran USDA, bukan bobot pasti produk",https://fdc.nal.usda.gov/download-datasets/,https://cookpad.com/id/resep/4469261-ayam-goreng-lepas-tulang-lembut,takarkuy-estimates-2026-10-01-v2
RCP-KAGGLE-4469261,3,3 ruas laos,3 ruas laos,ING-LENGKUAS,30.0,30.0,estimated,"asumsi TAKARKUY: 1 ruas ≈ 10 g, 1 cm ≈ 5 g",,https://cookpad.com/id/resep/4469261-ayam-goreng-lepas-tulang-lembut,takarkuy-estimates-2026-10-01-v2
RCP-KAGGLE-4469261,4,1 ruas jahe,1 ruas jahe,ING-JAHE,10.0,10.0,estimated,"asumsi TAKARKUY: 1 ruas ≈ 10 g, 1 cm ≈ 5 g",,https://cookpad.com/id/resep/4469261-ayam-goreng-lepas-tulang-lembut,takarkuy-estimates-2026-10-01-v2
RCP-KAGGLE-4469261,5.1,"Daun salam, serai 2 ruas, daun jeruk,",daun salam,ING-DAUN-SALAM,1,1,estimated,"daftar bahan dipecah; takaran per komponen adalah estimasi terpisah, bukan angka bersama; komponen: daun salam; asumsi TAKARKUY untuk batch: 1 g; sumber tidak memberi angka pasti",,https://cookpad.com/id/resep/4469261-ayam-goreng-lepas-tulang-lembut,takarkuy-estimates-2026-10-01-v2
RCP-KAGGLE-4469261,5.2,"Daun salam, serai 2 ruas, daun jeruk,",serai 2 ruas,ING-SERAI,20,20,estimated,"daftar bahan dipecah; takaran per komponen adalah estimasi terpisah, bukan angka bersama; komponen: serai 2 ruas; asumsi TAKARKUY untuk batch: 20 g; sumber tidak memberi angka pasti",,https://cookpad.com/id/resep/4469261-ayam-goreng-lepas-tulang-lembut,takarkuy-estimates-2026-10-01-v2
RCP-KAGGLE-4469261,5.3,"Daun salam, serai 2 ruas, daun jeruk,",daun jeruk,ING-DAUN-JERUK,1,1,estimated,"daftar bahan dipecah; takaran per komponen adalah estimasi terpisah, bukan angka bersama; komponen: daun jeruk; asumsi TAKARKUY untuk batch: 1 g; sumber tidak memberi angka pasti",,https://cookpad.com/id/resep/4469261-ayam-goreng-lepas-tulang-lembut,takarkuy-estimates-2026-10-01-v2
RCP-KAGGLE-4464881,1,1 kg sayap ayam bagian drum stick,1 kg sayap ayam bagian drum stick,ING-DAGING-AYAM-BROILER,1000.0,1000.0,estimated,konversi massa kg → g,https://www.nist.gov/pml/owm/metric-si/unit-conversion/approximate-conversions-us-customary-measures-metric,https://cookpad.com/id/resep/4464881-sayap-goreng-bumbu-ngo-hiang,takarkuy-estimates-2026-10-01-v2
RCP-KAGGLE-4464881,2,2 sdm air jeruk nipis / lemon,2 sdm air jeruk nipis / lemon,ING-JERUK-NIPIS,30.25,30.25,estimated,"perkiraan sdm; massa khusus bahan, cup ≈ 240 ml",https://fdc.nal.usda.gov/download-datasets/; https://www.kingarthurbaking.com/learn/ingredient-weight-chart,https://cookpad.com/id/resep/4464881-sayap-goreng-bumbu-ngo-hiang,takarkuy-estimates-2026-10-01-v2
RCP-KAGGLE-4464881,3,1 sdt garam,1 sdt garam,ING-GARAM,6.083,6.083,estimated,"perkiraan sdt; massa khusus bahan, cup ≈ 240 ml",https://fdc.nal.usda.gov/download-datasets/; https://www.kingarthurbaking.com/learn/ingredient-weight-chart,https://cookpad.com/id/resep/4464881-sayap-goreng-bumbu-ngo-hiang,takarkuy-estimates-2026-10-01-v2
RCP-KAGGLE-4464881,4,1 sdm bumbu ngo hiang,1 sdm bumbu ngo hiang,,,,blocked,bahan/bentuk/komposisi belum dipetakan; tidak dibuang dari perhitungan,,https://cookpad.com/id/resep/4464881-sayap-goreng-bumbu-ngo-hiang,takarkuy-estimates-2026-10-01-v2
RCP-KAGGLE-4464881,5,3 tetes suclarose/stevia drop (boleh skip),3 tetes suclarose/stevia drop (boleh skip),,,,blocked,bahan/bentuk/komposisi belum dipetakan; tidak dibuang dari perhitungan,,https://cookpad.com/id/resep/4464881-sayap-goreng-bumbu-ngo-hiang,takarkuy-estimates-2026-10-01-v2
RCP-KAGGLE-4471433,1,1/2 kg ayam kampung,1/2 kg ayam kampung,ING-DAGING-AYAM-KAMPUNG,500.0,500.0,estimated,konversi massa kg → g,https://www.nist.gov/pml/owm/metric-si/unit-conversion/approximate-conversions-us-customary-measures-metric,https://cookpad.com/id/resep/4471433-semur-ayam-kampung,takarkuy-estimates-2026-10-01-v2
RCP-KAGGLE-4471433,2,3 siung bawang putih,3 siung bawang putih,ING-BAWANG-PUTIH,9.0,9.0,estimated,"asumsi TAKARKUY berat bagian termakan per unit 3 g; mengacu ukuran USDA, bukan bobot pasti produk",https://fdc.nal.usda.gov/download-datasets/,https://cookpad.com/id/resep/4471433-semur-ayam-kampung,takarkuy-estimates-2026-10-01-v2
RCP-KAGGLE-4471433,3,5 siung bawang merah,5 siung bawang merah,ING-BAWANG-MERAH,50.0,50.0,estimated,"asumsi TAKARKUY berat bagian termakan per unit 10 g; mengacu ukuran USDA, bukan bobot pasti produk",https://fdc.nal.usda.gov/download-datasets/,https://cookpad.com/id/resep/4471433-semur-ayam-kampung,takarkuy-estimates-2026-10-01-v2
RCP-KAGGLE-4471433,4,3 butir kemiri,3 butir kemiri,ING-KEMIRI,12.0,12.0,estimated,"asumsi TAKARKUY berat bagian termakan per unit 4 g; mengacu ukuran USDA, bukan bobot pasti produk",https://fdc.nal.usda.gov/download-datasets/,https://cookpad.com/id/resep/4471433-semur-ayam-kampung,takarkuy-estimates-2026-10-01-v2
RCP-KAGGLE-4471433,5,1 ruas jahe,1 ruas jahe,ING-JAHE,10.0,10.0,estimated,"asumsi TAKARKUY: 1 ruas ≈ 10 g, 1 cm ≈ 5 g",,https://cookpad.com/id/resep/4471433-semur-ayam-kampung,takarkuy-estimates-2026-10-01-v2
RCP-KAGGLE-4471433,6,4 lembar daun jeruk,4 lembar daun jeruk,ING-DAUN-JERUK,2.0,2.0,estimated,"asumsi TAKARKUY berat bagian termakan per unit 0.5 g; mengacu ukuran USDA, bukan bobot pasti produk",https://fdc.nal.usda.gov/download-datasets/,https://cookpad.com/id/resep/4471433-semur-ayam-kampung,takarkuy-estimates-2026-10-01-v2
RCP-KAGGLE-4471433,7,1 lembar daun salam,1 lembar daun salam,ING-DAUN-SALAM,0.5,0.5,estimated,"asumsi TAKARKUY berat bagian termakan per unit 0.5 g; mengacu ukuran USDA, bukan bobot pasti produk",https://fdc.nal.usda.gov/download-datasets/,https://cookpad.com/id/resep/4471433-semur-ayam-kampung,takarkuy-estimates-2026-10-01-v2
RCP-KAGGLE-4471433,8,1 batang serai (digeprek),1 batang serai (digeprek),ING-SERAI,20.0,20.0,estimated,"asumsi TAKARKUY berat bagian termakan per unit 20 g; mengacu ukuran USDA, bukan bobot pasti produk",https://fdc.nal.usda.gov/download-datasets/,https://cookpad.com/id/resep/4471433-semur-ayam-kampung,takarkuy-estimates-2026-10-01-v2
RCP-KAGGLE-4471433,9,Lengkuas,Lengkuas,ING-LENGKUAS,10,10,estimated,asumsi TAKARKUY untuk batch: 10 g; sumber tidak memberi angka pasti,,https://cookpad.com/id/resep/4471433-semur-ayam-kampung,takarkuy-estimates-2026-10-01-v2
RCP-KAGGLE-4471433,10,1/4 sdt kunyit bubuk,1/4 sdt kunyit bubuk,ING-KUNYIT-BUBUK,0.833,0.833,estimated,"perkiraan sdt; massa khusus bahan, cup ≈ 240 ml",https://fdc.nal.usda.gov/download-datasets/; https://www.kingarthurbaking.com/learn/ingredient-weight-chart,https://cookpad.com/id/resep/4471433-semur-ayam-kampung,takarkuy-estimates-2026-10-01-v2
RCP-KAGGLE-4471433,11,1/2 sdt ketumbar bubuk,1/2 sdt ketumbar bubuk,ING-KETUMBAR-BIJI,0.833,0.833,estimated,"perkiraan sdt; massa khusus bahan, cup ≈ 240 ml",https://fdc.nal.usda.gov/download-datasets/; https://www.kingarthurbaking.com/learn/ingredient-weight-chart,https://cookpad.com/id/resep/4471433-semur-ayam-kampung,takarkuy-estimates-2026-10-01-v2
RCP-KAGGLE-4471433,12,1/4 sdt merica bubuk,1/4 sdt merica bubuk,ING-MERICA,0.573,0.573,estimated,"perkiraan sdt; massa khusus bahan, cup ≈ 240 ml",https://fdc.nal.usda.gov/download-datasets/; https://www.kingarthurbaking.com/learn/ingredient-weight-chart,https://cookpad.com/id/resep/4471433-semur-ayam-kampung,takarkuy-estimates-2026-10-01-v2
RCP-KAGGLE-4471433,13,3/4 sdt garam,3/4 sdt garam,ING-GARAM,4.562,4.562,estimated,"perkiraan sdt; massa khusus bahan, cup ≈ 240 ml",https://fdc.nal.usda.gov/download-datasets/; https://www.kingarthurbaking.com/learn/ingredient-weight-chart,https://cookpad.com/id/resep/4471433-semur-ayam-kampung,takarkuy-estimates-2026-10-01-v2
RCP-KAGGLE-4471433,14,1/2 sdt gula pasir,1/2 sdt gula pasir,ING-GULA-PASIR-DALAM-NEGERI,2.062,2.062,estimated,"perkiraan sdt; massa khusus bahan, cup ≈ 240 ml",https://fdc.nal.usda.gov/download-datasets/; https://www.kingarthurbaking.com/learn/ingredient-weight-chart,https://cookpad.com/id/resep/4471433-semur-ayam-kampung,takarkuy-estimates-2026-10-01-v2
RCP-KAGGLE-4471433,15,Sedikit royco,Sedikit royco,ING-KALDU-AYAM-BUBUK,3,3,estimated,asumsi TAKARKUY untuk batch: 3 g; sumber tidak memberi angka pasti,,https://cookpad.com/id/resep/4471433-semur-ayam-kampung,takarkuy-estimates-2026-10-01-v2
RCP-KAGGLE-4471433,16,Secukupnya kecap manis,Secukupnya kecap manis,ING-KECAP-MANIS,20,20,estimated,asumsi TAKARKUY untuk batch: 20 g; sumber tidak memberi angka pasti,,https://cookpad.com/id/resep/4471433-semur-ayam-kampung,takarkuy-estimates-2026-10-01-v2
RCP-KAGGLE-4471433,17,Secukupnya air kaldu ayam kampung,Secukupnya air kaldu ayam kampung,,,,excluded_utility,air/alat/pembungkus masak di luar gizi dan biaya bahan termakan,,https://cookpad.com/id/resep/4471433-semur-ayam-kampung,takarkuy-estimates-2026-10-01-v2
RCP-KAGGLE-4471433,18,Secukupnya minyak goreng,Secukupnya minyak goreng,ING-MINYAK-GORENG-CURAH,20,20,estimated,asumsi TAKARKUY untuk batch: 20 g; sumber tidak memberi angka pasti,,https://cookpad.com/id/resep/4471433-semur-ayam-kampung,takarkuy-estimates-2026-10-01-v2
RCP-KAGGLE-4471388,1,4 potong ayam (paha atas atau paha bawah),4 potong ayam (paha atas atau paha bawah),ING-DAGING-AYAM-BROILER,600.0,600.0,estimated,"asumsi TAKARKUY berat bagian termakan per unit 150 g; mengacu ukuran USDA, bukan bobot pasti produk",https://fdc.nal.usda.gov/download-datasets/,https://cookpad.com/id/resep/4471388-ayam-tepung-kfc-super-gurih,takarkuy-estimates-2026-10-01-v2
RCP-KAGGLE-4471388,2,1 Sdt air lemon,1 Sdt air lemon,,,,blocked,bahan/bentuk/komposisi belum dipetakan; tidak dibuang dari perhitungan,,https://cookpad.com/id/resep/4471388-ayam-tepung-kfc-super-gurih,takarkuy-estimates-2026-10-01-v2
RCP-KAGGLE-4471388,3,Secukupnya black papper,Secukupnya black papper,,,,blocked,bahan/bentuk/komposisi belum dipetakan; tidak dibuang dari perhitungan,,https://cookpad.com/id/resep/4471388-ayam-tepung-kfc-super-gurih,takarkuy-estimates-2026-10-01-v2
RCP-KAGGLE-4471388,4,Secukupnya garam,Secukupnya garam,ING-GARAM,3,3,estimated,asumsi TAKARKUY untuk batch: 3 g; sumber tidak memberi angka pasti,,https://cookpad.com/id/resep/4471388-ayam-tepung-kfc-super-gurih,takarkuy-estimates-2026-10-01-v2
RCP-KAGGLE-4471388,5,Bahan pelapis :,Bahan pelapis :,,,,blocked,bahan/bentuk/komposisi belum dipetakan; tidak dibuang dari perhitungan,,https://cookpad.com/id/resep/4471388-ayam-tepung-kfc-super-gurih,takarkuy-estimates-2026-10-01-v2
RCP-KAGGLE-4471388,6,200 gr tepung terigu serba guna,200 gr tepung terigu serba guna,ING-TEPUNG-TERIGU-CURAH,200.0,200.0,estimated,konversi massa gr → g,https://www.nist.gov/pml/owm/metric-si/unit-conversion/approximate-conversions-us-customary-measures-metric,https://cookpad.com/id/resep/4471388-ayam-tepung-kfc-super-gurih,takarkuy-estimates-2026-10-01-v2
RCP-KAGGLE-4471388,7,30 gr tepung maizena,30 gr tepung maizena,ING-MAIZENA,30.0,30.0,estimated,konversi massa gr → g,https://www.nist.gov/pml/owm/metric-si/unit-conversion/approximate-conversions-us-customary-measures-metric,https://cookpad.com/id/resep/4471388-ayam-tepung-kfc-super-gurih,takarkuy-estimates-2026-10-01-v2
RCP-KAGGLE-4471388,8,1 Sdt oregano,1 Sdt oregano,,,,blocked,bahan/bentuk/komposisi belum dipetakan; tidak dibuang dari perhitungan,,https://cookpad.com/id/resep/4471388-ayam-tepung-kfc-super-gurih,takarkuy-estimates-2026-10-01-v2
RCP-KAGGLE-4471388,9,1 Sdt garam,1 Sdt garam,ING-GARAM,6.083,6.083,estimated,"perkiraan sdt; massa khusus bahan, cup ≈ 240 ml",https://fdc.nal.usda.gov/download-datasets/; https://www.kingarthurbaking.com/learn/ingredient-weight-chart,https://cookpad.com/id/resep/4471388-ayam-tepung-kfc-super-gurih,takarkuy-estimates-2026-10-01-v2
RCP-KAGGLE-4471388,10,1 Sdt masako ayam,1 Sdt masako ayam,,,,blocked,bahan/bentuk/komposisi belum dipetakan; tidak dibuang dari perhitungan,,https://cookpad.com/id/resep/4471388-ayam-tepung-kfc-super-gurih,takarkuy-estimates-2026-10-01-v2
RCP-KAGGLE-4471388,11,1 Sdt bubuk cabai,1 Sdt bubuk cabai,ING-CABAI-MERAH-KERITING,1.562,1.562,estimated,"perkiraan sdt; massa khusus bahan, cup ≈ 240 ml",https://fdc.nal.usda.gov/download-datasets/; https://www.kingarthurbaking.com/learn/ingredient-weight-chart,https://cookpad.com/id/resep/4471388-ayam-tepung-kfc-super-gurih,takarkuy-estimates-2026-10-01-v2
RCP-KAGGLE-4471388,12,Bahan pencelup :,Bahan pencelup :,,,,blocked,bahan/bentuk/komposisi belum dipetakan; tidak dibuang dari perhitungan,,https://cookpad.com/id/resep/4471388-ayam-tepung-kfc-super-gurih,takarkuy-estimates-2026-10-01-v2
RCP-KAGGLE-4471388,13,2 sdm tepung terigu,2 sdm tepung terigu,ING-TEPUNG-TERIGU-CURAH,15.0,15.0,estimated,"perkiraan sdm; massa khusus bahan, cup ≈ 240 ml",https://fdc.nal.usda.gov/download-datasets/; https://www.kingarthurbaking.com/learn/ingredient-weight-chart,https://cookpad.com/id/resep/4471388-ayam-tepung-kfc-super-gurih,takarkuy-estimates-2026-10-01-v2
RCP-KAGGLE-4471388,14,1 Sdt bubuk cabai,1 Sdt bubuk cabai,ING-CABAI-MERAH-KERITING,1.562,1.562,estimated,"perkiraan sdt; massa khusus bahan, cup ≈ 240 ml",https://fdc.nal.usda.gov/download-datasets/; https://www.kingarthurbaking.com/learn/ingredient-weight-chart,https://cookpad.com/id/resep/4471388-ayam-tepung-kfc-super-gurih,takarkuy-estimates-2026-10-01-v2
RCP-KAGGLE-4471388,15,1 Sdt garam,1 Sdt garam,ING-GARAM,6.083,6.083,estimated,"perkiraan sdt; massa khusus bahan, cup ≈ 240 ml",https://fdc.nal.usda.gov/download-datasets/; https://www.kingarthurbaking.com/learn/ingredient-weight-chart,https://cookpad.com/id/resep/4471388-ayam-tepung-kfc-super-gurih,takarkuy-estimates-2026-10-01-v2
RCP-KAGGLE-4471388,16,Secukupnya lada putih,Secukupnya lada putih,ING-MERICA,1,1,estimated,asumsi TAKARKUY untuk batch: 1 g; sumber tidak memberi angka pasti,,https://cookpad.com/id/resep/4471388-ayam-tepung-kfc-super-gurih,takarkuy-estimates-2026-10-01-v2
RCP-KAGGLE-4471388,17,Air es,Air es,,,,excluded_utility,air/alat/pembungkus masak di luar gizi dan biaya bahan termakan,,https://cookpad.com/id/resep/4471388-ayam-tepung-kfc-super-gurih,takarkuy-estimates-2026-10-01-v2
RCP-KAGGLE-3452442,1,1/2 Ekor Ayam,1/2 Ekor Ayam,ING-DAGING-AYAM-BROILER,300.0,500.0,estimated,"asumsi 1 ekor 1000 g × 60% daging termakan; belanja memakai berat utuh, gizi memakai daging",,https://cookpad.com/id/resep/3452442-soto-ayam-surabaya,takarkuy-estimates-2026-10-01-v2
RCP-KAGGLE-3452442,2,6 Siung Bawang Merah,6 Siung Bawang Merah,ING-BAWANG-MERAH,60.0,60.0,estimated,"asumsi TAKARKUY berat bagian termakan per unit 10 g; mengacu ukuran USDA, bukan bobot pasti produk",https://fdc.nal.usda.gov/download-datasets/,https://cookpad.com/id/resep/3452442-soto-ayam-surabaya,takarkuy-estimates-2026-10-01-v2
RCP-KAGGLE-3452442,3,4 Siung Bawang Putih,4 Siung Bawang Putih,ING-BAWANG-PUTIH,12.0,12.0,estimated,"asumsi TAKARKUY berat bagian termakan per unit 3 g; mengacu ukuran USDA, bukan bobot pasti produk",https://fdc.nal.usda.gov/download-datasets/,https://cookpad.com/id/resep/3452442-soto-ayam-surabaya,takarkuy-estimates-2026-10-01-v2
RCP-KAGGLE-3452442,4,Secukupnya Ketumbar,Secukupnya Ketumbar,ING-KETUMBAR-BIJI,2,2,estimated,asumsi TAKARKUY untuk batch: 2 g; sumber tidak memberi angka pasti,,https://cookpad.com/id/resep/3452442-soto-ayam-surabaya,takarkuy-estimates-2026-10-01-v2
RCP-KAGGLE-3452442,5,Secukupnya Lada,Secukupnya Lada,ING-MERICA,1,1,estimated,asumsi TAKARKUY untuk batch: 1 g; sumber tidak memberi angka pasti,,https://cookpad.com/id/resep/3452442-soto-ayam-surabaya,takarkuy-estimates-2026-10-01-v2
RCP-KAGGLE-3452442,6,1 Ruas Kunyit,1 Ruas Kunyit,ING-KUNYIT,10.0,10.0,estimated,"asumsi TAKARKUY: 1 ruas ≈ 10 g, 1 cm ≈ 5 g",,https://cookpad.com/id/resep/3452442-soto-ayam-surabaya,takarkuy-estimates-2026-10-01-v2
RCP-KAGGLE-3452442,7,1 Ruas Lengkuas,1 Ruas Lengkuas,ING-LENGKUAS,10.0,10.0,estimated,"asumsi TAKARKUY: 1 ruas ≈ 10 g, 1 cm ≈ 5 g",,https://cookpad.com/id/resep/3452442-soto-ayam-surabaya,takarkuy-estimates-2026-10-01-v2
RCP-KAGGLE-3452442,8,1 Ruas Jahe,1 Ruas Jahe,ING-JAHE,10.0,10.0,estimated,"asumsi TAKARKUY: 1 ruas ≈ 10 g, 1 cm ≈ 5 g",,https://cookpad.com/id/resep/3452442-soto-ayam-surabaya,takarkuy-estimates-2026-10-01-v2
RCP-KAGGLE-3452442,9,1 Butir Kemiri,1 Butir Kemiri,ING-KEMIRI,4.0,4.0,estimated,"asumsi TAKARKUY berat bagian termakan per unit 4 g; mengacu ukuran USDA, bukan bobot pasti produk",https://fdc.nal.usda.gov/download-datasets/,https://cookpad.com/id/resep/3452442-soto-ayam-surabaya,takarkuy-estimates-2026-10-01-v2
RCP-KAGGLE-3452442,10,Daun Salam,Daun Salam,ING-DAUN-SALAM,1,1,estimated,asumsi TAKARKUY untuk batch: 1 g; sumber tidak memberi angka pasti,,https://cookpad.com/id/resep/3452442-soto-ayam-surabaya,takarkuy-estimates-2026-10-01-v2
RCP-KAGGLE-3452442,11,Daun Jeruk,Daun Jeruk,ING-DAUN-JERUK,1,1,estimated,asumsi TAKARKUY untuk batch: 1 g; sumber tidak memberi angka pasti,,https://cookpad.com/id/resep/3452442-soto-ayam-surabaya,takarkuy-estimates-2026-10-01-v2
RCP-KAGGLE-3452442,12,Gula,Gula,ING-GULA-PASIR-DALAM-NEGERI,8,8,estimated,asumsi TAKARKUY untuk batch: 8 g; sumber tidak memberi angka pasti,,https://cookpad.com/id/resep/3452442-soto-ayam-surabaya,takarkuy-estimates-2026-10-01-v2
RCP-KAGGLE-3452442,13,Garam,Garam,ING-GARAM,3,3,estimated,asumsi TAKARKUY untuk batch: 3 g; sumber tidak memberi angka pasti,,https://cookpad.com/id/resep/3452442-soto-ayam-surabaya,takarkuy-estimates-2026-10-01-v2
RCP-KAGGLE-3452442,14,Penyedap Rasa (boleh pakai boleh tidak),Penyedap Rasa (boleh pakai boleh tidak),ING-KALDU-AYAM-BUBUK,3,3,estimated,asumsi TAKARKUY untuk batch: 3 g; sumber tidak memberi angka pasti,,https://cookpad.com/id/resep/3452442-soto-ayam-surabaya,takarkuy-estimates-2026-10-01-v2
RCP-KAGGLE-3452442,15,Daun Bawang,Daun Bawang,ING-DAUN-BAWANG,15,15,estimated,asumsi TAKARKUY untuk batch: 15 g; sumber tidak memberi angka pasti,,https://cookpad.com/id/resep/3452442-soto-ayam-surabaya,takarkuy-estimates-2026-10-01-v2
RCP-KAGGLE-3452442,16,Kol,Kol,ING-KUBIS,150,150,estimated,asumsi TAKARKUY untuk batch: 150 g; sumber tidak memberi angka pasti,,https://cookpad.com/id/resep/3452442-soto-ayam-surabaya,takarkuy-estimates-2026-10-01-v2
RCP-KAGGLE-3452442,17,Tauge,Tauge,,,,blocked,bahan/bentuk/komposisi belum dipetakan; tidak dibuang dari perhitungan,,https://cookpad.com/id/resep/3452442-soto-ayam-surabaya,takarkuy-estimates-2026-10-01-v2
RCP-KAGGLE-3452442,18,Kentang,Kentang,ING-KENTANG,250,250,estimated,asumsi TAKARKUY untuk batch: 250 g; sumber tidak memberi angka pasti,,https://cookpad.com/id/resep/3452442-soto-ayam-surabaya,takarkuy-estimates-2026-10-01-v2
RCP-KAGGLE-3452442,19,Telur Rebus,Telur Rebus,ING-TELUR-AYAM-BROILER,100,100,estimated,asumsi TAKARKUY untuk batch: 100 g; sumber tidak memberi angka pasti,,https://cookpad.com/id/resep/3452442-soto-ayam-surabaya,takarkuy-estimates-2026-10-01-v2
RCP-KAGGLE-3452442,20,Sambal Rebus,Sambal Rebus,,,,blocked,bahan/bentuk/komposisi belum dipetakan; tidak dibuang dari perhitungan,,https://cookpad.com/id/resep/3452442-soto-ayam-surabaya,takarkuy-estimates-2026-10-01-v2
RCP-KAGGLE-4471237,1,500 gram fillet ayam tanpa kulit,500 gram fillet ayam tanpa kulit,ING-DAGING-AYAM-BROILER,500.0,500.0,estimated,konversi massa gram → g,https://www.nist.gov/pml/owm/metric-si/unit-conversion/approximate-conversions-us-customary-measures-metric,https://cookpad.com/id/resep/4471237-ayam-suwir-ala-bali-ayam-sisit,takarkuy-estimates-2026-10-01-v2
RCP-KAGGLE-4471237,2,1 sdm minyak wijen,1 sdm minyak wijen,ING-MINYAK-WIJEN,13.625,13.625,estimated,"perkiraan sdm; massa khusus bahan, cup ≈ 240 ml",https://fdc.nal.usda.gov/download-datasets/; https://www.kingarthurbaking.com/learn/ingredient-weight-chart,https://cookpad.com/id/resep/4471237-ayam-suwir-ala-bali-ayam-sisit,takarkuy-estimates-2026-10-01-v2
RCP-KAGGLE-4471237,3,1 sdm kecap ikan,1 sdm kecap ikan,,,,blocked,bahan/bentuk/komposisi belum dipetakan; tidak dibuang dari perhitungan,,https://cookpad.com/id/resep/4471237-ayam-suwir-ala-bali-ayam-sisit,takarkuy-estimates-2026-10-01-v2
RCP-KAGGLE-4471237,4,1 sdm saos tiram,1 sdm saos tiram,ING-SAUS-TIRAM,18.0,18.0,estimated,"perkiraan sdm; massa khusus bahan, cup ≈ 240 ml",https://fdc.nal.usda.gov/download-datasets/; https://www.kingarthurbaking.com/learn/ingredient-weight-chart,https://cookpad.com/id/resep/4471237-ayam-suwir-ala-bali-ayam-sisit,takarkuy-estimates-2026-10-01-v2
RCP-KAGGLE-4471237,5,1 sdm unsalted butter untuk menumis,1 sdm unsalted butter untuk menumis,,,,blocked,bahan/bentuk/komposisi belum dipetakan; tidak dibuang dari perhitungan,,https://cookpad.com/id/resep/4471237-ayam-suwir-ala-bali-ayam-sisit,takarkuy-estimates-2026-10-01-v2
RCP-KAGGLE-4471237,6,Bumbu yang dihaluskan,Bumbu yang dihaluskan,,,,section_heading,"judul bagian, bukan bahan",,https://cookpad.com/id/resep/4471237-ayam-suwir-ala-bali-ayam-sisit,takarkuy-estimates-2026-10-01-v2
RCP-KAGGLE-4471237,7,10 siung bawang merah,10 siung bawang merah,ING-BAWANG-MERAH,100.0,100.0,estimated,"asumsi TAKARKUY berat bagian termakan per unit 10 g; mengacu ukuran USDA, bukan bobot pasti produk",https://fdc.nal.usda.gov/download-datasets/,https://cookpad.com/id/resep/4471237-ayam-suwir-ala-bali-ayam-sisit,takarkuy-estimates-2026-10-01-v2
RCP-KAGGLE-4471237,8,5 siung bawang putih,5 siung bawang putih,ING-BAWANG-PUTIH,15.0,15.0,estimated,"asumsi TAKARKUY berat bagian termakan per unit 3 g; mengacu ukuran USDA, bukan bobot pasti produk",https://fdc.nal.usda.gov/download-datasets/,https://cookpad.com/id/resep/4471237-ayam-suwir-ala-bali-ayam-sisit,takarkuy-estimates-2026-10-01-v2
RCP-KAGGLE-4471237,9,1 ruas jari kencur,1 ruas jari kencur,,,,blocked,bahan/bentuk/komposisi belum dipetakan; tidak dibuang dari perhitungan,,https://cookpad.com/id/resep/4471237-ayam-suwir-ala-bali-ayam-sisit,takarkuy-estimates-2026-10-01-v2
RCP-KAGGLE-4471237,10,2 ruas jari kunyit,2 ruas jari kunyit,ING-KUNYIT,20.0,20.0,estimated,"asumsi TAKARKUY: 1 ruas ≈ 10 g, 1 cm ≈ 5 g",,https://cookpad.com/id/resep/4471237-ayam-suwir-ala-bali-ayam-sisit,takarkuy-estimates-2026-10-01-v2
RCP-KAGGLE-4471237,11,10 buah rawit merah atau sesuai selera,10 buah rawit merah atau sesuai selera,ING-CABAI-RAWIT-MERAH,30.0,30.0,estimated,"asumsi TAKARKUY berat bagian termakan per unit 3 g; mengacu ukuran USDA, bukan bobot pasti produk",https://fdc.nal.usda.gov/download-datasets/,https://cookpad.com/id/resep/4471237-ayam-suwir-ala-bali-ayam-sisit,takarkuy-estimates-2026-10-01-v2
RCP-KAGGLE-4471237,12,1 sdt udang rebon,1 sdt udang rebon,ING-UDANG,3.021,3.021,estimated,"perkiraan sdt; massa khusus bahan, cup ≈ 240 ml",https://fdc.nal.usda.gov/download-datasets/; https://www.kingarthurbaking.com/learn/ingredient-weight-chart,https://cookpad.com/id/resep/4471237-ayam-suwir-ala-bali-ayam-sisit,takarkuy-estimates-2026-10-01-v2
RCP-KAGGLE-4471237,13,1 sdt garam,1 sdt garam,ING-GARAM,6.083,6.083,estimated,"perkiraan sdt; massa khusus bahan, cup ≈ 240 ml",https://fdc.nal.usda.gov/download-datasets/; https://www.kingarthurbaking.com/learn/ingredient-weight-chart,https://cookpad.com/id/resep/4471237-ayam-suwir-ala-bali-ayam-sisit,takarkuy-estimates-2026-10-01-v2
RCP-KAGGLE-4466981,1,Bahan isian:,Bahan isian:,,,,blocked,bahan/bentuk/komposisi belum dipetakan; tidak dibuang dari perhitungan,,https://cookpad.com/id/resep/4466981-risoles-rogut-ayam,takarkuy-estimates-2026-10-01-v2
RCP-KAGGLE-4466981,2,"3 buah kentang, kukus dan tumbuk halus","3 buah kentang, kukus dan tumbuk halus",ING-KENTANG,510.0,510.0,estimated,"asumsi TAKARKUY berat bagian termakan per unit 170 g; mengacu ukuran USDA, bukan bobot pasti produk",https://fdc.nal.usda.gov/download-datasets/,https://cookpad.com/id/resep/4466981-risoles-rogut-ayam,takarkuy-estimates-2026-10-01-v2
RCP-KAGGLE-4466981,3,"1 buah wortel, diserut kasar","1 buah wortel, diserut kasar",ING-WORTEL,61.0,61.0,estimated,"asumsi TAKARKUY berat bagian termakan per unit 61 g; mengacu ukuran USDA, bukan bobot pasti produk",https://fdc.nal.usda.gov/download-datasets/,https://cookpad.com/id/resep/4466981-risoles-rogut-ayam,takarkuy-estimates-2026-10-01-v2
RCP-KAGGLE-4466981,4,"100 gr dada ayam rebus, suwir halus","100 gr dada ayam rebus, suwir halus",ING-DAGING-AYAM-BROILER,100.0,100.0,estimated,konversi massa gr → g,https://www.nist.gov/pml/owm/metric-si/unit-conversion/approximate-conversions-us-customary-measures-metric,https://cookpad.com/id/resep/4466981-risoles-rogut-ayam,takarkuy-estimates-2026-10-01-v2
RCP-KAGGLE-4466981,5,2 sdm tepung terigu,2 sdm tepung terigu,ING-TEPUNG-TERIGU-CURAH,15.0,15.0,estimated,"perkiraan sdm; massa khusus bahan, cup ≈ 240 ml",https://fdc.nal.usda.gov/download-datasets/; https://www.kingarthurbaking.com/learn/ingredient-weight-chart,https://cookpad.com/id/resep/4466981-risoles-rogut-ayam,takarkuy-estimates-2026-10-01-v2
RCP-KAGGLE-4466981,6,secukupnya Lada bubuk,secukupnya Lada bubuk,ING-MERICA,1,1,estimated,asumsi TAKARKUY untuk batch: 1 g; sumber tidak memberi angka pasti,,https://cookpad.com/id/resep/4466981-risoles-rogut-ayam,takarkuy-estimates-2026-10-01-v2
RCP-KAGGLE-4466981,7,Secukupnya garam,Secukupnya garam,ING-GARAM,3,3,estimated,asumsi TAKARKUY untuk batch: 3 g; sumber tidak memberi angka pasti,,https://cookpad.com/id/resep/4466981-risoles-rogut-ayam,takarkuy-estimates-2026-10-01-v2
RCP-KAGGLE-4466981,8,100 ml susu cair,100 ml susu cair,,,,blocked,bahan/bentuk/komposisi belum dipetakan; tidak dibuang dari perhitungan,,https://cookpad.com/id/resep/4466981-risoles-rogut-ayam,takarkuy-estimates-2026-10-01-v2
RCP-KAGGLE-4466981,9,"2 siung bawang putih, haluskan","2 siung bawang putih, haluskan",ING-BAWANG-PUTIH,6.0,6.0,estimated,"asumsi TAKARKUY berat bagian termakan per unit 3 g; mengacu ukuran USDA, bukan bobot pasti produk",https://fdc.nal.usda.gov/download-datasets/,https://cookpad.com/id/resep/4466981-risoles-rogut-ayam,takarkuy-estimates-2026-10-01-v2
RCP-KAGGLE-4466981,10,50 gram keju cheddar parut,50 gram keju cheddar parut,,50.0,,blocked,bahan/bentuk/komposisi belum dipetakan; tidak dibuang dari perhitungan; konversi massa gram → g,https://www.nist.gov/pml/owm/metric-si/unit-conversion/approximate-conversions-us-customary-measures-metric,https://cookpad.com/id/resep/4466981-risoles-rogut-ayam,takarkuy-estimates-2026-10-01-v2
RCP-KAGGLE-4466981,11,2 sdm minyak goreng,2 sdm minyak goreng,ING-MINYAK-GORENG-CURAH,27.25,27.25,estimated,"perkiraan sdm; massa khusus bahan, cup ≈ 240 ml",https://fdc.nal.usda.gov/download-datasets/; https://www.kingarthurbaking.com/learn/ingredient-weight-chart,https://cookpad.com/id/resep/4466981-risoles-rogut-ayam,takarkuy-estimates-2026-10-01-v2
RCP-KAGGLE-4466981,12,Bahan kulit:,Bahan kulit:,,,,blocked,bahan/bentuk/komposisi belum dipetakan; tidak dibuang dari perhitungan,,https://cookpad.com/id/resep/4466981-risoles-rogut-ayam,takarkuy-estimates-2026-10-01-v2
RCP-KAGGLE-4466981,13,250 gram tepung terigu,250 gram tepung terigu,ING-TEPUNG-TERIGU-CURAH,250.0,250.0,estimated,konversi massa gram → g,https://www.nist.gov/pml/owm/metric-si/unit-conversion/approximate-conversions-us-customary-measures-metric,https://cookpad.com/id/resep/4466981-risoles-rogut-ayam,takarkuy-estimates-2026-10-01-v2
RCP-KAGGLE-4466981,14,"3 sdm margarine, dicairkan","3 sdm margarine, dicairkan",,,,blocked,bahan/bentuk/komposisi belum dipetakan; tidak dibuang dari perhitungan,,https://cookpad.com/id/resep/4466981-risoles-rogut-ayam,takarkuy-estimates-2026-10-01-v2
RCP-KAGGLE-4466981,15,2 butir telur,2 butir telur,ING-TELUR-AYAM-BROILER,100.0,100.0,estimated,"asumsi TAKARKUY berat bagian termakan per unit 50 g; mengacu ukuran USDA, bukan bobot pasti produk",https://fdc.nal.usda.gov/download-datasets/,https://cookpad.com/id/resep/4466981-risoles-rogut-ayam,takarkuy-estimates-2026-10-01-v2
RCP-KAGGLE-4466981,16,Secukupnya garam,Secukupnya garam,ING-GARAM,3,3,estimated,asumsi TAKARKUY untuk batch: 3 g; sumber tidak memberi angka pasti,,https://cookpad.com/id/resep/4466981-risoles-rogut-ayam,takarkuy-estimates-2026-10-01-v2
RCP-KAGGLE-4466981,17,secukupnya Air,secukupnya Air,,,,excluded_utility,air/alat/pembungkus masak di luar gizi dan biaya bahan termakan,,https://cookpad.com/id/resep/4466981-risoles-rogut-ayam,takarkuy-estimates-2026-10-01-v2
RCP-KAGGLE-4466981,18,100 gram tepung panir untuk membalur,100 gram tepung panir untuk membalur,ING-TEPUNG-PANIR,100.0,100.0,estimated,konversi massa gram → g,https://www.nist.gov/pml/owm/metric-si/unit-conversion/approximate-conversions-us-customary-measures-metric,https://cookpad.com/id/resep/4466981-risoles-rogut-ayam,takarkuy-estimates-2026-10-01-v2
RCP-KAGGLE-4471032,1,4 potong ayam,4 potong ayam,ING-DAGING-AYAM-BROILER,600.0,600.0,estimated,"asumsi TAKARKUY berat bagian termakan per unit 150 g; mengacu ukuran USDA, bukan bobot pasti produk",https://fdc.nal.usda.gov/download-datasets/,https://cookpad.com/id/resep/4471032-ayam-masak-kicap-ala-malay,takarkuy-estimates-2026-10-01-v2
RCP-KAGGLE-4471032,2,1 buah bawang bombay,1 buah bawang bombay,ING-BAWANG-BOMBAY,110.0,110.0,estimated,"asumsi TAKARKUY berat bagian termakan per unit 110 g; mengacu ukuran USDA, bukan bobot pasti produk",https://fdc.nal.usda.gov/download-datasets/,https://cookpad.com/id/resep/4471032-ayam-masak-kicap-ala-malay,takarkuy-estimates-2026-10-01-v2
RCP-KAGGLE-4471032,3,4 buah cabai keriting merah,4 buah cabai keriting merah,ING-CABAI-MERAH-KERITING,40.0,40.0,estimated,"asumsi TAKARKUY berat bagian termakan per unit 10 g; mengacu ukuran USDA, bukan bobot pasti produk",https://fdc.nal.usda.gov/download-datasets/,https://cookpad.com/id/resep/4471032-ayam-masak-kicap-ala-malay,takarkuy-estimates-2026-10-01-v2
RCP-KAGGLE-4471032,4,3 buah cabai rawit,3 buah cabai rawit,ING-CABAI-RAWIT-MERAH,9.0,9.0,estimated,"asumsi TAKARKUY berat bagian termakan per unit 3 g; mengacu ukuran USDA, bukan bobot pasti produk",https://fdc.nal.usda.gov/download-datasets/,https://cookpad.com/id/resep/4471032-ayam-masak-kicap-ala-malay,takarkuy-estimates-2026-10-01-v2
RCP-KAGGLE-4471032,5,8 buah cabai lalap,8 buah cabai lalap,ING-CABAI-MERAH-KERITING,80.0,80.0,estimated,"asumsi TAKARKUY berat bagian termakan per unit 10 g; mengacu ukuran USDA, bukan bobot pasti produk",https://fdc.nal.usda.gov/download-datasets/,https://cookpad.com/id/resep/4471032-ayam-masak-kicap-ala-malay,takarkuy-estimates-2026-10-01-v2
RCP-KAGGLE-4471032,6,1 buah tomato,1 buah tomato,,,,blocked,bahan/bentuk/komposisi belum dipetakan; tidak dibuang dari perhitungan,,https://cookpad.com/id/resep/4471032-ayam-masak-kicap-ala-malay,takarkuy-estimates-2026-10-01-v2
RCP-KAGGLE-4471032,7,4 sdm kecap,4 sdm kecap,ING-KECAP-MANIS,78.0,78.0,estimated,"perkiraan sdm; massa khusus bahan, cup ≈ 240 ml",https://fdc.nal.usda.gov/download-datasets/; https://www.kingarthurbaking.com/learn/ingredient-weight-chart,https://cookpad.com/id/resep/4471032-ayam-masak-kicap-ala-malay,takarkuy-estimates-2026-10-01-v2
RCP-KAGGLE-4471032,8,1 sdm saos sambal,1 sdm saos sambal,,,,blocked,bahan/bentuk/komposisi belum dipetakan; tidak dibuang dari perhitungan,,https://cookpad.com/id/resep/4471032-ayam-masak-kicap-ala-malay,takarkuy-estimates-2026-10-01-v2
RCP-KAGGLE-4471032,9,1 sdm saos tiram,1 sdm saos tiram,ING-SAUS-TIRAM,18.0,18.0,estimated,"perkiraan sdm; massa khusus bahan, cup ≈ 240 ml",https://fdc.nal.usda.gov/download-datasets/; https://www.kingarthurbaking.com/learn/ingredient-weight-chart,https://cookpad.com/id/resep/4471032-ayam-masak-kicap-ala-malay,takarkuy-estimates-2026-10-01-v2
RCP-KAGGLE-4471032,10,1 sdt kunyit bubuk,1 sdt kunyit bubuk,ING-KUNYIT-BUBUK,3.333,3.333,estimated,"perkiraan sdt; massa khusus bahan, cup ≈ 240 ml",https://fdc.nal.usda.gov/download-datasets/; https://www.kingarthurbaking.com/learn/ingredient-weight-chart,https://cookpad.com/id/resep/4471032-ayam-masak-kicap-ala-malay,takarkuy-estimates-2026-10-01-v2
RCP-KAGGLE-4471032,11,1 sdt garam,1 sdt garam,ING-GARAM,6.083,6.083,estimated,"perkiraan sdt; massa khusus bahan, cup ≈ 240 ml",https://fdc.nal.usda.gov/download-datasets/; https://www.kingarthurbaking.com/learn/ingredient-weight-chart,https://cookpad.com/id/resep/4471032-ayam-masak-kicap-ala-malay,takarkuy-estimates-2026-10-01-v2
RCP-KAGGLE-4471032,12,1/2 sdt kaldu bubuk totole (skip boleh/ ganti kaldu bubul lain),1/2 sdt kaldu bubuk totole (skip boleh/ ganti kaldu bubul lain),,,,blocked,bahan/bentuk/komposisi belum dipetakan; tidak dibuang dari perhitungan,,https://cookpad.com/id/resep/4471032-ayam-masak-kicap-ala-malay,takarkuy-estimates-2026-10-01-v2
RCP-KAGGLE-4448850,1,1 kg ayam,1 kg ayam,ING-DAGING-AYAM-BROILER,1000.0,1000.0,estimated,konversi massa kg → g,https://www.nist.gov/pml/owm/metric-si/unit-conversion/approximate-conversions-us-customary-measures-metric,https://cookpad.com/id/resep/4448850-ayam-tepung,takarkuy-estimates-2026-10-01-v2
RCP-KAGGLE-4448850,2,500 gram tepung terigu,500 gram tepung terigu,ING-TEPUNG-TERIGU-CURAH,500.0,500.0,estimated,konversi massa gram → g,https://www.nist.gov/pml/owm/metric-si/unit-conversion/approximate-conversions-us-customary-measures-metric,https://cookpad.com/id/resep/4448850-ayam-tepung,takarkuy-estimates-2026-10-01-v2
RCP-KAGGLE-4448850,3,secukupnya Royco,secukupnya Royco,ING-KALDU-AYAM-BUBUK,3,3,estimated,asumsi TAKARKUY untuk batch: 3 g; sumber tidak memberi angka pasti,,https://cookpad.com/id/resep/4448850-ayam-tepung,takarkuy-estimates-2026-10-01-v2
RCP-KAGGLE-4448850,4,6 siung bawang putih,6 siung bawang putih,ING-BAWANG-PUTIH,18.0,18.0,estimated,"asumsi TAKARKUY berat bagian termakan per unit 3 g; mengacu ukuran USDA, bukan bobot pasti produk",https://fdc.nal.usda.gov/download-datasets/,https://cookpad.com/id/resep/4448850-ayam-tepung,takarkuy-estimates-2026-10-01-v2
RCP-KAGGLE-4448850,5,1 sendok teh lada bubuk,1 sendok teh lada bubuk,ING-MERICA,2.292,2.292,estimated,"perkiraan sendok teh; massa khusus bahan, cup ≈ 240 ml",https://fdc.nal.usda.gov/download-datasets/; https://www.kingarthurbaking.com/learn/ingredient-weight-chart,https://cookpad.com/id/resep/4448850-ayam-tepung,takarkuy-estimates-2026-10-01-v2
RCP-KAGGLE-4448850,6,1 ruas jahe,1 ruas jahe,ING-JAHE,10.0,10.0,estimated,"asumsi TAKARKUY: 1 ruas ≈ 10 g, 1 cm ≈ 5 g",,https://cookpad.com/id/resep/4448850-ayam-tepung,takarkuy-estimates-2026-10-01-v2
RCP-KAGGLE-4448850,7,1 ruas kunyit,1 ruas kunyit,ING-KUNYIT,10.0,10.0,estimated,"asumsi TAKARKUY: 1 ruas ≈ 10 g, 1 cm ≈ 5 g",,https://cookpad.com/id/resep/4448850-ayam-tepung,takarkuy-estimates-2026-10-01-v2
RCP-KAGGLE-4448850,8,secukupnya Garam,secukupnya Garam,ING-GARAM,3,3,estimated,asumsi TAKARKUY untuk batch: 3 g; sumber tidak memberi angka pasti,,https://cookpad.com/id/resep/4448850-ayam-tepung,takarkuy-estimates-2026-10-01-v2
RCP-KAGGLE-4448850,9,Minyak goreng,Minyak goreng,ING-MINYAK-GORENG-CURAH,20,20,estimated,asumsi TAKARKUY untuk batch: 20 g; sumber tidak memberi angka pasti,,https://cookpad.com/id/resep/4448850-ayam-tepung,takarkuy-estimates-2026-10-01-v2
RCP-KAGGLE-4448850,10,2 butir telur ayam ambil putih nya aja,2 butir telur ayam ambil putih nya aja,ING-TELUR-AYAM-BROILER,100.0,100.0,estimated,"asumsi TAKARKUY berat bagian termakan per unit 50 g; mengacu ukuran USDA, bukan bobot pasti produk",https://fdc.nal.usda.gov/download-datasets/,https://cookpad.com/id/resep/4448850-ayam-tepung,takarkuy-estimates-2026-10-01-v2
RCP-KAGGLE-4470916,1,1 kg ayam,1 kg ayam,ING-DAGING-AYAM-BROILER,1000.0,1000.0,estimated,konversi massa kg → g,https://www.nist.gov/pml/owm/metric-si/unit-conversion/approximate-conversions-us-customary-measures-metric,https://cookpad.com/id/resep/4470916-ayam-goreng-bakar-kecap,takarkuy-estimates-2026-10-01-v2
RCP-KAGGLE-4470916,2,Secukupnya minyak untuk menggoreng,Secukupnya minyak untuk menggoreng,ING-MINYAK-GORENG-CURAH,30,30,estimated,asumsi 30 g minyak termakan per batch; minyak penggorengan utuh belum dihitung,,https://cookpad.com/id/resep/4470916-ayam-goreng-bakar-kecap,takarkuy-estimates-2026-10-01-v2
RCP-KAGGLE-4470916,3,Bumbu kuning halus:,Bumbu kuning halus:,,,,section_heading,"judul bagian, bukan bahan",,https://cookpad.com/id/resep/4470916-ayam-goreng-bakar-kecap,takarkuy-estimates-2026-10-01-v2
RCP-KAGGLE-4470916,4,4 bawang putih,4 bawang putih,ING-BAWANG-PUTIH,12.0,12.0,estimated,"asumsi TAKARKUY berat bagian termakan per unit 3 g; mengacu ukuran USDA, bukan bobot pasti produk",https://fdc.nal.usda.gov/download-datasets/,https://cookpad.com/id/resep/4470916-ayam-goreng-bakar-kecap,takarkuy-estimates-2026-10-01-v2
RCP-KAGGLE-4470916,5,8 cm kunyit (dikira-kira aja ya),8 cm kunyit (dikira-kira aja ya),ING-KUNYIT,40.0,40.0,estimated,"asumsi TAKARKUY: 1 ruas ≈ 10 g, 1 cm ≈ 5 g",,https://cookpad.com/id/resep/4470916-ayam-goreng-bakar-kecap,takarkuy-estimates-2026-10-01-v2
RCP-KAGGLE-4470916,6,5 cm lengkuas,5 cm lengkuas,ING-LENGKUAS,25.0,25.0,estimated,"asumsi TAKARKUY: 1 ruas ≈ 10 g, 1 cm ≈ 5 g",,https://cookpad.com/id/resep/4470916-ayam-goreng-bakar-kecap,takarkuy-estimates-2026-10-01-v2
RCP-KAGGLE-4470916,7,1 sdm ketumbar,1 sdm ketumbar,ING-KETUMBAR-BIJI,5.0,5.0,estimated,"perkiraan sdm; massa khusus bahan, cup ≈ 240 ml",https://fdc.nal.usda.gov/download-datasets/; https://www.kingarthurbaking.com/learn/ingredient-weight-chart,https://cookpad.com/id/resep/4470916-ayam-goreng-bakar-kecap,takarkuy-estimates-2026-10-01-v2
RCP-KAGGLE-4470916,8,1 sdt merica,1 sdt merica,ING-MERICA,2.292,2.292,estimated,"perkiraan sdt; massa khusus bahan, cup ≈ 240 ml",https://fdc.nal.usda.gov/download-datasets/; https://www.kingarthurbaking.com/learn/ingredient-weight-chart,https://cookpad.com/id/resep/4470916-ayam-goreng-bakar-kecap,takarkuy-estimates-2026-10-01-v2
RCP-KAGGLE-4470916,9,100 ml air,100 ml air,,,,excluded_utility,air/alat/pembungkus masak di luar gizi dan biaya bahan termakan,,https://cookpad.com/id/resep/4470916-ayam-goreng-bakar-kecap,takarkuy-estimates-2026-10-01-v2
RCP-KAGGLE-4470916,10.1,Secukupnya garam dan kaldu bubuk,secukupnya garam,ING-GARAM,3,3,estimated,"daftar bahan dipecah; takaran per komponen adalah estimasi terpisah, bukan angka bersama; komponen: secukupnya garam; asumsi TAKARKUY untuk batch: 3 g; sumber tidak memberi angka pasti",,https://cookpad.com/id/resep/4470916-ayam-goreng-bakar-kecap,takarkuy-estimates-2026-10-01-v2
RCP-KAGGLE-4470916,10.2,Secukupnya garam dan kaldu bubuk,kaldu bubuk,ING-KALDU-AYAM-BUBUK,3,3,estimated,"daftar bahan dipecah; takaran per komponen adalah estimasi terpisah, bukan angka bersama; komponen: kaldu bubuk; asumsi TAKARKUY untuk batch: 3 g; sumber tidak memberi angka pasti",,https://cookpad.com/id/resep/4470916-ayam-goreng-bakar-kecap,takarkuy-estimates-2026-10-01-v2
RCP-KAGGLE-4470916,11,Bumbu bakar:,Bumbu bakar:,,,,section_heading,"judul bagian, bukan bahan",,https://cookpad.com/id/resep/4470916-ayam-goreng-bakar-kecap,takarkuy-estimates-2026-10-01-v2
RCP-KAGGLE-4470916,12,8 sdm kecap,8 sdm kecap,ING-KECAP-MANIS,156.0,156.0,estimated,"perkiraan sdm; massa khusus bahan, cup ≈ 240 ml",https://fdc.nal.usda.gov/download-datasets/; https://www.kingarthurbaking.com/learn/ingredient-weight-chart,https://cookpad.com/id/resep/4470916-ayam-goreng-bakar-kecap,takarkuy-estimates-2026-10-01-v2
RCP-KAGGLE-4470916,13,2 sdm mentega,2 sdm mentega,ING-MENTEGA,28.375,28.375,estimated,"perkiraan sdm; massa khusus bahan, cup ≈ 240 ml",https://fdc.nal.usda.gov/download-datasets/; https://www.kingarthurbaking.com/learn/ingredient-weight-chart,https://cookpad.com/id/resep/4470916-ayam-goreng-bakar-kecap,takarkuy-estimates-2026-10-01-v2
RCP-KAGGLE-4470916,14,Bahan sambel:,Bahan sambel:,,,,section_heading,"judul bagian, bukan bahan",,https://cookpad.com/id/resep/4470916-ayam-goreng-bakar-kecap,takarkuy-estimates-2026-10-01-v2
RCP-KAGGLE-4470916,15,3 bawang merah,3 bawang merah,ING-BAWANG-MERAH,30.0,30.0,estimated,"asumsi TAKARKUY berat bagian termakan per unit 10 g; mengacu ukuran USDA, bukan bobot pasti produk",https://fdc.nal.usda.gov/download-datasets/,https://cookpad.com/id/resep/4470916-ayam-goreng-bakar-kecap,takarkuy-estimates-2026-10-01-v2
RCP-KAGGLE-4470916,16,1 bawang putih,1 bawang putih,ING-BAWANG-PUTIH,3.0,3.0,estimated,"asumsi TAKARKUY berat bagian termakan per unit 3 g; mengacu ukuran USDA, bukan bobot pasti produk",https://fdc.nal.usda.gov/download-datasets/,https://cookpad.com/id/resep/4470916-ayam-goreng-bakar-kecap,takarkuy-estimates-2026-10-01-v2
RCP-KAGGLE-4470916,17,4 cabe hijau besar,4 cabe hijau besar,ING-CABE-HIJAU-BIASA,40.0,40.0,estimated,"asumsi TAKARKUY berat bagian termakan per unit 10 g; mengacu ukuran USDA, bukan bobot pasti produk",https://fdc.nal.usda.gov/download-datasets/,https://cookpad.com/id/resep/4470916-ayam-goreng-bakar-kecap,takarkuy-estimates-2026-10-01-v2
RCP-KAGGLE-4470916,18,7 cabe rawit,7 cabe rawit,ING-CABAI-RAWIT-MERAH,21.0,21.0,estimated,"asumsi TAKARKUY berat bagian termakan per unit 3 g; mengacu ukuran USDA, bukan bobot pasti produk",https://fdc.nal.usda.gov/download-datasets/,https://cookpad.com/id/resep/4470916-ayam-goreng-bakar-kecap,takarkuy-estimates-2026-10-01-v2
RCP-KAGGLE-4470916,19,1 tomat hijau,1 tomat hijau,ING-TOMAT,123.0,123.0,estimated,"asumsi TAKARKUY berat bagian termakan per unit 123 g; mengacu ukuran USDA, bukan bobot pasti produk",https://fdc.nal.usda.gov/download-datasets/,https://cookpad.com/id/resep/4470916-ayam-goreng-bakar-kecap,takarkuy-estimates-2026-10-01-v2
RCP-KAGGLE-4470916,20.1,Secukupnya garam dan gula,secukupnya garam,ING-GARAM,3,3,estimated,"daftar bahan dipecah; takaran per komponen adalah estimasi terpisah, bukan angka bersama; komponen: secukupnya garam; asumsi TAKARKUY untuk batch: 3 g; sumber tidak memberi angka pasti",,https://cookpad.com/id/resep/4470916-ayam-goreng-bakar-kecap,takarkuy-estimates-2026-10-01-v2
RCP-KAGGLE-4470916,20.2,Secukupnya garam dan gula,gula,ING-GULA-PASIR-DALAM-NEGERI,8,8,estimated,"daftar bahan dipecah; takaran per komponen adalah estimasi terpisah, bukan angka bersama; komponen: gula; asumsi TAKARKUY untuk batch: 8 g; sumber tidak memberi angka pasti",,https://cookpad.com/id/resep/4470916-ayam-goreng-bakar-kecap,takarkuy-estimates-2026-10-01-v2
RCP-KAGGLE-4470142,1,250 gr dada ayam,250 gr dada ayam,ING-DAGING-AYAM-BROILER,250.0,250.0,estimated,konversi massa gr → g,https://www.nist.gov/pml/owm/metric-si/unit-conversion/approximate-conversions-us-customary-measures-metric,https://cookpad.com/id/resep/4470142-somay-ayam-bumbu-kacang,takarkuy-estimates-2026-10-01-v2
RCP-KAGGLE-4470142,2,Kulit lumpia instan,Kulit lumpia instan,,,,blocked,bahan/bentuk/komposisi belum dipetakan; tidak dibuang dari perhitungan,,https://cookpad.com/id/resep/4470142-somay-ayam-bumbu-kacang,takarkuy-estimates-2026-10-01-v2
RCP-KAGGLE-4470142,3,150 gr terigu,150 gr terigu,ING-TEPUNG-TERIGU-CURAH,150.0,150.0,estimated,konversi massa gr → g,https://www.nist.gov/pml/owm/metric-si/unit-conversion/approximate-conversions-us-customary-measures-metric,https://cookpad.com/id/resep/4470142-somay-ayam-bumbu-kacang,takarkuy-estimates-2026-10-01-v2
RCP-KAGGLE-4470142,4,100 gr kanji,100 gr kanji,ING-TEPUNG-TAPIOKA,100.0,100.0,estimated,konversi massa gr → g,https://www.nist.gov/pml/owm/metric-si/unit-conversion/approximate-conversions-us-customary-measures-metric,https://cookpad.com/id/resep/4470142-somay-ayam-bumbu-kacang,takarkuy-estimates-2026-10-01-v2
RCP-KAGGLE-4470142,5,4 siung bawang putih,4 siung bawang putih,ING-BAWANG-PUTIH,12.0,12.0,estimated,"asumsi TAKARKUY berat bagian termakan per unit 3 g; mengacu ukuran USDA, bukan bobot pasti produk",https://fdc.nal.usda.gov/download-datasets/,https://cookpad.com/id/resep/4470142-somay-ayam-bumbu-kacang,takarkuy-estimates-2026-10-01-v2
RCP-KAGGLE-4470142,6,1/2 sdm merica bubuk,1/2 sdm merica bubuk,ING-MERICA,3.438,3.438,estimated,"perkiraan sdm; massa khusus bahan, cup ≈ 240 ml",https://fdc.nal.usda.gov/download-datasets/; https://www.kingarthurbaking.com/learn/ingredient-weight-chart,https://cookpad.com/id/resep/4470142-somay-ayam-bumbu-kacang,takarkuy-estimates-2026-10-01-v2
RCP-KAGGLE-4470142,7,1 sachet royco,1 sachet royco,,,,blocked,bahan/bentuk/komposisi belum dipetakan; tidak dibuang dari perhitungan,,https://cookpad.com/id/resep/4470142-somay-ayam-bumbu-kacang,takarkuy-estimates-2026-10-01-v2
RCP-KAGGLE-4470142,8,Bumbu kacang,Bumbu kacang,,,,blocked,bahan/bentuk/komposisi belum dipetakan; tidak dibuang dari perhitungan,,https://cookpad.com/id/resep/4470142-somay-ayam-bumbu-kacang,takarkuy-estimates-2026-10-01-v2
RCP-KAGGLE-4470142,9,250 gr kacang,250 gr kacang,,250.0,,blocked,bahan/bentuk/komposisi belum dipetakan; tidak dibuang dari perhitungan; konversi massa gr → g,https://www.nist.gov/pml/owm/metric-si/unit-conversion/approximate-conversions-us-customary-measures-metric,https://cookpad.com/id/resep/4470142-somay-ayam-bumbu-kacang,takarkuy-estimates-2026-10-01-v2
RCP-KAGGLE-4470142,10,200 gr gula merah,200 gr gula merah,ING-GULA-MERAH,200.0,200.0,estimated,konversi massa gr → g,https://www.nist.gov/pml/owm/metric-si/unit-conversion/approximate-conversions-us-customary-measures-metric,https://cookpad.com/id/resep/4470142-somay-ayam-bumbu-kacang,takarkuy-estimates-2026-10-01-v2
RCP-KAGGLE-4470142,11,1 sdt royco,1 sdt royco,ING-KALDU-AYAM-BUBUK,2.667,2.667,estimated,"perkiraan sdt; massa khusus bahan, cup ≈ 240 ml",https://fdc.nal.usda.gov/download-datasets/; https://www.kingarthurbaking.com/learn/ingredient-weight-chart,https://cookpad.com/id/resep/4470142-somay-ayam-bumbu-kacang,takarkuy-estimates-2026-10-01-v2
RCP-KAGGLE-4470142,12,1 sdm gula pasir,1 sdm gula pasir,ING-GULA-PASIR-DALAM-NEGERI,12.375,12.375,estimated,"perkiraan sdm; massa khusus bahan, cup ≈ 240 ml",https://fdc.nal.usda.gov/download-datasets/; https://www.kingarthurbaking.com/learn/ingredient-weight-chart,https://cookpad.com/id/resep/4470142-somay-ayam-bumbu-kacang,takarkuy-estimates-2026-10-01-v2
RCP-KAGGLE-4470142,13,secukupnya Cabe,secukupnya Cabe,ING-CABAI-MERAH-KERITING,20,20,estimated,asumsi TAKARKUY untuk batch: 20 g; sumber tidak memberi angka pasti,,https://cookpad.com/id/resep/4470142-somay-ayam-bumbu-kacang,takarkuy-estimates-2026-10-01-v2
RCP-KAGGLE-4470142,14,Larutan maizena,Larutan maizena,ING-MAIZENA,10,10,estimated,asumsi TAKARKUY untuk batch: 10 g; sumber tidak memberi angka pasti,,https://cookpad.com/id/resep/4470142-somay-ayam-bumbu-kacang,takarkuy-estimates-2026-10-01-v2
RCP-KAGGLE-4470142,15,Kecap,Kecap,ING-KECAP-MANIS,20,20,estimated,asumsi TAKARKUY untuk batch: 20 g; sumber tidak memberi angka pasti,,https://cookpad.com/id/resep/4470142-somay-ayam-bumbu-kacang,takarkuy-estimates-2026-10-01-v2
RCP-KAGGLE-4470142,16,Pelengkap ;,Pelengkap ;,,,,section_heading,"judul bagian, bukan bahan",,https://cookpad.com/id/resep/4470142-somay-ayam-bumbu-kacang,takarkuy-estimates-2026-10-01-v2
RCP-KAGGLE-4470142,17,Gubis,Gubis,,,,blocked,bahan/bentuk/komposisi belum dipetakan; tidak dibuang dari perhitungan,,https://cookpad.com/id/resep/4470142-somay-ayam-bumbu-kacang,takarkuy-estimates-2026-10-01-v2
RCP-KAGGLE-4470142,18,Telur puyuh,Telur puyuh,ING-TELUR-AYAM-BROILER,100,100,estimated,asumsi TAKARKUY untuk batch: 100 g; sumber tidak memberi angka pasti,,https://cookpad.com/id/resep/4470142-somay-ayam-bumbu-kacang,takarkuy-estimates-2026-10-01-v2
RCP-KAGGLE-4470142,19,Tahu putih,Tahu putih,ING-TAHU-PUTIH,200,200,estimated,asumsi TAKARKUY untuk batch: 200 g; sumber tidak memberi angka pasti,,https://cookpad.com/id/resep/4470142-somay-ayam-bumbu-kacang,takarkuy-estimates-2026-10-01-v2
RCP-KAGGLE-4470089,1,"1 ekor ayam potong 8, bersihkan","1 ekor ayam potong 8, bersihkan",ING-DAGING-AYAM-BROILER,600.0,1000.0,estimated,"asumsi 1 ekor 1000 g × 60% daging termakan; belanja memakai berat utuh, gizi memakai daging",,https://cookpad.com/id/resep/4470089-ayam-kecap-cabe-ijo,takarkuy-estimates-2026-10-01-v2
RCP-KAGGLE-4470089,2,"Cabe ijo 15 buah, potong serong","Cabe ijo 15 buah, potong serong",ING-CABE-HIJAU-BIASA,20,20,estimated,asumsi TAKARKUY untuk batch: 20 g; sumber tidak memberi angka pasti,,https://cookpad.com/id/resep/4470089-ayam-kecap-cabe-ijo,takarkuy-estimates-2026-10-01-v2
RCP-KAGGLE-4470089,3,"Bawang bombay 1 siung, potong","Bawang bombay 1 siung, potong",ING-BAWANG-BOMBAY,110,110,estimated,asumsi TAKARKUY untuk batch: 110 g; sumber tidak memberi angka pasti,,https://cookpad.com/id/resep/4470089-ayam-kecap-cabe-ijo,takarkuy-estimates-2026-10-01-v2
RCP-KAGGLE-4470089,4,"Bawang putih 2 siung, cincang","Bawang putih 2 siung, cincang",ING-BAWANG-PUTIH,12,12,estimated,asumsi TAKARKUY untuk batch: 12 g; sumber tidak memberi angka pasti,,https://cookpad.com/id/resep/4470089-ayam-kecap-cabe-ijo,takarkuy-estimates-2026-10-01-v2
RCP-KAGGLE-4470089,5,garam,garam,ING-GARAM,3,3,estimated,asumsi TAKARKUY untuk batch: 3 g; sumber tidak memberi angka pasti,,https://cookpad.com/id/resep/4470089-ayam-kecap-cabe-ijo,takarkuy-estimates-2026-10-01-v2
RCP-KAGGLE-4470089,6,Gula pasir,Gula pasir,ING-GULA-PASIR-DALAM-NEGERI,8,8,estimated,asumsi TAKARKUY untuk batch: 8 g; sumber tidak memberi angka pasti,,https://cookpad.com/id/resep/4470089-ayam-kecap-cabe-ijo,takarkuy-estimates-2026-10-01-v2
RCP-KAGGLE-4470089,7,Lada bubuk,Lada bubuk,ING-MERICA,1,1,estimated,asumsi TAKARKUY untuk batch: 1 g; sumber tidak memberi angka pasti,,https://cookpad.com/id/resep/4470089-ayam-kecap-cabe-ijo,takarkuy-estimates-2026-10-01-v2
RCP-KAGGLE-4470089,8,1/2 sdt kaldu bubuk (aku pake royco),1/2 sdt kaldu bubuk (aku pake royco),ING-KALDU-AYAM-BUBUK,1.333,1.333,estimated,"perkiraan sdt; massa khusus bahan, cup ≈ 240 ml",https://fdc.nal.usda.gov/download-datasets/; https://www.kingarthurbaking.com/learn/ingredient-weight-chart,https://cookpad.com/id/resep/4470089-ayam-kecap-cabe-ijo,takarkuy-estimates-2026-10-01-v2
RCP-KAGGLE-4470089,9,4 sdm Kecap manis (aku pake bango),4 sdm Kecap manis (aku pake bango),ING-KECAP-MANIS,78.0,78.0,estimated,"perkiraan sdm; massa khusus bahan, cup ≈ 240 ml",https://fdc.nal.usda.gov/download-datasets/; https://www.kingarthurbaking.com/learn/ingredient-weight-chart,https://cookpad.com/id/resep/4470089-ayam-kecap-cabe-ijo,takarkuy-estimates-2026-10-01-v2
RCP-KAGGLE-4470089,10,Bumbu ungkep :,Bumbu ungkep :,,,,section_heading,"judul bagian, bukan bahan",,https://cookpad.com/id/resep/4470089-ayam-kecap-cabe-ijo,takarkuy-estimates-2026-10-01-v2
RCP-KAGGLE-4470089,11,4 siung bawang merah,4 siung bawang merah,ING-BAWANG-MERAH,40.0,40.0,estimated,"asumsi TAKARKUY berat bagian termakan per unit 10 g; mengacu ukuran USDA, bukan bobot pasti produk",https://fdc.nal.usda.gov/download-datasets/,https://cookpad.com/id/resep/4470089-ayam-kecap-cabe-ijo,takarkuy-estimates-2026-10-01-v2
RCP-KAGGLE-4470089,12,5 siung bawang putih,5 siung bawang putih,ING-BAWANG-PUTIH,15.0,15.0,estimated,"asumsi TAKARKUY berat bagian termakan per unit 3 g; mengacu ukuran USDA, bukan bobot pasti produk",https://fdc.nal.usda.gov/download-datasets/,https://cookpad.com/id/resep/4470089-ayam-kecap-cabe-ijo,takarkuy-estimates-2026-10-01-v2
RCP-KAGGLE-4470089,13,2 cm kunyit,2 cm kunyit,ING-KUNYIT,10.0,10.0,estimated,"asumsi TAKARKUY: 1 ruas ≈ 10 g, 1 cm ≈ 5 g",,https://cookpad.com/id/resep/4470089-ayam-kecap-cabe-ijo,takarkuy-estimates-2026-10-01-v2
RCP-KAGGLE-4470089,14,2 cm jahe,2 cm jahe,ING-JAHE,10.0,10.0,estimated,"asumsi TAKARKUY: 1 ruas ≈ 10 g, 1 cm ≈ 5 g",,https://cookpad.com/id/resep/4470089-ayam-kecap-cabe-ijo,takarkuy-estimates-2026-10-01-v2
RCP-KAGGLE-4470089,15,"2 cm lengkuas, geprek","2 cm lengkuas, geprek",ING-LENGKUAS,10.0,10.0,estimated,"asumsi TAKARKUY: 1 ruas ≈ 10 g, 1 cm ≈ 5 g",,https://cookpad.com/id/resep/4470089-ayam-kecap-cabe-ijo,takarkuy-estimates-2026-10-01-v2
RCP-KAGGLE-4470089,16,1 batang serai,1 batang serai,ING-SERAI,20.0,20.0,estimated,"asumsi TAKARKUY berat bagian termakan per unit 20 g; mengacu ukuran USDA, bukan bobot pasti produk",https://fdc.nal.usda.gov/download-datasets/,https://cookpad.com/id/resep/4470089-ayam-kecap-cabe-ijo,takarkuy-estimates-2026-10-01-v2
RCP-KAGGLE-4470089,17,"1,5 sdt ketumbar","1,5 sdt ketumbar",ING-KETUMBAR-BIJI,2.5,2.5,estimated,"perkiraan sdt; massa khusus bahan, cup ≈ 240 ml",https://fdc.nal.usda.gov/download-datasets/; https://www.kingarthurbaking.com/learn/ingredient-weight-chart,https://cookpad.com/id/resep/4470089-ayam-kecap-cabe-ijo,takarkuy-estimates-2026-10-01-v2
RCP-KAGGLE-4470089,18,2 buah kemiri,2 buah kemiri,ING-KEMIRI,8.0,8.0,estimated,"asumsi TAKARKUY berat bagian termakan per unit 4 g; mengacu ukuran USDA, bukan bobot pasti produk",https://fdc.nal.usda.gov/download-datasets/,https://cookpad.com/id/resep/4470089-ayam-kecap-cabe-ijo,takarkuy-estimates-2026-10-01-v2
RCP-KAGGLE-4470089,19,4 lbr daun jeruk,4 lbr daun jeruk,ING-DAUN-JERUK,2.0,2.0,estimated,"asumsi TAKARKUY berat bagian termakan per unit 0.5 g; mengacu ukuran USDA, bukan bobot pasti produk",https://fdc.nal.usda.gov/download-datasets/,https://cookpad.com/id/resep/4470089-ayam-kecap-cabe-ijo,takarkuy-estimates-2026-10-01-v2
RCP-KAGGLE-4470089,20,Garam,Garam,ING-GARAM,3,3,estimated,asumsi TAKARKUY untuk batch: 3 g; sumber tidak memberi angka pasti,,https://cookpad.com/id/resep/4470089-ayam-kecap-cabe-ijo,takarkuy-estimates-2026-10-01-v2
RCP-KAGGLE-4470099,1,6 kluwek,6 kluwek,,,,blocked,bahan/bentuk/komposisi belum dipetakan; tidak dibuang dari perhitungan,,https://cookpad.com/id/resep/4470099-ayam-masak-kluwek,takarkuy-estimates-2026-10-01-v2
RCP-KAGGLE-4470099,2,2 ayam paha,2 ayam paha,ING-DAGING-AYAM-BROILER,300.0,300.0,estimated,"asumsi TAKARKUY berat bagian termakan per unit 150 g; mengacu ukuran USDA, bukan bobot pasti produk",https://fdc.nal.usda.gov/download-datasets/,https://cookpad.com/id/resep/4470099-ayam-masak-kluwek,takarkuy-estimates-2026-10-01-v2
RCP-KAGGLE-4470099,3,5 sayap ayam,5 sayap ayam,ING-DAGING-AYAM-BROILER,,,blocked,satuan/format belum dipetakan: sayap ayam,,https://cookpad.com/id/resep/4470099-ayam-masak-kluwek,takarkuy-estimates-2026-10-01-v2
RCP-KAGGLE-4470099,4,2 buah kemiri,2 buah kemiri,ING-KEMIRI,8.0,8.0,estimated,"asumsi TAKARKUY berat bagian termakan per unit 4 g; mengacu ukuran USDA, bukan bobot pasti produk",https://fdc.nal.usda.gov/download-datasets/,https://cookpad.com/id/resep/4470099-ayam-masak-kluwek,takarkuy-estimates-2026-10-01-v2
RCP-KAGGLE-4470099,5,2 buah cabe merah (opsional),2 buah cabe merah (opsional),ING-CABAI-MERAH-KERITING,20.0,20.0,estimated,"asumsi TAKARKUY berat bagian termakan per unit 10 g; mengacu ukuran USDA, bukan bobot pasti produk",https://fdc.nal.usda.gov/download-datasets/,https://cookpad.com/id/resep/4470099-ayam-masak-kluwek,takarkuy-estimates-2026-10-01-v2
RCP-KAGGLE-4470099,6,2 siung bawang merah,2 siung bawang merah,ING-BAWANG-MERAH,20.0,20.0,estimated,"asumsi TAKARKUY berat bagian termakan per unit 10 g; mengacu ukuran USDA, bukan bobot pasti produk",https://fdc.nal.usda.gov/download-datasets/,https://cookpad.com/id/resep/4470099-ayam-masak-kluwek,takarkuy-estimates-2026-10-01-v2
RCP-KAGGLE-4470099,7,1 siung bawang putih,1 siung bawang putih,ING-BAWANG-PUTIH,3.0,3.0,estimated,"asumsi TAKARKUY berat bagian termakan per unit 3 g; mengacu ukuran USDA, bukan bobot pasti produk",https://fdc.nal.usda.gov/download-datasets/,https://cookpad.com/id/resep/4470099-ayam-masak-kluwek,takarkuy-estimates-2026-10-01-v2
RCP-KAGGLE-4470099,8,2-3 cm jahe,2-3 cm jahe,ING-JAHE,15.0,15.0,estimated,"asumsi TAKARKUY: 1 ruas ≈ 10 g, 1 cm ≈ 5 g",,https://cookpad.com/id/resep/4470099-ayam-masak-kluwek,takarkuy-estimates-2026-10-01-v2
RCP-KAGGLE-4470099,9,1 keping asam kering,1 keping asam kering,,,,blocked,bahan/bentuk/komposisi belum dipetakan; tidak dibuang dari perhitungan,,https://cookpad.com/id/resep/4470099-ayam-masak-kluwek,takarkuy-estimates-2026-10-01-v2
RCP-KAGGLE-4470099,10,1 sdm bubuk kunyit,1 sdm bubuk kunyit,ING-KUNYIT,6.0,6.0,estimated,"perkiraan sdm; massa khusus bahan, cup ≈ 240 ml",https://fdc.nal.usda.gov/download-datasets/; https://www.kingarthurbaking.com/learn/ingredient-weight-chart,https://cookpad.com/id/resep/4470099-ayam-masak-kluwek,takarkuy-estimates-2026-10-01-v2
RCP-KAGGLE-4470099,11.1,"Garam, Gula, Penyedap Rasa",garam,ING-GARAM,3,3,estimated,"daftar bahan dipecah; takaran per komponen adalah estimasi terpisah, bukan angka bersama; komponen: garam; asumsi TAKARKUY untuk batch: 3 g; sumber tidak memberi angka pasti",,https://cookpad.com/id/resep/4470099-ayam-masak-kluwek,takarkuy-estimates-2026-10-01-v2
RCP-KAGGLE-4470099,11.2,"Garam, Gula, Penyedap Rasa",gula,ING-GULA-PASIR-DALAM-NEGERI,8,8,estimated,"daftar bahan dipecah; takaran per komponen adalah estimasi terpisah, bukan angka bersama; komponen: gula; asumsi TAKARKUY untuk batch: 8 g; sumber tidak memberi angka pasti",,https://cookpad.com/id/resep/4470099-ayam-masak-kluwek,takarkuy-estimates-2026-10-01-v2
RCP-KAGGLE-4470099,11.3,"Garam, Gula, Penyedap Rasa",penyedap rasa,ING-KALDU-AYAM-BUBUK,3,3,estimated,"daftar bahan dipecah; takaran per komponen adalah estimasi terpisah, bukan angka bersama; komponen: penyedap rasa; asumsi TAKARKUY untuk batch: 3 g; sumber tidak memberi angka pasti",,https://cookpad.com/id/resep/4470099-ayam-masak-kluwek,takarkuy-estimates-2026-10-01-v2
RCP-KAGGLE-4470099,12,secukupnya Air,secukupnya Air,,,,excluded_utility,air/alat/pembungkus masak di luar gizi dan biaya bahan termakan,,https://cookpad.com/id/resep/4470099-ayam-masak-kluwek,takarkuy-estimates-2026-10-01-v2
RCP-KAGGLE-3934445,1,10 potong Paha Ayam(aku: 1 kg ayam. Potong_potong),10 potong Paha Ayam(aku: 1 kg ayam. Potong_potong),ING-DAGING-AYAM-BROILER,1500.0,1500.0,estimated,"asumsi TAKARKUY berat bagian termakan per unit 150 g; mengacu ukuran USDA, bukan bobot pasti produk",https://fdc.nal.usda.gov/download-datasets/,https://cookpad.com/id/resep/3934445-ayam-goreng-telur,takarkuy-estimates-2026-10-01-v2
RCP-KAGGLE-3934445,2,6 siung Bawang Putih,6 siung Bawang Putih,ING-BAWANG-PUTIH,18.0,18.0,estimated,"asumsi TAKARKUY berat bagian termakan per unit 3 g; mengacu ukuran USDA, bukan bobot pasti produk",https://fdc.nal.usda.gov/download-datasets/,https://cookpad.com/id/resep/3934445-ayam-goreng-telur,takarkuy-estimates-2026-10-01-v2
RCP-KAGGLE-3934445,3,4 lembar Daun Jeruk,4 lembar Daun Jeruk,ING-DAUN-JERUK,2.0,2.0,estimated,"asumsi TAKARKUY berat bagian termakan per unit 0.5 g; mengacu ukuran USDA, bukan bobot pasti produk",https://fdc.nal.usda.gov/download-datasets/,https://cookpad.com/id/resep/3934445-ayam-goreng-telur,takarkuy-estimates-2026-10-01-v2
RCP-KAGGLE-3934445,4,3 lembar Daun Salam,3 lembar Daun Salam,ING-DAUN-SALAM,1.5,1.5,estimated,"asumsi TAKARKUY berat bagian termakan per unit 0.5 g; mengacu ukuran USDA, bukan bobot pasti produk",https://fdc.nal.usda.gov/download-datasets/,https://cookpad.com/id/resep/3934445-ayam-goreng-telur,takarkuy-estimates-2026-10-01-v2
RCP-KAGGLE-3934445,5,2 batang Serai,2 batang Serai,ING-SERAI,40.0,40.0,estimated,"asumsi TAKARKUY berat bagian termakan per unit 20 g; mengacu ukuran USDA, bukan bobot pasti produk",https://fdc.nal.usda.gov/download-datasets/,https://cookpad.com/id/resep/3934445-ayam-goreng-telur,takarkuy-estimates-2026-10-01-v2
RCP-KAGGLE-3934445,6,1 sendok teh Garam,1 sendok teh Garam,ING-GARAM,6.083,6.083,estimated,"perkiraan sendok teh; massa khusus bahan, cup ≈ 240 ml",https://fdc.nal.usda.gov/download-datasets/; https://www.kingarthurbaking.com/learn/ingredient-weight-chart,https://cookpad.com/id/resep/3934445-ayam-goreng-telur,takarkuy-estimates-2026-10-01-v2
RCP-KAGGLE-3934445,7,1/2 sendok teh Ketumbar Bubuk,1/2 sendok teh Ketumbar Bubuk,ING-KETUMBAR-BIJI,0.833,0.833,estimated,"perkiraan sendok teh; massa khusus bahan, cup ≈ 240 ml",https://fdc.nal.usda.gov/download-datasets/; https://www.kingarthurbaking.com/learn/ingredient-weight-chart,https://cookpad.com/id/resep/3934445-ayam-goreng-telur,takarkuy-estimates-2026-10-01-v2
RCP-KAGGLE-3934445,8,2 cm Kunyit,2 cm Kunyit,ING-KUNYIT,10.0,10.0,estimated,"asumsi TAKARKUY: 1 ruas ≈ 10 g, 1 cm ≈ 5 g",,https://cookpad.com/id/resep/3934445-ayam-goreng-telur,takarkuy-estimates-2026-10-01-v2
RCP-KAGGLE-3934445,9,2 butir Telur Ayam,2 butir Telur Ayam,ING-TELUR-AYAM-BROILER,100.0,100.0,estimated,"asumsi TAKARKUY berat bagian termakan per unit 50 g; mengacu ukuran USDA, bukan bobot pasti produk",https://fdc.nal.usda.gov/download-datasets/,https://cookpad.com/id/resep/3934445-ayam-goreng-telur,takarkuy-estimates-2026-10-01-v2
RCP-KAGGLE-3934445,10,500 ml Air,500 ml Air,,,,excluded_utility,air/alat/pembungkus masak di luar gizi dan biaya bahan termakan,,https://cookpad.com/id/resep/3934445-ayam-goreng-telur,takarkuy-estimates-2026-10-01-v2
RCP-KAGGLE-4469858,1,1 kg ayam,1 kg ayam,ING-DAGING-AYAM-BROILER,1000.0,1000.0,estimated,konversi massa kg → g,https://www.nist.gov/pml/owm/metric-si/unit-conversion/approximate-conversions-us-customary-measures-metric,https://cookpad.com/id/resep/4469858-ayam-goreng-pemalas,takarkuy-estimates-2026-10-01-v2
RCP-KAGGLE-4469858,2,1 bks bumbu ayam goreng sajiku,1 bks bumbu ayam goreng sajiku,,,,blocked,bahan/bentuk/komposisi belum dipetakan; tidak dibuang dari perhitungan,,https://cookpad.com/id/resep/4469858-ayam-goreng-pemalas,takarkuy-estimates-2026-10-01-v2
RCP-KAGGLE-4469858,3,secukupnya lengkuas parut,secukupnya lengkuas parut,ING-LENGKUAS,10,10,estimated,asumsi TAKARKUY untuk batch: 10 g; sumber tidak memberi angka pasti,,https://cookpad.com/id/resep/4469858-ayam-goreng-pemalas,takarkuy-estimates-2026-10-01-v2
RCP-KAGGLE-4469858,4,2 sdm makan minyak goreng,2 sdm makan minyak goreng,ING-MINYAK-GORENG-CURAH,27.25,27.25,estimated,"perkiraan sdm; massa khusus bahan, cup ≈ 240 ml",https://fdc.nal.usda.gov/download-datasets/; https://www.kingarthurbaking.com/learn/ingredient-weight-chart,https://cookpad.com/id/resep/4469858-ayam-goreng-pemalas,takarkuy-estimates-2026-10-01-v2
RCP-KAGGLE-4469858,5,secukupnya air matang,secukupnya air matang,,,,excluded_utility,air/alat/pembungkus masak di luar gizi dan biaya bahan termakan,,https://cookpad.com/id/resep/4469858-ayam-goreng-pemalas,takarkuy-estimates-2026-10-01-v2
RCP-TMDB-53430,1,Egg Plants,4,ING-TERONG,1800.0,1800.0,estimated,"asumsi TAKARKUY berat bagian termakan per unit 450 g; mengacu ukuran USDA, bukan bobot pasti produk",https://fdc.nal.usda.gov/download-datasets/,https://www.atastefortravel.ca/24626-antigua-chop-up/#recipe,takarkuy-estimates-2026-10-01-v2
RCP-TMDB-53430,2,Callaloo,8 oz,,226.796,,blocked,bahan/bentuk/komposisi belum dipetakan; tidak dibuang dari perhitungan; konversi massa oz → g,https://www.nist.gov/pml/owm/metric-si/unit-conversion/approximate-conversions-us-customary-measures-metric,https://www.atastefortravel.ca/24626-antigua-chop-up/#recipe,takarkuy-estimates-2026-10-01-v2
RCP-TMDB-53430,3,Pumpkin,1 lb,,453.592,,blocked,bahan/bentuk/komposisi belum dipetakan; tidak dibuang dari perhitungan; konversi massa lb → g,https://www.nist.gov/pml/owm/metric-si/unit-conversion/approximate-conversions-us-customary-measures-metric,https://www.atastefortravel.ca/24626-antigua-chop-up/#recipe,takarkuy-estimates-2026-10-01-v2
RCP-TMDB-53430,4,Garlic,3 cloves Chopped,ING-BAWANG-PUTIH,9.0,9.0,estimated,"asumsi TAKARKUY berat bagian termakan per unit 3 g; mengacu ukuran USDA, bukan bobot pasti produk",https://fdc.nal.usda.gov/download-datasets/,https://www.atastefortravel.ca/24626-antigua-chop-up/#recipe,takarkuy-estimates-2026-10-01-v2
RCP-TMDB-53430,5,Onion,1 Diced,ING-BAWANG-BOMBAY,110.0,110.0,estimated,"asumsi TAKARKUY berat bagian termakan per unit 110 g; mengacu ukuran USDA, bukan bobot pasti produk",https://fdc.nal.usda.gov/download-datasets/,https://www.atastefortravel.ca/24626-antigua-chop-up/#recipe,takarkuy-estimates-2026-10-01-v2
RCP-TMDB-53430,6,Butter,2 oz,ING-MENTEGA,56.699,56.699,estimated,konversi massa oz → g,https://www.nist.gov/pml/owm/metric-si/unit-conversion/approximate-conversions-us-customary-measures-metric,https://www.atastefortravel.ca/24626-antigua-chop-up/#recipe,takarkuy-estimates-2026-10-01-v2
RCP-TMDB-53430,7,Salt,1/2 tsp,ING-GARAM,3.042,3.042,estimated,"perkiraan tsp; massa khusus bahan, cup ≈ 240 ml",https://fdc.nal.usda.gov/download-datasets/; https://www.kingarthurbaking.com/learn/ingredient-weight-chart,https://www.atastefortravel.ca/24626-antigua-chop-up/#recipe,takarkuy-estimates-2026-10-01-v2
RCP-TMDB-53430,8,Black Pepper,1/4 tsp,ING-MERICA,0.573,0.573,estimated,"perkiraan tsp; massa khusus bahan, cup ≈ 240 ml",https://fdc.nal.usda.gov/download-datasets/; https://www.kingarthurbaking.com/learn/ingredient-weight-chart,https://www.atastefortravel.ca/24626-antigua-chop-up/#recipe,takarkuy-estimates-2026-10-01-v2
RCP-TMDB-53076,1,Bread,2,ING-ROTI,50.0,50.0,estimated,"asumsi TAKARKUY berat bagian termakan per unit 25 g; mengacu ukuran USDA, bukan bobot pasti produk",https://fdc.nal.usda.gov/download-datasets/,https://www.themealdb.com/meal/53076,takarkuy-estimates-2026-10-01-v2
RCP-TMDB-53076,2,Egg,2,ING-TELUR-AYAM-BROILER,100.0,100.0,estimated,"asumsi TAKARKUY berat bagian termakan per unit 50 g; mengacu ukuran USDA, bukan bobot pasti produk",https://fdc.nal.usda.gov/download-datasets/,https://www.themealdb.com/meal/53076,takarkuy-estimates-2026-10-01-v2
RCP-TMDB-53076,3,Salt,0.5,ING-GARAM,0.5,0.5,estimated,asumsi TAKARKUY satuan hilang pada bumbu: angka diperlakukan sebagai gram,,https://www.themealdb.com/meal/53076,takarkuy-estimates-2026-10-01-v2
RCP-TMDB-52965,1,Potatoes,3 Medium,ING-KENTANG,510.0,510.0,estimated,"asumsi TAKARKUY berat bagian termakan per unit 170 g; mengacu ukuran USDA, bukan bobot pasti produk",https://fdc.nal.usda.gov/download-datasets/,http://www.vodkaandbiscuits.com/2014/03/06/bangin-breakfast-potatoes/,takarkuy-estimates-2026-10-01-v2
RCP-TMDB-52965,2,Olive Oil,1 tbs,ING-MINYAK-ZAITUN,13.5,13.5,estimated,"perkiraan tbs; massa khusus bahan, cup ≈ 240 ml",https://fdc.nal.usda.gov/download-datasets/; https://www.kingarthurbaking.com/learn/ingredient-weight-chart,http://www.vodkaandbiscuits.com/2014/03/06/bangin-breakfast-potatoes/,takarkuy-estimates-2026-10-01-v2
RCP-TMDB-52965,3,Bacon,2 strips,,,,blocked,bahan/bentuk/komposisi belum dipetakan; tidak dibuang dari perhitungan,,http://www.vodkaandbiscuits.com/2014/03/06/bangin-breakfast-potatoes/,takarkuy-estimates-2026-10-01-v2
RCP-TMDB-52965,4,Garlic Clove,Minced,ING-BAWANG-PUTIH,,,blocked,takaran belum dapat diperkirakan dengan aturan bahan,,http://www.vodkaandbiscuits.com/2014/03/06/bangin-breakfast-potatoes/,takarkuy-estimates-2026-10-01-v2
RCP-TMDB-52965,5,Maple Syrup,1 tbs,,,,blocked,bahan/bentuk/komposisi belum dipetakan; tidak dibuang dari perhitungan,,http://www.vodkaandbiscuits.com/2014/03/06/bangin-breakfast-potatoes/,takarkuy-estimates-2026-10-01-v2
RCP-TMDB-52965,6,Parsley,Garnish,ING-PARSLEY,5,5,estimated,asumsi TAKARKUY untuk batch: 5 g; sumber tidak memberi angka pasti,,http://www.vodkaandbiscuits.com/2014/03/06/bangin-breakfast-potatoes/,takarkuy-estimates-2026-10-01-v2
RCP-TMDB-52965,7,Salt,Pinch,ING-GARAM,3,3,estimated,asumsi TAKARKUY untuk batch: 3 g; sumber tidak memberi angka pasti,,http://www.vodkaandbiscuits.com/2014/03/06/bangin-breakfast-potatoes/,takarkuy-estimates-2026-10-01-v2
RCP-TMDB-52965,8,Pepper,Pinch,ING-MERICA,1,1,estimated,asumsi TAKARKUY untuk batch: 1 g; sumber tidak memberi angka pasti,,http://www.vodkaandbiscuits.com/2014/03/06/bangin-breakfast-potatoes/,takarkuy-estimates-2026-10-01-v2
RCP-TMDB-52965,9,Allspice,To taste,ING-ALLSPICE,1,1,estimated,asumsi TAKARKUY untuk batch: 1 g; sumber tidak memberi angka pasti,,http://www.vodkaandbiscuits.com/2014/03/06/bangin-breakfast-potatoes/,takarkuy-estimates-2026-10-01-v2
RCP-TMDB-53379,1,Flour,125g,ING-TEPUNG-TERIGU-CURAH,125.0,125.0,estimated,konversi massa g → g,https://www.nist.gov/pml/owm/metric-si/unit-conversion/approximate-conversions-us-customary-measures-metric,https://insimoneskitchen.com/old-dutch-poffertjes/#recipe,takarkuy-estimates-2026-10-01-v2
RCP-TMDB-53379,2,Buckwheat Flour,125g,,125.0,,blocked,bahan/bentuk/komposisi belum dipetakan; tidak dibuang dari perhitungan; konversi massa g → g,https://www.nist.gov/pml/owm/metric-si/unit-conversion/approximate-conversions-us-customary-measures-metric,https://insimoneskitchen.com/old-dutch-poffertjes/#recipe,takarkuy-estimates-2026-10-01-v2
RCP-TMDB-53379,3,Eggs,2,ING-TELUR-AYAM-BROILER,100.0,100.0,estimated,"asumsi TAKARKUY berat bagian termakan per unit 50 g; mengacu ukuran USDA, bukan bobot pasti produk",https://fdc.nal.usda.gov/download-datasets/,https://insimoneskitchen.com/old-dutch-poffertjes/#recipe,takarkuy-estimates-2026-10-01-v2
RCP-TMDB-53379,4,Butter,1 knob,ING-MENTEGA,,,blocked,satuan/format belum dipetakan: knob,,https://insimoneskitchen.com/old-dutch-poffertjes/#recipe,takarkuy-estimates-2026-10-01-v2
RCP-TMDB-53379,5,Milk,300ml,ING-SUSU-SAPI-SEGAR,305.0,305.0,estimated,"perkiraan ml; massa khusus bahan, cup ≈ 240 ml",https://fdc.nal.usda.gov/download-datasets/; https://www.kingarthurbaking.com/learn/ingredient-weight-chart,https://insimoneskitchen.com/old-dutch-poffertjes/#recipe,takarkuy-estimates-2026-10-01-v2
RCP-TMDB-53379,6,Yeast,10g,,10.0,,blocked,bahan/bentuk/komposisi belum dipetakan; tidak dibuang dari perhitungan; konversi massa g → g,https://www.nist.gov/pml/owm/metric-si/unit-conversion/approximate-conversions-us-customary-measures-metric,https://insimoneskitchen.com/old-dutch-poffertjes/#recipe,takarkuy-estimates-2026-10-01-v2
RCP-TMDB-53379,7,vanilla sugar,1tsp,,,,blocked,bahan/bentuk/komposisi belum dipetakan; tidak dibuang dari perhitungan,,https://insimoneskitchen.com/old-dutch-poffertjes/#recipe,takarkuy-estimates-2026-10-01-v2
RCP-TMDB-53379,8,Butter,To serve,ING-MENTEGA,15,15,estimated,asumsi TAKARKUY untuk batch: 15 g; sumber tidak memberi angka pasti,,https://insimoneskitchen.com/old-dutch-poffertjes/#recipe,takarkuy-estimates-2026-10-01-v2
RCP-TMDB-53379,9,Icing Sugar,To serve,,,,blocked,bahan/bentuk/komposisi belum dipetakan; tidak dibuang dari perhitungan,,https://insimoneskitchen.com/old-dutch-poffertjes/#recipe,takarkuy-estimates-2026-10-01-v2
RCP-TMDB-52895,1,Sausages,2,,,,blocked,bahan/bentuk/komposisi belum dipetakan; tidak dibuang dari perhitungan,,https://www.bbc.co.uk/food/recipes/stressfreefullenglis_67721,takarkuy-estimates-2026-10-01-v2
RCP-TMDB-52895,2,Bacon,3,,,,blocked,bahan/bentuk/komposisi belum dipetakan; tidak dibuang dari perhitungan,,https://www.bbc.co.uk/food/recipes/stressfreefullenglis_67721,takarkuy-estimates-2026-10-01-v2
RCP-TMDB-52895,3,Mushrooms,2,,,,blocked,bahan/bentuk/komposisi belum dipetakan; tidak dibuang dari perhitungan,,https://www.bbc.co.uk/food/recipes/stressfreefullenglis_67721,takarkuy-estimates-2026-10-01-v2
RCP-TMDB-52895,4,Tomatoes,2,ING-TOMAT,246.0,246.0,estimated,"asumsi TAKARKUY berat bagian termakan per unit 123 g; mengacu ukuran USDA, bukan bobot pasti produk",https://fdc.nal.usda.gov/download-datasets/,https://www.bbc.co.uk/food/recipes/stressfreefullenglis_67721,takarkuy-estimates-2026-10-01-v2
RCP-TMDB-52895,5,Black Pudding,1 Slice,,,,blocked,bahan/bentuk/komposisi belum dipetakan; tidak dibuang dari perhitungan,,https://www.bbc.co.uk/food/recipes/stressfreefullenglis_67721,takarkuy-estimates-2026-10-01-v2
RCP-TMDB-52895,6,Eggs,2,ING-TELUR-AYAM-BROILER,100.0,100.0,estimated,"asumsi TAKARKUY berat bagian termakan per unit 50 g; mengacu ukuran USDA, bukan bobot pasti produk",https://fdc.nal.usda.gov/download-datasets/,https://www.bbc.co.uk/food/recipes/stressfreefullenglis_67721,takarkuy-estimates-2026-10-01-v2
RCP-TMDB-52895,7,Bread,1 Slice,ING-ROTI,25.0,25.0,estimated,"asumsi TAKARKUY berat bagian termakan per unit 25 g; mengacu ukuran USDA, bukan bobot pasti produk",https://fdc.nal.usda.gov/download-datasets/,https://www.bbc.co.uk/food/recipes/stressfreefullenglis_67721,takarkuy-estimates-2026-10-01-v2
RCP-TMDB-53413,1,Flour,1 kg,ING-TEPUNG-TERIGU-CURAH,1000.0,1000.0,estimated,konversi massa kg → g,https://www.nist.gov/pml/owm/metric-si/unit-conversion/approximate-conversions-us-customary-measures-metric,https://www.myalbanianfood.com/recipe/albanian-flija-pancake/,takarkuy-estimates-2026-10-01-v2
RCP-TMDB-53413,2,Water,1 L,,,,excluded_utility,air/alat/pembungkus masak di luar gizi dan biaya bahan termakan,,https://www.myalbanianfood.com/recipe/albanian-flija-pancake/,takarkuy-estimates-2026-10-01-v2
RCP-TMDB-53413,3,Salt,1 tsp,ING-GARAM,6.083,6.083,estimated,"perkiraan tsp; massa khusus bahan, cup ≈ 240 ml",https://fdc.nal.usda.gov/download-datasets/; https://www.kingarthurbaking.com/learn/ingredient-weight-chart,https://www.myalbanianfood.com/recipe/albanian-flija-pancake/,takarkuy-estimates-2026-10-01-v2
RCP-TMDB-53413,4,Melted Butter,220g,ING-MENTEGA,220.0,220.0,estimated,konversi massa g → g,https://www.nist.gov/pml/owm/metric-si/unit-conversion/approximate-conversions-us-customary-measures-metric,https://www.myalbanianfood.com/recipe/albanian-flija-pancake/,takarkuy-estimates-2026-10-01-v2
RCP-TMDB-53413,5,Vegetable Oil,200ml,ING-MINYAK-GORENG-CURAH,181.667,181.667,estimated,"perkiraan ml; massa khusus bahan, cup ≈ 240 ml",https://fdc.nal.usda.gov/download-datasets/; https://www.kingarthurbaking.com/learn/ingredient-weight-chart,https://www.myalbanianfood.com/recipe/albanian-flija-pancake/,takarkuy-estimates-2026-10-01-v2
RCP-TMDB-53413,6,Greek Yogurt,5 tablespoons,,,,blocked,bahan/bentuk/komposisi belum dipetakan; tidak dibuang dari perhitungan,,https://www.myalbanianfood.com/recipe/albanian-flija-pancake/,takarkuy-estimates-2026-10-01-v2
RCP-TMDB-53413,7,Melted Butter,220g,ING-MENTEGA,220.0,220.0,estimated,konversi massa g → g,https://www.nist.gov/pml/owm/metric-si/unit-conversion/approximate-conversions-us-customary-measures-metric,https://www.myalbanianfood.com/recipe/albanian-flija-pancake/,takarkuy-estimates-2026-10-01-v2
RCP-TMDB-53413,8,Vegetable Oil,200ml,ING-MINYAK-GORENG-CURAH,181.667,181.667,estimated,"perkiraan ml; massa khusus bahan, cup ≈ 240 ml",https://fdc.nal.usda.gov/download-datasets/; https://www.kingarthurbaking.com/learn/ingredient-weight-chart,https://www.myalbanianfood.com/recipe/albanian-flija-pancake/,takarkuy-estimates-2026-10-01-v2
RCP-TMDB-53413,9,Clotted Cream,3  tablespoons,,,,blocked,bahan/bentuk/komposisi belum dipetakan; tidak dibuang dari perhitungan,,https://www.myalbanianfood.com/recipe/albanian-flija-pancake/,takarkuy-estimates-2026-10-01-v2
RCP-TMDB-53413,10,Melted Butter,220g,ING-MENTEGA,220.0,220.0,estimated,konversi massa g → g,https://www.nist.gov/pml/owm/metric-si/unit-conversion/approximate-conversions-us-customary-measures-metric,https://www.myalbanianfood.com/recipe/albanian-flija-pancake/,takarkuy-estimates-2026-10-01-v2
RCP-TMDB-53413,11,Sour Cream,500ml,,,,blocked,bahan/bentuk/komposisi belum dipetakan; tidak dibuang dari perhitungan,,https://www.myalbanianfood.com/recipe/albanian-flija-pancake/,takarkuy-estimates-2026-10-01-v2
RCP-TMDB-53413,12,Olive Oil,3  tablespoons,ING-MINYAK-ZAITUN,40.5,40.5,estimated,"perkiraan tablespoons; massa khusus bahan, cup ≈ 240 ml",https://fdc.nal.usda.gov/download-datasets/; https://www.kingarthurbaking.com/learn/ingredient-weight-chart,https://www.myalbanianfood.com/recipe/albanian-flija-pancake/,takarkuy-estimates-2026-10-01-v2
RCP-TMDB-52957,1,Cream Cheese,1 1/4 oz,,35.437,,blocked,bahan/bentuk/komposisi belum dipetakan; tidak dibuang dari perhitungan; konversi massa oz → g,https://www.nist.gov/pml/owm/metric-si/unit-conversion/approximate-conversions-us-customary-measures-metric,https://www.themealdb.com/meal/52957,takarkuy-estimates-2026-10-01-v2
RCP-TMDB-52957,2,Sugar,1 1/4 cup,ING-GULA-PASIR-DALAM-NEGERI,247.5,247.5,estimated,"perkiraan cup; massa khusus bahan, cup ≈ 240 ml",https://fdc.nal.usda.gov/download-datasets/; https://www.kingarthurbaking.com/learn/ingredient-weight-chart,https://www.themealdb.com/meal/52957,takarkuy-estimates-2026-10-01-v2
RCP-TMDB-52957,3,Vanilla Extract,1 teaspoon,,,,blocked,bahan/bentuk/komposisi belum dipetakan; tidak dibuang dari perhitungan,,https://www.themealdb.com/meal/52957,takarkuy-estimates-2026-10-01-v2
RCP-TMDB-52957,4,Flour,,ING-TEPUNG-TERIGU-CURAH,100,100,estimated,asumsi TAKARKUY untuk batch: 100 g; sumber tidak memberi angka pasti,,https://www.themealdb.com/meal/52957,takarkuy-estimates-2026-10-01-v2
RCP-TMDB-52957,5,Puff Pastry,2,,,,blocked,bahan/bentuk/komposisi belum dipetakan; tidak dibuang dari perhitungan,,https://www.themealdb.com/meal/52957,takarkuy-estimates-2026-10-01-v2
RCP-TMDB-52957,6,Strawberries,,,,,blocked,bahan/bentuk/komposisi belum dipetakan; tidak dibuang dari perhitungan,,https://www.themealdb.com/meal/52957,takarkuy-estimates-2026-10-01-v2
RCP-TMDB-52957,7,Raspberries,,,,,blocked,bahan/bentuk/komposisi belum dipetakan; tidak dibuang dari perhitungan,,https://www.themealdb.com/meal/52957,takarkuy-estimates-2026-10-01-v2
RCP-TMDB-52957,8,Blackberries,,,,,blocked,bahan/bentuk/komposisi belum dipetakan; tidak dibuang dari perhitungan,,https://www.themealdb.com/meal/52957,takarkuy-estimates-2026-10-01-v2
RCP-TMDB-52896,1,Sausages,4,,,,blocked,bahan/bentuk/komposisi belum dipetakan; tidak dibuang dari perhitungan,,https://www.bbc.co.uk/food/recipes/stressfreefullenglis_67721,takarkuy-estimates-2026-10-01-v2
RCP-TMDB-52896,2,Bacon,4,,,,blocked,bahan/bentuk/komposisi belum dipetakan; tidak dibuang dari perhitungan,,https://www.bbc.co.uk/food/recipes/stressfreefullenglis_67721,takarkuy-estimates-2026-10-01-v2
RCP-TMDB-52896,3,Mushrooms,4,,,,blocked,bahan/bentuk/komposisi belum dipetakan; tidak dibuang dari perhitungan,,https://www.bbc.co.uk/food/recipes/stressfreefullenglis_67721,takarkuy-estimates-2026-10-01-v2
RCP-TMDB-52896,4,Tomatoes,3,ING-TOMAT,369.0,369.0,estimated,"asumsi TAKARKUY berat bagian termakan per unit 123 g; mengacu ukuran USDA, bukan bobot pasti produk",https://fdc.nal.usda.gov/download-datasets/,https://www.bbc.co.uk/food/recipes/stressfreefullenglis_67721,takarkuy-estimates-2026-10-01-v2
RCP-TMDB-52896,5,Black Pudding,2 sliced,,,,blocked,bahan/bentuk/komposisi belum dipetakan; tidak dibuang dari perhitungan,,https://www.bbc.co.uk/food/recipes/stressfreefullenglis_67721,takarkuy-estimates-2026-10-01-v2
RCP-TMDB-52896,6,Eggs,2,ING-TELUR-AYAM-BROILER,100.0,100.0,estimated,"asumsi TAKARKUY berat bagian termakan per unit 50 g; mengacu ukuran USDA, bukan bobot pasti produk",https://fdc.nal.usda.gov/download-datasets/,https://www.bbc.co.uk/food/recipes/stressfreefullenglis_67721,takarkuy-estimates-2026-10-01-v2
RCP-TMDB-52896,7,Bread,1 Slice,ING-ROTI,25.0,25.0,estimated,"asumsi TAKARKUY berat bagian termakan per unit 25 g; mengacu ukuran USDA, bukan bobot pasti produk",https://fdc.nal.usda.gov/download-datasets/,https://www.bbc.co.uk/food/recipes/stressfreefullenglis_67721,takarkuy-estimates-2026-10-01-v2
RCP-TMDB-52896,8,Baked Beans,100g,,100.0,,blocked,bahan/bentuk/komposisi belum dipetakan; tidak dibuang dari perhitungan; konversi massa g → g,https://www.nist.gov/pml/owm/metric-si/unit-conversion/approximate-conversions-us-customary-measures-metric,https://www.bbc.co.uk/food/recipes/stressfreefullenglis_67721,takarkuy-estimates-2026-10-01-v2
RCP-TMDB-53450,1,Grits,1/4 cup,,,,blocked,bahan/bentuk/komposisi belum dipetakan; tidak dibuang dari perhitungan,,https://www.bahamas.gov.bs/native-dishes,takarkuy-estimates-2026-10-01-v2
RCP-TMDB-53450,2,Salt,1 tsp,ING-GARAM,6.083,6.083,estimated,"perkiraan tsp; massa khusus bahan, cup ≈ 240 ml",https://fdc.nal.usda.gov/download-datasets/; https://www.kingarthurbaking.com/learn/ingredient-weight-chart,https://www.bahamas.gov.bs/native-dishes,takarkuy-estimates-2026-10-01-v2
RCP-TMDB-53450,3,Water,1 cup,,,,excluded_utility,air/alat/pembungkus masak di luar gizi dan biaya bahan termakan,,https://www.bahamas.gov.bs/native-dishes,takarkuy-estimates-2026-10-01-v2
RCP-TMDB-52967,1,Self-raising Flour,750g,,750.0,,blocked,bahan/bentuk/komposisi belum dipetakan; tidak dibuang dari perhitungan; konversi massa g → g,https://www.nist.gov/pml/owm/metric-si/unit-conversion/approximate-conversions-us-customary-measures-metric,http://chef-raphael.com/home-made-mandazi-recipe/#more-106,takarkuy-estimates-2026-10-01-v2
RCP-TMDB-52967,2,Sugar,6 tablespoons,ING-GULA-PASIR-DALAM-NEGERI,74.25,74.25,estimated,"perkiraan tablespoons; massa khusus bahan, cup ≈ 240 ml",https://fdc.nal.usda.gov/download-datasets/; https://www.kingarthurbaking.com/learn/ingredient-weight-chart,http://chef-raphael.com/home-made-mandazi-recipe/#more-106,takarkuy-estimates-2026-10-01-v2
RCP-TMDB-52967,3,Eggs,2,ING-TELUR-AYAM-BROILER,100.0,100.0,estimated,"asumsi TAKARKUY berat bagian termakan per unit 50 g; mengacu ukuran USDA, bukan bobot pasti produk",https://fdc.nal.usda.gov/download-datasets/,http://chef-raphael.com/home-made-mandazi-recipe/#more-106,takarkuy-estimates-2026-10-01-v2
RCP-TMDB-52967,4,Milk,1 cup,ING-SUSU-SAPI-SEGAR,244.0,244.0,estimated,"perkiraan cup; massa khusus bahan, cup ≈ 240 ml",https://fdc.nal.usda.gov/download-datasets/; https://www.kingarthurbaking.com/learn/ingredient-weight-chart,http://chef-raphael.com/home-made-mandazi-recipe/#more-106,takarkuy-estimates-2026-10-01-v2
RCP-TMDB-53363,1,Water,4 cups,,,,excluded_utility,air/alat/pembungkus masak di luar gizi dan biaya bahan termakan,,https://www.myforkinglife.com/jamaican-cornmeal-porridge/#recipe,takarkuy-estimates-2026-10-01-v2
RCP-TMDB-53363,2,Coconut Milk,380g,ING-SANTAN,380.0,380.0,estimated,konversi massa g → g,https://www.nist.gov/pml/owm/metric-si/unit-conversion/approximate-conversions-us-customary-measures-metric,https://www.myforkinglife.com/jamaican-cornmeal-porridge/#recipe,takarkuy-estimates-2026-10-01-v2
RCP-TMDB-53363,3,Fine Yellow Cornmeal,1 cup,,,,blocked,bahan/bentuk/komposisi belum dipetakan; tidak dibuang dari perhitungan,,https://www.myforkinglife.com/jamaican-cornmeal-porridge/#recipe,takarkuy-estimates-2026-10-01-v2
RCP-TMDB-53363,4,Vanilla Extract,1 1/2 tsp,,,,blocked,bahan/bentuk/komposisi belum dipetakan; tidak dibuang dari perhitungan,,https://www.myforkinglife.com/jamaican-cornmeal-porridge/#recipe,takarkuy-estimates-2026-10-01-v2
RCP-TMDB-53363,5,Ground Cinnamon,1/2 tsp,ING-KAYU-MANIS,1.302,1.302,estimated,"perkiraan tsp; massa khusus bahan, cup ≈ 240 ml",https://fdc.nal.usda.gov/download-datasets/; https://www.kingarthurbaking.com/learn/ingredient-weight-chart,https://www.myforkinglife.com/jamaican-cornmeal-porridge/#recipe,takarkuy-estimates-2026-10-01-v2
RCP-TMDB-53363,6,Ground Nutmeg,1/2 tsp,ING-PALA,1.167,1.167,estimated,"perkiraan tsp; massa khusus bahan, cup ≈ 240 ml",https://fdc.nal.usda.gov/download-datasets/; https://www.kingarthurbaking.com/learn/ingredient-weight-chart,https://www.myforkinglife.com/jamaican-cornmeal-porridge/#recipe,takarkuy-estimates-2026-10-01-v2
RCP-TMDB-53363,7,Ground Allspice,1/4 tsp,ING-ALLSPICE,0.5,0.5,estimated,"perkiraan tsp; massa khusus bahan, cup ≈ 240 ml",https://fdc.nal.usda.gov/download-datasets/; https://www.kingarthurbaking.com/learn/ingredient-weight-chart,https://www.myforkinglife.com/jamaican-cornmeal-porridge/#recipe,takarkuy-estimates-2026-10-01-v2
RCP-TMDB-53363,8,Sweetened Condensed Milk,1/2 cup,,,,blocked,bahan/bentuk/komposisi belum dipetakan; tidak dibuang dari perhitungan,,https://www.myforkinglife.com/jamaican-cornmeal-porridge/#recipe,takarkuy-estimates-2026-10-01-v2
RCP-TMDB-53331,1,Egg,1 medium,ING-TELUR-AYAM-BROILER,50.0,50.0,estimated,"asumsi TAKARKUY berat bagian termakan per unit 50 g; mengacu ukuran USDA, bukan bobot pasti produk",https://fdc.nal.usda.gov/download-datasets/,https://goya.es/en/recipes/oatmeal-pancakes,takarkuy-estimates-2026-10-01-v2
RCP-TMDB-53331,2,Milk,80 ml,ING-SUSU-SAPI-SEGAR,81.333,81.333,estimated,"perkiraan ml; massa khusus bahan, cup ≈ 240 ml",https://fdc.nal.usda.gov/download-datasets/; https://www.kingarthurbaking.com/learn/ingredient-weight-chart,https://goya.es/en/recipes/oatmeal-pancakes,takarkuy-estimates-2026-10-01-v2
RCP-TMDB-53331,3,Sugar,1 tablespoon,ING-GULA-PASIR-DALAM-NEGERI,12.375,12.375,estimated,"perkiraan tablespoon; massa khusus bahan, cup ≈ 240 ml",https://fdc.nal.usda.gov/download-datasets/; https://www.kingarthurbaking.com/learn/ingredient-weight-chart,https://goya.es/en/recipes/oatmeal-pancakes,takarkuy-estimates-2026-10-01-v2
RCP-TMDB-53331,4,Baking Powder,1 tsp,,,,blocked,bahan/bentuk/komposisi belum dipetakan; tidak dibuang dari perhitungan,,https://goya.es/en/recipes/oatmeal-pancakes,takarkuy-estimates-2026-10-01-v2
RCP-TMDB-53331,5,Salt,Pinch,ING-GARAM,3,3,estimated,asumsi TAKARKUY untuk batch: 3 g; sumber tidak memberi angka pasti,,https://goya.es/en/recipes/oatmeal-pancakes,takarkuy-estimates-2026-10-01-v2
RCP-TMDB-53331,6,Vanilla Extract,1 dash,,,,blocked,bahan/bentuk/komposisi belum dipetakan; tidak dibuang dari perhitungan,,https://goya.es/en/recipes/oatmeal-pancakes,takarkuy-estimates-2026-10-01-v2
RCP-TMDB-53331,7,Ground Oats,150g,,150.0,,blocked,bahan/bentuk/komposisi belum dipetakan; tidak dibuang dari perhitungan; konversi massa g → g,https://www.nist.gov/pml/owm/metric-si/unit-conversion/approximate-conversions-us-customary-measures-metric,https://goya.es/en/recipes/oatmeal-pancakes,takarkuy-estimates-2026-10-01-v2
RCP-TMDB-53331,8,Butter,150g,ING-MENTEGA,150.0,150.0,estimated,konversi massa g → g,https://www.nist.gov/pml/owm/metric-si/unit-conversion/approximate-conversions-us-customary-measures-metric,https://goya.es/en/recipes/oatmeal-pancakes,takarkuy-estimates-2026-10-01-v2
RCP-TMDB-53331,9,Sugar Syrup,1 tablespoon,,,,blocked,bahan/bentuk/komposisi belum dipetakan; tidak dibuang dari perhitungan,,https://goya.es/en/recipes/oatmeal-pancakes,takarkuy-estimates-2026-10-01-v2
RCP-TMDB-53331,10,Strawberries,3,,,,blocked,bahan/bentuk/komposisi belum dipetakan; tidak dibuang dari perhitungan,,https://goya.es/en/recipes/oatmeal-pancakes,takarkuy-estimates-2026-10-01-v2
RCP-TMDB-53118,1,Full fat sour cream,2 cups,,,,blocked,bahan/bentuk/komposisi belum dipetakan; tidak dibuang dari perhitungan,,https://scandinaviancookbook.com/rommegrot-norwegian-sour-cream-porridge/,takarkuy-estimates-2026-10-01-v2
RCP-TMDB-53118,2,Flour,3/4 cup,ING-TEPUNG-TERIGU-CURAH,90.0,90.0,estimated,"perkiraan cup; massa khusus bahan, cup ≈ 240 ml",https://fdc.nal.usda.gov/download-datasets/; https://www.kingarthurbaking.com/learn/ingredient-weight-chart,https://scandinaviancookbook.com/rommegrot-norwegian-sour-cream-porridge/,takarkuy-estimates-2026-10-01-v2
RCP-TMDB-53118,3,Milk,2 cups,ING-SUSU-SAPI-SEGAR,488.0,488.0,estimated,"perkiraan cups; massa khusus bahan, cup ≈ 240 ml",https://fdc.nal.usda.gov/download-datasets/; https://www.kingarthurbaking.com/learn/ingredient-weight-chart,https://scandinaviancookbook.com/rommegrot-norwegian-sour-cream-porridge/,takarkuy-estimates-2026-10-01-v2
RCP-TMDB-53118,4,Salt,1 tsp,ING-GARAM,6.083,6.083,estimated,"perkiraan tsp; massa khusus bahan, cup ≈ 240 ml",https://fdc.nal.usda.gov/download-datasets/; https://www.kingarthurbaking.com/learn/ingredient-weight-chart,https://scandinaviancookbook.com/rommegrot-norwegian-sour-cream-porridge/,takarkuy-estimates-2026-10-01-v2
RCP-TMDB-53118,5,Sugar,Sprinkling,ING-GULA-PASIR-DALAM-NEGERI,8,8,estimated,asumsi TAKARKUY untuk batch: 8 g; sumber tidak memberi angka pasti,,https://scandinaviancookbook.com/rommegrot-norwegian-sour-cream-porridge/,takarkuy-estimates-2026-10-01-v2
RCP-TMDB-53118,6,Cinnamon,Sprinkling,ING-KAYU-MANIS,1,1,estimated,asumsi TAKARKUY untuk batch: 1 g; sumber tidak memberi angka pasti,,https://scandinaviancookbook.com/rommegrot-norwegian-sour-cream-porridge/,takarkuy-estimates-2026-10-01-v2
RCP-TMDB-53118,7,Butter,To taste,ING-MENTEGA,15,15,estimated,asumsi TAKARKUY untuk batch: 15 g; sumber tidak memberi angka pasti,,https://scandinaviancookbook.com/rommegrot-norwegian-sour-cream-porridge/,takarkuy-estimates-2026-10-01-v2
RCP-TMDB-52962,1,Eggs,4,ING-TELUR-AYAM-BROILER,200.0,200.0,estimated,"asumsi TAKARKUY berat bagian termakan per unit 50 g; mengacu ukuran USDA, bukan bobot pasti produk",https://fdc.nal.usda.gov/download-datasets/,https://www.bbcgoodfood.com/recipes/73606/eggs-benedict-with-smoked-salmon-and-chives,takarkuy-estimates-2026-10-01-v2
RCP-TMDB-52962,2,White Wine Vinegar,2 tbs,,,,blocked,bahan/bentuk/komposisi belum dipetakan; tidak dibuang dari perhitungan,,https://www.bbcgoodfood.com/recipes/73606/eggs-benedict-with-smoked-salmon-and-chives,takarkuy-estimates-2026-10-01-v2
RCP-TMDB-52962,3,English Muffins,2,,,,blocked,bahan/bentuk/komposisi belum dipetakan; tidak dibuang dari perhitungan,,https://www.bbcgoodfood.com/recipes/73606/eggs-benedict-with-smoked-salmon-and-chives,takarkuy-estimates-2026-10-01-v2
RCP-TMDB-52962,4,Butter,To serve,ING-MENTEGA,15,15,estimated,asumsi TAKARKUY untuk batch: 15 g; sumber tidak memberi angka pasti,,https://www.bbcgoodfood.com/recipes/73606/eggs-benedict-with-smoked-salmon-and-chives,takarkuy-estimates-2026-10-01-v2
RCP-TMDB-52962,5,Smoked Salmon,8 slices,,,,blocked,bahan/bentuk/komposisi belum dipetakan; tidak dibuang dari perhitungan,,https://www.bbcgoodfood.com/recipes/73606/eggs-benedict-with-smoked-salmon-and-chives,takarkuy-estimates-2026-10-01-v2
RCP-TMDB-52962,6,Lemon Juice,2 tsp,ING-LEMON,10.167,10.167,estimated,"perkiraan tsp; massa khusus bahan, cup ≈ 240 ml",https://fdc.nal.usda.gov/download-datasets/; https://www.kingarthurbaking.com/learn/ingredient-weight-chart,https://www.bbcgoodfood.com/recipes/73606/eggs-benedict-with-smoked-salmon-and-chives,takarkuy-estimates-2026-10-01-v2
RCP-TMDB-52962,7,White Wine Vinegar,2 tsp,,,,blocked,bahan/bentuk/komposisi belum dipetakan; tidak dibuang dari perhitungan,,https://www.bbcgoodfood.com/recipes/73606/eggs-benedict-with-smoked-salmon-and-chives,takarkuy-estimates-2026-10-01-v2
RCP-TMDB-52962,8,Egg,3 Yolkes,ING-TELUR-AYAM-BROILER,,,blocked,satuan/format belum dipetakan: yolkes,,https://www.bbcgoodfood.com/recipes/73606/eggs-benedict-with-smoked-salmon-and-chives,takarkuy-estimates-2026-10-01-v2
RCP-TMDB-52962,9,Unsalted Butter,125g,ING-MENTEGA,125.0,125.0,estimated,konversi massa g → g,https://www.nist.gov/pml/owm/metric-si/unit-conversion/approximate-conversions-us-customary-measures-metric,https://www.bbcgoodfood.com/recipes/73606/eggs-benedict-with-smoked-salmon-and-chives,takarkuy-estimates-2026-10-01-v2
RCP-TMDB-52964,1,Butter,50g,ING-MENTEGA,50.0,50.0,estimated,konversi massa g → g,https://www.nist.gov/pml/owm/metric-si/unit-conversion/approximate-conversions-us-customary-measures-metric,https://www.bbcgoodfood.com/recipes/2256/smoked-haddock-kedgeree,takarkuy-estimates-2026-10-01-v2
RCP-TMDB-52964,2,Onion,1 chopped,ING-BAWANG-BOMBAY,110.0,110.0,estimated,"asumsi TAKARKUY berat bagian termakan per unit 110 g; mengacu ukuran USDA, bukan bobot pasti produk",https://fdc.nal.usda.gov/download-datasets/,https://www.bbcgoodfood.com/recipes/2256/smoked-haddock-kedgeree,takarkuy-estimates-2026-10-01-v2
RCP-TMDB-52964,3,Cardamom,3 Pods,,,,blocked,bahan/bentuk/komposisi belum dipetakan; tidak dibuang dari perhitungan,,https://www.bbcgoodfood.com/recipes/2256/smoked-haddock-kedgeree,takarkuy-estimates-2026-10-01-v2
RCP-TMDB-52964,4,Turmeric,1/4 tsp,ING-KUNYIT,0.5,0.5,estimated,"perkiraan tsp; massa khusus bahan, cup ≈ 240 ml",https://fdc.nal.usda.gov/download-datasets/; https://www.kingarthurbaking.com/learn/ingredient-weight-chart,https://www.bbcgoodfood.com/recipes/2256/smoked-haddock-kedgeree,takarkuy-estimates-2026-10-01-v2
RCP-TMDB-52964,5,Cinnamon Stick,1 small,ING-KAYU-MANIS,2.25,2.25,estimated,"asumsi TAKARKUY berat bagian termakan per unit 3 g; mengacu ukuran USDA, bukan bobot pasti produk",https://fdc.nal.usda.gov/download-datasets/,https://www.bbcgoodfood.com/recipes/2256/smoked-haddock-kedgeree,takarkuy-estimates-2026-10-01-v2
RCP-TMDB-52964,6,Bay Leaf,Sprigs of fresh,ING-BAY-LEAF,,,blocked,takaran belum dapat diperkirakan dengan aturan bahan,,https://www.bbcgoodfood.com/recipes/2256/smoked-haddock-kedgeree,takarkuy-estimates-2026-10-01-v2
RCP-TMDB-52964,7,Basmati Rice,450g,,450.0,,blocked,bahan/bentuk/komposisi belum dipetakan; tidak dibuang dari perhitungan; konversi massa g → g,https://www.nist.gov/pml/owm/metric-si/unit-conversion/approximate-conversions-us-customary-measures-metric,https://www.bbcgoodfood.com/recipes/2256/smoked-haddock-kedgeree,takarkuy-estimates-2026-10-01-v2
RCP-TMDB-52964,8,Chicken Stock,1 Litre,,,,blocked,bahan/bentuk/komposisi belum dipetakan; tidak dibuang dari perhitungan,,https://www.bbcgoodfood.com/recipes/2256/smoked-haddock-kedgeree,takarkuy-estimates-2026-10-01-v2
RCP-TMDB-52964,9,Smoked Haddock,750g,,750.0,,blocked,bahan/bentuk/komposisi belum dipetakan; tidak dibuang dari perhitungan; konversi massa g → g,https://www.nist.gov/pml/owm/metric-si/unit-conversion/approximate-conversions-us-customary-measures-metric,https://www.bbcgoodfood.com/recipes/2256/smoked-haddock-kedgeree,takarkuy-estimates-2026-10-01-v2
RCP-TMDB-52964,10,Eggs,3,ING-TELUR-AYAM-BROILER,150.0,150.0,estimated,"asumsi TAKARKUY berat bagian termakan per unit 50 g; mengacu ukuran USDA, bukan bobot pasti produk",https://fdc.nal.usda.gov/download-datasets/,https://www.bbcgoodfood.com/recipes/2256/smoked-haddock-kedgeree,takarkuy-estimates-2026-10-01-v2
RCP-TMDB-52964,11,Parsley,3 tblsp chopped,ING-PARSLEY,11.25,11.25,estimated,"perkiraan tblsp; massa khusus bahan, cup ≈ 240 ml",https://fdc.nal.usda.gov/download-datasets/; https://www.kingarthurbaking.com/learn/ingredient-weight-chart,https://www.bbcgoodfood.com/recipes/2256/smoked-haddock-kedgeree,takarkuy-estimates-2026-10-01-v2
RCP-TMDB-52964,12,Lemon,1 chopped,ING-LEMON,58.0,58.0,estimated,"asumsi TAKARKUY berat bagian termakan per unit 58 g; mengacu ukuran USDA, bukan bobot pasti produk",https://fdc.nal.usda.gov/download-datasets/,https://www.bbcgoodfood.com/recipes/2256/smoked-haddock-kedgeree,takarkuy-estimates-2026-10-01-v2
RCP-TMDB-53415,1,Orange,1 medium,ING-JERUK,131.0,131.0,estimated,"asumsi TAKARKUY berat bagian termakan per unit 131 g; mengacu ukuran USDA, bukan bobot pasti produk",https://fdc.nal.usda.gov/download-datasets/,https://www.thekitchn.com/torrijas-recipe-23214033#post-recipe-286240303,takarkuy-estimates-2026-10-01-v2
RCP-TMDB-53415,2,Lemon,1 medium,ING-LEMON,58.0,58.0,estimated,"asumsi TAKARKUY berat bagian termakan per unit 58 g; mengacu ukuran USDA, bukan bobot pasti produk",https://fdc.nal.usda.gov/download-datasets/,https://www.thekitchn.com/torrijas-recipe-23214033#post-recipe-286240303,takarkuy-estimates-2026-10-01-v2
RCP-TMDB-53415,3,Whole Milk,4 cups,ING-SUSU-SAPI-SEGAR,976.0,976.0,estimated,"perkiraan cups; massa khusus bahan, cup ≈ 240 ml",https://fdc.nal.usda.gov/download-datasets/; https://www.kingarthurbaking.com/learn/ingredient-weight-chart,https://www.thekitchn.com/torrijas-recipe-23214033#post-recipe-286240303,takarkuy-estimates-2026-10-01-v2
RCP-TMDB-53415,4,Sugar,1/2 cup,ING-GULA-PASIR-DALAM-NEGERI,99.0,99.0,estimated,"perkiraan cup; massa khusus bahan, cup ≈ 240 ml",https://fdc.nal.usda.gov/download-datasets/; https://www.kingarthurbaking.com/learn/ingredient-weight-chart,https://www.thekitchn.com/torrijas-recipe-23214033#post-recipe-286240303,takarkuy-estimates-2026-10-01-v2
RCP-TMDB-53415,5,Cinnamon Stick,1,ING-KAYU-MANIS,3.0,3.0,estimated,"asumsi TAKARKUY berat bagian termakan per unit 3 g; mengacu ukuran USDA, bukan bobot pasti produk",https://fdc.nal.usda.gov/download-datasets/,https://www.thekitchn.com/torrijas-recipe-23214033#post-recipe-286240303,takarkuy-estimates-2026-10-01-v2
RCP-TMDB-53415,6,Dry sherry,1/3 cup,,,,blocked,bahan/bentuk/komposisi belum dipetakan; tidak dibuang dari perhitungan,,https://www.thekitchn.com/torrijas-recipe-23214033#post-recipe-286240303,takarkuy-estimates-2026-10-01-v2
RCP-TMDB-53415,7,Baguette,1,,,,blocked,bahan/bentuk/komposisi belum dipetakan; tidak dibuang dari perhitungan,,https://www.thekitchn.com/torrijas-recipe-23214033#post-recipe-286240303,takarkuy-estimates-2026-10-01-v2
RCP-TMDB-53415,8,Olive Oil,1 cup,ING-MINYAK-ZAITUN,216.0,216.0,estimated,"perkiraan cup; massa khusus bahan, cup ≈ 240 ml",https://fdc.nal.usda.gov/download-datasets/; https://www.kingarthurbaking.com/learn/ingredient-weight-chart,https://www.thekitchn.com/torrijas-recipe-23214033#post-recipe-286240303,takarkuy-estimates-2026-10-01-v2
RCP-TMDB-53415,9,Eggs,4 large,ING-TELUR-AYAM-BROILER,250.0,250.0,estimated,"asumsi TAKARKUY berat bagian termakan per unit 50 g; mengacu ukuran USDA, bukan bobot pasti produk",https://fdc.nal.usda.gov/download-datasets/,https://www.thekitchn.com/torrijas-recipe-23214033#post-recipe-286240303,takarkuy-estimates-2026-10-01-v2
RCP-TMDB-53415,10,Honey,To serve,,,,blocked,bahan/bentuk/komposisi belum dipetakan; tidak dibuang dari perhitungan,,https://www.thekitchn.com/torrijas-recipe-23214033#post-recipe-286240303,takarkuy-estimates-2026-10-01-v2
RCP-TMDB-53165,1,Egg,2 medium,ING-TELUR-AYAM-BROILER,100.0,100.0,estimated,"asumsi TAKARKUY berat bagian termakan per unit 50 g; mengacu ukuran USDA, bukan bobot pasti produk",https://fdc.nal.usda.gov/download-datasets/,https://www.bbcgoodfood.com/recipes/torrijas-sherry,takarkuy-estimates-2026-10-01-v2
RCP-TMDB-53165,2,Double Cream,2 tbsp,,,,blocked,bahan/bentuk/komposisi belum dipetakan; tidak dibuang dari perhitungan,,https://www.bbcgoodfood.com/recipes/torrijas-sherry,takarkuy-estimates-2026-10-01-v2
RCP-TMDB-53165,3,Milk,2 tblsp,ING-SUSU-SAPI-SEGAR,30.5,30.5,estimated,"perkiraan tblsp; massa khusus bahan, cup ≈ 240 ml",https://fdc.nal.usda.gov/download-datasets/; https://www.kingarthurbaking.com/learn/ingredient-weight-chart,https://www.bbcgoodfood.com/recipes/torrijas-sherry,takarkuy-estimates-2026-10-01-v2
RCP-TMDB-53165,4,Golden Caster Sugar,3 tsp,ING-GULA-PASIR-DALAM-NEGERI,12.375,12.375,estimated,"perkiraan tsp; massa khusus bahan, cup ≈ 240 ml",https://fdc.nal.usda.gov/download-datasets/; https://www.kingarthurbaking.com/learn/ingredient-weight-chart,https://www.bbcgoodfood.com/recipes/torrijas-sherry,takarkuy-estimates-2026-10-01-v2
RCP-TMDB-53165,5,Sweet Sherry,3  tablespoons,,,,blocked,bahan/bentuk/komposisi belum dipetakan; tidak dibuang dari perhitungan,,https://www.bbcgoodfood.com/recipes/torrijas-sherry,takarkuy-estimates-2026-10-01-v2
RCP-TMDB-53165,6,Bread,4 thick slices,ING-ROTI,,,blocked,satuan/format belum dipetakan: thick slices,,https://www.bbcgoodfood.com/recipes/torrijas-sherry,takarkuy-estimates-2026-10-01-v2
RCP-TMDB-53165,7,Olive Oil,For frying,ING-MINYAK-ZAITUN,20,20,estimated,asumsi TAKARKUY untuk batch: 20 g; sumber tidak memberi angka pasti,,https://www.bbcgoodfood.com/recipes/torrijas-sherry,takarkuy-estimates-2026-10-01-v2
RCP-TMDB-53165,8,Icing Sugar,To serve,,,,blocked,bahan/bentuk/komposisi belum dipetakan; tidak dibuang dari perhitungan,,https://www.bbcgoodfood.com/recipes/torrijas-sherry,takarkuy-estimates-2026-10-01-v2
RCP-TMDB-53165,9,Creme Fraiche,To serve,,,,blocked,bahan/bentuk/komposisi belum dipetakan; tidak dibuang dari perhitungan,,https://www.bbcgoodfood.com/recipes/torrijas-sherry,takarkuy-estimates-2026-10-01-v2
RCP-TMDB-53114,1,Water,2 cups,,,,excluded_utility,air/alat/pembungkus masak di luar gizi dan biaya bahan termakan,,https://tasteoftheplace.com/ugali-kenyan-cornmeal/,takarkuy-estimates-2026-10-01-v2
RCP-TMDB-53114,2,White Cornmeal,1 1/2 cups,,,,blocked,bahan/bentuk/komposisi belum dipetakan; tidak dibuang dari perhitungan,,https://tasteoftheplace.com/ugali-kenyan-cornmeal/,takarkuy-estimates-2026-10-01-v2
RCP-TMDB-53225,1,Egg,5,ING-TELUR-AYAM-BROILER,250.0,250.0,estimated,"asumsi TAKARKUY berat bagian termakan per unit 50 g; mengacu ukuran USDA, bukan bobot pasti produk",https://fdc.nal.usda.gov/download-datasets/,https://cookpad.com/eng/recipes/24629321?ref=search&search_term=saudi+arabia,takarkuy-estimates-2026-10-01-v2
RCP-TMDB-53225,2,Onion,1 Diced,ING-BAWANG-BOMBAY,110.0,110.0,estimated,"asumsi TAKARKUY berat bagian termakan per unit 110 g; mengacu ukuran USDA, bukan bobot pasti produk",https://fdc.nal.usda.gov/download-datasets/,https://cookpad.com/eng/recipes/24629321?ref=search&search_term=saudi+arabia,takarkuy-estimates-2026-10-01-v2
RCP-TMDB-53225,3,Tomato,1 Diced,ING-TOMAT,123.0,123.0,estimated,"asumsi TAKARKUY berat bagian termakan per unit 123 g; mengacu ukuran USDA, bukan bobot pasti produk",https://fdc.nal.usda.gov/download-datasets/,https://cookpad.com/eng/recipes/24629321?ref=search&search_term=saudi+arabia,takarkuy-estimates-2026-10-01-v2
RCP-TMDB-53225,4,Olive Oil,2 tablespoons,ING-MINYAK-ZAITUN,27.0,27.0,estimated,"perkiraan tablespoons; massa khusus bahan, cup ≈ 240 ml",https://fdc.nal.usda.gov/download-datasets/; https://www.kingarthurbaking.com/learn/ingredient-weight-chart,https://cookpad.com/eng/recipes/24629321?ref=search&search_term=saudi+arabia,takarkuy-estimates-2026-10-01-v2
RCP-TMDB-53225,5,Allspice,1/4 tsp,ING-ALLSPICE,0.5,0.5,estimated,"perkiraan tsp; massa khusus bahan, cup ≈ 240 ml",https://fdc.nal.usda.gov/download-datasets/; https://www.kingarthurbaking.com/learn/ingredient-weight-chart,https://cookpad.com/eng/recipes/24629321?ref=search&search_term=saudi+arabia,takarkuy-estimates-2026-10-01-v2
RCP-TMDB-53225,6,Black Pepper,1/4 tsp,ING-MERICA,0.573,0.573,estimated,"perkiraan tsp; massa khusus bahan, cup ≈ 240 ml",https://fdc.nal.usda.gov/download-datasets/; https://www.kingarthurbaking.com/learn/ingredient-weight-chart,https://cookpad.com/eng/recipes/24629321?ref=search&search_term=saudi+arabia,takarkuy-estimates-2026-10-01-v2
RCP-TMDB-53225,7,Liquid Cheese,3  tablespoons,,,,blocked,bahan/bentuk/komposisi belum dipetakan; tidak dibuang dari perhitungan,,https://cookpad.com/eng/recipes/24629321?ref=search&search_term=saudi+arabia,takarkuy-estimates-2026-10-01-v2
RCP-TMDB-53425,1,Warm Water,1 cup,,,,excluded_utility,air/alat/pembungkus masak di luar gizi dan biaya bahan termakan,,https://cookingwithlane.com/laos-banana-tapioca-pudding-nam-van-mak-kuay/,takarkuy-estimates-2026-10-01-v2
RCP-TMDB-53425,2,Water,4 cups,,,,excluded_utility,air/alat/pembungkus masak di luar gizi dan biaya bahan termakan,,https://cookingwithlane.com/laos-banana-tapioca-pudding-nam-van-mak-kuay/,takarkuy-estimates-2026-10-01-v2
RCP-TMDB-53425,3,Tapioca,3  tablespoons,,,,blocked,bahan/bentuk/komposisi belum dipetakan; tidak dibuang dari perhitungan,,https://cookingwithlane.com/laos-banana-tapioca-pudding-nam-van-mak-kuay/,takarkuy-estimates-2026-10-01-v2
RCP-TMDB-53425,4,Coconut Milk,14 oz jar,ING-SANTAN,396.893,396.893,estimated,konversi massa oz → g,https://www.nist.gov/pml/owm/metric-si/unit-conversion/approximate-conversions-us-customary-measures-metric,https://cookingwithlane.com/laos-banana-tapioca-pudding-nam-van-mak-kuay/,takarkuy-estimates-2026-10-01-v2
RCP-TMDB-53425,5,Sugar,2 tablespoons,ING-GULA-PASIR-DALAM-NEGERI,24.75,24.75,estimated,"perkiraan tablespoons; massa khusus bahan, cup ≈ 240 ml",https://fdc.nal.usda.gov/download-datasets/; https://www.kingarthurbaking.com/learn/ingredient-weight-chart,https://cookingwithlane.com/laos-banana-tapioca-pudding-nam-van-mak-kuay/,takarkuy-estimates-2026-10-01-v2
RCP-TMDB-53425,6,Banana,3 Cups,ING-PISANG,675.0,675.0,estimated,"perkiraan cups; massa khusus bahan, cup ≈ 240 ml",https://fdc.nal.usda.gov/download-datasets/; https://www.kingarthurbaking.com/learn/ingredient-weight-chart,https://cookingwithlane.com/laos-banana-tapioca-pudding-nam-van-mak-kuay/,takarkuy-estimates-2026-10-01-v2
RCP-TMDB-53425,7,Water,4 cups,,,,excluded_utility,air/alat/pembungkus masak di luar gizi dan biaya bahan termakan,,https://cookingwithlane.com/laos-banana-tapioca-pudding-nam-van-mak-kuay/,takarkuy-estimates-2026-10-01-v2
RCP-TMDB-53425,8,Salt,To taste,ING-GARAM,3,3,estimated,asumsi TAKARKUY untuk batch: 3 g; sumber tidak memberi angka pasti,,https://cookingwithlane.com/laos-banana-tapioca-pudding-nam-van-mak-kuay/,takarkuy-estimates-2026-10-01-v2
RCP-TMDB-53281,1,Ground Beef,1 lb,ING-DAGING-SAPI,453.592,453.592,estimated,konversi massa lb → g,https://www.nist.gov/pml/owm/metric-si/unit-conversion/approximate-conversions-us-customary-measures-metric,https://www.allrecipes.com/recipe/153790/algerian-kefta-meatballs/,takarkuy-estimates-2026-10-01-v2
RCP-TMDB-53281,2,Garlic,4 Cloves Crushed,ING-BAWANG-PUTIH,12.0,12.0,estimated,"asumsi TAKARKUY berat bagian termakan per unit 3 g; mengacu ukuran USDA, bukan bobot pasti produk",https://fdc.nal.usda.gov/download-datasets/,https://www.allrecipes.com/recipe/153790/algerian-kefta-meatballs/,takarkuy-estimates-2026-10-01-v2
RCP-TMDB-53281,3,Onion,1/2 cup,ING-BAWANG-BOMBAY,80.0,80.0,estimated,"perkiraan cup; massa khusus bahan, cup ≈ 240 ml",https://fdc.nal.usda.gov/download-datasets/; https://www.kingarthurbaking.com/learn/ingredient-weight-chart,https://www.allrecipes.com/recipe/153790/algerian-kefta-meatballs/,takarkuy-estimates-2026-10-01-v2
RCP-TMDB-53281,4,Salt,To taste,ING-GARAM,3,3,estimated,asumsi TAKARKUY untuk batch: 3 g; sumber tidak memberi angka pasti,,https://www.allrecipes.com/recipe/153790/algerian-kefta-meatballs/,takarkuy-estimates-2026-10-01-v2
RCP-TMDB-53281,5,Pepper,To taste,ING-MERICA,1,1,estimated,asumsi TAKARKUY untuk batch: 1 g; sumber tidak memberi angka pasti,,https://www.allrecipes.com/recipe/153790/algerian-kefta-meatballs/,takarkuy-estimates-2026-10-01-v2
RCP-TMDB-53281,6,Plum Tomatoes,3,ING-TOMAT,369.0,369.0,estimated,"asumsi TAKARKUY berat bagian termakan per unit 123 g; mengacu ukuran USDA, bukan bobot pasti produk",https://fdc.nal.usda.gov/download-datasets/,https://www.allrecipes.com/recipe/153790/algerian-kefta-meatballs/,takarkuy-estimates-2026-10-01-v2
RCP-TMDB-53281,7,Parsley,1 tsp,ING-PARSLEY,1.25,1.25,estimated,"perkiraan tsp; massa khusus bahan, cup ≈ 240 ml",https://fdc.nal.usda.gov/download-datasets/; https://www.kingarthurbaking.com/learn/ingredient-weight-chart,https://www.allrecipes.com/recipe/153790/algerian-kefta-meatballs/,takarkuy-estimates-2026-10-01-v2
RCP-TMDB-53281,8,Water,1/2 cup,,,,excluded_utility,air/alat/pembungkus masak di luar gizi dan biaya bahan termakan,,https://www.allrecipes.com/recipe/153790/algerian-kefta-meatballs/,takarkuy-estimates-2026-10-01-v2
RCP-TMDB-53085,1,Chicken Breasts,2,ING-DAGING-AYAM-BROILER,300.0,300.0,estimated,"asumsi TAKARKUY berat bagian termakan per unit 150 g; mengacu ukuran USDA, bukan bobot pasti produk",https://fdc.nal.usda.gov/download-datasets/,https://www.bbcgoodfood.com/recipes/15-minute-chicken-halloumi-burgers,takarkuy-estimates-2026-10-01-v2
RCP-TMDB-53085,2,Oil,1 tbsp,ING-MINYAK-GORENG-CURAH,13.625,13.625,estimated,"perkiraan tbsp; massa khusus bahan, cup ≈ 240 ml",https://fdc.nal.usda.gov/download-datasets/; https://www.kingarthurbaking.com/learn/ingredient-weight-chart,https://www.bbcgoodfood.com/recipes/15-minute-chicken-halloumi-burgers,takarkuy-estimates-2026-10-01-v2
RCP-TMDB-53085,3,Hotsauce,4 tbsp,,,,blocked,bahan/bentuk/komposisi belum dipetakan; tidak dibuang dari perhitungan,,https://www.bbcgoodfood.com/recipes/15-minute-chicken-halloumi-burgers,takarkuy-estimates-2026-10-01-v2
RCP-TMDB-53085,4,Lemon Juice,½,ING-LEMON,29.0,29.0,estimated,"asumsi TAKARKUY berat bagian termakan per unit 58 g; mengacu ukuran USDA, bukan bobot pasti produk",https://fdc.nal.usda.gov/download-datasets/,https://www.bbcgoodfood.com/recipes/15-minute-chicken-halloumi-burgers,takarkuy-estimates-2026-10-01-v2
RCP-TMDB-53085,5,Buns,2,,,,blocked,bahan/bentuk/komposisi belum dipetakan; tidak dibuang dari perhitungan,,https://www.bbcgoodfood.com/recipes/15-minute-chicken-halloumi-burgers,takarkuy-estimates-2026-10-01-v2
RCP-TMDB-53085,6,Cheese,250g,,250.0,,blocked,bahan/bentuk/komposisi belum dipetakan; tidak dibuang dari perhitungan; konversi massa g → g,https://www.nist.gov/pml/owm/metric-si/unit-conversion/approximate-conversions-us-customary-measures-metric,https://www.bbcgoodfood.com/recipes/15-minute-chicken-halloumi-burgers,takarkuy-estimates-2026-10-01-v2
RCP-TMDB-53085,7,Cabbage,¼,ING-KUBIS,225.0,225.0,estimated,"asumsi TAKARKUY berat bagian termakan per unit 900 g; mengacu ukuran USDA, bukan bobot pasti produk",https://fdc.nal.usda.gov/download-datasets/,https://www.bbcgoodfood.com/recipes/15-minute-chicken-halloumi-burgers,takarkuy-estimates-2026-10-01-v2
RCP-TMDB-53085,8,Mayonnaise,2 tbsp,,,,blocked,bahan/bentuk/komposisi belum dipetakan; tidak dibuang dari perhitungan,,https://www.bbcgoodfood.com/recipes/15-minute-chicken-halloumi-burgers,takarkuy-estimates-2026-10-01-v2
RCP-TMDB-53085,9,Sour Cream,4 tbsp,,,,blocked,bahan/bentuk/komposisi belum dipetakan; tidak dibuang dari perhitungan,,https://www.bbcgoodfood.com/recipes/15-minute-chicken-halloumi-burgers,takarkuy-estimates-2026-10-01-v2
RCP-TMDB-53085,10,Lettuce,4 leaves,,,,blocked,bahan/bentuk/komposisi belum dipetakan; tidak dibuang dari perhitungan,,https://www.bbcgoodfood.com/recipes/15-minute-chicken-halloumi-burgers,takarkuy-estimates-2026-10-01-v2
RCP-TMDB-53085,11,Red Pepper,2,ING-PAPRIKA-MERAH,238.0,238.0,estimated,"asumsi TAKARKUY berat bagian termakan per unit 119 g; mengacu ukuran USDA, bukan bobot pasti produk",https://fdc.nal.usda.gov/download-datasets/,https://www.bbcgoodfood.com/recipes/15-minute-chicken-halloumi-burgers,takarkuy-estimates-2026-10-01-v2
RCP-TMDB-53483,1,Black Eyed Peas,800g,,800.0,,blocked,bahan/bentuk/komposisi belum dipetakan; tidak dibuang dari perhitungan; konversi massa g → g,https://www.nist.gov/pml/owm/metric-si/unit-conversion/approximate-conversions-us-customary-measures-metric,https://www.bbcgoodfood.com/recipes/caraje-black-eyed-pea-fritters-shrimp-filling,takarkuy-estimates-2026-10-01-v2
RCP-TMDB-53483,2,Garlic,1 clove,ING-BAWANG-PUTIH,3.0,3.0,estimated,"asumsi TAKARKUY berat bagian termakan per unit 3 g; mengacu ukuran USDA, bukan bobot pasti produk",https://fdc.nal.usda.gov/download-datasets/,https://www.bbcgoodfood.com/recipes/caraje-black-eyed-pea-fritters-shrimp-filling,takarkuy-estimates-2026-10-01-v2
RCP-TMDB-53483,3,Green Chilli,1,ING-CABE-HIJAU-BIASA,10.0,10.0,estimated,"asumsi TAKARKUY berat bagian termakan per unit 10 g; mengacu ukuran USDA, bukan bobot pasti produk",https://fdc.nal.usda.gov/download-datasets/,https://www.bbcgoodfood.com/recipes/caraje-black-eyed-pea-fritters-shrimp-filling,takarkuy-estimates-2026-10-01-v2
RCP-TMDB-53483,4,Red Onions,1 small finely diced,ING-BAWANG-BOMBAY,82.5,82.5,estimated,"asumsi TAKARKUY berat bagian termakan per unit 110 g; mengacu ukuran USDA, bukan bobot pasti produk",https://fdc.nal.usda.gov/download-datasets/,https://www.bbcgoodfood.com/recipes/caraje-black-eyed-pea-fritters-shrimp-filling,takarkuy-estimates-2026-10-01-v2
RCP-TMDB-53483,5,Plain Flour,2 tablespoons,ING-TEPUNG-TERIGU-CURAH,15.0,15.0,estimated,"perkiraan tablespoons; massa khusus bahan, cup ≈ 240 ml",https://fdc.nal.usda.gov/download-datasets/; https://www.kingarthurbaking.com/learn/ingredient-weight-chart,https://www.bbcgoodfood.com/recipes/caraje-black-eyed-pea-fritters-shrimp-filling,takarkuy-estimates-2026-10-01-v2
RCP-TMDB-53483,6,Salt,1 tsp,ING-GARAM,6.083,6.083,estimated,"perkiraan tsp; massa khusus bahan, cup ≈ 240 ml",https://fdc.nal.usda.gov/download-datasets/; https://www.kingarthurbaking.com/learn/ingredient-weight-chart,https://www.bbcgoodfood.com/recipes/caraje-black-eyed-pea-fritters-shrimp-filling,takarkuy-estimates-2026-10-01-v2
RCP-TMDB-53483,7,Chilli Powder,1 tsp,ING-CABAI-BUBUK,1.771,1.771,estimated,"perkiraan tsp; massa khusus bahan, cup ≈ 240 ml",https://fdc.nal.usda.gov/download-datasets/; https://www.kingarthurbaking.com/learn/ingredient-weight-chart,https://www.bbcgoodfood.com/recipes/caraje-black-eyed-pea-fritters-shrimp-filling,takarkuy-estimates-2026-10-01-v2
RCP-TMDB-53483,8,Baking Powder,1 tsp,,,,blocked,bahan/bentuk/komposisi belum dipetakan; tidak dibuang dari perhitungan,,https://www.bbcgoodfood.com/recipes/caraje-black-eyed-pea-fritters-shrimp-filling,takarkuy-estimates-2026-10-01-v2
RCP-TMDB-53483,9,Vegetable Oil,For frying,ING-MINYAK-GORENG-CURAH,20,20,estimated,asumsi TAKARKUY untuk batch: 20 g; sumber tidak memberi angka pasti,,https://www.bbcgoodfood.com/recipes/caraje-black-eyed-pea-fritters-shrimp-filling,takarkuy-estimates-2026-10-01-v2
RCP-TMDB-53483,10,Red Onions,1 sliced,ING-BAWANG-BOMBAY,110.0,110.0,estimated,"asumsi TAKARKUY berat bagian termakan per unit 110 g; mengacu ukuran USDA, bukan bobot pasti produk",https://fdc.nal.usda.gov/download-datasets/,https://www.bbcgoodfood.com/recipes/caraje-black-eyed-pea-fritters-shrimp-filling,takarkuy-estimates-2026-10-01-v2
RCP-TMDB-53483,11,Ginger,1 tablespoon chopped,ING-JAHE,6.0,6.0,estimated,"perkiraan tablespoon; massa khusus bahan, cup ≈ 240 ml",https://fdc.nal.usda.gov/download-datasets/; https://www.kingarthurbaking.com/learn/ingredient-weight-chart,https://www.bbcgoodfood.com/recipes/caraje-black-eyed-pea-fritters-shrimp-filling,takarkuy-estimates-2026-10-01-v2
RCP-TMDB-53483,12,Garlic,2 cloves,ING-BAWANG-PUTIH,6.0,6.0,estimated,"asumsi TAKARKUY berat bagian termakan per unit 3 g; mengacu ukuran USDA, bukan bobot pasti produk",https://fdc.nal.usda.gov/download-datasets/,https://www.bbcgoodfood.com/recipes/caraje-black-eyed-pea-fritters-shrimp-filling,takarkuy-estimates-2026-10-01-v2
RCP-TMDB-53483,13,Red Chilli,1 chopped,ING-CABAI-MERAH-KERITING,10.0,10.0,estimated,"asumsi TAKARKUY berat bagian termakan per unit 10 g; mengacu ukuran USDA, bukan bobot pasti produk",https://fdc.nal.usda.gov/download-datasets/,https://www.bbcgoodfood.com/recipes/caraje-black-eyed-pea-fritters-shrimp-filling,takarkuy-estimates-2026-10-01-v2
RCP-TMDB-53483,14,Raw tiger prawns,150g,ING-UDANG,150.0,150.0,estimated,konversi massa g → g,https://www.nist.gov/pml/owm/metric-si/unit-conversion/approximate-conversions-us-customary-measures-metric,https://www.bbcgoodfood.com/recipes/caraje-black-eyed-pea-fritters-shrimp-filling,takarkuy-estimates-2026-10-01-v2
RCP-TMDB-53483,15,Vegetable Oil,1 tablespoon,ING-MINYAK-GORENG-CURAH,13.625,13.625,estimated,"perkiraan tablespoon; massa khusus bahan, cup ≈ 240 ml",https://fdc.nal.usda.gov/download-datasets/; https://www.kingarthurbaking.com/learn/ingredient-weight-chart,https://www.bbcgoodfood.com/recipes/caraje-black-eyed-pea-fritters-shrimp-filling,takarkuy-estimates-2026-10-01-v2
RCP-TMDB-53483,16,Plum Tomatoes,2,ING-TOMAT,246.0,246.0,estimated,"asumsi TAKARKUY berat bagian termakan per unit 123 g; mengacu ukuran USDA, bukan bobot pasti produk",https://fdc.nal.usda.gov/download-datasets/,https://www.bbcgoodfood.com/recipes/caraje-black-eyed-pea-fritters-shrimp-filling,takarkuy-estimates-2026-10-01-v2
RCP-TMDB-53483,17,Coriander,1 tablespoon chopped,ING-KETUMBAR-BIJI,5.0,5.0,estimated,"perkiraan tablespoon; massa khusus bahan, cup ≈ 240 ml",https://fdc.nal.usda.gov/download-datasets/; https://www.kingarthurbaking.com/learn/ingredient-weight-chart,https://www.bbcgoodfood.com/recipes/caraje-black-eyed-pea-fritters-shrimp-filling,takarkuy-estimates-2026-10-01-v2
RCP-TMDB-53483,18,Lime,Juice of 1,ING-JERUK-NIPIS,,,blocked,takaran belum dapat diperkirakan dengan aturan bahan,,https://www.bbcgoodfood.com/recipes/caraje-black-eyed-pea-fritters-shrimp-filling,takarkuy-estimates-2026-10-01-v2
RCP-TMDB-53158,1,Potatoes,900g,ING-KENTANG,900.0,900.0,estimated,konversi massa g → g,https://www.nist.gov/pml/owm/metric-si/unit-conversion/approximate-conversions-us-customary-measures-metric,https://www.bbcgoodfood.com/recipes/air-fryer-patatas-bravas,takarkuy-estimates-2026-10-01-v2
RCP-TMDB-53158,2,Olive Oil,3  tablespoons,ING-MINYAK-ZAITUN,40.5,40.5,estimated,"perkiraan tablespoons; massa khusus bahan, cup ≈ 240 ml",https://fdc.nal.usda.gov/download-datasets/; https://www.kingarthurbaking.com/learn/ingredient-weight-chart,https://www.bbcgoodfood.com/recipes/air-fryer-patatas-bravas,takarkuy-estimates-2026-10-01-v2
RCP-TMDB-53158,3,Onion,1 chopped,ING-BAWANG-BOMBAY,110.0,110.0,estimated,"asumsi TAKARKUY berat bagian termakan per unit 110 g; mengacu ukuran USDA, bukan bobot pasti produk",https://fdc.nal.usda.gov/download-datasets/,https://www.bbcgoodfood.com/recipes/air-fryer-patatas-bravas,takarkuy-estimates-2026-10-01-v2
RCP-TMDB-53158,4,Garlic,1 clove peeled crushed,ING-BAWANG-PUTIH,3.0,3.0,estimated,"asumsi TAKARKUY berat bagian termakan per unit 3 g; mengacu ukuran USDA, bukan bobot pasti produk",https://fdc.nal.usda.gov/download-datasets/,https://www.bbcgoodfood.com/recipes/air-fryer-patatas-bravas,takarkuy-estimates-2026-10-01-v2
RCP-TMDB-53158,5,Paprika,1 tblsp,ING-PAPRIKA-BUBUK,6.812,6.812,estimated,"perkiraan tblsp; massa khusus bahan, cup ≈ 240 ml",https://fdc.nal.usda.gov/download-datasets/; https://www.kingarthurbaking.com/learn/ingredient-weight-chart,https://www.bbcgoodfood.com/recipes/air-fryer-patatas-bravas,takarkuy-estimates-2026-10-01-v2
RCP-TMDB-53158,6,Tomato Puree,1 tblsp,ING-TOMAT-PUREE,15.625,15.625,estimated,"perkiraan tblsp; massa khusus bahan, cup ≈ 240 ml",https://fdc.nal.usda.gov/download-datasets/; https://www.kingarthurbaking.com/learn/ingredient-weight-chart,https://www.bbcgoodfood.com/recipes/air-fryer-patatas-bravas,takarkuy-estimates-2026-10-01-v2
RCP-TMDB-53158,7,Tinned Tomatos,225g,,225.0,,blocked,bahan/bentuk/komposisi belum dipetakan; tidak dibuang dari perhitungan; konversi massa g → g,https://www.nist.gov/pml/owm/metric-si/unit-conversion/approximate-conversions-us-customary-measures-metric,https://www.bbcgoodfood.com/recipes/air-fryer-patatas-bravas,takarkuy-estimates-2026-10-01-v2
RCP-TMDB-53158,8,Basil Leaves,To serve,ING-BASIL,10,10,estimated,asumsi TAKARKUY untuk batch: 10 g; sumber tidak memberi angka pasti,,https://www.bbcgoodfood.com/recipes/air-fryer-patatas-bravas,takarkuy-estimates-2026-10-01-v2
RCP-TMDB-53092,1,Green Beans,16 ounces,ING-BUNCIS,453.592,453.592,estimated,konversi massa ounces → g,https://www.nist.gov/pml/owm/metric-si/unit-conversion/approximate-conversions-us-customary-measures-metric,https://www.allrecipes.com/recipe/56161/fasoliyyeh-bi-z-zayt-syrian-green-beans-with-olive-oil/,takarkuy-estimates-2026-10-01-v2
RCP-TMDB-53092,2,Olive Oil,1/4 cup,ING-MINYAK-ZAITUN,54.0,54.0,estimated,"perkiraan cup; massa khusus bahan, cup ≈ 240 ml",https://fdc.nal.usda.gov/download-datasets/; https://www.kingarthurbaking.com/learn/ingredient-weight-chart,https://www.allrecipes.com/recipe/56161/fasoliyyeh-bi-z-zayt-syrian-green-beans-with-olive-oil/,takarkuy-estimates-2026-10-01-v2
RCP-TMDB-53092,3,Salt,Dash,ING-GARAM,3,3,estimated,asumsi TAKARKUY untuk batch: 3 g; sumber tidak memberi angka pasti,,https://www.allrecipes.com/recipe/56161/fasoliyyeh-bi-z-zayt-syrian-green-beans-with-olive-oil/,takarkuy-estimates-2026-10-01-v2
RCP-TMDB-53092,4,Garlic,1 clove,ING-BAWANG-PUTIH,3.0,3.0,estimated,"asumsi TAKARKUY berat bagian termakan per unit 3 g; mengacu ukuran USDA, bukan bobot pasti produk",https://fdc.nal.usda.gov/download-datasets/,https://www.allrecipes.com/recipe/56161/fasoliyyeh-bi-z-zayt-syrian-green-beans-with-olive-oil/,takarkuy-estimates-2026-10-01-v2
RCP-TMDB-53092,5,Cilantro,1/4 cup,ING-DAUN-KETUMBAR,4.0,4.0,estimated,"perkiraan cup; massa khusus bahan, cup ≈ 240 ml",https://fdc.nal.usda.gov/download-datasets/; https://www.kingarthurbaking.com/learn/ingredient-weight-chart,https://www.allrecipes.com/recipe/56161/fasoliyyeh-bi-z-zayt-syrian-green-beans-with-olive-oil/,takarkuy-estimates-2026-10-01-v2
RCP-TMDB-52839,1,Linguine Pasta,280g,,280.0,,blocked,bahan/bentuk/komposisi belum dipetakan; tidak dibuang dari perhitungan; konversi massa g → g,https://www.nist.gov/pml/owm/metric-si/unit-conversion/approximate-conversions-us-customary-measures-metric,https://www.bbcgoodfood.com/recipes/1269/chilli-prawn-linguine,takarkuy-estimates-2026-10-01-v2
RCP-TMDB-52839,2,Sugar Snap Peas,200g,,200.0,,blocked,bahan/bentuk/komposisi belum dipetakan; tidak dibuang dari perhitungan; konversi massa g → g,https://www.nist.gov/pml/owm/metric-si/unit-conversion/approximate-conversions-us-customary-measures-metric,https://www.bbcgoodfood.com/recipes/1269/chilli-prawn-linguine,takarkuy-estimates-2026-10-01-v2
RCP-TMDB-52839,3,Olive Oil,2 tblsp,ING-MINYAK-ZAITUN,27.0,27.0,estimated,"perkiraan tblsp; massa khusus bahan, cup ≈ 240 ml",https://fdc.nal.usda.gov/download-datasets/; https://www.kingarthurbaking.com/learn/ingredient-weight-chart,https://www.bbcgoodfood.com/recipes/1269/chilli-prawn-linguine,takarkuy-estimates-2026-10-01-v2
RCP-TMDB-52839,4,Garlic Clove,2 cloves chopped,ING-BAWANG-PUTIH,6.0,6.0,estimated,"asumsi TAKARKUY berat bagian termakan per unit 3 g; mengacu ukuran USDA, bukan bobot pasti produk",https://fdc.nal.usda.gov/download-datasets/,https://www.bbcgoodfood.com/recipes/1269/chilli-prawn-linguine,takarkuy-estimates-2026-10-01-v2
RCP-TMDB-52839,5,Red Chilli,1 large,ING-CABAI-MERAH-KERITING,12.5,12.5,estimated,"asumsi TAKARKUY berat bagian termakan per unit 10 g; mengacu ukuran USDA, bukan bobot pasti produk",https://fdc.nal.usda.gov/download-datasets/,https://www.bbcgoodfood.com/recipes/1269/chilli-prawn-linguine,takarkuy-estimates-2026-10-01-v2
RCP-TMDB-52839,6,King Prawns,24 Skinned,ING-UDANG,,,blocked,satuan/format belum dipetakan: skinned,,https://www.bbcgoodfood.com/recipes/1269/chilli-prawn-linguine,takarkuy-estimates-2026-10-01-v2
RCP-TMDB-52839,7,Cherry Tomatoes,12,ING-TOMAT-CHERRY,204.0,204.0,estimated,"asumsi TAKARKUY berat bagian termakan per unit 17 g; mengacu ukuran USDA, bukan bobot pasti produk",https://fdc.nal.usda.gov/download-datasets/,https://www.bbcgoodfood.com/recipes/1269/chilli-prawn-linguine,takarkuy-estimates-2026-10-01-v2
RCP-TMDB-52839,8,Basil Leaves,Handful,ING-BASIL,,,blocked,takaran belum dapat diperkirakan dengan aturan bahan,,https://www.bbcgoodfood.com/recipes/1269/chilli-prawn-linguine,takarkuy-estimates-2026-10-01-v2
RCP-TMDB-52839,9,Lettuce,Leaves,,,,blocked,bahan/bentuk/komposisi belum dipetakan; tidak dibuang dari perhitungan,,https://www.bbcgoodfood.com/recipes/1269/chilli-prawn-linguine,takarkuy-estimates-2026-10-01-v2
RCP-TMDB-52839,10,Bread,to serve,ING-ROTI,50,50,estimated,asumsi TAKARKUY untuk batch: 50 g; sumber tidak memberi angka pasti,,https://www.bbcgoodfood.com/recipes/1269/chilli-prawn-linguine,takarkuy-estimates-2026-10-01-v2
RCP-TMDB-52839,11,Fromage Frais,2 tbsp,,,,blocked,bahan/bentuk/komposisi belum dipetakan; tidak dibuang dari perhitungan,,https://www.bbcgoodfood.com/recipes/1269/chilli-prawn-linguine,takarkuy-estimates-2026-10-01-v2
RCP-TMDB-52839,12,Lime,Grated Zest of 2,ING-JERUK-NIPIS,,,blocked,takaran belum dapat diperkirakan dengan aturan bahan,,https://www.bbcgoodfood.com/recipes/1269/chilli-prawn-linguine,takarkuy-estimates-2026-10-01-v2
RCP-TMDB-52839,13,Caster Sugar,2 tsp,ING-GULA-PASIR-DALAM-NEGERI,8.25,8.25,estimated,"perkiraan tsp; massa khusus bahan, cup ≈ 240 ml",https://fdc.nal.usda.gov/download-datasets/; https://www.kingarthurbaking.com/learn/ingredient-weight-chart,https://www.bbcgoodfood.com/recipes/1269/chilli-prawn-linguine,takarkuy-estimates-2026-10-01-v2
RCP-TMDB-53527,1,Vegetable Oil,2 cups,ING-MINYAK-GORENG-CURAH,436.0,436.0,estimated,"perkiraan cups; massa khusus bahan, cup ≈ 240 ml",https://fdc.nal.usda.gov/download-datasets/; https://www.kingarthurbaking.com/learn/ingredient-weight-chart,https://www.mycolombianrecipes.com/achiote-oil-aceite-de-achiote/#recipe,takarkuy-estimates-2026-10-01-v2
RCP-TMDB-53527,2,Achiote Seeds,4 tablespoons,,,,blocked,bahan/bentuk/komposisi belum dipetakan; tidak dibuang dari perhitungan,,https://www.mycolombianrecipes.com/achiote-oil-aceite-de-achiote/#recipe,takarkuy-estimates-2026-10-01-v2
RCP-TMDB-53262,1,Romano Pepper,2 large,,,,blocked,bahan/bentuk/komposisi belum dipetakan; tidak dibuang dari perhitungan,,https://www.bbcgoodfood.com/recipes/adana-kebab,takarkuy-estimates-2026-10-01-v2
RCP-TMDB-53262,2,Lamb Mince,800g,,800.0,,blocked,bahan/bentuk/komposisi belum dipetakan; tidak dibuang dari perhitungan; konversi massa g → g,https://www.nist.gov/pml/owm/metric-si/unit-conversion/approximate-conversions-us-customary-measures-metric,https://www.bbcgoodfood.com/recipes/adana-kebab,takarkuy-estimates-2026-10-01-v2
RCP-TMDB-53262,3,Red Pepper Paste,3  tablespoons,,,,blocked,bahan/bentuk/komposisi belum dipetakan; tidak dibuang dari perhitungan,,https://www.bbcgoodfood.com/recipes/adana-kebab,takarkuy-estimates-2026-10-01-v2
RCP-TMDB-53262,4,Pul Biber,1 tablespoon,,,,blocked,bahan/bentuk/komposisi belum dipetakan; tidak dibuang dari perhitungan,,https://www.bbcgoodfood.com/recipes/adana-kebab,takarkuy-estimates-2026-10-01-v2
RCP-TMDB-53262,5,Sunflower Oil,3  tablespoons,,,,blocked,bahan/bentuk/komposisi belum dipetakan; tidak dibuang dari perhitungan,,https://www.bbcgoodfood.com/recipes/adana-kebab,takarkuy-estimates-2026-10-01-v2
RCP-TMDB-53354,1,Goat Meat,3 Lbs,,1360.777,,blocked,bahan/bentuk/komposisi belum dipetakan; tidak dibuang dari perhitungan; konversi massa lbs → g,https://www.nist.gov/pml/owm/metric-si/unit-conversion/approximate-conversions-us-customary-measures-metric,https://www.myforkinglife.com/jamaican-curry-goat/#recipe,takarkuy-estimates-2026-10-01-v2
RCP-TMDB-53354,2,Jamaican Curry Powder,2.5 tbsp,,,,blocked,bahan/bentuk/komposisi belum dipetakan; tidak dibuang dari perhitungan,,https://www.myforkinglife.com/jamaican-curry-goat/#recipe,takarkuy-estimates-2026-10-01-v2
RCP-TMDB-53354,3,Ground Ginger,1/2 tsp,,,,blocked,bahan/bentuk/komposisi belum dipetakan; tidak dibuang dari perhitungan,,https://www.myforkinglife.com/jamaican-curry-goat/#recipe,takarkuy-estimates-2026-10-01-v2
RCP-TMDB-53354,4,All-purpose Seasoning,1/2 tsp,,,,blocked,bahan/bentuk/komposisi belum dipetakan; tidak dibuang dari perhitungan,,https://www.myforkinglife.com/jamaican-curry-goat/#recipe,takarkuy-estimates-2026-10-01-v2
RCP-TMDB-53354,5,Allspice,1/4 tsp,ING-ALLSPICE,0.5,0.5,estimated,"perkiraan tsp; massa khusus bahan, cup ≈ 240 ml",https://fdc.nal.usda.gov/download-datasets/; https://www.kingarthurbaking.com/learn/ingredient-weight-chart,https://www.myforkinglife.com/jamaican-curry-goat/#recipe,takarkuy-estimates-2026-10-01-v2
RCP-TMDB-53354,6,Onion,1 chopped,ING-BAWANG-BOMBAY,110.0,110.0,estimated,"asumsi TAKARKUY berat bagian termakan per unit 110 g; mengacu ukuran USDA, bukan bobot pasti produk",https://fdc.nal.usda.gov/download-datasets/,https://www.myforkinglife.com/jamaican-curry-goat/#recipe,takarkuy-estimates-2026-10-01-v2
RCP-TMDB-53354,7,Garlic,6 cloves sliced,ING-BAWANG-PUTIH,18.0,18.0,estimated,"asumsi TAKARKUY berat bagian termakan per unit 3 g; mengacu ukuran USDA, bukan bobot pasti produk",https://fdc.nal.usda.gov/download-datasets/,https://www.myforkinglife.com/jamaican-curry-goat/#recipe,takarkuy-estimates-2026-10-01-v2
RCP-TMDB-53354,8,Thyme,3 sprigs,ING-THYME,,,blocked,satuan/format belum dipetakan: sprigs,,https://www.myforkinglife.com/jamaican-curry-goat/#recipe,takarkuy-estimates-2026-10-01-v2
RCP-TMDB-53354,9,Oil,2 tablespoons,ING-MINYAK-GORENG-CURAH,27.25,27.25,estimated,"perkiraan tablespoons; massa khusus bahan, cup ≈ 240 ml",https://fdc.nal.usda.gov/download-datasets/; https://www.kingarthurbaking.com/learn/ingredient-weight-chart,https://www.myforkinglife.com/jamaican-curry-goat/#recipe,takarkuy-estimates-2026-10-01-v2
RCP-TMDB-53354,10,Water,1 1/4 cup,,,,excluded_utility,air/alat/pembungkus masak di luar gizi dan biaya bahan termakan,,https://www.myforkinglife.com/jamaican-curry-goat/#recipe,takarkuy-estimates-2026-10-01-v2
RCP-TMDB-53354,11,Scotch Bonnet,1,,,,blocked,bahan/bentuk/komposisi belum dipetakan; tidak dibuang dari perhitungan,,https://www.myforkinglife.com/jamaican-curry-goat/#recipe,takarkuy-estimates-2026-10-01-v2
RCP-TMDB-53354,12,Russet Potato,1 large,ING-KENTANG,212.5,212.5,estimated,"asumsi TAKARKUY berat bagian termakan per unit 170 g; mengacu ukuran USDA, bukan bobot pasti produk",https://fdc.nal.usda.gov/download-datasets/,https://www.myforkinglife.com/jamaican-curry-goat/#recipe,takarkuy-estimates-2026-10-01-v2
RCP-TMDB-53354,13,Salt,To taste,ING-GARAM,3,3,estimated,asumsi TAKARKUY untuk batch: 3 g; sumber tidak memberi angka pasti,,https://www.myforkinglife.com/jamaican-curry-goat/#recipe,takarkuy-estimates-2026-10-01-v2
RCP-TMDB-53354,14,Pepper,To taste,ING-MERICA,1,1,estimated,asumsi TAKARKUY untuk batch: 1 g; sumber tidak memberi angka pasti,,https://www.myforkinglife.com/jamaican-curry-goat/#recipe,takarkuy-estimates-2026-10-01-v2
RCP-TMDB-53334,1,Corn Arepa Filled With Mozarella Cheese,2,,,,blocked,bahan/bentuk/komposisi belum dipetakan; tidak dibuang dari perhitungan,,https://goya.es/en/recipes/arepa-rellena-con-carne-frijol-y-madurito,takarkuy-estimates-2026-10-01-v2
RCP-TMDB-53334,2,Fried Ripe Bananas,1,,,,blocked,bahan/bentuk/komposisi belum dipetakan; tidak dibuang dari perhitungan,,https://goya.es/en/recipes/arepa-rellena-con-carne-frijol-y-madurito,takarkuy-estimates-2026-10-01-v2
RCP-TMDB-53334,3,Black Beans,1 Can,,,,blocked,bahan/bentuk/komposisi belum dipetakan; tidak dibuang dari perhitungan,,https://goya.es/en/recipes/arepa-rellena-con-carne-frijol-y-madurito,takarkuy-estimates-2026-10-01-v2
RCP-TMDB-53334,4,Pico De Gallo Sauce,1,,,,blocked,bahan/bentuk/komposisi belum dipetakan; tidak dibuang dari perhitungan,,https://goya.es/en/recipes/arepa-rellena-con-carne-frijol-y-madurito,takarkuy-estimates-2026-10-01-v2
RCP-TMDB-53334,5,Shredded Meat,2kg,,2000.0,,blocked,bahan/bentuk/komposisi belum dipetakan; tidak dibuang dari perhitungan; konversi massa kg → g,https://www.nist.gov/pml/owm/metric-si/unit-conversion/approximate-conversions-us-customary-measures-metric,https://goya.es/en/recipes/arepa-rellena-con-carne-frijol-y-madurito,takarkuy-estimates-2026-10-01-v2
RCP-TMDB-53334,6,Tomato,1 chopped,ING-TOMAT,123.0,123.0,estimated,"asumsi TAKARKUY berat bagian termakan per unit 123 g; mengacu ukuran USDA, bukan bobot pasti produk",https://fdc.nal.usda.gov/download-datasets/,https://goya.es/en/recipes/arepa-rellena-con-carne-frijol-y-madurito,takarkuy-estimates-2026-10-01-v2
RCP-TMDB-53334,7,Salt,Pinch,ING-GARAM,3,3,estimated,asumsi TAKARKUY untuk batch: 3 g; sumber tidak memberi angka pasti,,https://goya.es/en/recipes/arepa-rellena-con-carne-frijol-y-madurito,takarkuy-estimates-2026-10-01-v2
RCP-TMDB-53334,8,Pepper,Pinch,ING-MERICA,1,1,estimated,asumsi TAKARKUY untuk batch: 1 g; sumber tidak memberi angka pasti,,https://goya.es/en/recipes/arepa-rellena-con-carne-frijol-y-madurito,takarkuy-estimates-2026-10-01-v2
RCP-TMDB-53050,1,Chicken Thighs,6,,,,blocked,bahan/bentuk/komposisi belum dipetakan; tidak dibuang dari perhitungan,,http://www.curiousnut.com/roasted-spiced-chicken-ayam-percik/,takarkuy-estimates-2026-10-01-v2
RCP-TMDB-53050,2,Challots,16,,,,blocked,bahan/bentuk/komposisi belum dipetakan; tidak dibuang dari perhitungan,,http://www.curiousnut.com/roasted-spiced-chicken-ayam-percik/,takarkuy-estimates-2026-10-01-v2
RCP-TMDB-53050,3,Ginger,1 1/2,ING-JAHE,15.0,15.0,estimated,"asumsi TAKARKUY berat bagian termakan per unit 10 g; mengacu ukuran USDA, bukan bobot pasti produk",https://fdc.nal.usda.gov/download-datasets/,http://www.curiousnut.com/roasted-spiced-chicken-ayam-percik/,takarkuy-estimates-2026-10-01-v2
RCP-TMDB-53050,4,Garlic Clove,6,ING-BAWANG-PUTIH,18.0,18.0,estimated,"asumsi TAKARKUY berat bagian termakan per unit 3 g; mengacu ukuran USDA, bukan bobot pasti produk",https://fdc.nal.usda.gov/download-datasets/,http://www.curiousnut.com/roasted-spiced-chicken-ayam-percik/,takarkuy-estimates-2026-10-01-v2
RCP-TMDB-53050,5,Cayenne Pepper,8,ING-CABAI-BUBUK,,,blocked,satuan/format belum dipetakan:,,http://www.curiousnut.com/roasted-spiced-chicken-ayam-percik/,takarkuy-estimates-2026-10-01-v2
RCP-TMDB-53050,6,Turmeric,2 tbs,ING-KUNYIT,12.0,12.0,estimated,"perkiraan tbs; massa khusus bahan, cup ≈ 240 ml",https://fdc.nal.usda.gov/download-datasets/; https://www.kingarthurbaking.com/learn/ingredient-weight-chart,http://www.curiousnut.com/roasted-spiced-chicken-ayam-percik/,takarkuy-estimates-2026-10-01-v2
RCP-TMDB-53050,7,Cumin,1 1/2,ING-CUMIN,1.5,1.5,estimated,asumsi TAKARKUY satuan hilang pada bumbu: angka diperlakukan sebagai gram,,http://www.curiousnut.com/roasted-spiced-chicken-ayam-percik/,takarkuy-estimates-2026-10-01-v2
RCP-TMDB-53050,8,Coriander,1 1/2,ING-KETUMBAR-BIJI,1.5,1.5,estimated,asumsi TAKARKUY satuan hilang pada bumbu: angka diperlakukan sebagai gram,,http://www.curiousnut.com/roasted-spiced-chicken-ayam-percik/,takarkuy-estimates-2026-10-01-v2
RCP-TMDB-53050,9,Fennel,1 1/2,,,,blocked,bahan/bentuk/komposisi belum dipetakan; tidak dibuang dari perhitungan,,http://www.curiousnut.com/roasted-spiced-chicken-ayam-percik/,takarkuy-estimates-2026-10-01-v2
RCP-TMDB-53050,10,Tamarind Paste,2 tbs,,,,blocked,bahan/bentuk/komposisi belum dipetakan; tidak dibuang dari perhitungan,,http://www.curiousnut.com/roasted-spiced-chicken-ayam-percik/,takarkuy-estimates-2026-10-01-v2
RCP-TMDB-53050,11,Coconut Milk,1 can,ING-SANTAN,,,blocked,satuan/format belum dipetakan: can,,http://www.curiousnut.com/roasted-spiced-chicken-ayam-percik/,takarkuy-estimates-2026-10-01-v2
RCP-TMDB-53050,12,Sugar,1 tsp,ING-GULA-PASIR-DALAM-NEGERI,4.125,4.125,estimated,"perkiraan tsp; massa khusus bahan, cup ≈ 240 ml",https://fdc.nal.usda.gov/download-datasets/; https://www.kingarthurbaking.com/learn/ingredient-weight-chart,http://www.curiousnut.com/roasted-spiced-chicken-ayam-percik/,takarkuy-estimates-2026-10-01-v2
RCP-TMDB-53050,13,Water,1 cup,,,,excluded_utility,air/alat/pembungkus masak di luar gizi dan biaya bahan termakan,,http://www.curiousnut.com/roasted-spiced-chicken-ayam-percik/,takarkuy-estimates-2026-10-01-v2
RCP-TMDB-53495,1,Fish fillet,1 lb,,453.592,,blocked,bahan/bentuk/komposisi belum dipetakan; tidak dibuang dari perhitungan; konversi massa lb → g,https://www.nist.gov/pml/owm/metric-si/unit-conversion/approximate-conversions-us-customary-measures-metric,https://recipes-for-life.com/cambodian-recipes/,takarkuy-estimates-2026-10-01-v2
RCP-TMDB-53495,2,Coconut Milk,1 Can,ING-SANTAN,,,blocked,satuan/format belum dipetakan: can,,https://recipes-for-life.com/cambodian-recipes/,takarkuy-estimates-2026-10-01-v2
RCP-TMDB-53495,3,Red Curry Paste,2 tablespoons,,,,blocked,bahan/bentuk/komposisi belum dipetakan; tidak dibuang dari perhitungan,,https://recipes-for-life.com/cambodian-recipes/,takarkuy-estimates-2026-10-01-v2
RCP-TMDB-53495,4,Fish Sauce,1 tablespoon,,,,blocked,bahan/bentuk/komposisi belum dipetakan; tidak dibuang dari perhitungan,,https://recipes-for-life.com/cambodian-recipes/,takarkuy-estimates-2026-10-01-v2
RCP-TMDB-53495,5,Brown Sugar,1 tsp,,,,blocked,bahan/bentuk/komposisi belum dipetakan; tidak dibuang dari perhitungan,,https://recipes-for-life.com/cambodian-recipes/,takarkuy-estimates-2026-10-01-v2
RCP-TMDB-53495,6,Chicken Stock,1 cup,,,,blocked,bahan/bentuk/komposisi belum dipetakan; tidak dibuang dari perhitungan,,https://recipes-for-life.com/cambodian-recipes/,takarkuy-estimates-2026-10-01-v2
RCP-TMDB-53495,7,Egg,1,ING-TELUR-AYAM-BROILER,50.0,50.0,estimated,"asumsi TAKARKUY berat bagian termakan per unit 50 g; mengacu ukuran USDA, bukan bobot pasti produk",https://fdc.nal.usda.gov/download-datasets/,https://recipes-for-life.com/cambodian-recipes/,takarkuy-estimates-2026-10-01-v2
RCP-TMDB-53495,8,Kaffir Lime Leaves,2,,,,blocked,bahan/bentuk/komposisi belum dipetakan; tidak dibuang dari perhitungan,,https://recipes-for-life.com/cambodian-recipes/,takarkuy-estimates-2026-10-01-v2
RCP-TMDB-53495,9,Vegetable Oil,1 tablespoon,ING-MINYAK-GORENG-CURAH,13.625,13.625,estimated,"perkiraan tablespoon; massa khusus bahan, cup ≈ 240 ml",https://fdc.nal.usda.gov/download-datasets/; https://www.kingarthurbaking.com/learn/ingredient-weight-chart,https://recipes-for-life.com/cambodian-recipes/,takarkuy-estimates-2026-10-01-v2
RCP-TMDB-53495,10,Banana Leaves,Handful,,,,blocked,bahan/bentuk/komposisi belum dipetakan; tidak dibuang dari perhitungan,,https://recipes-for-life.com/cambodian-recipes/,takarkuy-estimates-2026-10-01-v2
RCP-TMDB-53495,11,Cilantro,Garnish,ING-DAUN-KETUMBAR,5,5,estimated,asumsi TAKARKUY untuk batch: 5 g; sumber tidak memberi angka pasti,,https://recipes-for-life.com/cambodian-recipes/,takarkuy-estimates-2026-10-01-v2
RCP-TMDB-53495,12,Lime,Garnish,ING-JERUK-NIPIS,20,20,estimated,asumsi TAKARKUY untuk batch: 20 g; sumber tidak memberi angka pasti,,https://recipes-for-life.com/cambodian-recipes/,takarkuy-estimates-2026-10-01-v2
RCP-TMDB-53288,1,Green Pepper,3,ING-PAPRIKA-HIJAU,357.0,357.0,estimated,"asumsi TAKARKUY berat bagian termakan per unit 119 g; mengacu ukuran USDA, bukan bobot pasti produk",https://fdc.nal.usda.gov/download-datasets/,https://www.allrecipes.com/recipe/153802/algerian-flafla-bell-pepper-salad/,takarkuy-estimates-2026-10-01-v2
RCP-TMDB-53288,2,Olive Oil,1 tablespoon,ING-MINYAK-ZAITUN,13.5,13.5,estimated,"perkiraan tablespoon; massa khusus bahan, cup ≈ 240 ml",https://fdc.nal.usda.gov/download-datasets/; https://www.kingarthurbaking.com/learn/ingredient-weight-chart,https://www.allrecipes.com/recipe/153802/algerian-flafla-bell-pepper-salad/,takarkuy-estimates-2026-10-01-v2
RCP-TMDB-53288,3,Red Onions,1 tablespoon chopped,ING-BAWANG-BOMBAY,10.0,10.0,estimated,"perkiraan tablespoon; massa khusus bahan, cup ≈ 240 ml",https://fdc.nal.usda.gov/download-datasets/; https://www.kingarthurbaking.com/learn/ingredient-weight-chart,https://www.allrecipes.com/recipe/153802/algerian-flafla-bell-pepper-salad/,takarkuy-estimates-2026-10-01-v2
RCP-TMDB-53288,4,Garlic,1 clove peeled crushed,ING-BAWANG-PUTIH,3.0,3.0,estimated,"asumsi TAKARKUY berat bagian termakan per unit 3 g; mengacu ukuran USDA, bukan bobot pasti produk",https://fdc.nal.usda.gov/download-datasets/,https://www.allrecipes.com/recipe/153802/algerian-flafla-bell-pepper-salad/,takarkuy-estimates-2026-10-01-v2
RCP-TMDB-53288,5,Salt,To taste,ING-GARAM,3,3,estimated,asumsi TAKARKUY untuk batch: 3 g; sumber tidak memberi angka pasti,,https://www.allrecipes.com/recipe/153802/algerian-flafla-bell-pepper-salad/,takarkuy-estimates-2026-10-01-v2
RCP-TMDB-53288,6,Pepper,To taste,ING-MERICA,1,1,estimated,asumsi TAKARKUY untuk batch: 1 g; sumber tidak memberi angka pasti,,https://www.allrecipes.com/recipe/153802/algerian-flafla-bell-pepper-salad/,takarkuy-estimates-2026-10-01-v2
RCP-TMDB-53288,7,Plum Tomatoes,1 Diced,ING-TOMAT,123.0,123.0,estimated,"asumsi TAKARKUY berat bagian termakan per unit 123 g; mengacu ukuran USDA, bukan bobot pasti produk",https://fdc.nal.usda.gov/download-datasets/,https://www.allrecipes.com/recipe/153802/algerian-flafla-bell-pepper-salad/,takarkuy-estimates-2026-10-01-v2
RCP-TMDB-53150,1,Olive Oil,1 tablespoon,ING-MINYAK-ZAITUN,13.5,13.5,estimated,"perkiraan tablespoon; massa khusus bahan, cup ≈ 240 ml",https://fdc.nal.usda.gov/download-datasets/; https://www.kingarthurbaking.com/learn/ingredient-weight-chart,https://www.bbcgoodfood.com/recipes/padron-peppers,takarkuy-estimates-2026-10-01-v2
RCP-TMDB-53150,2,Padron peppers,500g,,500.0,,blocked,bahan/bentuk/komposisi belum dipetakan; tidak dibuang dari perhitungan; konversi massa g → g,https://www.nist.gov/pml/owm/metric-si/unit-conversion/approximate-conversions-us-customary-measures-metric,https://www.bbcgoodfood.com/recipes/padron-peppers,takarkuy-estimates-2026-10-01-v2
RCP-TMDB-53064,1,Fettuccine,1 lb,,453.592,,blocked,bahan/bentuk/komposisi belum dipetakan; tidak dibuang dari perhitungan; konversi massa lb → g,https://www.nist.gov/pml/owm/metric-si/unit-conversion/approximate-conversions-us-customary-measures-metric,https://www.delish.com/cooking/recipe-ideas/a55312/best-homemade-fettuccine-alfredo-recipe/,takarkuy-estimates-2026-10-01-v2
RCP-TMDB-53064,2,Heavy Cream,1/2 cup,,,,blocked,bahan/bentuk/komposisi belum dipetakan; tidak dibuang dari perhitungan,,https://www.delish.com/cooking/recipe-ideas/a55312/best-homemade-fettuccine-alfredo-recipe/,takarkuy-estimates-2026-10-01-v2
RCP-TMDB-53064,3,Butter,1/2 cup,ING-MENTEGA,113.5,113.5,estimated,"perkiraan cup; massa khusus bahan, cup ≈ 240 ml",https://fdc.nal.usda.gov/download-datasets/; https://www.kingarthurbaking.com/learn/ingredient-weight-chart,https://www.delish.com/cooking/recipe-ideas/a55312/best-homemade-fettuccine-alfredo-recipe/,takarkuy-estimates-2026-10-01-v2
RCP-TMDB-53064,4,Parmesan,1/2 cup,,,,blocked,bahan/bentuk/komposisi belum dipetakan; tidak dibuang dari perhitungan,,https://www.delish.com/cooking/recipe-ideas/a55312/best-homemade-fettuccine-alfredo-recipe/,takarkuy-estimates-2026-10-01-v2
RCP-TMDB-53064,5,Parsley,2 tbsp,ING-PARSLEY,7.5,7.5,estimated,"perkiraan tbsp; massa khusus bahan, cup ≈ 240 ml",https://fdc.nal.usda.gov/download-datasets/; https://www.kingarthurbaking.com/learn/ingredient-weight-chart,https://www.delish.com/cooking/recipe-ideas/a55312/best-homemade-fettuccine-alfredo-recipe/,takarkuy-estimates-2026-10-01-v2
RCP-TMDB-53064,6,Black Pepper,,ING-MERICA,1,1,estimated,asumsi TAKARKUY untuk batch: 1 g; sumber tidak memberi angka pasti,,https://www.delish.com/cooking/recipe-ideas/a55312/best-homemade-fettuccine-alfredo-recipe/,takarkuy-estimates-2026-10-01-v2
RCP-TMDB-53525,1,Avocado,2,,,,blocked,bahan/bentuk/komposisi belum dipetakan; tidak dibuang dari perhitungan,,https://www.mycolombianrecipes.com/aji-de-aguacate-colombian-hot-avocado-sauce/#recipe,takarkuy-estimates-2026-10-01-v2
RCP-TMDB-53525,2,Habanero Pepper,1,,,,blocked,bahan/bentuk/komposisi belum dipetakan; tidak dibuang dari perhitungan,,https://www.mycolombianrecipes.com/aji-de-aguacate-colombian-hot-avocado-sauce/#recipe,takarkuy-estimates-2026-10-01-v2
RCP-TMDB-53525,3,Egg,1,ING-TELUR-AYAM-BROILER,50.0,50.0,estimated,"asumsi TAKARKUY berat bagian termakan per unit 50 g; mengacu ukuran USDA, bukan bobot pasti produk",https://fdc.nal.usda.gov/download-datasets/,https://www.mycolombianrecipes.com/aji-de-aguacate-colombian-hot-avocado-sauce/#recipe,takarkuy-estimates-2026-10-01-v2
RCP-TMDB-53525,4,Lime,Juice of 2,ING-JERUK-NIPIS,,,blocked,takaran belum dapat diperkirakan dengan aturan bahan,,https://www.mycolombianrecipes.com/aji-de-aguacate-colombian-hot-avocado-sauce/#recipe,takarkuy-estimates-2026-10-01-v2
RCP-TMDB-53525,5,Salt,To taste,ING-GARAM,3,3,estimated,asumsi TAKARKUY untuk batch: 3 g; sumber tidak memberi angka pasti,,https://www.mycolombianrecipes.com/aji-de-aguacate-colombian-hot-avocado-sauce/#recipe,takarkuy-estimates-2026-10-01-v2
RCP-TMDB-53525,6,Vinegar,2 tablespoons,,,,blocked,bahan/bentuk/komposisi belum dipetakan; tidak dibuang dari perhitungan,,https://www.mycolombianrecipes.com/aji-de-aguacate-colombian-hot-avocado-sauce/#recipe,takarkuy-estimates-2026-10-01-v2
RCP-TMDB-53525,7,Onion,1 chopped,ING-BAWANG-BOMBAY,110.0,110.0,estimated,"asumsi TAKARKUY berat bagian termakan per unit 110 g; mengacu ukuran USDA, bukan bobot pasti produk",https://fdc.nal.usda.gov/download-datasets/,https://www.mycolombianrecipes.com/aji-de-aguacate-colombian-hot-avocado-sauce/#recipe,takarkuy-estimates-2026-10-01-v2
RCP-TMDB-53525,8,Scallions,2 chopped,ING-DAUN-BAWANG,30.0,30.0,estimated,"asumsi TAKARKUY berat bagian termakan per unit 15 g; mengacu ukuran USDA, bukan bobot pasti produk",https://fdc.nal.usda.gov/download-datasets/,https://www.mycolombianrecipes.com/aji-de-aguacate-colombian-hot-avocado-sauce/#recipe,takarkuy-estimates-2026-10-01-v2
RCP-TMDB-53525,9,Cilantro,4 tablespoons,ING-DAUN-KETUMBAR,4.0,4.0,estimated,"perkiraan tablespoons; massa khusus bahan, cup ≈ 240 ml",https://fdc.nal.usda.gov/download-datasets/; https://www.kingarthurbaking.com/learn/ingredient-weight-chart,https://www.mycolombianrecipes.com/aji-de-aguacate-colombian-hot-avocado-sauce/#recipe,takarkuy-estimates-2026-10-01-v2
RCP-TMDB-53265,1,Garlic,4 Cloves Crushed,ING-BAWANG-PUTIH,12.0,12.0,estimated,"asumsi TAKARKUY berat bagian termakan per unit 3 g; mengacu ukuran USDA, bukan bobot pasti produk",https://fdc.nal.usda.gov/download-datasets/,https://www.bbcgoodfood.com/recipes/chilli-ginger-lamb-chops,takarkuy-estimates-2026-10-01-v2
RCP-TMDB-53265,2,Ginger,1 tblsp,ING-JAHE,6.0,6.0,estimated,"perkiraan tblsp; massa khusus bahan, cup ≈ 240 ml",https://fdc.nal.usda.gov/download-datasets/; https://www.kingarthurbaking.com/learn/ingredient-weight-chart,https://www.bbcgoodfood.com/recipes/chilli-ginger-lamb-chops,takarkuy-estimates-2026-10-01-v2
RCP-TMDB-53265,3,Lemon Juice,1 tblsp,ING-LEMON,15.25,15.25,estimated,"perkiraan tblsp; massa khusus bahan, cup ≈ 240 ml",https://fdc.nal.usda.gov/download-datasets/; https://www.kingarthurbaking.com/learn/ingredient-weight-chart,https://www.bbcgoodfood.com/recipes/chilli-ginger-lamb-chops,takarkuy-estimates-2026-10-01-v2
RCP-TMDB-53265,4,Olive Oil,1 tblsp,ING-MINYAK-ZAITUN,13.5,13.5,estimated,"perkiraan tblsp; massa khusus bahan, cup ≈ 240 ml",https://fdc.nal.usda.gov/download-datasets/; https://www.kingarthurbaking.com/learn/ingredient-weight-chart,https://www.bbcgoodfood.com/recipes/chilli-ginger-lamb-chops,takarkuy-estimates-2026-10-01-v2
RCP-TMDB-53265,5,Chili Powder,1/2 tsp,ING-CABAI-BUBUK,0.885,0.885,estimated,"perkiraan tsp; massa khusus bahan, cup ≈ 240 ml",https://fdc.nal.usda.gov/download-datasets/; https://www.kingarthurbaking.com/learn/ingredient-weight-chart,https://www.bbcgoodfood.com/recipes/chilli-ginger-lamb-chops,takarkuy-estimates-2026-10-01-v2
RCP-TMDB-53265,6,Cumin,1 tsp,ING-CUMIN,2.0,2.0,estimated,"perkiraan tsp; massa khusus bahan, cup ≈ 240 ml",https://fdc.nal.usda.gov/download-datasets/; https://www.kingarthurbaking.com/learn/ingredient-weight-chart,https://www.bbcgoodfood.com/recipes/chilli-ginger-lamb-chops,takarkuy-estimates-2026-10-01-v2
RCP-TMDB-53265,7,Lamb Loin Chops,8,,,,blocked,bahan/bentuk/komposisi belum dipetakan; tidak dibuang dari perhitungan,,https://www.bbcgoodfood.com/recipes/chilli-ginger-lamb-chops,takarkuy-estimates-2026-10-01-v2
RCP-TMDB-52968,1,Goat Meat,1 kg,,1000.0,,blocked,bahan/bentuk/komposisi belum dipetakan; tidak dibuang dari perhitungan; konversi massa kg → g,https://www.nist.gov/pml/owm/metric-si/unit-conversion/approximate-conversions-us-customary-measures-metric,https://www.themealdb.com/meal/52968,takarkuy-estimates-2026-10-01-v2
RCP-TMDB-52968,2,Corn Flour,1 kg,ING-MAIZENA,1000.0,1000.0,estimated,konversi massa kg → g,https://www.nist.gov/pml/owm/metric-si/unit-conversion/approximate-conversions-us-customary-measures-metric,https://www.themealdb.com/meal/52968,takarkuy-estimates-2026-10-01-v2
RCP-TMDB-52968,3,Tomatoes,2,ING-TOMAT,246.0,246.0,estimated,"asumsi TAKARKUY berat bagian termakan per unit 123 g; mengacu ukuran USDA, bukan bobot pasti produk",https://fdc.nal.usda.gov/download-datasets/,https://www.themealdb.com/meal/52968,takarkuy-estimates-2026-10-01-v2
RCP-TMDB-52968,4,Salt,Pinch,ING-GARAM,3,3,estimated,asumsi TAKARKUY untuk batch: 3 g; sumber tidak memberi angka pasti,,https://www.themealdb.com/meal/52968,takarkuy-estimates-2026-10-01-v2
RCP-TMDB-52968,5,Onion,1,ING-BAWANG-BOMBAY,110.0,110.0,estimated,"asumsi TAKARKUY berat bagian termakan per unit 110 g; mengacu ukuran USDA, bukan bobot pasti produk",https://fdc.nal.usda.gov/download-datasets/,https://www.themealdb.com/meal/52968,takarkuy-estimates-2026-10-01-v2
RCP-TMDB-52968,6,Green Chilli,1,ING-CABE-HIJAU-BIASA,10.0,10.0,estimated,"asumsi TAKARKUY berat bagian termakan per unit 10 g; mengacu ukuran USDA, bukan bobot pasti produk",https://fdc.nal.usda.gov/download-datasets/,https://www.themealdb.com/meal/52968,takarkuy-estimates-2026-10-01-v2
RCP-TMDB-52968,7,Coriander Leaves,1  bunch,ING-DAUN-KETUMBAR,,,blocked,satuan/format belum dipetakan: bunch,,https://www.themealdb.com/meal/52968,takarkuy-estimates-2026-10-01-v2
RCP-TMDB-53329,1,Beef,500g,ING-DAGING-SAPI,500.0,500.0,estimated,konversi massa g → g,https://www.nist.gov/pml/owm/metric-si/unit-conversion/approximate-conversions-us-customary-measures-metric,https://goya.es/en/recipes/arepa-pelua,takarkuy-estimates-2026-10-01-v2
RCP-TMDB-53329,2,Onion,1,ING-BAWANG-BOMBAY,110.0,110.0,estimated,"asumsi TAKARKUY berat bagian termakan per unit 110 g; mengacu ukuran USDA, bukan bobot pasti produk",https://fdc.nal.usda.gov/download-datasets/,https://goya.es/en/recipes/arepa-pelua,takarkuy-estimates-2026-10-01-v2
RCP-TMDB-53329,3,Red Pepper,1,ING-PAPRIKA-MERAH,119.0,119.0,estimated,"asumsi TAKARKUY berat bagian termakan per unit 119 g; mengacu ukuran USDA, bukan bobot pasti produk",https://fdc.nal.usda.gov/download-datasets/,https://goya.es/en/recipes/arepa-pelua,takarkuy-estimates-2026-10-01-v2
RCP-TMDB-53329,4,Garlic,2 cloves,ING-BAWANG-PUTIH,6.0,6.0,estimated,"asumsi TAKARKUY berat bagian termakan per unit 3 g; mengacu ukuran USDA, bukan bobot pasti produk",https://fdc.nal.usda.gov/download-datasets/,https://goya.es/en/recipes/arepa-pelua,takarkuy-estimates-2026-10-01-v2
RCP-TMDB-53329,5,Cumin,1 tsp,ING-CUMIN,2.0,2.0,estimated,"perkiraan tsp; massa khusus bahan, cup ≈ 240 ml",https://fdc.nal.usda.gov/download-datasets/; https://www.kingarthurbaking.com/learn/ingredient-weight-chart,https://goya.es/en/recipes/arepa-pelua,takarkuy-estimates-2026-10-01-v2
RCP-TMDB-53329,6,Oregano,1 tsp,,,,blocked,bahan/bentuk/komposisi belum dipetakan; tidak dibuang dari perhitungan,,https://goya.es/en/recipes/arepa-pelua,takarkuy-estimates-2026-10-01-v2
RCP-TMDB-53329,7,Paprika,1 tsp,ING-PAPRIKA-BUBUK,2.271,2.271,estimated,"perkiraan tsp; massa khusus bahan, cup ≈ 240 ml",https://fdc.nal.usda.gov/download-datasets/; https://www.kingarthurbaking.com/learn/ingredient-weight-chart,https://goya.es/en/recipes/arepa-pelua,takarkuy-estimates-2026-10-01-v2
RCP-TMDB-53329,8,Beef Stock,1 L,,,,blocked,bahan/bentuk/komposisi belum dipetakan; tidak dibuang dari perhitungan,,https://goya.es/en/recipes/arepa-pelua,takarkuy-estimates-2026-10-01-v2
RCP-TMDB-53329,9,Water,2 1/2 cups,,,,excluded_utility,air/alat/pembungkus masak di luar gizi dan biaya bahan termakan,,https://goya.es/en/recipes/arepa-pelua,takarkuy-estimates-2026-10-01-v2
RCP-TMDB-53329,10,Salt,Pinch,ING-GARAM,3,3,estimated,asumsi TAKARKUY untuk batch: 3 g; sumber tidak memberi angka pasti,,https://goya.es/en/recipes/arepa-pelua,takarkuy-estimates-2026-10-01-v2
RCP-TMDB-53329,11,Cheese,200g,,200.0,,blocked,bahan/bentuk/komposisi belum dipetakan; tidak dibuang dari perhitungan; konversi massa g → g,https://www.nist.gov/pml/owm/metric-si/unit-conversion/approximate-conversions-us-customary-measures-metric,https://goya.es/en/recipes/arepa-pelua,takarkuy-estimates-2026-10-01-v2
RCP-TMDB-53329,12,Extra Virgin Olive Oil,Pinch,ING-MINYAK-ZAITUN,20,20,estimated,asumsi TAKARKUY untuk batch: 20 g; sumber tidak memberi angka pasti,,https://goya.es/en/recipes/arepa-pelua,takarkuy-estimates-2026-10-01-v2
RCP-TMDB-53466,1,Chicken Legs,1,,,,blocked,bahan/bentuk/komposisi belum dipetakan; tidak dibuang dari perhitungan,,https://junedarville.com/waterzooi.html,takarkuy-estimates-2026-10-01-v2
RCP-TMDB-53466,2,Chicken Breast,1,ING-DAGING-AYAM-BROILER,150.0,150.0,estimated,"asumsi TAKARKUY berat bagian termakan per unit 150 g; mengacu ukuran USDA, bukan bobot pasti produk",https://fdc.nal.usda.gov/download-datasets/,https://junedarville.com/waterzooi.html,takarkuy-estimates-2026-10-01-v2
RCP-TMDB-53466,3,Water,3 Cups,,,,excluded_utility,air/alat/pembungkus masak di luar gizi dan biaya bahan termakan,,https://junedarville.com/waterzooi.html,takarkuy-estimates-2026-10-01-v2
RCP-TMDB-53466,4,Carrots,1 small,ING-WORTEL,45.75,45.75,estimated,"asumsi TAKARKUY berat bagian termakan per unit 61 g; mengacu ukuran USDA, bukan bobot pasti produk",https://fdc.nal.usda.gov/download-datasets/,https://junedarville.com/waterzooi.html,takarkuy-estimates-2026-10-01-v2
RCP-TMDB-53466,5,Leek,2,,,,blocked,bahan/bentuk/komposisi belum dipetakan; tidak dibuang dari perhitungan,,https://junedarville.com/waterzooi.html,takarkuy-estimates-2026-10-01-v2
RCP-TMDB-53466,6,Celery,1,ING-SELEDRI,40.0,40.0,estimated,"asumsi TAKARKUY berat bagian termakan per unit 40 g; mengacu ukuran USDA, bukan bobot pasti produk",https://fdc.nal.usda.gov/download-datasets/,https://junedarville.com/waterzooi.html,takarkuy-estimates-2026-10-01-v2
RCP-TMDB-53466,7,Potatoes,100g,ING-KENTANG,100.0,100.0,estimated,konversi massa g → g,https://www.nist.gov/pml/owm/metric-si/unit-conversion/approximate-conversions-us-customary-measures-metric,https://junedarville.com/waterzooi.html,takarkuy-estimates-2026-10-01-v2
RCP-TMDB-53466,8,Garlic,2 cloves,ING-BAWANG-PUTIH,6.0,6.0,estimated,"asumsi TAKARKUY berat bagian termakan per unit 3 g; mengacu ukuran USDA, bukan bobot pasti produk",https://fdc.nal.usda.gov/download-datasets/,https://junedarville.com/waterzooi.html,takarkuy-estimates-2026-10-01-v2
RCP-TMDB-53466,9,Rosemary,1 Sprig,,,,blocked,bahan/bentuk/komposisi belum dipetakan; tidak dibuang dari perhitungan,,https://junedarville.com/waterzooi.html,takarkuy-estimates-2026-10-01-v2
RCP-TMDB-53466,10,Cream,1 1/2 cups,,,,blocked,bahan/bentuk/komposisi belum dipetakan; tidak dibuang dari perhitungan,,https://junedarville.com/waterzooi.html,takarkuy-estimates-2026-10-01-v2
RCP-TMDB-53466,11,Bay Leaf,2,ING-BAY-LEAF,1.2,1.2,estimated,"asumsi TAKARKUY berat bagian termakan per unit 0.6 g; mengacu ukuran USDA, bukan bobot pasti produk",https://fdc.nal.usda.gov/download-datasets/,https://junedarville.com/waterzooi.html,takarkuy-estimates-2026-10-01-v2
RCP-TMDB-53466,12,Unsalted Butter,1 tablespoon,ING-MENTEGA,14.188,14.188,estimated,"perkiraan tablespoon; massa khusus bahan, cup ≈ 240 ml",https://fdc.nal.usda.gov/download-datasets/; https://www.kingarthurbaking.com/learn/ingredient-weight-chart,https://junedarville.com/waterzooi.html,takarkuy-estimates-2026-10-01-v2
RCP-TMDB-53466,13,Egg Yolks,1,,,,blocked,bahan/bentuk/komposisi belum dipetakan; tidak dibuang dari perhitungan,,https://junedarville.com/waterzooi.html,takarkuy-estimates-2026-10-01-v2
RCP-TMDB-53466,14,Pepper,Pinch,ING-MERICA,1,1,estimated,asumsi TAKARKUY untuk batch: 1 g; sumber tidak memberi angka pasti,,https://junedarville.com/waterzooi.html,takarkuy-estimates-2026-10-01-v2
RCP-TMDB-53466,15,Salt,Pinch,ING-GARAM,3,3,estimated,asumsi TAKARKUY untuk batch: 3 g; sumber tidak memberi angka pasti,,https://junedarville.com/waterzooi.html,takarkuy-estimates-2026-10-01-v2
RCP-TMDB-53147,1,Raw King Prawns,24,ING-UDANG,288.0,288.0,estimated,"asumsi TAKARKUY berat bagian termakan per unit 12 g; mengacu ukuran USDA, bukan bobot pasti produk",https://fdc.nal.usda.gov/download-datasets/,https://www.bbcgoodfood.com/recipes/arroz-con-gambas-y-calamar,takarkuy-estimates-2026-10-01-v2
RCP-TMDB-53147,2,Olive Oil,2 tbsp,ING-MINYAK-ZAITUN,27.0,27.0,estimated,"perkiraan tbsp; massa khusus bahan, cup ≈ 240 ml",https://fdc.nal.usda.gov/download-datasets/; https://www.kingarthurbaking.com/learn/ingredient-weight-chart,https://www.bbcgoodfood.com/recipes/arroz-con-gambas-y-calamar,takarkuy-estimates-2026-10-01-v2
RCP-TMDB-53147,3,Onion,1 small,ING-BAWANG-BOMBAY,82.5,82.5,estimated,"asumsi TAKARKUY berat bagian termakan per unit 110 g; mengacu ukuran USDA, bukan bobot pasti produk",https://fdc.nal.usda.gov/download-datasets/,https://www.bbcgoodfood.com/recipes/arroz-con-gambas-y-calamar,takarkuy-estimates-2026-10-01-v2
RCP-TMDB-53147,4,Bay Leaf,1,ING-BAY-LEAF,0.6,0.6,estimated,"asumsi TAKARKUY berat bagian termakan per unit 0.6 g; mengacu ukuran USDA, bukan bobot pasti produk",https://fdc.nal.usda.gov/download-datasets/,https://www.bbcgoodfood.com/recipes/arroz-con-gambas-y-calamar,takarkuy-estimates-2026-10-01-v2
RCP-TMDB-53147,5,Saffron,1 pinch,,,,blocked,bahan/bentuk/komposisi belum dipetakan; tidak dibuang dari perhitungan,,https://www.bbcgoodfood.com/recipes/arroz-con-gambas-y-calamar,takarkuy-estimates-2026-10-01-v2
RCP-TMDB-53147,6,Paella Rice,450g,,450.0,,blocked,bahan/bentuk/komposisi belum dipetakan; tidak dibuang dari perhitungan; konversi massa g → g,https://www.nist.gov/pml/owm/metric-si/unit-conversion/approximate-conversions-us-customary-measures-metric,https://www.bbcgoodfood.com/recipes/arroz-con-gambas-y-calamar,takarkuy-estimates-2026-10-01-v2
RCP-TMDB-53147,7,Tomato Puree,2 teaspoons,ING-TOMAT-PUREE,10.417,10.417,estimated,"perkiraan teaspoons; massa khusus bahan, cup ≈ 240 ml",https://fdc.nal.usda.gov/download-datasets/; https://www.kingarthurbaking.com/learn/ingredient-weight-chart,https://www.bbcgoodfood.com/recipes/arroz-con-gambas-y-calamar,takarkuy-estimates-2026-10-01-v2
RCP-TMDB-53147,8,White Wine,200ml,,,,blocked,bahan/bentuk/komposisi belum dipetakan; tidak dibuang dari perhitungan,,https://www.bbcgoodfood.com/recipes/arroz-con-gambas-y-calamar,takarkuy-estimates-2026-10-01-v2
RCP-TMDB-53147,9,Seafood stock,650ml,,,,blocked,bahan/bentuk/komposisi belum dipetakan; tidak dibuang dari perhitungan,,https://www.bbcgoodfood.com/recipes/arroz-con-gambas-y-calamar,takarkuy-estimates-2026-10-01-v2
RCP-TMDB-53147,10,Squid,3 Medium,,,,blocked,bahan/bentuk/komposisi belum dipetakan; tidak dibuang dari perhitungan,,https://www.bbcgoodfood.com/recipes/arroz-con-gambas-y-calamar,takarkuy-estimates-2026-10-01-v2
RCP-TMDB-53278,1,Aubergine,2,ING-TERONG,900.0,900.0,estimated,"asumsi TAKARKUY berat bagian termakan per unit 450 g; mengacu ukuran USDA, bukan bobot pasti produk",https://fdc.nal.usda.gov/download-datasets/,https://www.bbcgoodfood.com/recipes/aubergine-hummus-grills,takarkuy-estimates-2026-10-01-v2
RCP-TMDB-53278,2,Vegetable Oil,2 tablespoons,ING-MINYAK-GORENG-CURAH,27.25,27.25,estimated,"perkiraan tablespoons; massa khusus bahan, cup ≈ 240 ml",https://fdc.nal.usda.gov/download-datasets/; https://www.kingarthurbaking.com/learn/ingredient-weight-chart,https://www.bbcgoodfood.com/recipes/aubergine-hummus-grills,takarkuy-estimates-2026-10-01-v2
RCP-TMDB-53278,3,Bread,3 sliced thinly,ING-ROTI,75.0,75.0,estimated,"asumsi TAKARKUY berat bagian termakan per unit 25 g; mengacu ukuran USDA, bukan bobot pasti produk",https://fdc.nal.usda.gov/download-datasets/,https://www.bbcgoodfood.com/recipes/aubergine-hummus-grills,takarkuy-estimates-2026-10-01-v2
RCP-TMDB-53278,4,Hummus,300g,,300.0,,blocked,bahan/bentuk/komposisi belum dipetakan; tidak dibuang dari perhitungan; konversi massa g → g,https://www.nist.gov/pml/owm/metric-si/unit-conversion/approximate-conversions-us-customary-measures-metric,https://www.bbcgoodfood.com/recipes/aubergine-hummus-grills,takarkuy-estimates-2026-10-01-v2
RCP-TMDB-53278,5,Walnuts,100g,,100.0,,blocked,bahan/bentuk/komposisi belum dipetakan; tidak dibuang dari perhitungan; konversi massa g → g,https://www.nist.gov/pml/owm/metric-si/unit-conversion/approximate-conversions-us-customary-measures-metric,https://www.bbcgoodfood.com/recipes/aubergine-hummus-grills,takarkuy-estimates-2026-10-01-v2
RCP-TMDB-53278,6,Parsley,40g,ING-PARSLEY,40.0,40.0,estimated,konversi massa g → g,https://www.nist.gov/pml/owm/metric-si/unit-conversion/approximate-conversions-us-customary-measures-metric,https://www.bbcgoodfood.com/recipes/aubergine-hummus-grills,takarkuy-estimates-2026-10-01-v2
RCP-TMDB-53278,7,Cherry Tomatoes,200g,ING-TOMAT-CHERRY,200.0,200.0,estimated,konversi massa g → g,https://www.nist.gov/pml/owm/metric-si/unit-conversion/approximate-conversions-us-customary-measures-metric,https://www.bbcgoodfood.com/recipes/aubergine-hummus-grills,takarkuy-estimates-2026-10-01-v2
RCP-TMDB-53278,8,Lemon,Juice of 1/2,ING-LEMON,,,blocked,takaran belum dapat diperkirakan dengan aturan bahan,,https://www.bbcgoodfood.com/recipes/aubergine-hummus-grills,takarkuy-estimates-2026-10-01-v2
RCP-TMDB-53278,9,Extra Virgin Olive Oil,Splash,ING-MINYAK-ZAITUN,,,blocked,takaran belum dapat diperkirakan dengan aturan bahan,,https://www.bbcgoodfood.com/recipes/aubergine-hummus-grills,takarkuy-estimates-2026-10-01-v2
RCP-TMDB-53115,1,Red Onions,3 Large,ING-BAWANG-BOMBAY,412.5,412.5,estimated,"asumsi TAKARKUY berat bagian termakan per unit 110 g; mengacu ukuran USDA, bukan bobot pasti produk",https://fdc.nal.usda.gov/download-datasets/,https://www.bbc.co.uk/food/recipes/red_onion_pickle_98165,takarkuy-estimates-2026-10-01-v2
RCP-TMDB-53115,2,Sea Salt,2 tsp,ING-GARAM,12.167,12.167,estimated,"perkiraan tsp; massa khusus bahan, cup ≈ 240 ml",https://fdc.nal.usda.gov/download-datasets/; https://www.kingarthurbaking.com/learn/ingredient-weight-chart,https://www.bbc.co.uk/food/recipes/red_onion_pickle_98165,takarkuy-estimates-2026-10-01-v2
RCP-TMDB-53115,3,Cider Vinegar,200ml,,,,blocked,bahan/bentuk/komposisi belum dipetakan; tidak dibuang dari perhitungan,,https://www.bbc.co.uk/food/recipes/red_onion_pickle_98165,takarkuy-estimates-2026-10-01-v2
RCP-TMDB-53115,4,Granulated Sugar,50g,ING-GULA-PASIR-DALAM-NEGERI,50.0,50.0,estimated,konversi massa g → g,https://www.nist.gov/pml/owm/metric-si/unit-conversion/approximate-conversions-us-customary-measures-metric,https://www.bbc.co.uk/food/recipes/red_onion_pickle_98165,takarkuy-estimates-2026-10-01-v2
RCP-TMDB-53115,5,Black Pepper,1 tsp,ING-MERICA,2.292,2.292,estimated,"perkiraan tsp; massa khusus bahan, cup ≈ 240 ml",https://fdc.nal.usda.gov/download-datasets/; https://www.kingarthurbaking.com/learn/ingredient-weight-chart,https://www.bbc.co.uk/food/recipes/red_onion_pickle_98165,takarkuy-estimates-2026-10-01-v2
RCP-TMDB-53115,6,Bay Leaves,4,ING-BAY-LEAF,2.4,2.4,estimated,"asumsi TAKARKUY berat bagian termakan per unit 0.6 g; mengacu ukuran USDA, bukan bobot pasti produk",https://fdc.nal.usda.gov/download-datasets/,https://www.bbc.co.uk/food/recipes/red_onion_pickle_98165,takarkuy-estimates-2026-10-01-v2
RCP-TMDB-52835,1,Clotted Cream,227g,,227.0,,blocked,bahan/bentuk/komposisi belum dipetakan; tidak dibuang dari perhitungan; konversi massa g → g,https://www.nist.gov/pml/owm/metric-si/unit-conversion/approximate-conversions-us-customary-measures-metric,https://www.bbcgoodfood.com/recipes/fettucine-alfredo,takarkuy-estimates-2026-10-01-v2
RCP-TMDB-52835,2,Butter,25g,ING-MENTEGA,25.0,25.0,estimated,konversi massa g → g,https://www.nist.gov/pml/owm/metric-si/unit-conversion/approximate-conversions-us-customary-measures-metric,https://www.bbcgoodfood.com/recipes/fettucine-alfredo,takarkuy-estimates-2026-10-01-v2
RCP-TMDB-52835,3,Corn Flour,1 tsp,ING-MAIZENA,2.667,2.667,estimated,"perkiraan tsp; massa khusus bahan, cup ≈ 240 ml",https://fdc.nal.usda.gov/download-datasets/; https://www.kingarthurbaking.com/learn/ingredient-weight-chart,https://www.bbcgoodfood.com/recipes/fettucine-alfredo,takarkuy-estimates-2026-10-01-v2
RCP-TMDB-52835,4,Parmesan Cheese,100g,,100.0,,blocked,bahan/bentuk/komposisi belum dipetakan; tidak dibuang dari perhitungan; konversi massa g → g,https://www.nist.gov/pml/owm/metric-si/unit-conversion/approximate-conversions-us-customary-measures-metric,https://www.bbcgoodfood.com/recipes/fettucine-alfredo,takarkuy-estimates-2026-10-01-v2
RCP-TMDB-52835,5,Nutmeg,Grated,ING-PALA,,,blocked,takaran belum dapat diperkirakan dengan aturan bahan,,https://www.bbcgoodfood.com/recipes/fettucine-alfredo,takarkuy-estimates-2026-10-01-v2
RCP-TMDB-52835,6,Fettuccine,250g,,250.0,,blocked,bahan/bentuk/komposisi belum dipetakan; tidak dibuang dari perhitungan; konversi massa g → g,https://www.nist.gov/pml/owm/metric-si/unit-conversion/approximate-conversions-us-customary-measures-metric,https://www.bbcgoodfood.com/recipes/fettucine-alfredo,takarkuy-estimates-2026-10-01-v2
RCP-TMDB-52835,7,Parsley,Chopped,ING-PARSLEY,5,5,estimated,asumsi TAKARKUY untuk batch: 5 g; sumber tidak memberi angka pasti,,https://www.bbcgoodfood.com/recipes/fettucine-alfredo,takarkuy-estimates-2026-10-01-v2
RCP-TMDB-52848,1,Sausages,8 large,,,,blocked,bahan/bentuk/komposisi belum dipetakan; tidak dibuang dari perhitungan,,https://www.bbcgoodfood.com/recipes/339607/bean-and-sausage-hotpot,takarkuy-estimates-2026-10-01-v2
RCP-TMDB-52848,2,Tomato Sauce,1 Jar,,,,blocked,bahan/bentuk/komposisi belum dipetakan; tidak dibuang dari perhitungan,,https://www.bbcgoodfood.com/recipes/339607/bean-and-sausage-hotpot,takarkuy-estimates-2026-10-01-v2
RCP-TMDB-52848,3,Butter Beans,1200g,,1200.0,,blocked,bahan/bentuk/komposisi belum dipetakan; tidak dibuang dari perhitungan; konversi massa g → g,https://www.nist.gov/pml/owm/metric-si/unit-conversion/approximate-conversions-us-customary-measures-metric,https://www.bbcgoodfood.com/recipes/339607/bean-and-sausage-hotpot,takarkuy-estimates-2026-10-01-v2
RCP-TMDB-52848,4,Black Treacle,1 tbls,,,,blocked,bahan/bentuk/komposisi belum dipetakan; tidak dibuang dari perhitungan,,https://www.bbcgoodfood.com/recipes/339607/bean-and-sausage-hotpot,takarkuy-estimates-2026-10-01-v2
RCP-TMDB-52848,5,English Mustard,1 tsp,,,,blocked,bahan/bentuk/komposisi belum dipetakan; tidak dibuang dari perhitungan,,https://www.bbcgoodfood.com/recipes/339607/bean-and-sausage-hotpot,takarkuy-estimates-2026-10-01-v2
RCP-TMDB-53289,1,Freekeh,1 cup,,,,blocked,bahan/bentuk/komposisi belum dipetakan; tidak dibuang dari perhitungan,,https://www.allrecipes.com/recipe/264552/chorba-hamra-bel-frik-algerian-lamb-tomato-and-freekeh-soup/,takarkuy-estimates-2026-10-01-v2
RCP-TMDB-53289,2,Lamb,12 ounces,,340.194,,blocked,bahan/bentuk/komposisi belum dipetakan; tidak dibuang dari perhitungan; konversi massa ounces → g,https://www.nist.gov/pml/owm/metric-si/unit-conversion/approximate-conversions-us-customary-measures-metric,https://www.allrecipes.com/recipe/264552/chorba-hamra-bel-frik-algerian-lamb-tomato-and-freekeh-soup/,takarkuy-estimates-2026-10-01-v2
RCP-TMDB-53289,3,Onion,1 finely chopped,ING-BAWANG-BOMBAY,110.0,110.0,estimated,"asumsi TAKARKUY berat bagian termakan per unit 110 g; mengacu ukuran USDA, bukan bobot pasti produk",https://fdc.nal.usda.gov/download-datasets/,https://www.allrecipes.com/recipe/264552/chorba-hamra-bel-frik-algerian-lamb-tomato-and-freekeh-soup/,takarkuy-estimates-2026-10-01-v2
RCP-TMDB-53289,4,Black Pepper,1 tsp,ING-MERICA,2.292,2.292,estimated,"perkiraan tsp; massa khusus bahan, cup ≈ 240 ml",https://fdc.nal.usda.gov/download-datasets/; https://www.kingarthurbaking.com/learn/ingredient-weight-chart,https://www.allrecipes.com/recipe/264552/chorba-hamra-bel-frik-algerian-lamb-tomato-and-freekeh-soup/,takarkuy-estimates-2026-10-01-v2
RCP-TMDB-53289,5,Paprika,1 tsp,ING-PAPRIKA-BUBUK,2.271,2.271,estimated,"perkiraan tsp; massa khusus bahan, cup ≈ 240 ml",https://fdc.nal.usda.gov/download-datasets/; https://www.kingarthurbaking.com/learn/ingredient-weight-chart,https://www.allrecipes.com/recipe/264552/chorba-hamra-bel-frik-algerian-lamb-tomato-and-freekeh-soup/,takarkuy-estimates-2026-10-01-v2
RCP-TMDB-53289,6,Ground Cinnamon,1 tsp,ING-KAYU-MANIS,2.604,2.604,estimated,"perkiraan tsp; massa khusus bahan, cup ≈ 240 ml",https://fdc.nal.usda.gov/download-datasets/; https://www.kingarthurbaking.com/learn/ingredient-weight-chart,https://www.allrecipes.com/recipe/264552/chorba-hamra-bel-frik-algerian-lamb-tomato-and-freekeh-soup/,takarkuy-estimates-2026-10-01-v2
RCP-TMDB-53289,7,Salt,To taste,ING-GARAM,3,3,estimated,asumsi TAKARKUY untuk batch: 3 g; sumber tidak memberi angka pasti,,https://www.allrecipes.com/recipe/264552/chorba-hamra-bel-frik-algerian-lamb-tomato-and-freekeh-soup/,takarkuy-estimates-2026-10-01-v2
RCP-TMDB-53289,8,Vegetable Oil,3  tablespoons,ING-MINYAK-GORENG-CURAH,40.875,40.875,estimated,"perkiraan tablespoons; massa khusus bahan, cup ≈ 240 ml",https://fdc.nal.usda.gov/download-datasets/; https://www.kingarthurbaking.com/learn/ingredient-weight-chart,https://www.allrecipes.com/recipe/264552/chorba-hamra-bel-frik-algerian-lamb-tomato-and-freekeh-soup/,takarkuy-estimates-2026-10-01-v2
RCP-TMDB-53289,9,Cilantro,1  bunch,ING-DAUN-KETUMBAR,,,blocked,satuan/format belum dipetakan: bunch,,https://www.allrecipes.com/recipe/264552/chorba-hamra-bel-frik-algerian-lamb-tomato-and-freekeh-soup/,takarkuy-estimates-2026-10-01-v2
RCP-TMDB-53289,10,Mint,1  bunch,ING-MINT,,,blocked,satuan/format belum dipetakan: bunch,,https://www.allrecipes.com/recipe/264552/chorba-hamra-bel-frik-algerian-lamb-tomato-and-freekeh-soup/,takarkuy-estimates-2026-10-01-v2
RCP-TMDB-53289,11,Celery,1,ING-SELEDRI,40.0,40.0,estimated,"asumsi TAKARKUY berat bagian termakan per unit 40 g; mengacu ukuran USDA, bukan bobot pasti produk",https://fdc.nal.usda.gov/download-datasets/,https://www.allrecipes.com/recipe/264552/chorba-hamra-bel-frik-algerian-lamb-tomato-and-freekeh-soup/,takarkuy-estimates-2026-10-01-v2
RCP-TMDB-53289,12,Chickpeas,14 oz jar,,396.893,,blocked,bahan/bentuk/komposisi belum dipetakan; tidak dibuang dari perhitungan; konversi massa oz → g,https://www.nist.gov/pml/owm/metric-si/unit-conversion/approximate-conversions-us-customary-measures-metric,https://www.allrecipes.com/recipe/264552/chorba-hamra-bel-frik-algerian-lamb-tomato-and-freekeh-soup/,takarkuy-estimates-2026-10-01-v2
RCP-TMDB-53289,13,Water,4 cups,,,,excluded_utility,air/alat/pembungkus masak di luar gizi dan biaya bahan termakan,,https://www.allrecipes.com/recipe/264552/chorba-hamra-bel-frik-algerian-lamb-tomato-and-freekeh-soup/,takarkuy-estimates-2026-10-01-v2
RCP-TMDB-53289,14,Zucchini,1 Diced,,,,blocked,bahan/bentuk/komposisi belum dipetakan; tidak dibuang dari perhitungan,,https://www.allrecipes.com/recipe/264552/chorba-hamra-bel-frik-algerian-lamb-tomato-and-freekeh-soup/,takarkuy-estimates-2026-10-01-v2
RCP-TMDB-53289,15,Carrots,1 Diced,ING-WORTEL,61.0,61.0,estimated,"asumsi TAKARKUY berat bagian termakan per unit 61 g; mengacu ukuran USDA, bukan bobot pasti produk",https://fdc.nal.usda.gov/download-datasets/,https://www.allrecipes.com/recipe/264552/chorba-hamra-bel-frik-algerian-lamb-tomato-and-freekeh-soup/,takarkuy-estimates-2026-10-01-v2
RCP-TMDB-53289,16,Tomato Puree,1 tablespoon,ING-TOMAT-PUREE,15.625,15.625,estimated,"perkiraan tablespoon; massa khusus bahan, cup ≈ 240 ml",https://fdc.nal.usda.gov/download-datasets/; https://www.kingarthurbaking.com/learn/ingredient-weight-chart,https://www.allrecipes.com/recipe/264552/chorba-hamra-bel-frik-algerian-lamb-tomato-and-freekeh-soup/,takarkuy-estimates-2026-10-01-v2
RCP-TMDB-53289,17,Tomato,3 Medium,ING-TOMAT,369.0,369.0,estimated,"asumsi TAKARKUY berat bagian termakan per unit 123 g; mengacu ukuran USDA, bukan bobot pasti produk",https://fdc.nal.usda.gov/download-datasets/,https://www.allrecipes.com/recipe/264552/chorba-hamra-bel-frik-algerian-lamb-tomato-and-freekeh-soup/,takarkuy-estimates-2026-10-01-v2
RCP-TMDB-53289,18,Potatoes,1 Diced,ING-KENTANG,170.0,170.0,estimated,"asumsi TAKARKUY berat bagian termakan per unit 170 g; mengacu ukuran USDA, bukan bobot pasti produk",https://fdc.nal.usda.gov/download-datasets/,https://www.allrecipes.com/recipe/264552/chorba-hamra-bel-frik-algerian-lamb-tomato-and-freekeh-soup/,takarkuy-estimates-2026-10-01-v2
RCP-TMDB-53133,1,Mixed Beef Cuts,2kg,,2000.0,,blocked,bahan/bentuk/komposisi belum dipetakan; tidak dibuang dari perhitungan; konversi massa kg → g,https://www.nist.gov/pml/owm/metric-si/unit-conversion/approximate-conversions-us-customary-measures-metric,https://www.munchery.com/blog/the-ten-iconic-dishes-of-argentina-and-how-to-cook-them-at-home/,takarkuy-estimates-2026-10-01-v2
RCP-TMDB-53133,2,Chorizo,4,,,,blocked,bahan/bentuk/komposisi belum dipetakan; tidak dibuang dari perhitungan,,https://www.munchery.com/blog/the-ten-iconic-dishes-of-argentina-and-how-to-cook-them-at-home/,takarkuy-estimates-2026-10-01-v2
RCP-TMDB-53133,3,Morcilla,2,,,,blocked,bahan/bentuk/komposisi belum dipetakan; tidak dibuang dari perhitungan,,https://www.munchery.com/blog/the-ten-iconic-dishes-of-argentina-and-how-to-cook-them-at-home/,takarkuy-estimates-2026-10-01-v2
RCP-TMDB-53133,4,Salt,To taste,ING-GARAM,3,3,estimated,asumsi TAKARKUY untuk batch: 3 g; sumber tidak memberi angka pasti,,https://www.munchery.com/blog/the-ten-iconic-dishes-of-argentina-and-how-to-cook-them-at-home/,takarkuy-estimates-2026-10-01-v2
RCP-TMDB-53453,1,Olive Oil,2 tablespoons,ING-MINYAK-ZAITUN,27.0,27.0,estimated,"perkiraan tablespoons; massa khusus bahan, cup ≈ 240 ml",https://fdc.nal.usda.gov/download-datasets/; https://www.kingarthurbaking.com/learn/ingredient-weight-chart,https://www.allrecipes.com/recipe/215055/bengali-chicken-curry-with-potatoes/,takarkuy-estimates-2026-10-01-v2
RCP-TMDB-53453,2,Onion,2 diced,ING-BAWANG-BOMBAY,220.0,220.0,estimated,"asumsi TAKARKUY berat bagian termakan per unit 110 g; mengacu ukuran USDA, bukan bobot pasti produk",https://fdc.nal.usda.gov/download-datasets/,https://www.allrecipes.com/recipe/215055/bengali-chicken-curry-with-potatoes/,takarkuy-estimates-2026-10-01-v2
RCP-TMDB-53453,3,Ginger Garlic Paste,1 tablespoon,,,,blocked,bahan/bentuk/komposisi belum dipetakan; tidak dibuang dari perhitungan,,https://www.allrecipes.com/recipe/215055/bengali-chicken-curry-with-potatoes/,takarkuy-estimates-2026-10-01-v2
RCP-TMDB-53453,4,Tomato,2 diced,ING-TOMAT,246.0,246.0,estimated,"asumsi TAKARKUY berat bagian termakan per unit 123 g; mengacu ukuran USDA, bukan bobot pasti produk",https://fdc.nal.usda.gov/download-datasets/,https://www.allrecipes.com/recipe/215055/bengali-chicken-curry-with-potatoes/,takarkuy-estimates-2026-10-01-v2
RCP-TMDB-53453,5,Cayenne Pepper,1 tsp,ING-CABAI-BUBUK,1.771,1.771,estimated,"perkiraan tsp; massa khusus bahan, cup ≈ 240 ml",https://fdc.nal.usda.gov/download-datasets/; https://www.kingarthurbaking.com/learn/ingredient-weight-chart,https://www.allrecipes.com/recipe/215055/bengali-chicken-curry-with-potatoes/,takarkuy-estimates-2026-10-01-v2
RCP-TMDB-53453,6,Curry Powder,1 tsp,,,,blocked,bahan/bentuk/komposisi belum dipetakan; tidak dibuang dari perhitungan,,https://www.allrecipes.com/recipe/215055/bengali-chicken-curry-with-potatoes/,takarkuy-estimates-2026-10-01-v2
RCP-TMDB-53453,7,Garam Masala,1 tsp,,,,blocked,bahan/bentuk/komposisi belum dipetakan; tidak dibuang dari perhitungan,,https://www.allrecipes.com/recipe/215055/bengali-chicken-curry-with-potatoes/,takarkuy-estimates-2026-10-01-v2
RCP-TMDB-53453,8,Ground Turmeric,1 tsp,ING-KUNYIT-BUBUK,3.333,3.333,estimated,"perkiraan tsp; massa khusus bahan, cup ≈ 240 ml",https://fdc.nal.usda.gov/download-datasets/; https://www.kingarthurbaking.com/learn/ingredient-weight-chart,https://www.allrecipes.com/recipe/215055/bengali-chicken-curry-with-potatoes/,takarkuy-estimates-2026-10-01-v2
RCP-TMDB-53453,9,Ground Cumin,1 tsp,ING-CUMIN,2.0,2.0,estimated,"perkiraan tsp; massa khusus bahan, cup ≈ 240 ml",https://fdc.nal.usda.gov/download-datasets/; https://www.kingarthurbaking.com/learn/ingredient-weight-chart,https://www.allrecipes.com/recipe/215055/bengali-chicken-curry-with-potatoes/,takarkuy-estimates-2026-10-01-v2
RCP-TMDB-53453,10,Chicken Breast,4,ING-DAGING-AYAM-BROILER,600.0,600.0,estimated,"asumsi TAKARKUY berat bagian termakan per unit 150 g; mengacu ukuran USDA, bukan bobot pasti produk",https://fdc.nal.usda.gov/download-datasets/,https://www.allrecipes.com/recipe/215055/bengali-chicken-curry-with-potatoes/,takarkuy-estimates-2026-10-01-v2
RCP-TMDB-53453,11,Red Potatoes,2 large,ING-KENTANG,425.0,425.0,estimated,"asumsi TAKARKUY berat bagian termakan per unit 170 g; mengacu ukuran USDA, bukan bobot pasti produk",https://fdc.nal.usda.gov/download-datasets/,https://www.allrecipes.com/recipe/215055/bengali-chicken-curry-with-potatoes/,takarkuy-estimates-2026-10-01-v2
RCP-TMDB-53453,12,Cilantro,1/2 cup,ING-DAUN-KETUMBAR,8.0,8.0,estimated,"perkiraan cup; massa khusus bahan, cup ≈ 240 ml",https://fdc.nal.usda.gov/download-datasets/; https://www.kingarthurbaking.com/learn/ingredient-weight-chart,https://www.allrecipes.com/recipe/215055/bengali-chicken-curry-with-potatoes/,takarkuy-estimates-2026-10-01-v2
RCP-TMDB-53481,1,Raw King Prawns,450g,ING-UDANG,450.0,450.0,estimated,konversi massa g → g,https://www.nist.gov/pml/owm/metric-si/unit-conversion/approximate-conversions-us-customary-measures-metric,https://www.bbcgoodfood.com/recipes/bahia-style-moqueca-prawn-stew,takarkuy-estimates-2026-10-01-v2
RCP-TMDB-53481,2,Lime juice,75 ml,ING-JERUK-NIPIS,75.625,75.625,estimated,"perkiraan ml; massa khusus bahan, cup ≈ 240 ml",https://fdc.nal.usda.gov/download-datasets/; https://www.kingarthurbaking.com/learn/ingredient-weight-chart,https://www.bbcgoodfood.com/recipes/bahia-style-moqueca-prawn-stew,takarkuy-estimates-2026-10-01-v2
RCP-TMDB-53481,3,Garlic,3 cloves Chopped,ING-BAWANG-PUTIH,9.0,9.0,estimated,"asumsi TAKARKUY berat bagian termakan per unit 3 g; mengacu ukuran USDA, bukan bobot pasti produk",https://fdc.nal.usda.gov/download-datasets/,https://www.bbcgoodfood.com/recipes/bahia-style-moqueca-prawn-stew,takarkuy-estimates-2026-10-01-v2
RCP-TMDB-53481,4,Coconut Oil,3  tablespoons,,,,blocked,bahan/bentuk/komposisi belum dipetakan; tidak dibuang dari perhitungan,,https://www.bbcgoodfood.com/recipes/bahia-style-moqueca-prawn-stew,takarkuy-estimates-2026-10-01-v2
RCP-TMDB-53481,5,Spring Onions,4 Chopped,ING-DAUN-BAWANG,60.0,60.0,estimated,"asumsi TAKARKUY berat bagian termakan per unit 15 g; mengacu ukuran USDA, bukan bobot pasti produk",https://fdc.nal.usda.gov/download-datasets/,https://www.bbcgoodfood.com/recipes/bahia-style-moqueca-prawn-stew,takarkuy-estimates-2026-10-01-v2
RCP-TMDB-53481,6,Onion,1,ING-BAWANG-BOMBAY,110.0,110.0,estimated,"asumsi TAKARKUY berat bagian termakan per unit 110 g; mengacu ukuran USDA, bukan bobot pasti produk",https://fdc.nal.usda.gov/download-datasets/,https://www.bbcgoodfood.com/recipes/bahia-style-moqueca-prawn-stew,takarkuy-estimates-2026-10-01-v2
RCP-TMDB-53481,7,Red Pepper,1 chopped,ING-PAPRIKA-MERAH,119.0,119.0,estimated,"asumsi TAKARKUY berat bagian termakan per unit 119 g; mengacu ukuran USDA, bukan bobot pasti produk",https://fdc.nal.usda.gov/download-datasets/,https://www.bbcgoodfood.com/recipes/bahia-style-moqueca-prawn-stew,takarkuy-estimates-2026-10-01-v2
RCP-TMDB-53481,8,Chilli Flakes,1 tsp,,,,blocked,bahan/bentuk/komposisi belum dipetakan; tidak dibuang dari perhitungan,,https://www.bbcgoodfood.com/recipes/bahia-style-moqueca-prawn-stew,takarkuy-estimates-2026-10-01-v2
RCP-TMDB-53481,9,Paprika,2 tsp,ING-PAPRIKA-BUBUK,4.542,4.542,estimated,"perkiraan tsp; massa khusus bahan, cup ≈ 240 ml",https://fdc.nal.usda.gov/download-datasets/; https://www.kingarthurbaking.com/learn/ingredient-weight-chart,https://www.bbcgoodfood.com/recipes/bahia-style-moqueca-prawn-stew,takarkuy-estimates-2026-10-01-v2
RCP-TMDB-53481,10,Plum Tomatoes,3 chopped,ING-TOMAT,369.0,369.0,estimated,"asumsi TAKARKUY berat bagian termakan per unit 123 g; mengacu ukuran USDA, bukan bobot pasti produk",https://fdc.nal.usda.gov/download-datasets/,https://www.bbcgoodfood.com/recipes/bahia-style-moqueca-prawn-stew,takarkuy-estimates-2026-10-01-v2
RCP-TMDB-53481,11,Coconut Milk,400ml,ING-SANTAN,400.0,400.0,estimated,"perkiraan ml; massa khusus bahan, cup ≈ 240 ml",https://fdc.nal.usda.gov/download-datasets/; https://www.kingarthurbaking.com/learn/ingredient-weight-chart,https://www.bbcgoodfood.com/recipes/bahia-style-moqueca-prawn-stew,takarkuy-estimates-2026-10-01-v2
RCP-TMDB-53481,12,Coriander,2 tbs chopped,ING-KETUMBAR-BIJI,10.0,10.0,estimated,"perkiraan tbs; massa khusus bahan, cup ≈ 240 ml",https://fdc.nal.usda.gov/download-datasets/; https://www.kingarthurbaking.com/learn/ingredient-weight-chart,https://www.bbcgoodfood.com/recipes/bahia-style-moqueca-prawn-stew,takarkuy-estimates-2026-10-01-v2
RCP-TMDB-53481,13,Rice,To serve,ING-BERAS-MEDIUM,150,150,estimated,asumsi TAKARKUY untuk batch: 150 g; sumber tidak memberi angka pasti,,https://www.bbcgoodfood.com/recipes/bahia-style-moqueca-prawn-stew,takarkuy-estimates-2026-10-01-v2
RCP-TMDB-53267,1,Aubergine,1 sliced,ING-TERONG,450.0,450.0,estimated,"asumsi TAKARKUY berat bagian termakan per unit 450 g; mengacu ukuran USDA, bukan bobot pasti produk",https://fdc.nal.usda.gov/download-datasets/,https://www.bbcgoodfood.com/recipes/aubergine-couscous-salad,takarkuy-estimates-2026-10-01-v2
RCP-TMDB-53267,2,Olive Oil,3  tablespoons,ING-MINYAK-ZAITUN,40.5,40.5,estimated,"perkiraan tablespoons; massa khusus bahan, cup ≈ 240 ml",https://fdc.nal.usda.gov/download-datasets/; https://www.kingarthurbaking.com/learn/ingredient-weight-chart,https://www.bbcgoodfood.com/recipes/aubergine-couscous-salad,takarkuy-estimates-2026-10-01-v2
RCP-TMDB-53267,3,Couscous,140g,,140.0,,blocked,bahan/bentuk/komposisi belum dipetakan; tidak dibuang dari perhitungan; konversi massa g → g,https://www.nist.gov/pml/owm/metric-si/unit-conversion/approximate-conversions-us-customary-measures-metric,https://www.bbcgoodfood.com/recipes/aubergine-couscous-salad,takarkuy-estimates-2026-10-01-v2
RCP-TMDB-53267,4,Vegetable Stock,225g,,225.0,,blocked,bahan/bentuk/komposisi belum dipetakan; tidak dibuang dari perhitungan; konversi massa g → g,https://www.nist.gov/pml/owm/metric-si/unit-conversion/approximate-conversions-us-customary-measures-metric,https://www.bbcgoodfood.com/recipes/aubergine-couscous-salad,takarkuy-estimates-2026-10-01-v2
RCP-TMDB-53267,5,Cherry Tomatoes,200g,ING-TOMAT-CHERRY,200.0,200.0,estimated,konversi massa g → g,https://www.nist.gov/pml/owm/metric-si/unit-conversion/approximate-conversions-us-customary-measures-metric,https://www.bbcgoodfood.com/recipes/aubergine-couscous-salad,takarkuy-estimates-2026-10-01-v2
RCP-TMDB-53267,6,Mint,Handful,ING-MINT,,,blocked,takaran belum dapat diperkirakan dengan aturan bahan,,https://www.bbcgoodfood.com/recipes/aubergine-couscous-salad,takarkuy-estimates-2026-10-01-v2
RCP-TMDB-53267,7,Goats Cheese,100g,,100.0,,blocked,bahan/bentuk/komposisi belum dipetakan; tidak dibuang dari perhitungan; konversi massa g → g,https://www.nist.gov/pml/owm/metric-si/unit-conversion/approximate-conversions-us-customary-measures-metric,https://www.bbcgoodfood.com/recipes/aubergine-couscous-salad,takarkuy-estimates-2026-10-01-v2
RCP-TMDB-53267,8,Lemon,Juice of 1/2,ING-LEMON,,,blocked,takaran belum dapat diperkirakan dengan aturan bahan,,https://www.bbcgoodfood.com/recipes/aubergine-couscous-salad,takarkuy-estimates-2026-10-01-v2
RCP-TMDB-52942,1,Baby Aubergine,6 small,ING-TERONG,2025.0,2025.0,estimated,"asumsi TAKARKUY berat bagian termakan per unit 450 g; mengacu ukuran USDA, bukan bobot pasti produk",https://fdc.nal.usda.gov/download-datasets/,https://www.homestylemag.co.uk/recipe/517/main-courses/roast-fennel-and-aubergine-paella,takarkuy-estimates-2026-10-01-v2
RCP-TMDB-52942,2,Fennel,4 small,,,,blocked,bahan/bentuk/komposisi belum dipetakan; tidak dibuang dari perhitungan,,https://www.homestylemag.co.uk/recipe/517/main-courses/roast-fennel-and-aubergine-paella,takarkuy-estimates-2026-10-01-v2
RCP-TMDB-52942,3,Red Pepper,1 thinly sliced,ING-PAPRIKA-MERAH,,,blocked,satuan/format belum dipetakan: thinly sliced,,https://www.homestylemag.co.uk/recipe/517/main-courses/roast-fennel-and-aubergine-paella,takarkuy-estimates-2026-10-01-v2
RCP-TMDB-52942,4,Courgettes,1 medium,,,,blocked,bahan/bentuk/komposisi belum dipetakan; tidak dibuang dari perhitungan,,https://www.homestylemag.co.uk/recipe/517/main-courses/roast-fennel-and-aubergine-paella,takarkuy-estimates-2026-10-01-v2
RCP-TMDB-52942,5,Onion,1 finely chopped,ING-BAWANG-BOMBAY,110.0,110.0,estimated,"asumsi TAKARKUY berat bagian termakan per unit 110 g; mengacu ukuran USDA, bukan bobot pasti produk",https://fdc.nal.usda.gov/download-datasets/,https://www.homestylemag.co.uk/recipe/517/main-courses/roast-fennel-and-aubergine-paella,takarkuy-estimates-2026-10-01-v2
RCP-TMDB-52942,6,Paella Rice,300g,,300.0,,blocked,bahan/bentuk/komposisi belum dipetakan; tidak dibuang dari perhitungan; konversi massa g → g,https://www.nist.gov/pml/owm/metric-si/unit-conversion/approximate-conversions-us-customary-measures-metric,https://www.homestylemag.co.uk/recipe/517/main-courses/roast-fennel-and-aubergine-paella,takarkuy-estimates-2026-10-01-v2
RCP-TMDB-52942,7,Paprika,1 tsp,ING-PAPRIKA-BUBUK,2.271,2.271,estimated,"perkiraan tsp; massa khusus bahan, cup ≈ 240 ml",https://fdc.nal.usda.gov/download-datasets/; https://www.kingarthurbaking.com/learn/ingredient-weight-chart,https://www.homestylemag.co.uk/recipe/517/main-courses/roast-fennel-and-aubergine-paella,takarkuy-estimates-2026-10-01-v2
RCP-TMDB-52942,8,Saffron,pinch,,,,blocked,bahan/bentuk/komposisi belum dipetakan; tidak dibuang dari perhitungan,,https://www.homestylemag.co.uk/recipe/517/main-courses/roast-fennel-and-aubergine-paella,takarkuy-estimates-2026-10-01-v2
RCP-TMDB-52942,9,White Wine,200ml,,,,blocked,bahan/bentuk/komposisi belum dipetakan; tidak dibuang dari perhitungan,,https://www.homestylemag.co.uk/recipe/517/main-courses/roast-fennel-and-aubergine-paella,takarkuy-estimates-2026-10-01-v2
RCP-TMDB-52942,10,Vegetable Stock,700ml,,,,blocked,bahan/bentuk/komposisi belum dipetakan; tidak dibuang dari perhitungan,,https://www.homestylemag.co.uk/recipe/517/main-courses/roast-fennel-and-aubergine-paella,takarkuy-estimates-2026-10-01-v2
RCP-TMDB-52942,11,Frozen Peas,100g,,100.0,,blocked,bahan/bentuk/komposisi belum dipetakan; tidak dibuang dari perhitungan; konversi massa g → g,https://www.nist.gov/pml/owm/metric-si/unit-conversion/approximate-conversions-us-customary-measures-metric,https://www.homestylemag.co.uk/recipe/517/main-courses/roast-fennel-and-aubergine-paella,takarkuy-estimates-2026-10-01-v2
RCP-TMDB-52942,12,Lemon,1 chopped,ING-LEMON,58.0,58.0,estimated,"asumsi TAKARKUY berat bagian termakan per unit 58 g; mengacu ukuran USDA, bukan bobot pasti produk",https://fdc.nal.usda.gov/download-datasets/,https://www.homestylemag.co.uk/recipe/517/main-courses/roast-fennel-and-aubergine-paella,takarkuy-estimates-2026-10-01-v2
RCP-TMDB-52942,13,Parsley,Handful,ING-PARSLEY,,,blocked,takaran belum dapat diperkirakan dengan aturan bahan,,https://www.homestylemag.co.uk/recipe/517/main-courses/roast-fennel-and-aubergine-paella,takarkuy-estimates-2026-10-01-v2
RCP-TMDB-52942,14,Salt,pinch,ING-GARAM,3,3,estimated,asumsi TAKARKUY untuk batch: 3 g; sumber tidak memberi angka pasti,,https://www.homestylemag.co.uk/recipe/517/main-courses/roast-fennel-and-aubergine-paella,takarkuy-estimates-2026-10-01-v2
RCP-TMDB-52942,15,Black Pepper,pinch,ING-MERICA,1,1,estimated,asumsi TAKARKUY untuk batch: 1 g; sumber tidak memberi angka pasti,,https://www.homestylemag.co.uk/recipe/517/main-courses/roast-fennel-and-aubergine-paella,takarkuy-estimates-2026-10-01-v2
RCP-TMDB-52829,1,Macaroni,8 ounces (230 grams),,226.796,,blocked,bahan/bentuk/komposisi belum dipetakan; tidak dibuang dari perhitungan; konversi massa ounces → g,https://www.nist.gov/pml/owm/metric-si/unit-conversion/approximate-conversions-us-customary-measures-metric,https://leitesculinaria.com/103647/recipes-grilled-mac-and-cheese-sandwich.html,takarkuy-estimates-2026-10-01-v2
RCP-TMDB-52829,2,Plain Flour,1/3 cup,ING-TEPUNG-TERIGU-CURAH,40.0,40.0,estimated,"perkiraan cup; massa khusus bahan, cup ≈ 240 ml",https://fdc.nal.usda.gov/download-datasets/; https://www.kingarthurbaking.com/learn/ingredient-weight-chart,https://leitesculinaria.com/103647/recipes-grilled-mac-and-cheese-sandwich.html,takarkuy-estimates-2026-10-01-v2
RCP-TMDB-52829,3,Mustard Powder,3/4 teaspoon,,,,blocked,bahan/bentuk/komposisi belum dipetakan; tidak dibuang dari perhitungan,,https://leitesculinaria.com/103647/recipes-grilled-mac-and-cheese-sandwich.html,takarkuy-estimates-2026-10-01-v2
RCP-TMDB-52829,4,Garlic powder,1/2 teaspoon,,,,blocked,bahan/bentuk/komposisi belum dipetakan; tidak dibuang dari perhitungan,,https://leitesculinaria.com/103647/recipes-grilled-mac-and-cheese-sandwich.html,takarkuy-estimates-2026-10-01-v2
RCP-TMDB-52829,5,Kosher salt,1/2 teaspoon,ING-GARAM,3.042,3.042,estimated,"perkiraan teaspoon; massa khusus bahan, cup ≈ 240 ml",https://fdc.nal.usda.gov/download-datasets/; https://www.kingarthurbaking.com/learn/ingredient-weight-chart,https://leitesculinaria.com/103647/recipes-grilled-mac-and-cheese-sandwich.html,takarkuy-estimates-2026-10-01-v2
RCP-TMDB-52829,6,Black pepper,1/2 teaspoon,ING-MERICA,1.146,1.146,estimated,"perkiraan teaspoon; massa khusus bahan, cup ≈ 240 ml",https://fdc.nal.usda.gov/download-datasets/; https://www.kingarthurbaking.com/learn/ingredient-weight-chart,https://leitesculinaria.com/103647/recipes-grilled-mac-and-cheese-sandwich.html,takarkuy-estimates-2026-10-01-v2
RCP-TMDB-52829,7,Cayenne pepper,1/8 teaspoon,ING-CABAI-BUBUK,0.221,0.221,estimated,"perkiraan teaspoon; massa khusus bahan, cup ≈ 240 ml",https://fdc.nal.usda.gov/download-datasets/; https://www.kingarthurbaking.com/learn/ingredient-weight-chart,https://leitesculinaria.com/103647/recipes-grilled-mac-and-cheese-sandwich.html,takarkuy-estimates-2026-10-01-v2
RCP-TMDB-52829,8,Butter,6 tablespoons (85 grams),ING-MENTEGA,85.125,85.125,estimated,"perkiraan tablespoons; massa khusus bahan, cup ≈ 240 ml",https://fdc.nal.usda.gov/download-datasets/; https://www.kingarthurbaking.com/learn/ingredient-weight-chart,https://leitesculinaria.com/103647/recipes-grilled-mac-and-cheese-sandwich.html,takarkuy-estimates-2026-10-01-v2
RCP-TMDB-52829,9,Whole Milk,1 1/2 cups (360 milliliters),ING-SUSU-SAPI-SEGAR,366.0,366.0,estimated,"perkiraan cups; massa khusus bahan, cup ≈ 240 ml",https://fdc.nal.usda.gov/download-datasets/; https://www.kingarthurbaking.com/learn/ingredient-weight-chart,https://leitesculinaria.com/103647/recipes-grilled-mac-and-cheese-sandwich.html,takarkuy-estimates-2026-10-01-v2
RCP-TMDB-52829,10,Heavy Cream,1 cup (240 milliliters),,,,blocked,bahan/bentuk/komposisi belum dipetakan; tidak dibuang dari perhitungan,,https://leitesculinaria.com/103647/recipes-grilled-mac-and-cheese-sandwich.html,takarkuy-estimates-2026-10-01-v2
RCP-TMDB-52829,11,Monterey Jack Cheese,1 pound (455 grams),,453.592,,blocked,bahan/bentuk/komposisi belum dipetakan; tidak dibuang dari perhitungan; konversi massa pound → g,https://www.nist.gov/pml/owm/metric-si/unit-conversion/approximate-conversions-us-customary-measures-metric,https://leitesculinaria.com/103647/recipes-grilled-mac-and-cheese-sandwich.html,takarkuy-estimates-2026-10-01-v2
RCP-TMDB-52829,12,Butter,4 tablespoons (55 grams),ING-MENTEGA,56.75,56.75,estimated,"perkiraan tablespoons; massa khusus bahan, cup ≈ 240 ml",https://fdc.nal.usda.gov/download-datasets/; https://www.kingarthurbaking.com/learn/ingredient-weight-chart,https://leitesculinaria.com/103647/recipes-grilled-mac-and-cheese-sandwich.html,takarkuy-estimates-2026-10-01-v2
RCP-TMDB-52829,13,garlic powder,1 teaspoon,,,,blocked,bahan/bentuk/komposisi belum dipetakan; tidak dibuang dari perhitungan,,https://leitesculinaria.com/103647/recipes-grilled-mac-and-cheese-sandwich.html,takarkuy-estimates-2026-10-01-v2
RCP-TMDB-52829,14,Bread,16 slices square,ING-ROTI,400.0,400.0,estimated,"asumsi TAKARKUY berat bagian termakan per unit 25 g; mengacu ukuran USDA, bukan bobot pasti produk",https://fdc.nal.usda.gov/download-datasets/,https://leitesculinaria.com/103647/recipes-grilled-mac-and-cheese-sandwich.html,takarkuy-estimates-2026-10-01-v2
RCP-TMDB-52829,15,Cheddar Cheese,8 slices mild,ING-KEJU-CHEDDAR,,,blocked,satuan/format belum dipetakan: slices mild,,https://leitesculinaria.com/103647/recipes-grilled-mac-and-cheese-sandwich.html,takarkuy-estimates-2026-10-01-v2
RCP-TMDB-52829,16,Colby Jack Cheese,8 slices,,,,blocked,bahan/bentuk/komposisi belum dipetakan; tidak dibuang dari perhitungan,,https://leitesculinaria.com/103647/recipes-grilled-mac-and-cheese-sandwich.html,takarkuy-estimates-2026-10-01-v2
RCP-TMDB-52829,17,Butter,4 tablespoons (55 grams),ING-MENTEGA,56.75,56.75,estimated,"perkiraan tablespoons; massa khusus bahan, cup ≈ 240 ml",https://fdc.nal.usda.gov/download-datasets/; https://www.kingarthurbaking.com/learn/ingredient-weight-chart,https://leitesculinaria.com/103647/recipes-grilled-mac-and-cheese-sandwich.html,takarkuy-estimates-2026-10-01-v2
RCP-TMDB-53438,1,Cheddar Cheese,1 lb,ING-KEJU-CHEDDAR,453.592,453.592,estimated,konversi massa lb → g,https://www.nist.gov/pml/owm/metric-si/unit-conversion/approximate-conversions-us-customary-measures-metric,https://www.visitaruba.com/aruba-recipes/bolita-di-keshi/,takarkuy-estimates-2026-10-01-v2
RCP-TMDB-53438,2,Feta,1 lb,,453.592,,blocked,bahan/bentuk/komposisi belum dipetakan; tidak dibuang dari perhitungan; konversi massa lb → g,https://www.nist.gov/pml/owm/metric-si/unit-conversion/approximate-conversions-us-customary-measures-metric,https://www.visitaruba.com/aruba-recipes/bolita-di-keshi/,takarkuy-estimates-2026-10-01-v2
RCP-TMDB-53438,3,Eggs,1 beaten,ING-TELUR-AYAM-BROILER,,,blocked,satuan/format belum dipetakan: beaten,,https://www.visitaruba.com/aruba-recipes/bolita-di-keshi/,takarkuy-estimates-2026-10-01-v2
RCP-TMDB-53438,4,Cornstarch,5 tablespoons,ING-MAIZENA,40.0,40.0,estimated,"perkiraan tablespoons; massa khusus bahan, cup ≈ 240 ml",https://fdc.nal.usda.gov/download-datasets/; https://www.kingarthurbaking.com/learn/ingredient-weight-chart,https://www.visitaruba.com/aruba-recipes/bolita-di-keshi/,takarkuy-estimates-2026-10-01-v2
RCP-TMDB-53123,1,Lamb,3 Lbs,,1360.777,,blocked,bahan/bentuk/komposisi belum dipetakan; tidak dibuang dari perhitungan; konversi massa lbs → g,https://www.nist.gov/pml/owm/metric-si/unit-conversion/approximate-conversions-us-customary-measures-metric,https://scandinaviancookbook.com/farikal-national-dish-of-norway/,takarkuy-estimates-2026-10-01-v2
RCP-TMDB-53123,2,White Cabbage,1 head,ING-KUBIS,900.0,900.0,estimated,"asumsi TAKARKUY berat bagian termakan per unit 900 g; mengacu ukuran USDA, bukan bobot pasti produk",https://fdc.nal.usda.gov/download-datasets/,https://scandinaviancookbook.com/farikal-national-dish-of-norway/,takarkuy-estimates-2026-10-01-v2
RCP-TMDB-53123,3,Whole black peppercorns,3  tablespoons,ING-MERICA,20.625,20.625,estimated,"perkiraan tablespoons; massa khusus bahan, cup ≈ 240 ml",https://fdc.nal.usda.gov/download-datasets/; https://www.kingarthurbaking.com/learn/ingredient-weight-chart,https://scandinaviancookbook.com/farikal-national-dish-of-norway/,takarkuy-estimates-2026-10-01-v2
RCP-TMDB-53123,4,Salt,3 tsp,ING-GARAM,18.25,18.25,estimated,"perkiraan tsp; massa khusus bahan, cup ≈ 240 ml",https://fdc.nal.usda.gov/download-datasets/; https://www.kingarthurbaking.com/learn/ingredient-weight-chart,https://scandinaviancookbook.com/farikal-national-dish-of-norway/,takarkuy-estimates-2026-10-01-v2
RCP-TMDB-53123,5,Water,1 1/2 cups,,,,excluded_utility,air/alat/pembungkus masak di luar gizi dan biaya bahan termakan,,https://scandinaviancookbook.com/farikal-national-dish-of-norway/,takarkuy-estimates-2026-10-01-v2
RCP-TMDB-53123,6,Flour,5 tablespoons,ING-TEPUNG-TERIGU-CURAH,37.5,37.5,estimated,"perkiraan tablespoons; massa khusus bahan, cup ≈ 240 ml",https://fdc.nal.usda.gov/download-datasets/; https://www.kingarthurbaking.com/learn/ingredient-weight-chart,https://scandinaviancookbook.com/farikal-national-dish-of-norway/,takarkuy-estimates-2026-10-01-v2
RCP-TMDB-53099,1,Lean Minced Steak,500g,ING-DAGING-SAPI,500.0,500.0,estimated,konversi massa g → g,https://www.nist.gov/pml/owm/metric-si/unit-conversion/approximate-conversions-us-customary-measures-metric,https://www.bbcgoodfood.com/recipes/aussie-burgers,takarkuy-estimates-2026-10-01-v2
RCP-TMDB-53099,2,Cooked Beetroot,100g,,100.0,,blocked,bahan/bentuk/komposisi belum dipetakan; tidak dibuang dari perhitungan; konversi massa g → g,https://www.nist.gov/pml/owm/metric-si/unit-conversion/approximate-conversions-us-customary-measures-metric,https://www.bbcgoodfood.com/recipes/aussie-burgers,takarkuy-estimates-2026-10-01-v2
RCP-TMDB-53099,3,Naan Bread,2 small,,,,blocked,bahan/bentuk/komposisi belum dipetakan; tidak dibuang dari perhitungan,,https://www.bbcgoodfood.com/recipes/aussie-burgers,takarkuy-estimates-2026-10-01-v2
RCP-TMDB-53099,4,Rocket,50g,,50.0,,blocked,bahan/bentuk/komposisi belum dipetakan; tidak dibuang dari perhitungan; konversi massa g → g,https://www.nist.gov/pml/owm/metric-si/unit-conversion/approximate-conversions-us-customary-measures-metric,https://www.bbcgoodfood.com/recipes/aussie-burgers,takarkuy-estimates-2026-10-01-v2
RCP-TMDB-53099,5,Soured cream and chive dip,4 tablespoons,,,,blocked,bahan/bentuk/komposisi belum dipetakan; tidak dibuang dari perhitungan,,https://www.bbcgoodfood.com/recipes/aussie-burgers,takarkuy-estimates-2026-10-01-v2
RCP-TMDB-52940,1,Chicken,1 whole,ING-DAGING-AYAM-BROILER,,,blocked,satuan/format belum dipetakan: whole,,http://www.geniuskitchen.com/recipe/authentic-jamaican-brown-stew-chicken-347996,takarkuy-estimates-2026-10-01-v2
RCP-TMDB-52940,2,Tomato,1 chopped,ING-TOMAT,123.0,123.0,estimated,"asumsi TAKARKUY berat bagian termakan per unit 123 g; mengacu ukuran USDA, bukan bobot pasti produk",https://fdc.nal.usda.gov/download-datasets/,http://www.geniuskitchen.com/recipe/authentic-jamaican-brown-stew-chicken-347996,takarkuy-estimates-2026-10-01-v2
RCP-TMDB-52940,3,Onions,2 chopped,ING-BAWANG-BOMBAY,220.0,220.0,estimated,"asumsi TAKARKUY berat bagian termakan per unit 110 g; mengacu ukuran USDA, bukan bobot pasti produk",https://fdc.nal.usda.gov/download-datasets/,http://www.geniuskitchen.com/recipe/authentic-jamaican-brown-stew-chicken-347996,takarkuy-estimates-2026-10-01-v2
RCP-TMDB-52940,4,Garlic Clove,2 chopped,ING-BAWANG-PUTIH,6.0,6.0,estimated,"asumsi TAKARKUY berat bagian termakan per unit 3 g; mengacu ukuran USDA, bukan bobot pasti produk",https://fdc.nal.usda.gov/download-datasets/,http://www.geniuskitchen.com/recipe/authentic-jamaican-brown-stew-chicken-347996,takarkuy-estimates-2026-10-01-v2
RCP-TMDB-52940,5,Red Pepper,1 chopped,ING-PAPRIKA-MERAH,119.0,119.0,estimated,"asumsi TAKARKUY berat bagian termakan per unit 119 g; mengacu ukuran USDA, bukan bobot pasti produk",https://fdc.nal.usda.gov/download-datasets/,http://www.geniuskitchen.com/recipe/authentic-jamaican-brown-stew-chicken-347996,takarkuy-estimates-2026-10-01-v2
RCP-TMDB-52940,6,Carrots,1 chopped,ING-WORTEL,61.0,61.0,estimated,"asumsi TAKARKUY berat bagian termakan per unit 61 g; mengacu ukuran USDA, bukan bobot pasti produk",https://fdc.nal.usda.gov/download-datasets/,http://www.geniuskitchen.com/recipe/authentic-jamaican-brown-stew-chicken-347996,takarkuy-estimates-2026-10-01-v2
RCP-TMDB-52940,7,Lime,1,ING-JERUK-NIPIS,44.0,44.0,estimated,"asumsi TAKARKUY berat bagian termakan per unit 44 g; mengacu ukuran USDA, bukan bobot pasti produk",https://fdc.nal.usda.gov/download-datasets/,http://www.geniuskitchen.com/recipe/authentic-jamaican-brown-stew-chicken-347996,takarkuy-estimates-2026-10-01-v2
RCP-TMDB-52940,8,Thyme,2 tsp,ING-THYME,1.792,1.792,estimated,"perkiraan tsp; massa khusus bahan, cup ≈ 240 ml",https://fdc.nal.usda.gov/download-datasets/; https://www.kingarthurbaking.com/learn/ingredient-weight-chart,http://www.geniuskitchen.com/recipe/authentic-jamaican-brown-stew-chicken-347996,takarkuy-estimates-2026-10-01-v2
RCP-TMDB-52940,9,Allspice,1 tsp,ING-ALLSPICE,2.0,2.0,estimated,"perkiraan tsp; massa khusus bahan, cup ≈ 240 ml",https://fdc.nal.usda.gov/download-datasets/; https://www.kingarthurbaking.com/learn/ingredient-weight-chart,http://www.geniuskitchen.com/recipe/authentic-jamaican-brown-stew-chicken-347996,takarkuy-estimates-2026-10-01-v2
RCP-TMDB-52940,10,Soy Sauce,2 tbs,ING-KECAP-ASIN,31.875,31.875,estimated,"perkiraan tbs; massa khusus bahan, cup ≈ 240 ml",https://fdc.nal.usda.gov/download-datasets/; https://www.kingarthurbaking.com/learn/ingredient-weight-chart,http://www.geniuskitchen.com/recipe/authentic-jamaican-brown-stew-chicken-347996,takarkuy-estimates-2026-10-01-v2
RCP-TMDB-52940,11,Cornstarch,2 tsp,ING-MAIZENA,5.333,5.333,estimated,"perkiraan tsp; massa khusus bahan, cup ≈ 240 ml",https://fdc.nal.usda.gov/download-datasets/; https://www.kingarthurbaking.com/learn/ingredient-weight-chart,http://www.geniuskitchen.com/recipe/authentic-jamaican-brown-stew-chicken-347996,takarkuy-estimates-2026-10-01-v2
RCP-TMDB-52940,12,Coconut Milk,2 cups,ING-SANTAN,480.0,480.0,estimated,"perkiraan cups; massa khusus bahan, cup ≈ 240 ml",https://fdc.nal.usda.gov/download-datasets/; https://www.kingarthurbaking.com/learn/ingredient-weight-chart,http://www.geniuskitchen.com/recipe/authentic-jamaican-brown-stew-chicken-347996,takarkuy-estimates-2026-10-01-v2
RCP-TMDB-52940,13,Vegetable Oil,1 tbs,ING-MINYAK-GORENG-CURAH,13.625,13.625,estimated,"perkiraan tbs; massa khusus bahan, cup ≈ 240 ml",https://fdc.nal.usda.gov/download-datasets/; https://www.kingarthurbaking.com/learn/ingredient-weight-chart,http://www.geniuskitchen.com/recipe/authentic-jamaican-brown-stew-chicken-347996,takarkuy-estimates-2026-10-01-v2
RCP-TMDB-52959,1,Fennel,2 medium,,,,blocked,bahan/bentuk/komposisi belum dipetakan; tidak dibuang dari perhitungan,,https://www.bbcgoodfood.com/recipes/7745/baked-salmon-with-fennel-and-tomatoes,takarkuy-estimates-2026-10-01-v2
RCP-TMDB-52959,2,Parsley,2 tbs chopped,ING-PARSLEY,7.5,7.5,estimated,"perkiraan tbs; massa khusus bahan, cup ≈ 240 ml",https://fdc.nal.usda.gov/download-datasets/; https://www.kingarthurbaking.com/learn/ingredient-weight-chart,https://www.bbcgoodfood.com/recipes/7745/baked-salmon-with-fennel-and-tomatoes,takarkuy-estimates-2026-10-01-v2
RCP-TMDB-52959,3,Lemon,Juice of 1,ING-LEMON,,,blocked,takaran belum dapat diperkirakan dengan aturan bahan,,https://www.bbcgoodfood.com/recipes/7745/baked-salmon-with-fennel-and-tomatoes,takarkuy-estimates-2026-10-01-v2
RCP-TMDB-52959,4,Cherry Tomatoes,175g,ING-TOMAT-CHERRY,175.0,175.0,estimated,konversi massa g → g,https://www.nist.gov/pml/owm/metric-si/unit-conversion/approximate-conversions-us-customary-measures-metric,https://www.bbcgoodfood.com/recipes/7745/baked-salmon-with-fennel-and-tomatoes,takarkuy-estimates-2026-10-01-v2
RCP-TMDB-52959,5,Olive Oil,1 tbs,ING-MINYAK-ZAITUN,13.5,13.5,estimated,"perkiraan tbs; massa khusus bahan, cup ≈ 240 ml",https://fdc.nal.usda.gov/download-datasets/; https://www.kingarthurbaking.com/learn/ingredient-weight-chart,https://www.bbcgoodfood.com/recipes/7745/baked-salmon-with-fennel-and-tomatoes,takarkuy-estimates-2026-10-01-v2
RCP-TMDB-52959,6,Salmon,350g,,350.0,,blocked,bahan/bentuk/komposisi belum dipetakan; tidak dibuang dari perhitungan; konversi massa g → g,https://www.nist.gov/pml/owm/metric-si/unit-conversion/approximate-conversions-us-customary-measures-metric,https://www.bbcgoodfood.com/recipes/7745/baked-salmon-with-fennel-and-tomatoes,takarkuy-estimates-2026-10-01-v2
RCP-TMDB-52959,7,Black Olives,to serve,,,,blocked,bahan/bentuk/komposisi belum dipetakan; tidak dibuang dari perhitungan,,https://www.bbcgoodfood.com/recipes/7745/baked-salmon-with-fennel-and-tomatoes,takarkuy-estimates-2026-10-01-v2
RCP-TMDB-53107,1,Avocado,3 Large,,,,blocked,bahan/bentuk/komposisi belum dipetakan; tidak dibuang dari perhitungan,,https://www.bbcgoodfood.com/recipes/avocado-citrus-dip-spicy-spuds-tortilla-chips,takarkuy-estimates-2026-10-01-v2
RCP-TMDB-53107,2,Natural Yoghurt,200g,,200.0,,blocked,bahan/bentuk/komposisi belum dipetakan; tidak dibuang dari perhitungan; konversi massa g → g,https://www.nist.gov/pml/owm/metric-si/unit-conversion/approximate-conversions-us-customary-measures-metric,https://www.bbcgoodfood.com/recipes/avocado-citrus-dip-spicy-spuds-tortilla-chips,takarkuy-estimates-2026-10-01-v2
RCP-TMDB-53107,3,Lime,Zest and juice of 1,ING-JERUK-NIPIS,,,blocked,takaran belum dapat diperkirakan dengan aturan bahan,,https://www.bbcgoodfood.com/recipes/avocado-citrus-dip-spicy-spuds-tortilla-chips,takarkuy-estimates-2026-10-01-v2
RCP-TMDB-53107,4,Lemon,Juice of 1/2,ING-LEMON,,,blocked,takaran belum dapat diperkirakan dengan aturan bahan,,https://www.bbcgoodfood.com/recipes/avocado-citrus-dip-spicy-spuds-tortilla-chips,takarkuy-estimates-2026-10-01-v2
RCP-TMDB-53107,5,Baby New Potatoes,1.25kg,ING-KENTANG,1250.0,1250.0,estimated,konversi massa kg → g,https://www.nist.gov/pml/owm/metric-si/unit-conversion/approximate-conversions-us-customary-measures-metric,https://www.bbcgoodfood.com/recipes/avocado-citrus-dip-spicy-spuds-tortilla-chips,takarkuy-estimates-2026-10-01-v2
RCP-TMDB-53107,6,Olive Oil,2 tablespoons,ING-MINYAK-ZAITUN,27.0,27.0,estimated,"perkiraan tablespoons; massa khusus bahan, cup ≈ 240 ml",https://fdc.nal.usda.gov/download-datasets/; https://www.kingarthurbaking.com/learn/ingredient-weight-chart,https://www.bbcgoodfood.com/recipes/avocado-citrus-dip-spicy-spuds-tortilla-chips,takarkuy-estimates-2026-10-01-v2
RCP-TMDB-53107,7,Hot Chilli Powder,1 teaspoon,,,,blocked,bahan/bentuk/komposisi belum dipetakan; tidak dibuang dari perhitungan,,https://www.bbcgoodfood.com/recipes/avocado-citrus-dip-spicy-spuds-tortilla-chips,takarkuy-estimates-2026-10-01-v2
RCP-TMDB-53107,8,Cumin Seeds,1 teaspoon,ING-CUMIN,2.0,2.0,estimated,"perkiraan teaspoon; massa khusus bahan, cup ≈ 240 ml",https://fdc.nal.usda.gov/download-datasets/; https://www.kingarthurbaking.com/learn/ingredient-weight-chart,https://www.bbcgoodfood.com/recipes/avocado-citrus-dip-spicy-spuds-tortilla-chips,takarkuy-estimates-2026-10-01-v2
RCP-TMDB-53107,9,Tortillas,200g,,200.0,,blocked,bahan/bentuk/komposisi belum dipetakan; tidak dibuang dari perhitungan; konversi massa g → g,https://www.nist.gov/pml/owm/metric-si/unit-conversion/approximate-conversions-us-customary-measures-metric,https://www.bbcgoodfood.com/recipes/avocado-citrus-dip-spicy-spuds-tortilla-chips,takarkuy-estimates-2026-10-01-v2
RCP-TMDB-53250,1,Raw Vegetables,150g,,150.0,,blocked,bahan/bentuk/komposisi belum dipetakan; tidak dibuang dari perhitungan; konversi massa g → g,https://www.nist.gov/pml/owm/metric-si/unit-conversion/approximate-conversions-us-customary-measures-metric,https://www.bbcgoodfood.com/recipes/boxing-day-banh-mi,takarkuy-estimates-2026-10-01-v2
RCP-TMDB-53250,2,Vegan White Wine Vinegar,3  tablespoons,,,,blocked,bahan/bentuk/komposisi belum dipetakan; tidak dibuang dari perhitungan,,https://www.bbcgoodfood.com/recipes/boxing-day-banh-mi,takarkuy-estimates-2026-10-01-v2
RCP-TMDB-53250,3,Golden Caster Sugar,1 tsp,ING-GULA-PASIR-DALAM-NEGERI,4.125,4.125,estimated,"perkiraan tsp; massa khusus bahan, cup ≈ 240 ml",https://fdc.nal.usda.gov/download-datasets/; https://www.kingarthurbaking.com/learn/ingredient-weight-chart,https://www.bbcgoodfood.com/recipes/boxing-day-banh-mi,takarkuy-estimates-2026-10-01-v2
RCP-TMDB-53250,4,Baguette,1 large,,,,blocked,bahan/bentuk/komposisi belum dipetakan; tidak dibuang dari perhitungan,,https://www.bbcgoodfood.com/recipes/boxing-day-banh-mi,takarkuy-estimates-2026-10-01-v2
RCP-TMDB-53250,5,Hummus,100g,,100.0,,blocked,bahan/bentuk/komposisi belum dipetakan; tidak dibuang dari perhitungan; konversi massa g → g,https://www.nist.gov/pml/owm/metric-si/unit-conversion/approximate-conversions-us-customary-measures-metric,https://www.bbcgoodfood.com/recipes/boxing-day-banh-mi,takarkuy-estimates-2026-10-01-v2
RCP-TMDB-53250,6,Tempeh,175g,ING-TEMPE,175.0,175.0,estimated,konversi massa g → g,https://www.nist.gov/pml/owm/metric-si/unit-conversion/approximate-conversions-us-customary-measures-metric,https://www.bbcgoodfood.com/recipes/boxing-day-banh-mi,takarkuy-estimates-2026-10-01-v2
RCP-TMDB-53250,7,Coriander,Handful,ING-KETUMBAR-BIJI,,,blocked,takaran belum dapat diperkirakan dengan aturan bahan,,https://www.bbcgoodfood.com/recipes/boxing-day-banh-mi,takarkuy-estimates-2026-10-01-v2
RCP-TMDB-53250,8,Mint,Handful,ING-MINT,,,blocked,takaran belum dapat diperkirakan dengan aturan bahan,,https://www.bbcgoodfood.com/recipes/boxing-day-banh-mi,takarkuy-estimates-2026-10-01-v2
RCP-TMDB-53250,9,Hotsauce,To serve,,,,blocked,bahan/bentuk/komposisi belum dipetakan; tidak dibuang dari perhitungan,,https://www.bbcgoodfood.com/recipes/boxing-day-banh-mi,takarkuy-estimates-2026-10-01-v2
RCP-TMDB-52987,1,Sour Cream,1/4 cup,,,,blocked,bahan/bentuk/komposisi belum dipetakan; tidak dibuang dari perhitungan,,https://www.themealdb.com/meal/52987,takarkuy-estimates-2026-10-01-v2
RCP-TMDB-52987,2,Chopped Onion,2 tbs,ING-BAWANG-BOMBAY,20.0,20.0,estimated,"perkiraan tbs; massa khusus bahan, cup ≈ 240 ml",https://fdc.nal.usda.gov/download-datasets/; https://www.kingarthurbaking.com/learn/ingredient-weight-chart,https://www.themealdb.com/meal/52987,takarkuy-estimates-2026-10-01-v2
RCP-TMDB-52987,3,Dried Oregano,1/2 tbs,,,,blocked,bahan/bentuk/komposisi belum dipetakan; tidak dibuang dari perhitungan,,https://www.themealdb.com/meal/52987,takarkuy-estimates-2026-10-01-v2
RCP-TMDB-52987,4,Salt,1/4 tsp,ING-GARAM,1.521,1.521,estimated,"perkiraan tsp; massa khusus bahan, cup ≈ 240 ml",https://fdc.nal.usda.gov/download-datasets/; https://www.kingarthurbaking.com/learn/ingredient-weight-chart,https://www.themealdb.com/meal/52987,takarkuy-estimates-2026-10-01-v2
RCP-TMDB-52987,5,Bread,8 slices,ING-ROTI,200.0,200.0,estimated,"asumsi TAKARKUY berat bagian termakan per unit 25 g; mengacu ukuran USDA, bukan bobot pasti produk",https://fdc.nal.usda.gov/download-datasets/,https://www.themealdb.com/meal/52987,takarkuy-estimates-2026-10-01-v2
RCP-TMDB-52987,6,Bacon,8 slices,,,,blocked,bahan/bentuk/komposisi belum dipetakan; tidak dibuang dari perhitungan,,https://www.themealdb.com/meal/52987,takarkuy-estimates-2026-10-01-v2
RCP-TMDB-52987,7,Tomato,8 slices,ING-TOMAT,984.0,984.0,estimated,"asumsi TAKARKUY berat bagian termakan per unit 123 g; mengacu ukuran USDA, bukan bobot pasti produk",https://fdc.nal.usda.gov/download-datasets/,https://www.themealdb.com/meal/52987,takarkuy-estimates-2026-10-01-v2
RCP-TMDB-52987,8,Mozzarella,4 slices,,,,blocked,bahan/bentuk/komposisi belum dipetakan; tidak dibuang dari perhitungan,,https://www.themealdb.com/meal/52987,takarkuy-estimates-2026-10-01-v2
RCP-TMDB-52987,9,Butter,2 1/2 Tbs,ING-MENTEGA,35.469,35.469,estimated,"perkiraan tbs; massa khusus bahan, cup ≈ 240 ml",https://fdc.nal.usda.gov/download-datasets/; https://www.kingarthurbaking.com/learn/ingredient-weight-chart,https://www.themealdb.com/meal/52987,takarkuy-estimates-2026-10-01-v2
RCP-TMDB-52939,1,Kale,1  bunch,,,,blocked,bahan/bentuk/komposisi belum dipetakan; tidak dibuang dari perhitungan,,https://www.africanbites.com/callaloo-jamaican-style/,takarkuy-estimates-2026-10-01-v2
RCP-TMDB-52939,2,Bacon,2 strips,,,,blocked,bahan/bentuk/komposisi belum dipetakan; tidak dibuang dari perhitungan,,https://www.africanbites.com/callaloo-jamaican-style/,takarkuy-estimates-2026-10-01-v2
RCP-TMDB-52939,3,Garlic,3 cloves Chopped,ING-BAWANG-PUTIH,9.0,9.0,estimated,"asumsi TAKARKUY berat bagian termakan per unit 3 g; mengacu ukuran USDA, bukan bobot pasti produk",https://fdc.nal.usda.gov/download-datasets/,https://www.africanbites.com/callaloo-jamaican-style/,takarkuy-estimates-2026-10-01-v2
RCP-TMDB-52939,4,Onion,1 medium,ING-BAWANG-BOMBAY,110.0,110.0,estimated,"asumsi TAKARKUY berat bagian termakan per unit 110 g; mengacu ukuran USDA, bukan bobot pasti produk",https://fdc.nal.usda.gov/download-datasets/,https://www.africanbites.com/callaloo-jamaican-style/,takarkuy-estimates-2026-10-01-v2
RCP-TMDB-52939,5,Paprika,1/2 tsp,ING-PAPRIKA-BUBUK,1.135,1.135,estimated,"perkiraan tsp; massa khusus bahan, cup ≈ 240 ml",https://fdc.nal.usda.gov/download-datasets/; https://www.kingarthurbaking.com/learn/ingredient-weight-chart,https://www.africanbites.com/callaloo-jamaican-style/,takarkuy-estimates-2026-10-01-v2
RCP-TMDB-52939,6,Thyme,1 Sprig,ING-THYME,,,blocked,satuan/format belum dipetakan: sprig,,https://www.africanbites.com/callaloo-jamaican-style/,takarkuy-estimates-2026-10-01-v2
RCP-TMDB-52939,7,Tomato,1,ING-TOMAT,123.0,123.0,estimated,"asumsi TAKARKUY berat bagian termakan per unit 123 g; mengacu ukuran USDA, bukan bobot pasti produk",https://fdc.nal.usda.gov/download-datasets/,https://www.africanbites.com/callaloo-jamaican-style/,takarkuy-estimates-2026-10-01-v2
RCP-TMDB-52939,8,Red Pepper,1,ING-PAPRIKA-MERAH,119.0,119.0,estimated,"asumsi TAKARKUY berat bagian termakan per unit 119 g; mengacu ukuran USDA, bukan bobot pasti produk",https://fdc.nal.usda.gov/download-datasets/,https://www.africanbites.com/callaloo-jamaican-style/,takarkuy-estimates-2026-10-01-v2
RCP-TMDB-52939,9,Banana,4,ING-PISANG,472.0,472.0,estimated,"asumsi TAKARKUY berat bagian termakan per unit 118 g; mengacu ukuran USDA, bukan bobot pasti produk",https://fdc.nal.usda.gov/download-datasets/,https://www.africanbites.com/callaloo-jamaican-style/,takarkuy-estimates-2026-10-01-v2
RCP-TMDB-52939,10,Vegetable Oil,Splash,ING-MINYAK-GORENG-CURAH,,,blocked,takaran belum dapat diperkirakan dengan aturan bahan,,https://www.africanbites.com/callaloo-jamaican-style/,takarkuy-estimates-2026-10-01-v2
RCP-TMDB-53258,1,Lamb Leg,4 small,,,,blocked,bahan/bentuk/komposisi belum dipetakan; tidak dibuang dari perhitungan,,https://www.bbcgoodfood.com/recipes/hot-cumin-lamb-wrap-crunchy-slaw-spicy-mayo,takarkuy-estimates-2026-10-01-v2
RCP-TMDB-53258,2,Olive Oil,2 tsp,ING-MINYAK-ZAITUN,9.0,9.0,estimated,"perkiraan tsp; massa khusus bahan, cup ≈ 240 ml",https://fdc.nal.usda.gov/download-datasets/; https://www.kingarthurbaking.com/learn/ingredient-weight-chart,https://www.bbcgoodfood.com/recipes/hot-cumin-lamb-wrap-crunchy-slaw-spicy-mayo,takarkuy-estimates-2026-10-01-v2
RCP-TMDB-53258,3,Ground Cumin,1 tsp,ING-CUMIN,2.0,2.0,estimated,"perkiraan tsp; massa khusus bahan, cup ≈ 240 ml",https://fdc.nal.usda.gov/download-datasets/; https://www.kingarthurbaking.com/learn/ingredient-weight-chart,https://www.bbcgoodfood.com/recipes/hot-cumin-lamb-wrap-crunchy-slaw-spicy-mayo,takarkuy-estimates-2026-10-01-v2
RCP-TMDB-53258,4,Sugar,1 tablespoon,ING-GULA-PASIR-DALAM-NEGERI,12.375,12.375,estimated,"perkiraan tablespoon; massa khusus bahan, cup ≈ 240 ml",https://fdc.nal.usda.gov/download-datasets/; https://www.kingarthurbaking.com/learn/ingredient-weight-chart,https://www.bbcgoodfood.com/recipes/hot-cumin-lamb-wrap-crunchy-slaw-spicy-mayo,takarkuy-estimates-2026-10-01-v2
RCP-TMDB-53258,5,White Wine Vinegar,3  tablespoons,,,,blocked,bahan/bentuk/komposisi belum dipetakan; tidak dibuang dari perhitungan,,https://www.bbcgoodfood.com/recipes/hot-cumin-lamb-wrap-crunchy-slaw-spicy-mayo,takarkuy-estimates-2026-10-01-v2
RCP-TMDB-53258,6,Carrots,2,ING-WORTEL,122.0,122.0,estimated,"asumsi TAKARKUY berat bagian termakan per unit 61 g; mengacu ukuran USDA, bukan bobot pasti produk",https://fdc.nal.usda.gov/download-datasets/,https://www.bbcgoodfood.com/recipes/hot-cumin-lamb-wrap-crunchy-slaw-spicy-mayo,takarkuy-estimates-2026-10-01-v2
RCP-TMDB-53258,7,Spring Onions,2 sliced,ING-DAUN-BAWANG,30.0,30.0,estimated,"asumsi TAKARKUY berat bagian termakan per unit 15 g; mengacu ukuran USDA, bukan bobot pasti produk",https://fdc.nal.usda.gov/download-datasets/,https://www.bbcgoodfood.com/recipes/hot-cumin-lamb-wrap-crunchy-slaw-spicy-mayo,takarkuy-estimates-2026-10-01-v2
RCP-TMDB-53258,8,White Cabbage,400g,ING-KUBIS,400.0,400.0,estimated,konversi massa g → g,https://www.nist.gov/pml/owm/metric-si/unit-conversion/approximate-conversions-us-customary-measures-metric,https://www.bbcgoodfood.com/recipes/hot-cumin-lamb-wrap-crunchy-slaw-spicy-mayo,takarkuy-estimates-2026-10-01-v2
RCP-TMDB-53258,9,Sweet Peppadew Peppers,5,,,,blocked,bahan/bentuk/komposisi belum dipetakan; tidak dibuang dari perhitungan,,https://www.bbcgoodfood.com/recipes/hot-cumin-lamb-wrap-crunchy-slaw-spicy-mayo,takarkuy-estimates-2026-10-01-v2
RCP-TMDB-53258,10,Mayonnaise,3  tablespoons,,,,blocked,bahan/bentuk/komposisi belum dipetakan; tidak dibuang dari perhitungan,,https://www.bbcgoodfood.com/recipes/hot-cumin-lamb-wrap-crunchy-slaw-spicy-mayo,takarkuy-estimates-2026-10-01-v2
RCP-TMDB-53258,11,Pita Bread,4 large,,,,blocked,bahan/bentuk/komposisi belum dipetakan; tidak dibuang dari perhitungan,,https://www.bbcgoodfood.com/recipes/hot-cumin-lamb-wrap-crunchy-slaw-spicy-mayo,takarkuy-estimates-2026-10-01-v2
RCP-TMDB-53457,1,Pigs Trotters,2,,,,blocked,bahan/bentuk/komposisi belum dipetakan; tidak dibuang dari perhitungan,,https://www.totallybarbados.com/articles/barbados-recipes/barbados-pepperpot/,takarkuy-estimates-2026-10-01-v2
RCP-TMDB-53457,2,Oxtail,2 Lbs,,907.185,,blocked,bahan/bentuk/komposisi belum dipetakan; tidak dibuang dari perhitungan; konversi massa lbs → g,https://www.nist.gov/pml/owm/metric-si/unit-conversion/approximate-conversions-us-customary-measures-metric,https://www.totallybarbados.com/articles/barbados-recipes/barbados-pepperpot/,takarkuy-estimates-2026-10-01-v2
RCP-TMDB-53457,3,Lime juice,Splash,ING-JERUK-NIPIS,,,blocked,takaran belum dapat diperkirakan dengan aturan bahan,,https://www.totallybarbados.com/articles/barbados-recipes/barbados-pepperpot/,takarkuy-estimates-2026-10-01-v2
RCP-TMDB-53457,4,Garlic,3 cloves,ING-BAWANG-PUTIH,9.0,9.0,estimated,"asumsi TAKARKUY berat bagian termakan per unit 3 g; mengacu ukuran USDA, bukan bobot pasti produk",https://fdc.nal.usda.gov/download-datasets/,https://www.totallybarbados.com/articles/barbados-recipes/barbados-pepperpot/,takarkuy-estimates-2026-10-01-v2
RCP-TMDB-53457,5,Scotch Bonnet,2,,,,blocked,bahan/bentuk/komposisi belum dipetakan; tidak dibuang dari perhitungan,,https://www.totallybarbados.com/articles/barbados-recipes/barbados-pepperpot/,takarkuy-estimates-2026-10-01-v2
RCP-TMDB-53457,6,Onion,1 large,ING-BAWANG-BOMBAY,137.5,137.5,estimated,"asumsi TAKARKUY berat bagian termakan per unit 110 g; mengacu ukuran USDA, bukan bobot pasti produk",https://fdc.nal.usda.gov/download-datasets/,https://www.totallybarbados.com/articles/barbados-recipes/barbados-pepperpot/,takarkuy-estimates-2026-10-01-v2
RCP-TMDB-53457,7,Cinnamon Stick,1,ING-KAYU-MANIS,3.0,3.0,estimated,"asumsi TAKARKUY berat bagian termakan per unit 3 g; mengacu ukuran USDA, bukan bobot pasti produk",https://fdc.nal.usda.gov/download-datasets/,https://www.totallybarbados.com/articles/barbados-recipes/barbados-pepperpot/,takarkuy-estimates-2026-10-01-v2
RCP-TMDB-53457,8,Cloves,2,,,,blocked,bahan/bentuk/komposisi belum dipetakan; tidak dibuang dari perhitungan,,https://www.totallybarbados.com/articles/barbados-recipes/barbados-pepperpot/,takarkuy-estimates-2026-10-01-v2
RCP-TMDB-53457,9,Sugar,Pinch,ING-GULA-PASIR-DALAM-NEGERI,8,8,estimated,asumsi TAKARKUY untuk batch: 8 g; sumber tidak memberi angka pasti,,https://www.totallybarbados.com/articles/barbados-recipes/barbados-pepperpot/,takarkuy-estimates-2026-10-01-v2
RCP-TMDB-53457,10,Salt,Pinch,ING-GARAM,3,3,estimated,asumsi TAKARKUY untuk batch: 3 g; sumber tidak memberi angka pasti,,https://www.totallybarbados.com/articles/barbados-recipes/barbados-pepperpot/,takarkuy-estimates-2026-10-01-v2
RCP-TMDB-53457,11,Basil,Sprinkling,ING-BASIL,10,10,estimated,asumsi TAKARKUY untuk batch: 10 g; sumber tidak memberi angka pasti,,https://www.totallybarbados.com/articles/barbados-recipes/barbados-pepperpot/,takarkuy-estimates-2026-10-01-v2
RCP-TMDB-53457,12,Thyme,Sprinkling,ING-THYME,1,1,estimated,asumsi TAKARKUY untuk batch: 1 g; sumber tidak memberi angka pasti,,https://www.totallybarbados.com/articles/barbados-recipes/barbados-pepperpot/,takarkuy-estimates-2026-10-01-v2
RCP-TMDB-53457,13,Beef,2 Lbs,ING-DAGING-SAPI,907.185,907.185,estimated,konversi massa lbs → g,https://www.nist.gov/pml/owm/metric-si/unit-conversion/approximate-conversions-us-customary-measures-metric,https://www.totallybarbados.com/articles/barbados-recipes/barbados-pepperpot/,takarkuy-estimates-2026-10-01-v2
RCP-TMDB-53016,1,Chicken Breast,1,ING-DAGING-AYAM-BROILER,150.0,150.0,estimated,"asumsi TAKARKUY berat bagian termakan per unit 150 g; mengacu ukuran USDA, bukan bobot pasti produk",https://fdc.nal.usda.gov/download-datasets/,https://hilahcooking.com/chick-fil-a-copycat/,takarkuy-estimates-2026-10-01-v2
RCP-TMDB-53016,2,Pickle Juice,1/4 cup,,,,blocked,bahan/bentuk/komposisi belum dipetakan; tidak dibuang dari perhitungan,,https://hilahcooking.com/chick-fil-a-copycat/,takarkuy-estimates-2026-10-01-v2
RCP-TMDB-53016,3,Egg,1,ING-TELUR-AYAM-BROILER,50.0,50.0,estimated,"asumsi TAKARKUY berat bagian termakan per unit 50 g; mengacu ukuran USDA, bukan bobot pasti produk",https://fdc.nal.usda.gov/download-datasets/,https://hilahcooking.com/chick-fil-a-copycat/,takarkuy-estimates-2026-10-01-v2
RCP-TMDB-53016,4,Milk,1/4 cup,ING-SUSU-SAPI-SEGAR,61.0,61.0,estimated,"perkiraan cup; massa khusus bahan, cup ≈ 240 ml",https://fdc.nal.usda.gov/download-datasets/; https://www.kingarthurbaking.com/learn/ingredient-weight-chart,https://hilahcooking.com/chick-fil-a-copycat/,takarkuy-estimates-2026-10-01-v2
RCP-TMDB-53016,5,Flour,1/2 cup,ING-TEPUNG-TERIGU-CURAH,60.0,60.0,estimated,"perkiraan cup; massa khusus bahan, cup ≈ 240 ml",https://fdc.nal.usda.gov/download-datasets/; https://www.kingarthurbaking.com/learn/ingredient-weight-chart,https://hilahcooking.com/chick-fil-a-copycat/,takarkuy-estimates-2026-10-01-v2
RCP-TMDB-53016,6,Icing Sugar,1 tbs,,,,blocked,bahan/bentuk/komposisi belum dipetakan; tidak dibuang dari perhitungan,,https://hilahcooking.com/chick-fil-a-copycat/,takarkuy-estimates-2026-10-01-v2
RCP-TMDB-53016,7,Paprika,1/2 tsp,ING-PAPRIKA-BUBUK,1.135,1.135,estimated,"perkiraan tsp; massa khusus bahan, cup ≈ 240 ml",https://fdc.nal.usda.gov/download-datasets/; https://www.kingarthurbaking.com/learn/ingredient-weight-chart,https://hilahcooking.com/chick-fil-a-copycat/,takarkuy-estimates-2026-10-01-v2
RCP-TMDB-53016,8,Salt,1/2 tsp,ING-GARAM,3.042,3.042,estimated,"perkiraan tsp; massa khusus bahan, cup ≈ 240 ml",https://fdc.nal.usda.gov/download-datasets/; https://www.kingarthurbaking.com/learn/ingredient-weight-chart,https://hilahcooking.com/chick-fil-a-copycat/,takarkuy-estimates-2026-10-01-v2
RCP-TMDB-53016,9,Black Pepper,1/4 tsp,ING-MERICA,0.573,0.573,estimated,"perkiraan tsp; massa khusus bahan, cup ≈ 240 ml",https://fdc.nal.usda.gov/download-datasets/; https://www.kingarthurbaking.com/learn/ingredient-weight-chart,https://hilahcooking.com/chick-fil-a-copycat/,takarkuy-estimates-2026-10-01-v2
RCP-TMDB-53016,10,Garlic Powder,1/4 tsp,,,,blocked,bahan/bentuk/komposisi belum dipetakan; tidak dibuang dari perhitungan,,https://hilahcooking.com/chick-fil-a-copycat/,takarkuy-estimates-2026-10-01-v2
RCP-TMDB-53016,11,Celery Salt,1/4 tsp,,,,blocked,bahan/bentuk/komposisi belum dipetakan; tidak dibuang dari perhitungan,,https://hilahcooking.com/chick-fil-a-copycat/,takarkuy-estimates-2026-10-01-v2
RCP-TMDB-53016,12,Cayenne Pepper,1/2 tsp,ING-CABAI-BUBUK,0.885,0.885,estimated,"perkiraan tsp; massa khusus bahan, cup ≈ 240 ml",https://fdc.nal.usda.gov/download-datasets/; https://www.kingarthurbaking.com/learn/ingredient-weight-chart,https://hilahcooking.com/chick-fil-a-copycat/,takarkuy-estimates-2026-10-01-v2
RCP-TMDB-53016,13,Olive Oil,1 cup,ING-MINYAK-ZAITUN,216.0,216.0,estimated,"perkiraan cup; massa khusus bahan, cup ≈ 240 ml",https://fdc.nal.usda.gov/download-datasets/; https://www.kingarthurbaking.com/learn/ingredient-weight-chart,https://hilahcooking.com/chick-fil-a-copycat/,takarkuy-estimates-2026-10-01-v2
RCP-TMDB-53016,14,Sesame Seed Burger Buns,1,,,,blocked,bahan/bentuk/komposisi belum dipetakan; tidak dibuang dari perhitungan,,https://hilahcooking.com/chick-fil-a-copycat/,takarkuy-estimates-2026-10-01-v2
RCP-TMDB-53440,1,Salt Cod,1,,,,blocked,bahan/bentuk/komposisi belum dipetakan; tidak dibuang dari perhitungan,,https://www.visitaruba.com/aruba-recipes/balchi-di-pisca/,takarkuy-estimates-2026-10-01-v2
RCP-TMDB-53440,2,Potatoes,3 Medium,ING-KENTANG,510.0,510.0,estimated,"asumsi TAKARKUY berat bagian termakan per unit 170 g; mengacu ukuran USDA, bukan bobot pasti produk",https://fdc.nal.usda.gov/download-datasets/,https://www.visitaruba.com/aruba-recipes/balchi-di-pisca/,takarkuy-estimates-2026-10-01-v2
RCP-TMDB-53440,3,Tomato,1,ING-TOMAT,123.0,123.0,estimated,"asumsi TAKARKUY berat bagian termakan per unit 123 g; mengacu ukuran USDA, bukan bobot pasti produk",https://fdc.nal.usda.gov/download-datasets/,https://www.visitaruba.com/aruba-recipes/balchi-di-pisca/,takarkuy-estimates-2026-10-01-v2
RCP-TMDB-53440,4,Green Pepper,1/2,ING-PAPRIKA-HIJAU,59.5,59.5,estimated,"asumsi TAKARKUY berat bagian termakan per unit 119 g; mengacu ukuran USDA, bukan bobot pasti produk",https://fdc.nal.usda.gov/download-datasets/,https://www.visitaruba.com/aruba-recipes/balchi-di-pisca/,takarkuy-estimates-2026-10-01-v2
RCP-TMDB-53440,5,Onion,1 medium,ING-BAWANG-BOMBAY,110.0,110.0,estimated,"asumsi TAKARKUY berat bagian termakan per unit 110 g; mengacu ukuran USDA, bukan bobot pasti produk",https://fdc.nal.usda.gov/download-datasets/,https://www.visitaruba.com/aruba-recipes/balchi-di-pisca/,takarkuy-estimates-2026-10-01-v2
RCP-TMDB-53440,6,Garlic,1 clove peeled sliced,ING-BAWANG-PUTIH,3.0,3.0,estimated,"asumsi TAKARKUY berat bagian termakan per unit 3 g; mengacu ukuran USDA, bukan bobot pasti produk",https://fdc.nal.usda.gov/download-datasets/,https://www.visitaruba.com/aruba-recipes/balchi-di-pisca/,takarkuy-estimates-2026-10-01-v2
RCP-TMDB-53440,7,Tobasco Sauce,1/2 tsp,,,,blocked,bahan/bentuk/komposisi belum dipetakan; tidak dibuang dari perhitungan,,https://www.visitaruba.com/aruba-recipes/balchi-di-pisca/,takarkuy-estimates-2026-10-01-v2
RCP-TMDB-53440,8,Nutmeg,Dash,ING-PALA,1,1,estimated,asumsi TAKARKUY untuk batch: 1 g; sumber tidak memberi angka pasti,,https://www.visitaruba.com/aruba-recipes/balchi-di-pisca/,takarkuy-estimates-2026-10-01-v2
RCP-TMDB-53440,9,Salt,To taste,ING-GARAM,3,3,estimated,asumsi TAKARKUY untuk batch: 3 g; sumber tidak memberi angka pasti,,https://www.visitaruba.com/aruba-recipes/balchi-di-pisca/,takarkuy-estimates-2026-10-01-v2
RCP-TMDB-53440,10,Pepper,To taste,ING-MERICA,1,1,estimated,asumsi TAKARKUY untuk batch: 1 g; sumber tidak memberi angka pasti,,https://www.visitaruba.com/aruba-recipes/balchi-di-pisca/,takarkuy-estimates-2026-10-01-v2
RCP-TMDB-53440,11,Egg,1,ING-TELUR-AYAM-BROILER,50.0,50.0,estimated,"asumsi TAKARKUY berat bagian termakan per unit 50 g; mengacu ukuran USDA, bukan bobot pasti produk",https://fdc.nal.usda.gov/download-datasets/,https://www.visitaruba.com/aruba-recipes/balchi-di-pisca/,takarkuy-estimates-2026-10-01-v2
RCP-TMDB-52807,1,Aubergine,1 large,ING-TERONG,562.5,562.5,estimated,"asumsi TAKARKUY berat bagian termakan per unit 450 g; mengacu ukuran USDA, bukan bobot pasti produk",https://fdc.nal.usda.gov/download-datasets/,http://www.vegrecipesofindia.com/baingan-bharta-recipe-punjabi-baingan-bharta-recipe/,takarkuy-estimates-2026-10-01-v2
RCP-TMDB-52807,2,Onion,½ cup,ING-BAWANG-BOMBAY,80.0,80.0,estimated,"perkiraan cup; massa khusus bahan, cup ≈ 240 ml",https://fdc.nal.usda.gov/download-datasets/; https://www.kingarthurbaking.com/learn/ingredient-weight-chart,http://www.vegrecipesofindia.com/baingan-bharta-recipe-punjabi-baingan-bharta-recipe/,takarkuy-estimates-2026-10-01-v2
RCP-TMDB-52807,3,Tomatoes,1 cup,ING-TOMAT,180.0,180.0,estimated,"perkiraan cup; massa khusus bahan, cup ≈ 240 ml",https://fdc.nal.usda.gov/download-datasets/; https://www.kingarthurbaking.com/learn/ingredient-weight-chart,http://www.vegrecipesofindia.com/baingan-bharta-recipe-punjabi-baingan-bharta-recipe/,takarkuy-estimates-2026-10-01-v2
RCP-TMDB-52807,4,Garlic,6 cloves,ING-BAWANG-PUTIH,18.0,18.0,estimated,"asumsi TAKARKUY berat bagian termakan per unit 3 g; mengacu ukuran USDA, bukan bobot pasti produk",https://fdc.nal.usda.gov/download-datasets/,http://www.vegrecipesofindia.com/baingan-bharta-recipe-punjabi-baingan-bharta-recipe/,takarkuy-estimates-2026-10-01-v2
RCP-TMDB-52807,5,Green Chilli,1,ING-CABE-HIJAU-BIASA,10.0,10.0,estimated,"asumsi TAKARKUY berat bagian termakan per unit 10 g; mengacu ukuran USDA, bukan bobot pasti produk",https://fdc.nal.usda.gov/download-datasets/,http://www.vegrecipesofindia.com/baingan-bharta-recipe-punjabi-baingan-bharta-recipe/,takarkuy-estimates-2026-10-01-v2
RCP-TMDB-52807,6,Red Chilli Powder,¼ teaspoon,ING-CABAI-BUBUK,0.443,0.443,estimated,"perkiraan teaspoon; massa khusus bahan, cup ≈ 240 ml",https://fdc.nal.usda.gov/download-datasets/; https://www.kingarthurbaking.com/learn/ingredient-weight-chart,http://www.vegrecipesofindia.com/baingan-bharta-recipe-punjabi-baingan-bharta-recipe/,takarkuy-estimates-2026-10-01-v2
RCP-TMDB-52807,7,Oil,1.5 tablespoon,ING-MINYAK-GORENG-CURAH,20.438,20.438,estimated,"perkiraan tablespoon; massa khusus bahan, cup ≈ 240 ml",https://fdc.nal.usda.gov/download-datasets/; https://www.kingarthurbaking.com/learn/ingredient-weight-chart,http://www.vegrecipesofindia.com/baingan-bharta-recipe-punjabi-baingan-bharta-recipe/,takarkuy-estimates-2026-10-01-v2
RCP-TMDB-52807,8,Coriander Leaves,1 tablespoon chopped,ING-DAUN-KETUMBAR,1.0,1.0,estimated,"perkiraan tablespoon; massa khusus bahan, cup ≈ 240 ml",https://fdc.nal.usda.gov/download-datasets/; https://www.kingarthurbaking.com/learn/ingredient-weight-chart,http://www.vegrecipesofindia.com/baingan-bharta-recipe-punjabi-baingan-bharta-recipe/,takarkuy-estimates-2026-10-01-v2
RCP-TMDB-52807,9,salt,as required,ING-GARAM,3,3,estimated,asumsi TAKARKUY untuk batch: 3 g; sumber tidak memberi angka pasti,,http://www.vegrecipesofindia.com/baingan-bharta-recipe-punjabi-baingan-bharta-recipe/,takarkuy-estimates-2026-10-01-v2
RCP-TMDB-52794,1,Self-raising Flour,1 1/4 cup,,,,blocked,bahan/bentuk/komposisi belum dipetakan; tidak dibuang dari perhitungan,,https://www.themealdb.com/meal/52794,takarkuy-estimates-2026-10-01-v2
RCP-TMDB-52794,2,coco sugar,1/2 cup,,,,blocked,bahan/bentuk/komposisi belum dipetakan; tidak dibuang dari perhitungan,,https://www.themealdb.com/meal/52794,takarkuy-estimates-2026-10-01-v2
RCP-TMDB-52794,3,cacao,1/3 cup raw,,,,blocked,bahan/bentuk/komposisi belum dipetakan; tidak dibuang dari perhitungan,,https://www.themealdb.com/meal/52794,takarkuy-estimates-2026-10-01-v2
RCP-TMDB-52794,4,baking powder,1 tsp,,,,blocked,bahan/bentuk/komposisi belum dipetakan; tidak dibuang dari perhitungan,,https://www.themealdb.com/meal/52794,takarkuy-estimates-2026-10-01-v2
RCP-TMDB-52794,5,flax eggs,2,,,,blocked,bahan/bentuk/komposisi belum dipetakan; tidak dibuang dari perhitungan,,https://www.themealdb.com/meal/52794,takarkuy-estimates-2026-10-01-v2
RCP-TMDB-52794,6,almond milk,1/2 cup,,,,blocked,bahan/bentuk/komposisi belum dipetakan; tidak dibuang dari perhitungan,,https://www.themealdb.com/meal/52794,takarkuy-estimates-2026-10-01-v2
RCP-TMDB-52794,7,vanilla,1 tsp,,,,blocked,bahan/bentuk/komposisi belum dipetakan; tidak dibuang dari perhitungan,,https://www.themealdb.com/meal/52794,takarkuy-estimates-2026-10-01-v2
RCP-TMDB-52794,8,water,1/2 cup boiling,,,,excluded_utility,air/alat/pembungkus masak di luar gizi dan biaya bahan termakan,,https://www.themealdb.com/meal/52794,takarkuy-estimates-2026-10-01-v2
RCP-TMDB-52844,1,Olive Oil,1 tblsp,ING-MINYAK-ZAITUN,13.5,13.5,estimated,"perkiraan tblsp; massa khusus bahan, cup ≈ 240 ml",https://fdc.nal.usda.gov/download-datasets/; https://www.kingarthurbaking.com/learn/ingredient-weight-chart,https://www.bbcgoodfood.com/recipes/classic-lasagne,takarkuy-estimates-2026-10-01-v2
RCP-TMDB-52844,2,Bacon,2,,,,blocked,bahan/bentuk/komposisi belum dipetakan; tidak dibuang dari perhitungan,,https://www.bbcgoodfood.com/recipes/classic-lasagne,takarkuy-estimates-2026-10-01-v2
RCP-TMDB-52844,3,Onion,1 finely chopped,ING-BAWANG-BOMBAY,110.0,110.0,estimated,"asumsi TAKARKUY berat bagian termakan per unit 110 g; mengacu ukuran USDA, bukan bobot pasti produk",https://fdc.nal.usda.gov/download-datasets/,https://www.bbcgoodfood.com/recipes/classic-lasagne,takarkuy-estimates-2026-10-01-v2
RCP-TMDB-52844,4,Celery,1 Stick,ING-SELEDRI,40.0,40.0,estimated,"asumsi TAKARKUY berat bagian termakan per unit 40 g; mengacu ukuran USDA, bukan bobot pasti produk",https://fdc.nal.usda.gov/download-datasets/,https://www.bbcgoodfood.com/recipes/classic-lasagne,takarkuy-estimates-2026-10-01-v2
RCP-TMDB-52844,5,Carrots,1 medium,ING-WORTEL,61.0,61.0,estimated,"asumsi TAKARKUY berat bagian termakan per unit 61 g; mengacu ukuran USDA, bukan bobot pasti produk",https://fdc.nal.usda.gov/download-datasets/,https://www.bbcgoodfood.com/recipes/classic-lasagne,takarkuy-estimates-2026-10-01-v2
RCP-TMDB-52844,6,Garlic,2 cloves chopped,ING-BAWANG-PUTIH,6.0,6.0,estimated,"asumsi TAKARKUY berat bagian termakan per unit 3 g; mengacu ukuran USDA, bukan bobot pasti produk",https://fdc.nal.usda.gov/download-datasets/,https://www.bbcgoodfood.com/recipes/classic-lasagne,takarkuy-estimates-2026-10-01-v2
RCP-TMDB-52844,7,Minced Beef,500g,ING-DAGING-SAPI,500.0,500.0,estimated,konversi massa g → g,https://www.nist.gov/pml/owm/metric-si/unit-conversion/approximate-conversions-us-customary-measures-metric,https://www.bbcgoodfood.com/recipes/classic-lasagne,takarkuy-estimates-2026-10-01-v2
RCP-TMDB-52844,8,Tomato Puree,1 tbls,ING-TOMAT-PUREE,,,blocked,satuan/format belum dipetakan: tbls,,https://www.bbcgoodfood.com/recipes/classic-lasagne,takarkuy-estimates-2026-10-01-v2
RCP-TMDB-52844,9,Chopped Tomatoes,800g,,800.0,,blocked,bahan/bentuk/komposisi belum dipetakan; tidak dibuang dari perhitungan; konversi massa g → g,https://www.nist.gov/pml/owm/metric-si/unit-conversion/approximate-conversions-us-customary-measures-metric,https://www.bbcgoodfood.com/recipes/classic-lasagne,takarkuy-estimates-2026-10-01-v2
RCP-TMDB-52844,10,Honey,1 tblsp,,,,blocked,bahan/bentuk/komposisi belum dipetakan; tidak dibuang dari perhitungan,,https://www.bbcgoodfood.com/recipes/classic-lasagne,takarkuy-estimates-2026-10-01-v2
RCP-TMDB-52844,11,Lasagne Sheets,500g,,500.0,,blocked,bahan/bentuk/komposisi belum dipetakan; tidak dibuang dari perhitungan; konversi massa g → g,https://www.nist.gov/pml/owm/metric-si/unit-conversion/approximate-conversions-us-customary-measures-metric,https://www.bbcgoodfood.com/recipes/classic-lasagne,takarkuy-estimates-2026-10-01-v2
RCP-TMDB-52844,12,Creme Fraiche,400ml,,,,blocked,bahan/bentuk/komposisi belum dipetakan; tidak dibuang dari perhitungan,,https://www.bbcgoodfood.com/recipes/classic-lasagne,takarkuy-estimates-2026-10-01-v2
RCP-TMDB-52844,13,Mozzarella Balls,125g,,125.0,,blocked,bahan/bentuk/komposisi belum dipetakan; tidak dibuang dari perhitungan; konversi massa g → g,https://www.nist.gov/pml/owm/metric-si/unit-conversion/approximate-conversions-us-customary-measures-metric,https://www.bbcgoodfood.com/recipes/classic-lasagne,takarkuy-estimates-2026-10-01-v2
RCP-TMDB-52844,14,Parmesan Cheese,50g,,50.0,,blocked,bahan/bentuk/komposisi belum dipetakan; tidak dibuang dari perhitungan; konversi massa g → g,https://www.nist.gov/pml/owm/metric-si/unit-conversion/approximate-conversions-us-customary-measures-metric,https://www.bbcgoodfood.com/recipes/classic-lasagne,takarkuy-estimates-2026-10-01-v2
RCP-TMDB-52844,15,Basil Leaves,Topping,ING-BASIL,,,blocked,takaran belum dapat diperkirakan dengan aturan bahan,,https://www.bbcgoodfood.com/recipes/classic-lasagne,takarkuy-estimates-2026-10-01-v2
RCP-TMDB-52969,1,Tomatoes,4,ING-TOMAT,492.0,492.0,estimated,"asumsi TAKARKUY berat bagian termakan per unit 123 g; mengacu ukuran USDA, bukan bobot pasti produk",https://fdc.nal.usda.gov/download-datasets/,https://www.curiouscuisiniere.com/chakchouka/,takarkuy-estimates-2026-10-01-v2
RCP-TMDB-52969,2,Olive Oil,2 tbs,ING-MINYAK-ZAITUN,27.0,27.0,estimated,"perkiraan tbs; massa khusus bahan, cup ≈ 240 ml",https://fdc.nal.usda.gov/download-datasets/; https://www.kingarthurbaking.com/learn/ingredient-weight-chart,https://www.curiouscuisiniere.com/chakchouka/,takarkuy-estimates-2026-10-01-v2
RCP-TMDB-52969,3,Onion,1 Diced,ING-BAWANG-BOMBAY,110.0,110.0,estimated,"asumsi TAKARKUY berat bagian termakan per unit 110 g; mengacu ukuran USDA, bukan bobot pasti produk",https://fdc.nal.usda.gov/download-datasets/,https://www.curiouscuisiniere.com/chakchouka/,takarkuy-estimates-2026-10-01-v2
RCP-TMDB-52969,4,Red Pepper,1 sliced,ING-PAPRIKA-MERAH,119.0,119.0,estimated,"asumsi TAKARKUY berat bagian termakan per unit 119 g; mengacu ukuran USDA, bukan bobot pasti produk",https://fdc.nal.usda.gov/download-datasets/,https://www.curiouscuisiniere.com/chakchouka/,takarkuy-estimates-2026-10-01-v2
RCP-TMDB-52969,5,Green Pepper,1 sliced,ING-PAPRIKA-HIJAU,119.0,119.0,estimated,"asumsi TAKARKUY berat bagian termakan per unit 119 g; mengacu ukuran USDA, bukan bobot pasti produk",https://fdc.nal.usda.gov/download-datasets/,https://www.curiouscuisiniere.com/chakchouka/,takarkuy-estimates-2026-10-01-v2
RCP-TMDB-52969,6,Garlic,3 Cloves Crushed,ING-BAWANG-PUTIH,9.0,9.0,estimated,"asumsi TAKARKUY berat bagian termakan per unit 3 g; mengacu ukuran USDA, bukan bobot pasti produk",https://fdc.nal.usda.gov/download-datasets/,https://www.curiouscuisiniere.com/chakchouka/,takarkuy-estimates-2026-10-01-v2
RCP-TMDB-52969,7,Cumin,1 tsp,ING-CUMIN,2.0,2.0,estimated,"perkiraan tsp; massa khusus bahan, cup ≈ 240 ml",https://fdc.nal.usda.gov/download-datasets/; https://www.kingarthurbaking.com/learn/ingredient-weight-chart,https://www.curiouscuisiniere.com/chakchouka/,takarkuy-estimates-2026-10-01-v2
RCP-TMDB-52969,8,Paprika,1 tsp,ING-PAPRIKA-BUBUK,2.271,2.271,estimated,"perkiraan tsp; massa khusus bahan, cup ≈ 240 ml",https://fdc.nal.usda.gov/download-datasets/; https://www.kingarthurbaking.com/learn/ingredient-weight-chart,https://www.curiouscuisiniere.com/chakchouka/,takarkuy-estimates-2026-10-01-v2
RCP-TMDB-52969,9,Salt,3/4 teaspoon,ING-GARAM,4.562,4.562,estimated,"perkiraan teaspoon; massa khusus bahan, cup ≈ 240 ml",https://fdc.nal.usda.gov/download-datasets/; https://www.kingarthurbaking.com/learn/ingredient-weight-chart,https://www.curiouscuisiniere.com/chakchouka/,takarkuy-estimates-2026-10-01-v2
RCP-TMDB-52969,10,Chili Powder,1/2 teaspoon,ING-CABAI-BUBUK,0.885,0.885,estimated,"perkiraan teaspoon; massa khusus bahan, cup ≈ 240 ml",https://fdc.nal.usda.gov/download-datasets/; https://www.kingarthurbaking.com/learn/ingredient-weight-chart,https://www.curiouscuisiniere.com/chakchouka/,takarkuy-estimates-2026-10-01-v2
RCP-TMDB-52969,11,Eggs,4,ING-TELUR-AYAM-BROILER,200.0,200.0,estimated,"asumsi TAKARKUY berat bagian termakan per unit 50 g; mengacu ukuran USDA, bukan bobot pasti produk",https://fdc.nal.usda.gov/download-datasets/,https://www.curiouscuisiniere.com/chakchouka/,takarkuy-estimates-2026-10-01-v2
RCP-TMDB-53253,1,Aubergine,3,ING-TERONG,1350.0,1350.0,estimated,"asumsi TAKARKUY berat bagian termakan per unit 450 g; mengacu ukuran USDA, bukan bobot pasti produk",https://fdc.nal.usda.gov/download-datasets/,https://www.bbcgoodfood.com/recipes/imam-bayildi-bbq-lamb-tzatziki,takarkuy-estimates-2026-10-01-v2
RCP-TMDB-53253,2,Olive Oil,2 tablespoons,ING-MINYAK-ZAITUN,27.0,27.0,estimated,"perkiraan tablespoons; massa khusus bahan, cup ≈ 240 ml",https://fdc.nal.usda.gov/download-datasets/; https://www.kingarthurbaking.com/learn/ingredient-weight-chart,https://www.bbcgoodfood.com/recipes/imam-bayildi-bbq-lamb-tzatziki,takarkuy-estimates-2026-10-01-v2
RCP-TMDB-53253,3,Onion,1 chopped,ING-BAWANG-BOMBAY,110.0,110.0,estimated,"asumsi TAKARKUY berat bagian termakan per unit 110 g; mengacu ukuran USDA, bukan bobot pasti produk",https://fdc.nal.usda.gov/download-datasets/,https://www.bbcgoodfood.com/recipes/imam-bayildi-bbq-lamb-tzatziki,takarkuy-estimates-2026-10-01-v2
RCP-TMDB-53253,4,Garlic,2 cloves chopped,ING-BAWANG-PUTIH,6.0,6.0,estimated,"asumsi TAKARKUY berat bagian termakan per unit 3 g; mengacu ukuran USDA, bukan bobot pasti produk",https://fdc.nal.usda.gov/download-datasets/,https://www.bbcgoodfood.com/recipes/imam-bayildi-bbq-lamb-tzatziki,takarkuy-estimates-2026-10-01-v2
RCP-TMDB-53253,5,Cinnamon,1 tsp,ING-KAYU-MANIS,2.604,2.604,estimated,"perkiraan tsp; massa khusus bahan, cup ≈ 240 ml",https://fdc.nal.usda.gov/download-datasets/; https://www.kingarthurbaking.com/learn/ingredient-weight-chart,https://www.bbcgoodfood.com/recipes/imam-bayildi-bbq-lamb-tzatziki,takarkuy-estimates-2026-10-01-v2
RCP-TMDB-53253,6,Tomato,8,ING-TOMAT,984.0,984.0,estimated,"asumsi TAKARKUY berat bagian termakan per unit 123 g; mengacu ukuran USDA, bukan bobot pasti produk",https://fdc.nal.usda.gov/download-datasets/,https://www.bbcgoodfood.com/recipes/imam-bayildi-bbq-lamb-tzatziki,takarkuy-estimates-2026-10-01-v2
RCP-TMDB-53253,7,Parsley,Bunch,ING-PARSLEY,,,blocked,takaran belum dapat diperkirakan dengan aturan bahan,,https://www.bbcgoodfood.com/recipes/imam-bayildi-bbq-lamb-tzatziki,takarkuy-estimates-2026-10-01-v2
RCP-TMDB-53253,8,Lamb Loin Chops,12,,,,blocked,bahan/bentuk/komposisi belum dipetakan; tidak dibuang dari perhitungan,,https://www.bbcgoodfood.com/recipes/imam-bayildi-bbq-lamb-tzatziki,takarkuy-estimates-2026-10-01-v2
RCP-TMDB-53253,9,Paprika,Pinch,ING-PAPRIKA-BUBUK,2,2,estimated,asumsi TAKARKUY untuk batch: 2 g; sumber tidak memberi angka pasti,,https://www.bbcgoodfood.com/recipes/imam-bayildi-bbq-lamb-tzatziki,takarkuy-estimates-2026-10-01-v2
RCP-TMDB-53253,10,Lemon,1,ING-LEMON,58.0,58.0,estimated,"asumsi TAKARKUY berat bagian termakan per unit 58 g; mengacu ukuran USDA, bukan bobot pasti produk",https://fdc.nal.usda.gov/download-datasets/,https://www.bbcgoodfood.com/recipes/imam-bayildi-bbq-lamb-tzatziki,takarkuy-estimates-2026-10-01-v2
RCP-TMDB-53253,11,Greek Yogurt,150g,,150.0,,blocked,bahan/bentuk/komposisi belum dipetakan; tidak dibuang dari perhitungan; konversi massa g → g,https://www.nist.gov/pml/owm/metric-si/unit-conversion/approximate-conversions-us-customary-measures-metric,https://www.bbcgoodfood.com/recipes/imam-bayildi-bbq-lamb-tzatziki,takarkuy-estimates-2026-10-01-v2
RCP-TMDB-53253,12,Cucumber,1/2,ING-MENTIMUN,100.0,100.0,estimated,"asumsi TAKARKUY berat bagian termakan per unit 200 g; mengacu ukuran USDA, bukan bobot pasti produk",https://fdc.nal.usda.gov/download-datasets/,https://www.bbcgoodfood.com/recipes/imam-bayildi-bbq-lamb-tzatziki,takarkuy-estimates-2026-10-01-v2
RCP-TMDB-53253,13,Mint,2 tbs chopped,ING-MINT,3.25,3.25,estimated,"perkiraan tbs; massa khusus bahan, cup ≈ 240 ml",https://fdc.nal.usda.gov/download-datasets/; https://www.kingarthurbaking.com/learn/ingredient-weight-chart,https://www.bbcgoodfood.com/recipes/imam-bayildi-bbq-lamb-tzatziki,takarkuy-estimates-2026-10-01-v2
RCP-TMDB-53366,1,Soy Sauce,1 tsp,ING-KECAP-ASIN,5.312,5.312,estimated,"perkiraan tsp; massa khusus bahan, cup ≈ 240 ml",https://fdc.nal.usda.gov/download-datasets/; https://www.kingarthurbaking.com/learn/ingredient-weight-chart,https://www.simplyrecipes.com/recipes/broccoli_beef/,takarkuy-estimates-2026-10-01-v2
RCP-TMDB-53366,2,Dry sherry,1 tsp,,,,blocked,bahan/bentuk/komposisi belum dipetakan; tidak dibuang dari perhitungan,,https://www.simplyrecipes.com/recipes/broccoli_beef/,takarkuy-estimates-2026-10-01-v2
RCP-TMDB-53366,3,Cornstarch,1/2 tsp,ING-MAIZENA,1.333,1.333,estimated,"perkiraan tsp; massa khusus bahan, cup ≈ 240 ml",https://fdc.nal.usda.gov/download-datasets/; https://www.kingarthurbaking.com/learn/ingredient-weight-chart,https://www.simplyrecipes.com/recipes/broccoli_beef/,takarkuy-estimates-2026-10-01-v2
RCP-TMDB-53366,4,Black Pepper,1/8 teaspoon,ING-MERICA,0.286,0.286,estimated,"perkiraan teaspoon; massa khusus bahan, cup ≈ 240 ml",https://fdc.nal.usda.gov/download-datasets/; https://www.kingarthurbaking.com/learn/ingredient-weight-chart,https://www.simplyrecipes.com/recipes/broccoli_beef/,takarkuy-estimates-2026-10-01-v2
RCP-TMDB-53366,5,Sirloin steak,1 lb,ING-DAGING-SAPI,453.592,453.592,estimated,konversi massa lb → g,https://www.nist.gov/pml/owm/metric-si/unit-conversion/approximate-conversions-us-customary-measures-metric,https://www.simplyrecipes.com/recipes/broccoli_beef/,takarkuy-estimates-2026-10-01-v2
RCP-TMDB-53366,6,Oyster Sauce,2 tablespoons,ING-SAUS-TIRAM,36.0,36.0,estimated,"perkiraan tablespoons; massa khusus bahan, cup ≈ 240 ml",https://fdc.nal.usda.gov/download-datasets/; https://www.kingarthurbaking.com/learn/ingredient-weight-chart,https://www.simplyrecipes.com/recipes/broccoli_beef/,takarkuy-estimates-2026-10-01-v2
RCP-TMDB-53366,7,Dry sherry,1 tsp,,,,blocked,bahan/bentuk/komposisi belum dipetakan; tidak dibuang dari perhitungan,,https://www.simplyrecipes.com/recipes/broccoli_beef/,takarkuy-estimates-2026-10-01-v2
RCP-TMDB-53366,8,Soy Sauce,1 tablespoon,ING-KECAP-ASIN,15.938,15.938,estimated,"perkiraan tablespoon; massa khusus bahan, cup ≈ 240 ml",https://fdc.nal.usda.gov/download-datasets/; https://www.kingarthurbaking.com/learn/ingredient-weight-chart,https://www.simplyrecipes.com/recipes/broccoli_beef/,takarkuy-estimates-2026-10-01-v2
RCP-TMDB-53366,9,Chicken Stock,1/4 cup,,,,blocked,bahan/bentuk/komposisi belum dipetakan; tidak dibuang dari perhitungan,,https://www.simplyrecipes.com/recipes/broccoli_beef/,takarkuy-estimates-2026-10-01-v2
RCP-TMDB-53366,10,Broccoli,1 lb,,453.592,,blocked,bahan/bentuk/komposisi belum dipetakan; tidak dibuang dari perhitungan; konversi massa lb → g,https://www.nist.gov/pml/owm/metric-si/unit-conversion/approximate-conversions-us-customary-measures-metric,https://www.simplyrecipes.com/recipes/broccoli_beef/,takarkuy-estimates-2026-10-01-v2
RCP-TMDB-53366,11,High Heat Cooking Oil,2 tablespoons,ING-MINYAK-GORENG-CURAH,27.25,27.25,estimated,"perkiraan tablespoons; massa khusus bahan, cup ≈ 240 ml",https://fdc.nal.usda.gov/download-datasets/; https://www.kingarthurbaking.com/learn/ingredient-weight-chart,https://www.simplyrecipes.com/recipes/broccoli_beef/,takarkuy-estimates-2026-10-01-v2
RCP-TMDB-53366,12,Garlic,2 cloves minced,ING-BAWANG-PUTIH,6.0,6.0,estimated,"asumsi TAKARKUY berat bagian termakan per unit 3 g; mengacu ukuran USDA, bukan bobot pasti produk",https://fdc.nal.usda.gov/download-datasets/,https://www.simplyrecipes.com/recipes/broccoli_beef/,takarkuy-estimates-2026-10-01-v2
RCP-TMDB-53366,13,Cornstarch,1 tsp,ING-MAIZENA,2.667,2.667,estimated,"perkiraan tsp; massa khusus bahan, cup ≈ 240 ml",https://fdc.nal.usda.gov/download-datasets/; https://www.kingarthurbaking.com/learn/ingredient-weight-chart,https://www.simplyrecipes.com/recipes/broccoli_beef/,takarkuy-estimates-2026-10-01-v2
RCP-TMDB-53366,14,Water,1 tablespoon,,,,excluded_utility,air/alat/pembungkus masak di luar gizi dan biaya bahan termakan,,https://www.simplyrecipes.com/recipes/broccoli_beef/,takarkuy-estimates-2026-10-01-v2
RCP-TMDB-53161,1,Oil,1 tblsp,ING-MINYAK-GORENG-CURAH,13.625,13.625,estimated,"perkiraan tblsp; massa khusus bahan, cup ≈ 240 ml",https://fdc.nal.usda.gov/download-datasets/; https://www.kingarthurbaking.com/learn/ingredient-weight-chart,https://www.bbcgoodfood.com/recipes/chicken-chorizo-rice-pot,takarkuy-estimates-2026-10-01-v2
RCP-TMDB-53161,2,Chicken,1 whole,ING-DAGING-AYAM-BROILER,,,blocked,satuan/format belum dipetakan: whole,,https://www.bbcgoodfood.com/recipes/chicken-chorizo-rice-pot,takarkuy-estimates-2026-10-01-v2
RCP-TMDB-53161,3,Onion,1 Large Chopped,ING-BAWANG-BOMBAY,137.5,137.5,estimated,"asumsi TAKARKUY berat bagian termakan per unit 110 g; mengacu ukuran USDA, bukan bobot pasti produk",https://fdc.nal.usda.gov/download-datasets/,https://www.bbcgoodfood.com/recipes/chicken-chorizo-rice-pot,takarkuy-estimates-2026-10-01-v2
RCP-TMDB-53161,4,Red Pepper,1 chopped,ING-PAPRIKA-MERAH,119.0,119.0,estimated,"asumsi TAKARKUY berat bagian termakan per unit 119 g; mengacu ukuran USDA, bukan bobot pasti produk",https://fdc.nal.usda.gov/download-datasets/,https://www.bbcgoodfood.com/recipes/chicken-chorizo-rice-pot,takarkuy-estimates-2026-10-01-v2
RCP-TMDB-53161,5,Garlic,3 Cloves Crushed,ING-BAWANG-PUTIH,9.0,9.0,estimated,"asumsi TAKARKUY berat bagian termakan per unit 3 g; mengacu ukuran USDA, bukan bobot pasti produk",https://fdc.nal.usda.gov/download-datasets/,https://www.bbcgoodfood.com/recipes/chicken-chorizo-rice-pot,takarkuy-estimates-2026-10-01-v2
RCP-TMDB-53161,6,Chorizo,225g,,225.0,,blocked,bahan/bentuk/komposisi belum dipetakan; tidak dibuang dari perhitungan; konversi massa g → g,https://www.nist.gov/pml/owm/metric-si/unit-conversion/approximate-conversions-us-customary-measures-metric,https://www.bbcgoodfood.com/recipes/chicken-chorizo-rice-pot,takarkuy-estimates-2026-10-01-v2
RCP-TMDB-53161,7,Tomato Puree,1 tblsp,ING-TOMAT-PUREE,15.625,15.625,estimated,"perkiraan tblsp; massa khusus bahan, cup ≈ 240 ml",https://fdc.nal.usda.gov/download-datasets/; https://www.kingarthurbaking.com/learn/ingredient-weight-chart,https://www.bbcgoodfood.com/recipes/chicken-chorizo-rice-pot,takarkuy-estimates-2026-10-01-v2
RCP-TMDB-53161,8,Thyme,1 tablespoon chopped,ING-THYME,2.688,2.688,estimated,"perkiraan tablespoon; massa khusus bahan, cup ≈ 240 ml",https://fdc.nal.usda.gov/download-datasets/; https://www.kingarthurbaking.com/learn/ingredient-weight-chart,https://www.bbcgoodfood.com/recipes/chicken-chorizo-rice-pot,takarkuy-estimates-2026-10-01-v2
RCP-TMDB-53161,9,White Wine,150ml,,,,blocked,bahan/bentuk/komposisi belum dipetakan; tidak dibuang dari perhitungan,,https://www.bbcgoodfood.com/recipes/chicken-chorizo-rice-pot,takarkuy-estimates-2026-10-01-v2
RCP-TMDB-53161,10,Chicken Stock,800ml,,,,blocked,bahan/bentuk/komposisi belum dipetakan; tidak dibuang dari perhitungan,,https://www.bbcgoodfood.com/recipes/chicken-chorizo-rice-pot,takarkuy-estimates-2026-10-01-v2
RCP-TMDB-53161,11,Rice,400g,ING-BERAS-MEDIUM,400.0,400.0,estimated,konversi massa g → g,https://www.nist.gov/pml/owm/metric-si/unit-conversion/approximate-conversions-us-customary-measures-metric,https://www.bbcgoodfood.com/recipes/chicken-chorizo-rice-pot,takarkuy-estimates-2026-10-01-v2
RCP-TMDB-53161,12,Parsley,2 tbs chopped,ING-PARSLEY,7.5,7.5,estimated,"perkiraan tbs; massa khusus bahan, cup ≈ 240 ml",https://fdc.nal.usda.gov/download-datasets/; https://www.kingarthurbaking.com/learn/ingredient-weight-chart,https://www.bbcgoodfood.com/recipes/chicken-chorizo-rice-pot,takarkuy-estimates-2026-10-01-v2
RCP-TMDB-53239,1,Rice Noodles,140g,,140.0,,blocked,bahan/bentuk/komposisi belum dipetakan; tidak dibuang dari perhitungan; konversi massa g → g,https://www.nist.gov/pml/owm/metric-si/unit-conversion/approximate-conversions-us-customary-measures-metric,https://www.bbcgoodfood.com/recipes/bang-bang-prawn-salad,takarkuy-estimates-2026-10-01-v2
RCP-TMDB-53239,2,Peanut Butter,3 tablespoons,,,,blocked,bahan/bentuk/komposisi belum dipetakan; tidak dibuang dari perhitungan,,https://www.bbcgoodfood.com/recipes/bang-bang-prawn-salad,takarkuy-estimates-2026-10-01-v2
RCP-TMDB-53239,3,Coconut Milk,4 tablespoons,ING-SANTAN,60.0,60.0,estimated,"perkiraan tablespoons; massa khusus bahan, cup ≈ 240 ml",https://fdc.nal.usda.gov/download-datasets/; https://www.kingarthurbaking.com/learn/ingredient-weight-chart,https://www.bbcgoodfood.com/recipes/bang-bang-prawn-salad,takarkuy-estimates-2026-10-01-v2
RCP-TMDB-53239,4,sweet chilli sauce,3  tablespoons,,,,blocked,bahan/bentuk/komposisi belum dipetakan; tidak dibuang dari perhitungan,,https://www.bbcgoodfood.com/recipes/bang-bang-prawn-salad,takarkuy-estimates-2026-10-01-v2
RCP-TMDB-53239,5,Spring Onions,3 sliced thinly,ING-DAUN-BAWANG,45.0,45.0,estimated,"asumsi TAKARKUY berat bagian termakan per unit 15 g; mengacu ukuran USDA, bukan bobot pasti produk",https://fdc.nal.usda.gov/download-datasets/,https://www.bbcgoodfood.com/recipes/bang-bang-prawn-salad,takarkuy-estimates-2026-10-01-v2
RCP-TMDB-53239,6,Cucumber,1 sliced,ING-MENTIMUN,200.0,200.0,estimated,"asumsi TAKARKUY berat bagian termakan per unit 200 g; mengacu ukuran USDA, bukan bobot pasti produk",https://fdc.nal.usda.gov/download-datasets/,https://www.bbcgoodfood.com/recipes/bang-bang-prawn-salad,takarkuy-estimates-2026-10-01-v2
RCP-TMDB-53239,7,Bean Sprouts,300g,,300.0,,blocked,bahan/bentuk/komposisi belum dipetakan; tidak dibuang dari perhitungan; konversi massa g → g,https://www.nist.gov/pml/owm/metric-si/unit-conversion/approximate-conversions-us-customary-measures-metric,https://www.bbcgoodfood.com/recipes/bang-bang-prawn-salad,takarkuy-estimates-2026-10-01-v2
RCP-TMDB-53239,8,Prawns,200g,ING-UDANG,200.0,200.0,estimated,konversi massa g → g,https://www.nist.gov/pml/owm/metric-si/unit-conversion/approximate-conversions-us-customary-measures-metric,https://www.bbcgoodfood.com/recipes/bang-bang-prawn-salad,takarkuy-estimates-2026-10-01-v2
RCP-TMDB-53307,1,Beetroot,320g,,320.0,,blocked,bahan/bentuk/komposisi belum dipetakan; tidak dibuang dari perhitungan; konversi massa g → g,https://www.nist.gov/pml/owm/metric-si/unit-conversion/approximate-conversions-us-customary-measures-metric,https://www.bbcgoodfood.com/recipes/beetroot-red-cabbage-sauerkraut,takarkuy-estimates-2026-10-01-v2
RCP-TMDB-53307,2,Red Cabbage,450g,,450.0,,blocked,bahan/bentuk/komposisi belum dipetakan; tidak dibuang dari perhitungan; konversi massa g → g,https://www.nist.gov/pml/owm/metric-si/unit-conversion/approximate-conversions-us-customary-measures-metric,https://www.bbcgoodfood.com/recipes/beetroot-red-cabbage-sauerkraut,takarkuy-estimates-2026-10-01-v2
RCP-TMDB-53307,3,Onion,1 small,ING-BAWANG-BOMBAY,82.5,82.5,estimated,"asumsi TAKARKUY berat bagian termakan per unit 110 g; mengacu ukuran USDA, bukan bobot pasti produk",https://fdc.nal.usda.gov/download-datasets/,https://www.bbcgoodfood.com/recipes/beetroot-red-cabbage-sauerkraut,takarkuy-estimates-2026-10-01-v2
RCP-TMDB-53307,4,Caraway Seed,2 tsp,,,,blocked,bahan/bentuk/komposisi belum dipetakan; tidak dibuang dari perhitungan,,https://www.bbcgoodfood.com/recipes/beetroot-red-cabbage-sauerkraut,takarkuy-estimates-2026-10-01-v2
RCP-TMDB-53307,5,Sea Salt,1 tsp,ING-GARAM,6.083,6.083,estimated,"perkiraan tsp; massa khusus bahan, cup ≈ 240 ml",https://fdc.nal.usda.gov/download-datasets/; https://www.kingarthurbaking.com/learn/ingredient-weight-chart,https://www.bbcgoodfood.com/recipes/beetroot-red-cabbage-sauerkraut,takarkuy-estimates-2026-10-01-v2
RCP-TMDB-52775,1,green red lentils,1 cups,,,,blocked,bahan/bentuk/komposisi belum dipetakan; tidak dibuang dari perhitungan,,https://www.themealdb.com/meal/52775,takarkuy-estimates-2026-10-01-v2
RCP-TMDB-52775,2,Carrots,1,ING-WORTEL,61.0,61.0,estimated,"asumsi TAKARKUY berat bagian termakan per unit 61 g; mengacu ukuran USDA, bukan bobot pasti produk",https://fdc.nal.usda.gov/download-datasets/,https://www.themealdb.com/meal/52775,takarkuy-estimates-2026-10-01-v2
RCP-TMDB-52775,3,onion,1,ING-BAWANG-BOMBAY,110.0,110.0,estimated,"asumsi TAKARKUY berat bagian termakan per unit 110 g; mengacu ukuran USDA, bukan bobot pasti produk",https://fdc.nal.usda.gov/download-datasets/,https://www.themealdb.com/meal/52775,takarkuy-estimates-2026-10-01-v2
RCP-TMDB-52775,4,zucchini,1 small,,,,blocked,bahan/bentuk/komposisi belum dipetakan; tidak dibuang dari perhitungan,,https://www.themealdb.com/meal/52775,takarkuy-estimates-2026-10-01-v2
RCP-TMDB-52775,5,coriander,sprinking,ING-KETUMBAR-BIJI,,,blocked,takaran belum dapat diperkirakan dengan aturan bahan,,https://www.themealdb.com/meal/52775,takarkuy-estimates-2026-10-01-v2
RCP-TMDB-52775,6,spinach,150g,ING-BAYAM,150.0,150.0,estimated,konversi massa g → g,https://www.nist.gov/pml/owm/metric-si/unit-conversion/approximate-conversions-us-customary-measures-metric,https://www.themealdb.com/meal/52775,takarkuy-estimates-2026-10-01-v2
RCP-TMDB-52775,7,lasagne sheets,10,,,,blocked,bahan/bentuk/komposisi belum dipetakan; tidak dibuang dari perhitungan,,https://www.themealdb.com/meal/52775,takarkuy-estimates-2026-10-01-v2
RCP-TMDB-52775,8,vegan butter,35g,,35.0,,blocked,bahan/bentuk/komposisi belum dipetakan; tidak dibuang dari perhitungan; konversi massa g → g,https://www.nist.gov/pml/owm/metric-si/unit-conversion/approximate-conversions-us-customary-measures-metric,https://www.themealdb.com/meal/52775,takarkuy-estimates-2026-10-01-v2
RCP-TMDB-52775,9,flour,4 tablespoons,ING-TEPUNG-TERIGU-CURAH,30.0,30.0,estimated,"perkiraan tablespoons; massa khusus bahan, cup ≈ 240 ml",https://fdc.nal.usda.gov/download-datasets/; https://www.kingarthurbaking.com/learn/ingredient-weight-chart,https://www.themealdb.com/meal/52775,takarkuy-estimates-2026-10-01-v2
RCP-TMDB-52775,10,soya milk,300ml,,,,blocked,bahan/bentuk/komposisi belum dipetakan; tidak dibuang dari perhitungan,,https://www.themealdb.com/meal/52775,takarkuy-estimates-2026-10-01-v2
RCP-TMDB-52775,11,mustard,1.5 teaspoons,,,,blocked,bahan/bentuk/komposisi belum dipetakan; tidak dibuang dari perhitungan,,https://www.themealdb.com/meal/52775,takarkuy-estimates-2026-10-01-v2
RCP-TMDB-52775,12,vinegar,1 teaspoon,,,,blocked,bahan/bentuk/komposisi belum dipetakan; tidak dibuang dari perhitungan,,https://www.themealdb.com/meal/52775,takarkuy-estimates-2026-10-01-v2
RCP-TMDB-53461,1,Macaroni,250g,,250.0,,blocked,bahan/bentuk/komposisi belum dipetakan; tidak dibuang dari perhitungan; konversi massa g → g,https://www.nist.gov/pml/owm/metric-si/unit-conversion/approximate-conversions-us-customary-measures-metric,https://www.totallybarbados.com/articles/barbados-recipes/macaroni-pie-recipe/,takarkuy-estimates-2026-10-01-v2
RCP-TMDB-53461,2,Butter,1 tablespoon,ING-MENTEGA,14.188,14.188,estimated,"perkiraan tablespoon; massa khusus bahan, cup ≈ 240 ml",https://fdc.nal.usda.gov/download-datasets/; https://www.kingarthurbaking.com/learn/ingredient-weight-chart,https://www.totallybarbados.com/articles/barbados-recipes/macaroni-pie-recipe/,takarkuy-estimates-2026-10-01-v2
RCP-TMDB-53461,3,Cheddar Cheese,375g,ING-KEJU-CHEDDAR,375.0,375.0,estimated,konversi massa g → g,https://www.nist.gov/pml/owm/metric-si/unit-conversion/approximate-conversions-us-customary-measures-metric,https://www.totallybarbados.com/articles/barbados-recipes/macaroni-pie-recipe/,takarkuy-estimates-2026-10-01-v2
RCP-TMDB-53461,4,Egg,1,ING-TELUR-AYAM-BROILER,50.0,50.0,estimated,"asumsi TAKARKUY berat bagian termakan per unit 50 g; mengacu ukuran USDA, bukan bobot pasti produk",https://fdc.nal.usda.gov/download-datasets/,https://www.totallybarbados.com/articles/barbados-recipes/macaroni-pie-recipe/,takarkuy-estimates-2026-10-01-v2
RCP-TMDB-53461,5,Milk,250ml,ING-SUSU-SAPI-SEGAR,254.167,254.167,estimated,"perkiraan ml; massa khusus bahan, cup ≈ 240 ml",https://fdc.nal.usda.gov/download-datasets/; https://www.kingarthurbaking.com/learn/ingredient-weight-chart,https://www.totallybarbados.com/articles/barbados-recipes/macaroni-pie-recipe/,takarkuy-estimates-2026-10-01-v2
RCP-TMDB-53461,6,Ground Onion,2 tsp,,,,blocked,bahan/bentuk/komposisi belum dipetakan; tidak dibuang dari perhitungan,,https://www.totallybarbados.com/articles/barbados-recipes/macaroni-pie-recipe/,takarkuy-estimates-2026-10-01-v2
RCP-TMDB-53461,7,Mustard,1 tsp,,,,blocked,bahan/bentuk/komposisi belum dipetakan; tidak dibuang dari perhitungan,,https://www.totallybarbados.com/articles/barbados-recipes/macaroni-pie-recipe/,takarkuy-estimates-2026-10-01-v2
RCP-TMDB-53461,8,Pepper,1 tsp,ING-MERICA,2.292,2.292,estimated,"perkiraan tsp; massa khusus bahan, cup ≈ 240 ml",https://fdc.nal.usda.gov/download-datasets/; https://www.kingarthurbaking.com/learn/ingredient-weight-chart,https://www.totallybarbados.com/articles/barbados-recipes/macaroni-pie-recipe/,takarkuy-estimates-2026-10-01-v2
RCP-TMDB-53461,9,Salt,1 tsp,ING-GARAM,6.083,6.083,estimated,"perkiraan tsp; massa khusus bahan, cup ≈ 240 ml",https://fdc.nal.usda.gov/download-datasets/; https://www.kingarthurbaking.com/learn/ingredient-weight-chart,https://www.totallybarbados.com/articles/barbados-recipes/macaroni-pie-recipe/,takarkuy-estimates-2026-10-01-v2
RCP-TMDB-53461,10,Cayenne Pepper,1/2 tsp,ING-CABAI-BUBUK,0.885,0.885,estimated,"perkiraan tsp; massa khusus bahan, cup ≈ 240 ml",https://fdc.nal.usda.gov/download-datasets/; https://www.kingarthurbaking.com/learn/ingredient-weight-chart,https://www.totallybarbados.com/articles/barbados-recipes/macaroni-pie-recipe/,takarkuy-estimates-2026-10-01-v2
RCP-TMDB-53461,11,Breadcrumbs,2 tablespoons,,,,blocked,bahan/bentuk/komposisi belum dipetakan; tidak dibuang dari perhitungan,,https://www.totallybarbados.com/articles/barbados-recipes/macaroni-pie-recipe/,takarkuy-estimates-2026-10-01-v2
RCP-TMDB-53461,12,Butter,2 tsp,ING-MENTEGA,9.458,9.458,estimated,"perkiraan tsp; massa khusus bahan, cup ≈ 240 ml",https://fdc.nal.usda.gov/download-datasets/; https://www.kingarthurbaking.com/learn/ingredient-weight-chart,https://www.totallybarbados.com/articles/barbados-recipes/macaroni-pie-recipe/,takarkuy-estimates-2026-10-01-v2
RCP-TMDB-53461,13,Cheddar Cheese,2 tablespoons,ING-KEJU-CHEDDAR,14.125,14.125,estimated,"perkiraan tablespoons; massa khusus bahan, cup ≈ 240 ml",https://fdc.nal.usda.gov/download-datasets/; https://www.kingarthurbaking.com/learn/ingredient-weight-chart,https://www.totallybarbados.com/articles/barbados-recipes/macaroni-pie-recipe/,takarkuy-estimates-2026-10-01-v2
RCP-TMDB-53446,1,Semolina,120g,,120.0,,blocked,bahan/bentuk/komposisi belum dipetakan; tidak dibuang dari perhitungan; konversi massa g → g,https://www.nist.gov/pml/owm/metric-si/unit-conversion/approximate-conversions-us-customary-measures-metric,https://www.austria.info/en-gb/recipes/clear-soup-with-semolina-dumplings/,takarkuy-estimates-2026-10-01-v2
RCP-TMDB-53446,2,Butter,60g,ING-MENTEGA,60.0,60.0,estimated,konversi massa g → g,https://www.nist.gov/pml/owm/metric-si/unit-conversion/approximate-conversions-us-customary-measures-metric,https://www.austria.info/en-gb/recipes/clear-soup-with-semolina-dumplings/,takarkuy-estimates-2026-10-01-v2
RCP-TMDB-53446,3,Egg,1,ING-TELUR-AYAM-BROILER,50.0,50.0,estimated,"asumsi TAKARKUY berat bagian termakan per unit 50 g; mengacu ukuran USDA, bukan bobot pasti produk",https://fdc.nal.usda.gov/download-datasets/,https://www.austria.info/en-gb/recipes/clear-soup-with-semolina-dumplings/,takarkuy-estimates-2026-10-01-v2
RCP-TMDB-53446,4,Salt,Pinch,ING-GARAM,3,3,estimated,asumsi TAKARKUY untuk batch: 3 g; sumber tidak memberi angka pasti,,https://www.austria.info/en-gb/recipes/clear-soup-with-semolina-dumplings/,takarkuy-estimates-2026-10-01-v2
RCP-TMDB-53446,5,Nutmeg,Pinch,ING-PALA,1,1,estimated,asumsi TAKARKUY untuk batch: 1 g; sumber tidak memberi angka pasti,,https://www.austria.info/en-gb/recipes/clear-soup-with-semolina-dumplings/,takarkuy-estimates-2026-10-01-v2
RCP-TMDB-53446,6,Oil,Splash,ING-MINYAK-GORENG-CURAH,,,blocked,takaran belum dapat diperkirakan dengan aturan bahan,,https://www.austria.info/en-gb/recipes/clear-soup-with-semolina-dumplings/,takarkuy-estimates-2026-10-01-v2
RCP-TMDB-53446,7,Beef Stock,1 L,,,,blocked,bahan/bentuk/komposisi belum dipetakan; tidak dibuang dari perhitungan,,https://www.austria.info/en-gb/recipes/clear-soup-with-semolina-dumplings/,takarkuy-estimates-2026-10-01-v2
RCP-TMDB-53446,8,Parsley,Chopped,ING-PARSLEY,5,5,estimated,asumsi TAKARKUY untuk batch: 5 g; sumber tidak memberi angka pasti,,https://www.austria.info/en-gb/recipes/clear-soup-with-semolina-dumplings/,takarkuy-estimates-2026-10-01-v2
RCP-TMDB-52769,1,Fries,250 Grams,,250.0,,blocked,bahan/bentuk/komposisi belum dipetakan; tidak dibuang dari perhitungan; konversi massa grams → g,https://www.nist.gov/pml/owm/metric-si/unit-conversion/approximate-conversions-us-customary-measures-metric,https://www.themealdb.com/meal/52769,takarkuy-estimates-2026-10-01-v2
RCP-TMDB-52769,2,Doner Meat,500 Grams,,500.0,,blocked,bahan/bentuk/komposisi belum dipetakan; tidak dibuang dari perhitungan; konversi massa grams → g,https://www.nist.gov/pml/owm/metric-si/unit-conversion/approximate-conversions-us-customary-measures-metric,https://www.themealdb.com/meal/52769,takarkuy-estimates-2026-10-01-v2
RCP-TMDB-52769,3,Garlic sauce,Topping,,,,blocked,bahan/bentuk/komposisi belum dipetakan; tidak dibuang dari perhitungan,,https://www.themealdb.com/meal/52769,takarkuy-estimates-2026-10-01-v2
RCP-TMDB-52769,4,Hotsauce,Topping,,,,blocked,bahan/bentuk/komposisi belum dipetakan; tidak dibuang dari perhitungan,,https://www.themealdb.com/meal/52769,takarkuy-estimates-2026-10-01-v2
RCP-TMDB-52769,5,Lettuce,1 Bulb,,,,blocked,bahan/bentuk/komposisi belum dipetakan; tidak dibuang dari perhitungan,,https://www.themealdb.com/meal/52769,takarkuy-estimates-2026-10-01-v2
RCP-TMDB-52769,6,Tomato,1,ING-TOMAT,123.0,123.0,estimated,"asumsi TAKARKUY berat bagian termakan per unit 123 g; mengacu ukuran USDA, bukan bobot pasti produk",https://fdc.nal.usda.gov/download-datasets/,https://www.themealdb.com/meal/52769,takarkuy-estimates-2026-10-01-v2
RCP-TMDB-52769,7,Cucumber,3rd,ING-MENTIMUN,,,blocked,satuan/format belum dipetakan: rd,,https://www.themealdb.com/meal/52769,takarkuy-estimates-2026-10-01-v2
RCP-TMDB-52769,8,Gouda cheese,100 Grams,,100.0,,blocked,bahan/bentuk/komposisi belum dipetakan; tidak dibuang dari perhitungan; konversi massa grams → g,https://www.nist.gov/pml/owm/metric-si/unit-conversion/approximate-conversions-us-customary-measures-metric,https://www.themealdb.com/meal/52769,takarkuy-estimates-2026-10-01-v2
RCP-TMDB-52874,1,Beef,1kg,ING-DAGING-SAPI,1000.0,1000.0,estimated,konversi massa kg → g,https://www.nist.gov/pml/owm/metric-si/unit-conversion/approximate-conversions-us-customary-measures-metric,https://www.bbc.co.uk/food/recipes/beef_and_mustard_pie_58002,takarkuy-estimates-2026-10-01-v2
RCP-TMDB-52874,2,Plain Flour,2 tbs,ING-TEPUNG-TERIGU-CURAH,15.0,15.0,estimated,"perkiraan tbs; massa khusus bahan, cup ≈ 240 ml",https://fdc.nal.usda.gov/download-datasets/; https://www.kingarthurbaking.com/learn/ingredient-weight-chart,https://www.bbc.co.uk/food/recipes/beef_and_mustard_pie_58002,takarkuy-estimates-2026-10-01-v2
RCP-TMDB-52874,3,Rapeseed Oil,2 tbs,,,,blocked,bahan/bentuk/komposisi belum dipetakan; tidak dibuang dari perhitungan,,https://www.bbc.co.uk/food/recipes/beef_and_mustard_pie_58002,takarkuy-estimates-2026-10-01-v2
RCP-TMDB-52874,4,Red Wine,200ml,,,,blocked,bahan/bentuk/komposisi belum dipetakan; tidak dibuang dari perhitungan,,https://www.bbc.co.uk/food/recipes/beef_and_mustard_pie_58002,takarkuy-estimates-2026-10-01-v2
RCP-TMDB-52874,5,Beef Stock,400ml,,,,blocked,bahan/bentuk/komposisi belum dipetakan; tidak dibuang dari perhitungan,,https://www.bbc.co.uk/food/recipes/beef_and_mustard_pie_58002,takarkuy-estimates-2026-10-01-v2
RCP-TMDB-52874,6,Onion,1 finely sliced,ING-BAWANG-BOMBAY,,,blocked,satuan/format belum dipetakan: finely sliced,,https://www.bbc.co.uk/food/recipes/beef_and_mustard_pie_58002,takarkuy-estimates-2026-10-01-v2
RCP-TMDB-52874,7,Carrots,2 chopped,ING-WORTEL,122.0,122.0,estimated,"asumsi TAKARKUY berat bagian termakan per unit 61 g; mengacu ukuran USDA, bukan bobot pasti produk",https://fdc.nal.usda.gov/download-datasets/,https://www.bbc.co.uk/food/recipes/beef_and_mustard_pie_58002,takarkuy-estimates-2026-10-01-v2
RCP-TMDB-52874,8,Thyme,3 sprigs,ING-THYME,,,blocked,satuan/format belum dipetakan: sprigs,,https://www.bbc.co.uk/food/recipes/beef_and_mustard_pie_58002,takarkuy-estimates-2026-10-01-v2
RCP-TMDB-52874,9,Mustard,2 tbs,,,,blocked,bahan/bentuk/komposisi belum dipetakan; tidak dibuang dari perhitungan,,https://www.bbc.co.uk/food/recipes/beef_and_mustard_pie_58002,takarkuy-estimates-2026-10-01-v2
RCP-TMDB-52874,10,Egg Yolks,2 free-range,,,,blocked,bahan/bentuk/komposisi belum dipetakan; tidak dibuang dari perhitungan,,https://www.bbc.co.uk/food/recipes/beef_and_mustard_pie_58002,takarkuy-estimates-2026-10-01-v2
RCP-TMDB-52874,11,Puff Pastry,400g,,400.0,,blocked,bahan/bentuk/komposisi belum dipetakan; tidak dibuang dari perhitungan; konversi massa g → g,https://www.nist.gov/pml/owm/metric-si/unit-conversion/approximate-conversions-us-customary-measures-metric,https://www.bbc.co.uk/food/recipes/beef_and_mustard_pie_58002,takarkuy-estimates-2026-10-01-v2
RCP-TMDB-52874,12,Green Beans,300g,ING-BUNCIS,300.0,300.0,estimated,konversi massa g → g,https://www.nist.gov/pml/owm/metric-si/unit-conversion/approximate-conversions-us-customary-measures-metric,https://www.bbc.co.uk/food/recipes/beef_and_mustard_pie_58002,takarkuy-estimates-2026-10-01-v2
RCP-TMDB-52874,13,Butter,25g,ING-MENTEGA,25.0,25.0,estimated,konversi massa g → g,https://www.nist.gov/pml/owm/metric-si/unit-conversion/approximate-conversions-us-customary-measures-metric,https://www.bbc.co.uk/food/recipes/beef_and_mustard_pie_58002,takarkuy-estimates-2026-10-01-v2
RCP-TMDB-52874,14,Salt,pinch,ING-GARAM,3,3,estimated,asumsi TAKARKUY untuk batch: 3 g; sumber tidak memberi angka pasti,,https://www.bbc.co.uk/food/recipes/beef_and_mustard_pie_58002,takarkuy-estimates-2026-10-01-v2
RCP-TMDB-52874,15,Pepper,pinch,ING-MERICA,1,1,estimated,asumsi TAKARKUY untuk batch: 1 g; sumber tidak memberi angka pasti,,https://www.bbc.co.uk/food/recipes/beef_and_mustard_pie_58002,takarkuy-estimates-2026-10-01-v2
RCP-TMDB-52846,1,Butter,50g,ING-MENTEGA,50.0,50.0,estimated,konversi massa g → g,https://www.nist.gov/pml/owm/metric-si/unit-conversion/approximate-conversions-us-customary-measures-metric,https://www.bbcgoodfood.com/recipes/chicken-mushroom-hot-pot,takarkuy-estimates-2026-10-01-v2
RCP-TMDB-52846,2,Onion,1 chopped,ING-BAWANG-BOMBAY,110.0,110.0,estimated,"asumsi TAKARKUY berat bagian termakan per unit 110 g; mengacu ukuran USDA, bukan bobot pasti produk",https://fdc.nal.usda.gov/download-datasets/,https://www.bbcgoodfood.com/recipes/chicken-mushroom-hot-pot,takarkuy-estimates-2026-10-01-v2
RCP-TMDB-52846,3,Mushrooms,100g,,100.0,,blocked,bahan/bentuk/komposisi belum dipetakan; tidak dibuang dari perhitungan; konversi massa g → g,https://www.nist.gov/pml/owm/metric-si/unit-conversion/approximate-conversions-us-customary-measures-metric,https://www.bbcgoodfood.com/recipes/chicken-mushroom-hot-pot,takarkuy-estimates-2026-10-01-v2
RCP-TMDB-52846,4,Plain Flour,40g,ING-TEPUNG-TERIGU-CURAH,40.0,40.0,estimated,konversi massa g → g,https://www.nist.gov/pml/owm/metric-si/unit-conversion/approximate-conversions-us-customary-measures-metric,https://www.bbcgoodfood.com/recipes/chicken-mushroom-hot-pot,takarkuy-estimates-2026-10-01-v2
RCP-TMDB-52846,5,Chicken Stock Cube,1,,,,blocked,bahan/bentuk/komposisi belum dipetakan; tidak dibuang dari perhitungan,,https://www.bbcgoodfood.com/recipes/chicken-mushroom-hot-pot,takarkuy-estimates-2026-10-01-v2
RCP-TMDB-52846,6,Nutmeg,pinch,ING-PALA,1,1,estimated,asumsi TAKARKUY untuk batch: 1 g; sumber tidak memberi angka pasti,,https://www.bbcgoodfood.com/recipes/chicken-mushroom-hot-pot,takarkuy-estimates-2026-10-01-v2
RCP-TMDB-52846,7,Mustard Powder,pinch,,,,blocked,bahan/bentuk/komposisi belum dipetakan; tidak dibuang dari perhitungan,,https://www.bbcgoodfood.com/recipes/chicken-mushroom-hot-pot,takarkuy-estimates-2026-10-01-v2
RCP-TMDB-52846,8,Chicken,250g,ING-DAGING-AYAM-BROILER,250.0,250.0,estimated,konversi massa g → g,https://www.nist.gov/pml/owm/metric-si/unit-conversion/approximate-conversions-us-customary-measures-metric,https://www.bbcgoodfood.com/recipes/chicken-mushroom-hot-pot,takarkuy-estimates-2026-10-01-v2
RCP-TMDB-52846,9,Sweetcorn,2 Handfuls,,,,blocked,bahan/bentuk/komposisi belum dipetakan; tidak dibuang dari perhitungan,,https://www.bbcgoodfood.com/recipes/chicken-mushroom-hot-pot,takarkuy-estimates-2026-10-01-v2
RCP-TMDB-52846,10,Potatoes,2 large,ING-KENTANG,425.0,425.0,estimated,"asumsi TAKARKUY berat bagian termakan per unit 170 g; mengacu ukuran USDA, bukan bobot pasti produk",https://fdc.nal.usda.gov/download-datasets/,https://www.bbcgoodfood.com/recipes/chicken-mushroom-hot-pot,takarkuy-estimates-2026-10-01-v2
RCP-TMDB-52846,11,Butter,1 knob,ING-MENTEGA,,,blocked,satuan/format belum dipetakan: knob,,https://www.bbcgoodfood.com/recipes/chicken-mushroom-hot-pot,takarkuy-estimates-2026-10-01-v2
RCP-TMDB-53451,1,White Fish,450g,,450.0,,blocked,bahan/bentuk/komposisi belum dipetakan; tidak dibuang dari perhitungan; konversi massa g → g,https://www.nist.gov/pml/owm/metric-si/unit-conversion/approximate-conversions-us-customary-measures-metric,https://www.greatbritishchefs.com/recipes/bangladesh-fish-curry-recipe,takarkuy-estimates-2026-10-01-v2
RCP-TMDB-53451,2,Daikon Radish,450g,,450.0,,blocked,bahan/bentuk/komposisi belum dipetakan; tidak dibuang dari perhitungan; konversi massa g → g,https://www.nist.gov/pml/owm/metric-si/unit-conversion/approximate-conversions-us-customary-measures-metric,https://www.greatbritishchefs.com/recipes/bangladesh-fish-curry-recipe,takarkuy-estimates-2026-10-01-v2
RCP-TMDB-53451,3,Vegetable Oil,4 tablespoons,ING-MINYAK-GORENG-CURAH,54.5,54.5,estimated,"perkiraan tablespoons; massa khusus bahan, cup ≈ 240 ml",https://fdc.nal.usda.gov/download-datasets/; https://www.kingarthurbaking.com/learn/ingredient-weight-chart,https://www.greatbritishchefs.com/recipes/bangladesh-fish-curry-recipe,takarkuy-estimates-2026-10-01-v2
RCP-TMDB-53451,4,Garlic,4 cloves,ING-BAWANG-PUTIH,12.0,12.0,estimated,"asumsi TAKARKUY berat bagian termakan per unit 3 g; mengacu ukuran USDA, bukan bobot pasti produk",https://fdc.nal.usda.gov/download-datasets/,https://www.greatbritishchefs.com/recipes/bangladesh-fish-curry-recipe,takarkuy-estimates-2026-10-01-v2
RCP-TMDB-53451,5,Onion,1 medium,ING-BAWANG-BOMBAY,110.0,110.0,estimated,"asumsi TAKARKUY berat bagian termakan per unit 110 g; mengacu ukuran USDA, bukan bobot pasti produk",https://fdc.nal.usda.gov/download-datasets/,https://www.greatbritishchefs.com/recipes/bangladesh-fish-curry-recipe,takarkuy-estimates-2026-10-01-v2
RCP-TMDB-53451,6,Salt,2 tsp,ING-GARAM,12.167,12.167,estimated,"perkiraan tsp; massa khusus bahan, cup ≈ 240 ml",https://fdc.nal.usda.gov/download-datasets/; https://www.kingarthurbaking.com/learn/ingredient-weight-chart,https://www.greatbritishchefs.com/recipes/bangladesh-fish-curry-recipe,takarkuy-estimates-2026-10-01-v2
RCP-TMDB-53451,7,Ground Turmeric,1 tsp,ING-KUNYIT-BUBUK,3.333,3.333,estimated,"perkiraan tsp; massa khusus bahan, cup ≈ 240 ml",https://fdc.nal.usda.gov/download-datasets/; https://www.kingarthurbaking.com/learn/ingredient-weight-chart,https://www.greatbritishchefs.com/recipes/bangladesh-fish-curry-recipe,takarkuy-estimates-2026-10-01-v2
RCP-TMDB-53451,8,Ground Coriander,2 tsp,ING-KETUMBAR-BIJI,3.333,3.333,estimated,"perkiraan tsp; massa khusus bahan, cup ≈ 240 ml",https://fdc.nal.usda.gov/download-datasets/; https://www.kingarthurbaking.com/learn/ingredient-weight-chart,https://www.greatbritishchefs.com/recipes/bangladesh-fish-curry-recipe,takarkuy-estimates-2026-10-01-v2
RCP-TMDB-53451,9,Chilli Powder,2 tsp,ING-CABAI-BUBUK,3.542,3.542,estimated,"perkiraan tsp; massa khusus bahan, cup ≈ 240 ml",https://fdc.nal.usda.gov/download-datasets/; https://www.kingarthurbaking.com/learn/ingredient-weight-chart,https://www.greatbritishchefs.com/recipes/bangladesh-fish-curry-recipe,takarkuy-estimates-2026-10-01-v2
RCP-TMDB-53451,10,Green Chilli,2,ING-CABE-HIJAU-BIASA,20.0,20.0,estimated,"asumsi TAKARKUY berat bagian termakan per unit 10 g; mengacu ukuran USDA, bukan bobot pasti produk",https://fdc.nal.usda.gov/download-datasets/,https://www.greatbritishchefs.com/recipes/bangladesh-fish-curry-recipe,takarkuy-estimates-2026-10-01-v2
RCP-TMDB-53451,11,Coriander Leaves,Handful,ING-DAUN-KETUMBAR,,,blocked,takaran belum dapat diperkirakan dengan aturan bahan,,https://www.greatbritishchefs.com/recipes/bangladesh-fish-curry-recipe,takarkuy-estimates-2026-10-01-v2
RCP-TMDB-53451,12,Lime,1,ING-JERUK-NIPIS,44.0,44.0,estimated,"asumsi TAKARKUY berat bagian termakan per unit 44 g; mengacu ukuran USDA, bukan bobot pasti produk",https://fdc.nal.usda.gov/download-datasets/,https://www.greatbritishchefs.com/recipes/bangladesh-fish-curry-recipe,takarkuy-estimates-2026-10-01-v2
RCP-TMDB-53313,1,Rapeseed Oil,1 tablespoon,,,,blocked,bahan/bentuk/komposisi belum dipetakan; tidak dibuang dari perhitungan,,https://www.bbcgoodfood.com/recipes/beetroot-latkes,takarkuy-estimates-2026-10-01-v2
RCP-TMDB-53313,2,Greek Yogurt,4 tablespoons,,,,blocked,bahan/bentuk/komposisi belum dipetakan; tidak dibuang dari perhitungan,,https://www.bbcgoodfood.com/recipes/beetroot-latkes,takarkuy-estimates-2026-10-01-v2
RCP-TMDB-53313,3,Mint,1/2 bag,ING-MINT,,,blocked,satuan/format belum dipetakan: bag,,https://www.bbcgoodfood.com/recipes/beetroot-latkes,takarkuy-estimates-2026-10-01-v2
RCP-TMDB-53313,4,Rocket,150g,,150.0,,blocked,bahan/bentuk/komposisi belum dipetakan; tidak dibuang dari perhitungan; konversi massa g → g,https://www.nist.gov/pml/owm/metric-si/unit-conversion/approximate-conversions-us-customary-measures-metric,https://www.bbcgoodfood.com/recipes/beetroot-latkes,takarkuy-estimates-2026-10-01-v2
RCP-TMDB-53313,5,Cherry Tomatoes,130g,ING-TOMAT-CHERRY,130.0,130.0,estimated,konversi massa g → g,https://www.nist.gov/pml/owm/metric-si/unit-conversion/approximate-conversions-us-customary-measures-metric,https://www.bbcgoodfood.com/recipes/beetroot-latkes,takarkuy-estimates-2026-10-01-v2
RCP-TMDB-53313,6,Beetroot,400g,,400.0,,blocked,bahan/bentuk/komposisi belum dipetakan; tidak dibuang dari perhitungan; konversi massa g → g,https://www.nist.gov/pml/owm/metric-si/unit-conversion/approximate-conversions-us-customary-measures-metric,https://www.bbcgoodfood.com/recipes/beetroot-latkes,takarkuy-estimates-2026-10-01-v2
RCP-TMDB-53313,7,Egg,1 beaten,ING-TELUR-AYAM-BROILER,,,blocked,satuan/format belum dipetakan: beaten,,https://www.bbcgoodfood.com/recipes/beetroot-latkes,takarkuy-estimates-2026-10-01-v2
RCP-TMDB-53313,8,Plain Flour,1 tablespoon,ING-TEPUNG-TERIGU-CURAH,7.5,7.5,estimated,"perkiraan tablespoon; massa khusus bahan, cup ≈ 240 ml",https://fdc.nal.usda.gov/download-datasets/; https://www.kingarthurbaking.com/learn/ingredient-weight-chart,https://www.bbcgoodfood.com/recipes/beetroot-latkes,takarkuy-estimates-2026-10-01-v2
RCP-TMDB-53313,9,Garlic,1 clove finely chopped,ING-BAWANG-PUTIH,3.0,3.0,estimated,"asumsi TAKARKUY berat bagian termakan per unit 3 g; mengacu ukuran USDA, bukan bobot pasti produk",https://fdc.nal.usda.gov/download-datasets/,https://www.bbcgoodfood.com/recipes/beetroot-latkes,takarkuy-estimates-2026-10-01-v2
RCP-TMDB-53313,10,Caraway Seed,1 tsp,,,,blocked,bahan/bentuk/komposisi belum dipetakan; tidak dibuang dari perhitungan,,https://www.bbcgoodfood.com/recipes/beetroot-latkes,takarkuy-estimates-2026-10-01-v2
RCP-TMDB-53313,11,Ground Cumin,1/2 teaspoon,ING-CUMIN,1.0,1.0,estimated,"perkiraan teaspoon; massa khusus bahan, cup ≈ 240 ml",https://fdc.nal.usda.gov/download-datasets/; https://www.kingarthurbaking.com/learn/ingredient-weight-chart,https://www.bbcgoodfood.com/recipes/beetroot-latkes,takarkuy-estimates-2026-10-01-v2
RCP-TMDB-53313,12,Lemon,Zest of 1,ING-LEMON,,,blocked,takaran belum dapat diperkirakan dengan aturan bahan,,https://www.bbcgoodfood.com/recipes/beetroot-latkes,takarkuy-estimates-2026-10-01-v2
RCP-TMDB-53504,1,Macaroni,4 cups,,,,blocked,bahan/bentuk/komposisi belum dipetakan; tidak dibuang dari perhitungan,,https://www.ourcayman.ky/en-us/about/more-about-cayman/recipes,takarkuy-estimates-2026-10-01-v2
RCP-TMDB-53504,2,Evaporated Milk,4 cups,,,,blocked,bahan/bentuk/komposisi belum dipetakan; tidak dibuang dari perhitungan,,https://www.ourcayman.ky/en-us/about/more-about-cayman/recipes,takarkuy-estimates-2026-10-01-v2
RCP-TMDB-53504,3,Water,1 cup,,,,excluded_utility,air/alat/pembungkus masak di luar gizi dan biaya bahan termakan,,https://www.ourcayman.ky/en-us/about/more-about-cayman/recipes,takarkuy-estimates-2026-10-01-v2
RCP-TMDB-53504,4,Sugar,3 Cups,ING-GULA-PASIR-DALAM-NEGERI,594.0,594.0,estimated,"perkiraan cups; massa khusus bahan, cup ≈ 240 ml",https://fdc.nal.usda.gov/download-datasets/; https://www.kingarthurbaking.com/learn/ingredient-weight-chart,https://www.ourcayman.ky/en-us/about/more-about-cayman/recipes,takarkuy-estimates-2026-10-01-v2
RCP-TMDB-53504,5,Salt,2 tsp,ING-GARAM,12.167,12.167,estimated,"perkiraan tsp; massa khusus bahan, cup ≈ 240 ml",https://fdc.nal.usda.gov/download-datasets/; https://www.kingarthurbaking.com/learn/ingredient-weight-chart,https://www.ourcayman.ky/en-us/about/more-about-cayman/recipes,takarkuy-estimates-2026-10-01-v2
RCP-TMDB-53504,6,Eggs,4,ING-TELUR-AYAM-BROILER,200.0,200.0,estimated,"asumsi TAKARKUY berat bagian termakan per unit 50 g; mengacu ukuran USDA, bukan bobot pasti produk",https://fdc.nal.usda.gov/download-datasets/,https://www.ourcayman.ky/en-us/about/more-about-cayman/recipes,takarkuy-estimates-2026-10-01-v2
RCP-TMDB-53504,7,Butter,1/4 cup,ING-MENTEGA,56.75,56.75,estimated,"perkiraan cup; massa khusus bahan, cup ≈ 240 ml",https://fdc.nal.usda.gov/download-datasets/; https://www.kingarthurbaking.com/learn/ingredient-weight-chart,https://www.ourcayman.ky/en-us/about/more-about-cayman/recipes,takarkuy-estimates-2026-10-01-v2
RCP-TMDB-53504,8,Raisins,1 cup,,,,blocked,bahan/bentuk/komposisi belum dipetakan; tidak dibuang dari perhitungan,,https://www.ourcayman.ky/en-us/about/more-about-cayman/recipes,takarkuy-estimates-2026-10-01-v2
RCP-TMDB-53504,9,Nutmeg,2 1/2 Tsp,ING-PALA,5.833,5.833,estimated,"perkiraan tsp; massa khusus bahan, cup ≈ 240 ml",https://fdc.nal.usda.gov/download-datasets/; https://www.kingarthurbaking.com/learn/ingredient-weight-chart,https://www.ourcayman.ky/en-us/about/more-about-cayman/recipes,takarkuy-estimates-2026-10-01-v2
RCP-TMDB-53504,10,Vanilla,2 tablespoons,,,,blocked,bahan/bentuk/komposisi belum dipetakan; tidak dibuang dari perhitungan,,https://www.ourcayman.ky/en-us/about/more-about-cayman/recipes,takarkuy-estimates-2026-10-01-v2
RCP-TMDB-52907,1,Sea Salt,Handful,ING-GARAM,,,blocked,takaran belum dapat diperkirakan dengan aturan bahan,,https://www.bbcgoodfood.com/recipes/2085/barneys-confit-of-duck,takarkuy-estimates-2026-10-01-v2
RCP-TMDB-52907,2,Bay Leaf,4,ING-BAY-LEAF,2.4,2.4,estimated,"asumsi TAKARKUY berat bagian termakan per unit 0.6 g; mengacu ukuran USDA, bukan bobot pasti produk",https://fdc.nal.usda.gov/download-datasets/,https://www.bbcgoodfood.com/recipes/2085/barneys-confit-of-duck,takarkuy-estimates-2026-10-01-v2
RCP-TMDB-52907,3,Garlic,4 cloves,ING-BAWANG-PUTIH,12.0,12.0,estimated,"asumsi TAKARKUY berat bagian termakan per unit 3 g; mengacu ukuran USDA, bukan bobot pasti produk",https://fdc.nal.usda.gov/download-datasets/,https://www.bbcgoodfood.com/recipes/2085/barneys-confit-of-duck,takarkuy-estimates-2026-10-01-v2
RCP-TMDB-52907,4,Thyme,Handful,ING-THYME,,,blocked,takaran belum dapat diperkirakan dengan aturan bahan,,https://www.bbcgoodfood.com/recipes/2085/barneys-confit-of-duck,takarkuy-estimates-2026-10-01-v2
RCP-TMDB-52907,5,Duck Legs,4,,,,blocked,bahan/bentuk/komposisi belum dipetakan; tidak dibuang dari perhitungan,,https://www.bbcgoodfood.com/recipes/2085/barneys-confit-of-duck,takarkuy-estimates-2026-10-01-v2
RCP-TMDB-52907,6,White Wine,100ml,,,,blocked,bahan/bentuk/komposisi belum dipetakan; tidak dibuang dari perhitungan,,https://www.bbcgoodfood.com/recipes/2085/barneys-confit-of-duck,takarkuy-estimates-2026-10-01-v2
RCP-TMDB-53449,1,Lamb Mince,500g,,500.0,,blocked,bahan/bentuk/komposisi belum dipetakan; tidak dibuang dari perhitungan; konversi massa g → g,https://www.nist.gov/pml/owm/metric-si/unit-conversion/approximate-conversions-us-customary-measures-metric,https://travelbystove.blogspot.com/2012/01/recipes-from-azerbaijani.html,takarkuy-estimates-2026-10-01-v2
RCP-TMDB-53449,2,Cabbage,1 large,ING-KUBIS,1125.0,1125.0,estimated,"asumsi TAKARKUY berat bagian termakan per unit 900 g; mengacu ukuran USDA, bukan bobot pasti produk",https://fdc.nal.usda.gov/download-datasets/,https://travelbystove.blogspot.com/2012/01/recipes-from-azerbaijani.html,takarkuy-estimates-2026-10-01-v2
RCP-TMDB-53449,3,Onion,8 oz,ING-BAWANG-BOMBAY,226.796,226.796,estimated,konversi massa oz → g,https://www.nist.gov/pml/owm/metric-si/unit-conversion/approximate-conversions-us-customary-measures-metric,https://travelbystove.blogspot.com/2012/01/recipes-from-azerbaijani.html,takarkuy-estimates-2026-10-01-v2
RCP-TMDB-53449,4,Salt,Pinch,ING-GARAM,3,3,estimated,asumsi TAKARKUY untuk batch: 3 g; sumber tidak memberi angka pasti,,https://travelbystove.blogspot.com/2012/01/recipes-from-azerbaijani.html,takarkuy-estimates-2026-10-01-v2
RCP-TMDB-53449,5,Pepper,Pinch,ING-MERICA,1,1,estimated,asumsi TAKARKUY untuk batch: 1 g; sumber tidak memberi angka pasti,,https://travelbystove.blogspot.com/2012/01/recipes-from-azerbaijani.html,takarkuy-estimates-2026-10-01-v2
RCP-TMDB-53449,6,Turmeric,1/2 tsp,ING-KUNYIT,1.0,1.0,estimated,"perkiraan tsp; massa khusus bahan, cup ≈ 240 ml",https://fdc.nal.usda.gov/download-datasets/; https://www.kingarthurbaking.com/learn/ingredient-weight-chart,https://travelbystove.blogspot.com/2012/01/recipes-from-azerbaijani.html,takarkuy-estimates-2026-10-01-v2
RCP-TMDB-53449,7,Cinnamon,1/2 tsp,ING-KAYU-MANIS,1.302,1.302,estimated,"perkiraan tsp; massa khusus bahan, cup ≈ 240 ml",https://fdc.nal.usda.gov/download-datasets/; https://www.kingarthurbaking.com/learn/ingredient-weight-chart,https://travelbystove.blogspot.com/2012/01/recipes-from-azerbaijani.html,takarkuy-estimates-2026-10-01-v2
RCP-TMDB-53449,8,Cilantro,2 tablespoons,ING-DAUN-KETUMBAR,2.0,2.0,estimated,"perkiraan tablespoons; massa khusus bahan, cup ≈ 240 ml",https://fdc.nal.usda.gov/download-datasets/; https://www.kingarthurbaking.com/learn/ingredient-weight-chart,https://travelbystove.blogspot.com/2012/01/recipes-from-azerbaijani.html,takarkuy-estimates-2026-10-01-v2
RCP-TMDB-53449,9,Dill,2 tablespoons,,,,blocked,bahan/bentuk/komposisi belum dipetakan; tidak dibuang dari perhitungan,,https://travelbystove.blogspot.com/2012/01/recipes-from-azerbaijani.html,takarkuy-estimates-2026-10-01-v2
RCP-TMDB-53449,10,Rice,2 oz,ING-BERAS-MEDIUM,56.699,56.699,estimated,konversi massa oz → g,https://www.nist.gov/pml/owm/metric-si/unit-conversion/approximate-conversions-us-customary-measures-metric,https://travelbystove.blogspot.com/2012/01/recipes-from-azerbaijani.html,takarkuy-estimates-2026-10-01-v2
RCP-TMDB-53449,11,Chickpeas,2 oz,,56.699,,blocked,bahan/bentuk/komposisi belum dipetakan; tidak dibuang dari perhitungan; konversi massa oz → g,https://www.nist.gov/pml/owm/metric-si/unit-conversion/approximate-conversions-us-customary-measures-metric,https://travelbystove.blogspot.com/2012/01/recipes-from-azerbaijani.html,takarkuy-estimates-2026-10-01-v2
RCP-TMDB-53449,12,Lamb Fat,3 oz,,85.049,,blocked,bahan/bentuk/komposisi belum dipetakan; tidak dibuang dari perhitungan; konversi massa oz → g,https://www.nist.gov/pml/owm/metric-si/unit-conversion/approximate-conversions-us-customary-measures-metric,https://travelbystove.blogspot.com/2012/01/recipes-from-azerbaijani.html,takarkuy-estimates-2026-10-01-v2
RCP-TMDB-53449,13,Tomato Puree,1 tablespoon,ING-TOMAT-PUREE,15.625,15.625,estimated,"perkiraan tablespoon; massa khusus bahan, cup ≈ 240 ml",https://fdc.nal.usda.gov/download-datasets/; https://www.kingarthurbaking.com/learn/ingredient-weight-chart,https://travelbystove.blogspot.com/2012/01/recipes-from-azerbaijani.html,takarkuy-estimates-2026-10-01-v2
RCP-TMDB-53449,14,Water,3  tablespoons,,,,excluded_utility,air/alat/pembungkus masak di luar gizi dan biaya bahan termakan,,https://travelbystove.blogspot.com/2012/01/recipes-from-azerbaijani.html,takarkuy-estimates-2026-10-01-v2
RCP-TMDB-52878,1,Beef,900g,ING-DAGING-SAPI,900.0,900.0,estimated,konversi massa g → g,https://www.nist.gov/pml/owm/metric-si/unit-conversion/approximate-conversions-us-customary-measures-metric,https://www.bbc.co.uk/food/recipes/beef_and_oyster_pie_65230,takarkuy-estimates-2026-10-01-v2
RCP-TMDB-52878,2,Olive Oil,3 tbs,ING-MINYAK-ZAITUN,40.5,40.5,estimated,"perkiraan tbs; massa khusus bahan, cup ≈ 240 ml",https://fdc.nal.usda.gov/download-datasets/; https://www.kingarthurbaking.com/learn/ingredient-weight-chart,https://www.bbc.co.uk/food/recipes/beef_and_oyster_pie_65230,takarkuy-estimates-2026-10-01-v2
RCP-TMDB-52878,3,Shallots,3,ING-BAWANG-MERAH,30.0,30.0,estimated,"asumsi TAKARKUY berat bagian termakan per unit 10 g; mengacu ukuran USDA, bukan bobot pasti produk",https://fdc.nal.usda.gov/download-datasets/,https://www.bbc.co.uk/food/recipes/beef_and_oyster_pie_65230,takarkuy-estimates-2026-10-01-v2
RCP-TMDB-52878,4,Garlic,2 cloves minced,ING-BAWANG-PUTIH,6.0,6.0,estimated,"asumsi TAKARKUY berat bagian termakan per unit 3 g; mengacu ukuran USDA, bukan bobot pasti produk",https://fdc.nal.usda.gov/download-datasets/,https://www.bbc.co.uk/food/recipes/beef_and_oyster_pie_65230,takarkuy-estimates-2026-10-01-v2
RCP-TMDB-52878,5,Bacon,125g,,125.0,,blocked,bahan/bentuk/komposisi belum dipetakan; tidak dibuang dari perhitungan; konversi massa g → g,https://www.nist.gov/pml/owm/metric-si/unit-conversion/approximate-conversions-us-customary-measures-metric,https://www.bbc.co.uk/food/recipes/beef_and_oyster_pie_65230,takarkuy-estimates-2026-10-01-v2
RCP-TMDB-52878,6,Thyme,1 tbs chopped,ING-THYME,2.688,2.688,estimated,"perkiraan tbs; massa khusus bahan, cup ≈ 240 ml",https://fdc.nal.usda.gov/download-datasets/; https://www.kingarthurbaking.com/learn/ingredient-weight-chart,https://www.bbc.co.uk/food/recipes/beef_and_oyster_pie_65230,takarkuy-estimates-2026-10-01-v2
RCP-TMDB-52878,7,Bay Leaf,2,ING-BAY-LEAF,1.2,1.2,estimated,"asumsi TAKARKUY berat bagian termakan per unit 0.6 g; mengacu ukuran USDA, bukan bobot pasti produk",https://fdc.nal.usda.gov/download-datasets/,https://www.bbc.co.uk/food/recipes/beef_and_oyster_pie_65230,takarkuy-estimates-2026-10-01-v2
RCP-TMDB-52878,8,Stout,330ml,,,,blocked,bahan/bentuk/komposisi belum dipetakan; tidak dibuang dari perhitungan,,https://www.bbc.co.uk/food/recipes/beef_and_oyster_pie_65230,takarkuy-estimates-2026-10-01-v2
RCP-TMDB-52878,9,Beef Stock,400ml,,,,blocked,bahan/bentuk/komposisi belum dipetakan; tidak dibuang dari perhitungan,,https://www.bbc.co.uk/food/recipes/beef_and_oyster_pie_65230,takarkuy-estimates-2026-10-01-v2
RCP-TMDB-52878,10,Corn Flour,2 tbs,ING-MAIZENA,16.0,16.0,estimated,"perkiraan tbs; massa khusus bahan, cup ≈ 240 ml",https://fdc.nal.usda.gov/download-datasets/; https://www.kingarthurbaking.com/learn/ingredient-weight-chart,https://www.bbc.co.uk/food/recipes/beef_and_oyster_pie_65230,takarkuy-estimates-2026-10-01-v2
RCP-TMDB-52878,11,Oysters,8,,,,blocked,bahan/bentuk/komposisi belum dipetakan; tidak dibuang dari perhitungan,,https://www.bbc.co.uk/food/recipes/beef_and_oyster_pie_65230,takarkuy-estimates-2026-10-01-v2
RCP-TMDB-52878,12,Plain Flour,400g,ING-TEPUNG-TERIGU-CURAH,400.0,400.0,estimated,konversi massa g → g,https://www.nist.gov/pml/owm/metric-si/unit-conversion/approximate-conversions-us-customary-measures-metric,https://www.bbc.co.uk/food/recipes/beef_and_oyster_pie_65230,takarkuy-estimates-2026-10-01-v2
RCP-TMDB-52878,13,Salt,pinch,ING-GARAM,3,3,estimated,asumsi TAKARKUY untuk batch: 3 g; sumber tidak memberi angka pasti,,https://www.bbc.co.uk/food/recipes/beef_and_oyster_pie_65230,takarkuy-estimates-2026-10-01-v2
RCP-TMDB-52878,14,Butter,250g,ING-MENTEGA,250.0,250.0,estimated,konversi massa g → g,https://www.nist.gov/pml/owm/metric-si/unit-conversion/approximate-conversions-us-customary-measures-metric,https://www.bbc.co.uk/food/recipes/beef_and_oyster_pie_65230,takarkuy-estimates-2026-10-01-v2
RCP-TMDB-52878,15,Eggs,To Glaze,ING-TELUR-AYAM-BROILER,,,blocked,takaran belum dapat diperkirakan dengan aturan bahan,,https://www.bbc.co.uk/food/recipes/beef_and_oyster_pie_65230,takarkuy-estimates-2026-10-01-v2
RCP-TMDB-52796,1,Butter,2 tablespoons,ING-MENTEGA,28.375,28.375,estimated,"perkiraan tablespoons; massa khusus bahan, cup ≈ 240 ml",https://fdc.nal.usda.gov/download-datasets/; https://www.kingarthurbaking.com/learn/ingredient-weight-chart,https://www.themealdb.com/meal/52796,takarkuy-estimates-2026-10-01-v2
RCP-TMDB-52796,2,Olive Oil,3 tablespoons,ING-MINYAK-ZAITUN,40.5,40.5,estimated,"perkiraan tablespoons; massa khusus bahan, cup ≈ 240 ml",https://fdc.nal.usda.gov/download-datasets/; https://www.kingarthurbaking.com/learn/ingredient-weight-chart,https://www.themealdb.com/meal/52796,takarkuy-estimates-2026-10-01-v2
RCP-TMDB-52796,3,Chicken,5 boneless,ING-DAGING-AYAM-BROILER,,,blocked,satuan/format belum dipetakan: boneless,,https://www.themealdb.com/meal/52796,takarkuy-estimates-2026-10-01-v2
RCP-TMDB-52796,4,Salt,1 teaspoon,ING-GARAM,6.083,6.083,estimated,"perkiraan teaspoon; massa khusus bahan, cup ≈ 240 ml",https://fdc.nal.usda.gov/download-datasets/; https://www.kingarthurbaking.com/learn/ingredient-weight-chart,https://www.themealdb.com/meal/52796,takarkuy-estimates-2026-10-01-v2
RCP-TMDB-52796,5,Squash,1 cut into 1/2-inch cubes,,,,blocked,bahan/bentuk/komposisi belum dipetakan; tidak dibuang dari perhitungan,,https://www.themealdb.com/meal/52796,takarkuy-estimates-2026-10-01-v2
RCP-TMDB-52796,6,Broccoli,1 Head chopped,,,,blocked,bahan/bentuk/komposisi belum dipetakan; tidak dibuang dari perhitungan,,https://www.themealdb.com/meal/52796,takarkuy-estimates-2026-10-01-v2
RCP-TMDB-52796,7,mushrooms,8-ounce sliced,,,,blocked,bahan/bentuk/komposisi belum dipetakan; tidak dibuang dari perhitungan,,https://www.themealdb.com/meal/52796,takarkuy-estimates-2026-10-01-v2
RCP-TMDB-52796,8,Pepper,1 red,ING-MERICA,,,blocked,satuan/format belum dipetakan: red,,https://www.themealdb.com/meal/52796,takarkuy-estimates-2026-10-01-v2
RCP-TMDB-52796,9,onion,1 chopped,ING-BAWANG-BOMBAY,110.0,110.0,estimated,"asumsi TAKARKUY berat bagian termakan per unit 110 g; mengacu ukuran USDA, bukan bobot pasti produk",https://fdc.nal.usda.gov/download-datasets/,https://www.themealdb.com/meal/52796,takarkuy-estimates-2026-10-01-v2
RCP-TMDB-52796,10,garlic,3 cloves,ING-BAWANG-PUTIH,9.0,9.0,estimated,"asumsi TAKARKUY berat bagian termakan per unit 3 g; mengacu ukuran USDA, bukan bobot pasti produk",https://fdc.nal.usda.gov/download-datasets/,https://www.themealdb.com/meal/52796,takarkuy-estimates-2026-10-01-v2
RCP-TMDB-52796,11,red pepper flakes,1/2 teaspoon,,,,blocked,bahan/bentuk/komposisi belum dipetakan; tidak dibuang dari perhitungan,,https://www.themealdb.com/meal/52796,takarkuy-estimates-2026-10-01-v2
RCP-TMDB-52796,12,white wine,1/2 cup,,,,blocked,bahan/bentuk/komposisi belum dipetakan; tidak dibuang dari perhitungan,,https://www.themealdb.com/meal/52796,takarkuy-estimates-2026-10-01-v2
RCP-TMDB-52796,13,milk,1/2 cup,ING-SUSU-SAPI-SEGAR,122.0,122.0,estimated,"perkiraan cup; massa khusus bahan, cup ≈ 240 ml",https://fdc.nal.usda.gov/download-datasets/; https://www.kingarthurbaking.com/learn/ingredient-weight-chart,https://www.themealdb.com/meal/52796,takarkuy-estimates-2026-10-01-v2
RCP-TMDB-52796,14,heavy cream,1/2 cup,,,,blocked,bahan/bentuk/komposisi belum dipetakan; tidak dibuang dari perhitungan,,https://www.themealdb.com/meal/52796,takarkuy-estimates-2026-10-01-v2
RCP-TMDB-52796,15,Parmesan cheese,1 cup grated,,,,blocked,bahan/bentuk/komposisi belum dipetakan; tidak dibuang dari perhitungan,,https://www.themealdb.com/meal/52796,takarkuy-estimates-2026-10-01-v2
RCP-TMDB-52796,16,bowtie pasta,16 ounces,,453.592,,blocked,bahan/bentuk/komposisi belum dipetakan; tidak dibuang dari perhitungan; konversi massa ounces → g,https://www.nist.gov/pml/owm/metric-si/unit-conversion/approximate-conversions-us-customary-measures-metric,https://www.themealdb.com/meal/52796,takarkuy-estimates-2026-10-01-v2
RCP-TMDB-52796,17,Salt,pinch,ING-GARAM,3,3,estimated,asumsi TAKARKUY untuk batch: 3 g; sumber tidak memberi angka pasti,,https://www.themealdb.com/meal/52796,takarkuy-estimates-2026-10-01-v2
RCP-TMDB-52796,18,Pepper,pinch,ING-MERICA,1,1,estimated,asumsi TAKARKUY untuk batch: 1 g; sumber tidak memberi angka pasti,,https://www.themealdb.com/meal/52796,takarkuy-estimates-2026-10-01-v2
RCP-TMDB-52796,19,Parsley,chopped,ING-PARSLEY,5,5,estimated,asumsi TAKARKUY untuk batch: 5 g; sumber tidak memberi angka pasti,,https://www.themealdb.com/meal/52796,takarkuy-estimates-2026-10-01-v2
RCP-TMDB-53103,1,barramundi,2 x 400g,,,,blocked,bahan/bentuk/komposisi belum dipetakan; tidak dibuang dari perhitungan,,https://www.bbcgoodfood.com/recipes/barramundi-moroccan-spices,takarkuy-estimates-2026-10-01-v2
RCP-TMDB-53103,2,Ground Cumin,1/2 teaspoon,ING-CUMIN,1.0,1.0,estimated,"perkiraan teaspoon; massa khusus bahan, cup ≈ 240 ml",https://fdc.nal.usda.gov/download-datasets/; https://www.kingarthurbaking.com/learn/ingredient-weight-chart,https://www.bbcgoodfood.com/recipes/barramundi-moroccan-spices,takarkuy-estimates-2026-10-01-v2
RCP-TMDB-53103,3,Coriander,1/2 tsp,ING-KETUMBAR-BIJI,0.833,0.833,estimated,"perkiraan tsp; massa khusus bahan, cup ≈ 240 ml",https://fdc.nal.usda.gov/download-datasets/; https://www.kingarthurbaking.com/learn/ingredient-weight-chart,https://www.bbcgoodfood.com/recipes/barramundi-moroccan-spices,takarkuy-estimates-2026-10-01-v2
RCP-TMDB-53103,4,Paprika,Pinch,ING-PAPRIKA-BUBUK,2,2,estimated,asumsi TAKARKUY untuk batch: 2 g; sumber tidak memberi angka pasti,,https://www.bbcgoodfood.com/recipes/barramundi-moroccan-spices,takarkuy-estimates-2026-10-01-v2
RCP-TMDB-53103,5,Chili Powder,Pinch,ING-CABAI-BUBUK,2,2,estimated,asumsi TAKARKUY untuk batch: 2 g; sumber tidak memberi angka pasti,,https://www.bbcgoodfood.com/recipes/barramundi-moroccan-spices,takarkuy-estimates-2026-10-01-v2
RCP-TMDB-53103,6,Garlic Clove,2,ING-BAWANG-PUTIH,6.0,6.0,estimated,"asumsi TAKARKUY berat bagian termakan per unit 3 g; mengacu ukuran USDA, bukan bobot pasti produk",https://fdc.nal.usda.gov/download-datasets/,https://www.bbcgoodfood.com/recipes/barramundi-moroccan-spices,takarkuy-estimates-2026-10-01-v2
RCP-TMDB-53103,7,Lemon,Juice of 1,ING-LEMON,,,blocked,takaran belum dapat diperkirakan dengan aturan bahan,,https://www.bbcgoodfood.com/recipes/barramundi-moroccan-spices,takarkuy-estimates-2026-10-01-v2
RCP-TMDB-53103,8,Olive Oil,5 tablespoons,ING-MINYAK-ZAITUN,67.5,67.5,estimated,"perkiraan tablespoons; massa khusus bahan, cup ≈ 240 ml",https://fdc.nal.usda.gov/download-datasets/; https://www.kingarthurbaking.com/learn/ingredient-weight-chart,https://www.bbcgoodfood.com/recipes/barramundi-moroccan-spices,takarkuy-estimates-2026-10-01-v2
RCP-TMDB-53103,9,Coriander,Bunch,ING-KETUMBAR-BIJI,,,blocked,takaran belum dapat diperkirakan dengan aturan bahan,,https://www.bbcgoodfood.com/recipes/barramundi-moroccan-spices,takarkuy-estimates-2026-10-01-v2
RCP-TMDB-53078,1,Beetroot,3,,,,blocked,bahan/bentuk/komposisi belum dipetakan; tidak dibuang dari perhitungan,,https://natashaskitchen.com/classic-russian-borscht-recipe/,takarkuy-estimates-2026-10-01-v2
RCP-TMDB-53078,2,Olive Oil,4 tbs,ING-MINYAK-ZAITUN,54.0,54.0,estimated,"perkiraan tbs; massa khusus bahan, cup ≈ 240 ml",https://fdc.nal.usda.gov/download-datasets/; https://www.kingarthurbaking.com/learn/ingredient-weight-chart,https://natashaskitchen.com/classic-russian-borscht-recipe/,takarkuy-estimates-2026-10-01-v2
RCP-TMDB-53078,3,Chicken Stock Cube,1,,,,blocked,bahan/bentuk/komposisi belum dipetakan; tidak dibuang dari perhitungan,,https://natashaskitchen.com/classic-russian-borscht-recipe/,takarkuy-estimates-2026-10-01-v2
RCP-TMDB-53078,4,Water,6 cups,,,,excluded_utility,air/alat/pembungkus masak di luar gizi dan biaya bahan termakan,,https://natashaskitchen.com/classic-russian-borscht-recipe/,takarkuy-estimates-2026-10-01-v2
RCP-TMDB-53078,5,Potatoes,3,ING-KENTANG,510.0,510.0,estimated,"asumsi TAKARKUY berat bagian termakan per unit 170 g; mengacu ukuran USDA, bukan bobot pasti produk",https://fdc.nal.usda.gov/download-datasets/,https://natashaskitchen.com/classic-russian-borscht-recipe/,takarkuy-estimates-2026-10-01-v2
RCP-TMDB-53078,6,Cannellini Beans,1 can,,,,blocked,bahan/bentuk/komposisi belum dipetakan; tidak dibuang dari perhitungan,,https://natashaskitchen.com/classic-russian-borscht-recipe/,takarkuy-estimates-2026-10-01-v2
RCP-TMDB-53078,7,Dill,Garnish,,,,blocked,bahan/bentuk/komposisi belum dipetakan; tidak dibuang dari perhitungan,,https://natashaskitchen.com/classic-russian-borscht-recipe/,takarkuy-estimates-2026-10-01-v2
RCP-TMDB-52837,1,Spaghetti,300g,,300.0,,blocked,bahan/bentuk/komposisi belum dipetakan; tidak dibuang dari perhitungan; konversi massa g → g,https://www.nist.gov/pml/owm/metric-si/unit-conversion/approximate-conversions-us-customary-measures-metric,https://www.bbcgoodfood.com/recipes/pilchard-puttanesca,takarkuy-estimates-2026-10-01-v2
RCP-TMDB-52837,2,Olive Oil,1 tbls,ING-MINYAK-ZAITUN,,,blocked,satuan/format belum dipetakan: tbls,,https://www.bbcgoodfood.com/recipes/pilchard-puttanesca,takarkuy-estimates-2026-10-01-v2
RCP-TMDB-52837,3,Onion,1 finely chopped,ING-BAWANG-BOMBAY,110.0,110.0,estimated,"asumsi TAKARKUY berat bagian termakan per unit 110 g; mengacu ukuran USDA, bukan bobot pasti produk",https://fdc.nal.usda.gov/download-datasets/,https://www.bbcgoodfood.com/recipes/pilchard-puttanesca,takarkuy-estimates-2026-10-01-v2
RCP-TMDB-52837,4,Garlic,2 cloves minced,ING-BAWANG-PUTIH,6.0,6.0,estimated,"asumsi TAKARKUY berat bagian termakan per unit 3 g; mengacu ukuran USDA, bukan bobot pasti produk",https://fdc.nal.usda.gov/download-datasets/,https://www.bbcgoodfood.com/recipes/pilchard-puttanesca,takarkuy-estimates-2026-10-01-v2
RCP-TMDB-52837,5,Red Chilli,1,ING-CABAI-MERAH-KERITING,10.0,10.0,estimated,"asumsi TAKARKUY berat bagian termakan per unit 10 g; mengacu ukuran USDA, bukan bobot pasti produk",https://fdc.nal.usda.gov/download-datasets/,https://www.bbcgoodfood.com/recipes/pilchard-puttanesca,takarkuy-estimates-2026-10-01-v2
RCP-TMDB-52837,6,Tomato Puree,1 tbls,ING-TOMAT-PUREE,,,blocked,satuan/format belum dipetakan: tbls,,https://www.bbcgoodfood.com/recipes/pilchard-puttanesca,takarkuy-estimates-2026-10-01-v2
RCP-TMDB-52837,7,Pilchards,425g,,425.0,,blocked,bahan/bentuk/komposisi belum dipetakan; tidak dibuang dari perhitungan; konversi massa g → g,https://www.nist.gov/pml/owm/metric-si/unit-conversion/approximate-conversions-us-customary-measures-metric,https://www.bbcgoodfood.com/recipes/pilchard-puttanesca,takarkuy-estimates-2026-10-01-v2
RCP-TMDB-52837,8,Black Olives,70g,,70.0,,blocked,bahan/bentuk/komposisi belum dipetakan; tidak dibuang dari perhitungan; konversi massa g → g,https://www.nist.gov/pml/owm/metric-si/unit-conversion/approximate-conversions-us-customary-measures-metric,https://www.bbcgoodfood.com/recipes/pilchard-puttanesca,takarkuy-estimates-2026-10-01-v2
RCP-TMDB-52837,9,Parmesan,Shaved,,,,blocked,bahan/bentuk/komposisi belum dipetakan; tidak dibuang dari perhitungan,,https://www.bbcgoodfood.com/recipes/pilchard-puttanesca,takarkuy-estimates-2026-10-01-v2
RCP-TMDB-52815,1,Olive Oil,3 tablespoons,ING-MINYAK-ZAITUN,40.5,40.5,estimated,"perkiraan tablespoons; massa khusus bahan, cup ≈ 240 ml",https://fdc.nal.usda.gov/download-datasets/; https://www.kingarthurbaking.com/learn/ingredient-weight-chart,https://www.themealdb.com/meal/52815,takarkuy-estimates-2026-10-01-v2
RCP-TMDB-52815,2,Onion,1,ING-BAWANG-BOMBAY,110.0,110.0,estimated,"asumsi TAKARKUY berat bagian termakan per unit 110 g; mengacu ukuran USDA, bukan bobot pasti produk",https://fdc.nal.usda.gov/download-datasets/,https://www.themealdb.com/meal/52815,takarkuy-estimates-2026-10-01-v2
RCP-TMDB-52815,3,Garlic,2 cloves,ING-BAWANG-PUTIH,6.0,6.0,estimated,"asumsi TAKARKUY berat bagian termakan per unit 3 g; mengacu ukuran USDA, bukan bobot pasti produk",https://fdc.nal.usda.gov/download-datasets/,https://www.themealdb.com/meal/52815,takarkuy-estimates-2026-10-01-v2
RCP-TMDB-52815,4,Carrots,1,ING-WORTEL,61.0,61.0,estimated,"asumsi TAKARKUY berat bagian termakan per unit 61 g; mengacu ukuran USDA, bukan bobot pasti produk",https://fdc.nal.usda.gov/download-datasets/,https://www.themealdb.com/meal/52815,takarkuy-estimates-2026-10-01-v2
RCP-TMDB-52815,5,French Lentils,2 1/4 cups,,,,blocked,bahan/bentuk/komposisi belum dipetakan; tidak dibuang dari perhitungan,,https://www.themealdb.com/meal/52815,takarkuy-estimates-2026-10-01-v2
RCP-TMDB-52815,6,Thyme,1 teaspoon,ING-THYME,0.896,0.896,estimated,"perkiraan teaspoon; massa khusus bahan, cup ≈ 240 ml",https://fdc.nal.usda.gov/download-datasets/; https://www.kingarthurbaking.com/learn/ingredient-weight-chart,https://www.themealdb.com/meal/52815,takarkuy-estimates-2026-10-01-v2
RCP-TMDB-52815,7,Bay Leaf,3,ING-BAY-LEAF,1.8,1.8,estimated,"asumsi TAKARKUY berat bagian termakan per unit 0.6 g; mengacu ukuran USDA, bukan bobot pasti produk",https://fdc.nal.usda.gov/download-datasets/,https://www.themealdb.com/meal/52815,takarkuy-estimates-2026-10-01-v2
RCP-TMDB-52815,8,Salt,1 tablespoon,ING-GARAM,18.25,18.25,estimated,"perkiraan tablespoon; massa khusus bahan, cup ≈ 240 ml",https://fdc.nal.usda.gov/download-datasets/; https://www.kingarthurbaking.com/learn/ingredient-weight-chart,https://www.themealdb.com/meal/52815,takarkuy-estimates-2026-10-01-v2
RCP-TMDB-52815,9,Celery,2 sticks,ING-SELEDRI,80.0,80.0,estimated,"asumsi TAKARKUY berat bagian termakan per unit 40 g; mengacu ukuran USDA, bukan bobot pasti produk",https://fdc.nal.usda.gov/download-datasets/,https://www.themealdb.com/meal/52815,takarkuy-estimates-2026-10-01-v2
RCP-TMDB-52974,1,Olive Oil,4 tbs,ING-MINYAK-ZAITUN,54.0,54.0,estimated,"perkiraan tbs; massa khusus bahan, cup ≈ 240 ml",https://fdc.nal.usda.gov/download-datasets/; https://www.kingarthurbaking.com/learn/ingredient-weight-chart,http://allrecipes.co.uk/recipe/43723/keleya-zaara-tunisian-lamb-with-saffron.aspx,takarkuy-estimates-2026-10-01-v2
RCP-TMDB-52974,2,Lamb,750g,,750.0,,blocked,bahan/bentuk/komposisi belum dipetakan; tidak dibuang dari perhitungan; konversi massa g → g,https://www.nist.gov/pml/owm/metric-si/unit-conversion/approximate-conversions-us-customary-measures-metric,http://allrecipes.co.uk/recipe/43723/keleya-zaara-tunisian-lamb-with-saffron.aspx,takarkuy-estimates-2026-10-01-v2
RCP-TMDB-52974,3,Saffron,1 1/2 tsp,,,,blocked,bahan/bentuk/komposisi belum dipetakan; tidak dibuang dari perhitungan,,http://allrecipes.co.uk/recipe/43723/keleya-zaara-tunisian-lamb-with-saffron.aspx,takarkuy-estimates-2026-10-01-v2
RCP-TMDB-52974,4,Onion,1 Large Chopped,ING-BAWANG-BOMBAY,137.5,137.5,estimated,"asumsi TAKARKUY berat bagian termakan per unit 110 g; mengacu ukuran USDA, bukan bobot pasti produk",https://fdc.nal.usda.gov/download-datasets/,http://allrecipes.co.uk/recipe/43723/keleya-zaara-tunisian-lamb-with-saffron.aspx,takarkuy-estimates-2026-10-01-v2
RCP-TMDB-52974,5,Water,25 ml,,,,excluded_utility,air/alat/pembungkus masak di luar gizi dan biaya bahan termakan,,http://allrecipes.co.uk/recipe/43723/keleya-zaara-tunisian-lamb-with-saffron.aspx,takarkuy-estimates-2026-10-01-v2
RCP-TMDB-52974,6,Parsley,30g,ING-PARSLEY,30.0,30.0,estimated,konversi massa g → g,https://www.nist.gov/pml/owm/metric-si/unit-conversion/approximate-conversions-us-customary-measures-metric,http://allrecipes.co.uk/recipe/43723/keleya-zaara-tunisian-lamb-with-saffron.aspx,takarkuy-estimates-2026-10-01-v2
RCP-TMDB-52974,7,Butter,1 tbs,ING-MENTEGA,14.188,14.188,estimated,"perkiraan tbs; massa khusus bahan, cup ≈ 240 ml",https://fdc.nal.usda.gov/download-datasets/; https://www.kingarthurbaking.com/learn/ingredient-weight-chart,http://allrecipes.co.uk/recipe/43723/keleya-zaara-tunisian-lamb-with-saffron.aspx,takarkuy-estimates-2026-10-01-v2
RCP-TMDB-52974,8,Lemon,1,ING-LEMON,58.0,58.0,estimated,"asumsi TAKARKUY berat bagian termakan per unit 58 g; mengacu ukuran USDA, bukan bobot pasti produk",https://fdc.nal.usda.gov/download-datasets/,http://allrecipes.co.uk/recipe/43723/keleya-zaara-tunisian-lamb-with-saffron.aspx,takarkuy-estimates-2026-10-01-v2
RCP-TMDB-53071,1,Beef,1.5kg,ING-DAGING-SAPI,1500.0,1500.0,estimated,konversi massa kg → g,https://www.nist.gov/pml/owm/metric-si/unit-conversion/approximate-conversions-us-customary-measures-metric,https://panlasangpinoy.com/beef-asado/,takarkuy-estimates-2026-10-01-v2
RCP-TMDB-53071,2,Beef Stock Concentrate,1,,,,blocked,bahan/bentuk/komposisi belum dipetakan; tidak dibuang dari perhitungan,,https://panlasangpinoy.com/beef-asado/,takarkuy-estimates-2026-10-01-v2
RCP-TMDB-53071,3,Tomato Puree,8 ounces,ING-TOMAT-PUREE,226.796,226.796,estimated,konversi massa ounces → g,https://www.nist.gov/pml/owm/metric-si/unit-conversion/approximate-conversions-us-customary-measures-metric,https://panlasangpinoy.com/beef-asado/,takarkuy-estimates-2026-10-01-v2
RCP-TMDB-53071,4,Water,3 cups,,,,excluded_utility,air/alat/pembungkus masak di luar gizi dan biaya bahan termakan,,https://panlasangpinoy.com/beef-asado/,takarkuy-estimates-2026-10-01-v2
RCP-TMDB-53071,5,Soy Sauce,6 tablespoons,ING-KECAP-ASIN,95.625,95.625,estimated,"perkiraan tablespoons; massa khusus bahan, cup ≈ 240 ml",https://fdc.nal.usda.gov/download-datasets/; https://www.kingarthurbaking.com/learn/ingredient-weight-chart,https://panlasangpinoy.com/beef-asado/,takarkuy-estimates-2026-10-01-v2
RCP-TMDB-53071,6,White Wine Vinegar,1 tbs,,,,blocked,bahan/bentuk/komposisi belum dipetakan; tidak dibuang dari perhitungan,,https://panlasangpinoy.com/beef-asado/,takarkuy-estimates-2026-10-01-v2
RCP-TMDB-53071,7,Pepper,2 tbs,ING-MERICA,13.75,13.75,estimated,"perkiraan tbs; massa khusus bahan, cup ≈ 240 ml",https://fdc.nal.usda.gov/download-datasets/; https://www.kingarthurbaking.com/learn/ingredient-weight-chart,https://panlasangpinoy.com/beef-asado/,takarkuy-estimates-2026-10-01-v2
RCP-TMDB-53071,8,Bay Leaf,4,ING-BAY-LEAF,2.4,2.4,estimated,"asumsi TAKARKUY berat bagian termakan per unit 0.6 g; mengacu ukuran USDA, bukan bobot pasti produk",https://fdc.nal.usda.gov/download-datasets/,https://panlasangpinoy.com/beef-asado/,takarkuy-estimates-2026-10-01-v2
RCP-TMDB-53071,9,Lemon,1/2,ING-LEMON,29.0,29.0,estimated,"asumsi TAKARKUY berat bagian termakan per unit 58 g; mengacu ukuran USDA, bukan bobot pasti produk",https://fdc.nal.usda.gov/download-datasets/,https://panlasangpinoy.com/beef-asado/,takarkuy-estimates-2026-10-01-v2
RCP-TMDB-53071,10,Tomato Sauce,2 tbs,,,,blocked,bahan/bentuk/komposisi belum dipetakan; tidak dibuang dari perhitungan,,https://panlasangpinoy.com/beef-asado/,takarkuy-estimates-2026-10-01-v2
RCP-TMDB-53071,11,Butter,3 tbs,ING-MENTEGA,42.562,42.562,estimated,"perkiraan tbs; massa khusus bahan, cup ≈ 240 ml",https://fdc.nal.usda.gov/download-datasets/; https://www.kingarthurbaking.com/learn/ingredient-weight-chart,https://panlasangpinoy.com/beef-asado/,takarkuy-estimates-2026-10-01-v2
RCP-TMDB-53071,12,Olive Oil,1/2 cup,ING-MINYAK-ZAITUN,108.0,108.0,estimated,"perkiraan cup; massa khusus bahan, cup ≈ 240 ml",https://fdc.nal.usda.gov/download-datasets/; https://www.kingarthurbaking.com/learn/ingredient-weight-chart,https://panlasangpinoy.com/beef-asado/,takarkuy-estimates-2026-10-01-v2
RCP-TMDB-53071,13,Onion,1 chopped,ING-BAWANG-BOMBAY,110.0,110.0,estimated,"asumsi TAKARKUY berat bagian termakan per unit 110 g; mengacu ukuran USDA, bukan bobot pasti produk",https://fdc.nal.usda.gov/download-datasets/,https://panlasangpinoy.com/beef-asado/,takarkuy-estimates-2026-10-01-v2
RCP-TMDB-53071,14,Garlic,4 cloves,ING-BAWANG-PUTIH,12.0,12.0,estimated,"asumsi TAKARKUY berat bagian termakan per unit 3 g; mengacu ukuran USDA, bukan bobot pasti produk",https://fdc.nal.usda.gov/download-datasets/,https://panlasangpinoy.com/beef-asado/,takarkuy-estimates-2026-10-01-v2
RCP-TMDB-53459,1,Flour,1 lb,ING-TEPUNG-TERIGU-CURAH,453.592,453.592,estimated,konversi massa lb → g,https://www.nist.gov/pml/owm/metric-si/unit-conversion/approximate-conversions-us-customary-measures-metric,https://www.totallybarbados.com/articles/barbados-recipes/chicken-potato-roti-recipe/,takarkuy-estimates-2026-10-01-v2
RCP-TMDB-53459,2,Shortening,3  tablespoons,,,,blocked,bahan/bentuk/komposisi belum dipetakan; tidak dibuang dari perhitungan,,https://www.totallybarbados.com/articles/barbados-recipes/chicken-potato-roti-recipe/,takarkuy-estimates-2026-10-01-v2
RCP-TMDB-53459,3,Salt,Pinch,ING-GARAM,3,3,estimated,asumsi TAKARKUY untuk batch: 3 g; sumber tidak memberi angka pasti,,https://www.totallybarbados.com/articles/barbados-recipes/chicken-potato-roti-recipe/,takarkuy-estimates-2026-10-01-v2
RCP-TMDB-53459,4,Water,Splash,,,,excluded_utility,air/alat/pembungkus masak di luar gizi dan biaya bahan termakan,,https://www.totallybarbados.com/articles/barbados-recipes/chicken-potato-roti-recipe/,takarkuy-estimates-2026-10-01-v2
RCP-TMDB-53459,5,Chicken Breast,6,ING-DAGING-AYAM-BROILER,900.0,900.0,estimated,"asumsi TAKARKUY berat bagian termakan per unit 150 g; mengacu ukuran USDA, bukan bobot pasti produk",https://fdc.nal.usda.gov/download-datasets/,https://www.totallybarbados.com/articles/barbados-recipes/chicken-potato-roti-recipe/,takarkuy-estimates-2026-10-01-v2
RCP-TMDB-53459,6,Parsley,Pinch,ING-PARSLEY,5,5,estimated,asumsi TAKARKUY untuk batch: 5 g; sumber tidak memberi angka pasti,,https://www.totallybarbados.com/articles/barbados-recipes/chicken-potato-roti-recipe/,takarkuy-estimates-2026-10-01-v2
RCP-TMDB-53459,7,Thyme,Pinch,ING-THYME,1,1,estimated,asumsi TAKARKUY untuk batch: 1 g; sumber tidak memberi angka pasti,,https://www.totallybarbados.com/articles/barbados-recipes/chicken-potato-roti-recipe/,takarkuy-estimates-2026-10-01-v2
RCP-TMDB-53459,8,Jerk,Pinch,,,,blocked,bahan/bentuk/komposisi belum dipetakan; tidak dibuang dari perhitungan,,https://www.totallybarbados.com/articles/barbados-recipes/chicken-potato-roti-recipe/,takarkuy-estimates-2026-10-01-v2
RCP-TMDB-53459,9,Salt,Pinch,ING-GARAM,3,3,estimated,asumsi TAKARKUY untuk batch: 3 g; sumber tidak memberi angka pasti,,https://www.totallybarbados.com/articles/barbados-recipes/chicken-potato-roti-recipe/,takarkuy-estimates-2026-10-01-v2
RCP-TMDB-53459,10,Sugar,Pinch,ING-GULA-PASIR-DALAM-NEGERI,8,8,estimated,asumsi TAKARKUY untuk batch: 8 g; sumber tidak memberi angka pasti,,https://www.totallybarbados.com/articles/barbados-recipes/chicken-potato-roti-recipe/,takarkuy-estimates-2026-10-01-v2
RCP-TMDB-53459,11,Black Pepper,Pinch,ING-MERICA,1,1,estimated,asumsi TAKARKUY untuk batch: 1 g; sumber tidak memberi angka pasti,,https://www.totallybarbados.com/articles/barbados-recipes/chicken-potato-roti-recipe/,takarkuy-estimates-2026-10-01-v2
RCP-TMDB-53459,12,Onion,2 large,ING-BAWANG-BOMBAY,275.0,275.0,estimated,"asumsi TAKARKUY berat bagian termakan per unit 110 g; mengacu ukuran USDA, bukan bobot pasti produk",https://fdc.nal.usda.gov/download-datasets/,https://www.totallybarbados.com/articles/barbados-recipes/chicken-potato-roti-recipe/,takarkuy-estimates-2026-10-01-v2
RCP-TMDB-53459,13,Garlic,4 cloves,ING-BAWANG-PUTIH,12.0,12.0,estimated,"asumsi TAKARKUY berat bagian termakan per unit 3 g; mengacu ukuran USDA, bukan bobot pasti produk",https://fdc.nal.usda.gov/download-datasets/,https://www.totallybarbados.com/articles/barbados-recipes/chicken-potato-roti-recipe/,takarkuy-estimates-2026-10-01-v2
RCP-TMDB-53459,14,Scotch Bonnet,1,,,,blocked,bahan/bentuk/komposisi belum dipetakan; tidak dibuang dari perhitungan,,https://www.totallybarbados.com/articles/barbados-recipes/chicken-potato-roti-recipe/,takarkuy-estimates-2026-10-01-v2
RCP-TMDB-53459,15,Potatoes,1/2 lb,ING-KENTANG,226.796,226.796,estimated,konversi massa lb → g,https://www.nist.gov/pml/owm/metric-si/unit-conversion/approximate-conversions-us-customary-measures-metric,https://www.totallybarbados.com/articles/barbados-recipes/chicken-potato-roti-recipe/,takarkuy-estimates-2026-10-01-v2
RCP-TMDB-52819,1,cajun,2 tbsp,,,,blocked,bahan/bentuk/komposisi belum dipetakan; tidak dibuang dari perhitungan,,https://realfood.tesco.com/recipes/cajun-spiced-fish-tacos.html,takarkuy-estimates-2026-10-01-v2
RCP-TMDB-52819,2,cayenne pepper,1 tsp,ING-CABAI-BUBUK,1.771,1.771,estimated,"perkiraan tsp; massa khusus bahan, cup ≈ 240 ml",https://fdc.nal.usda.gov/download-datasets/; https://www.kingarthurbaking.com/learn/ingredient-weight-chart,https://realfood.tesco.com/recipes/cajun-spiced-fish-tacos.html,takarkuy-estimates-2026-10-01-v2
RCP-TMDB-52819,3,white fish,4 fillets,,,,blocked,bahan/bentuk/komposisi belum dipetakan; tidak dibuang dari perhitungan,,https://realfood.tesco.com/recipes/cajun-spiced-fish-tacos.html,takarkuy-estimates-2026-10-01-v2
RCP-TMDB-52819,4,vegetable oil,1 tsp,ING-MINYAK-GORENG-CURAH,4.542,4.542,estimated,"perkiraan tsp; massa khusus bahan, cup ≈ 240 ml",https://fdc.nal.usda.gov/download-datasets/; https://www.kingarthurbaking.com/learn/ingredient-weight-chart,https://realfood.tesco.com/recipes/cajun-spiced-fish-tacos.html,takarkuy-estimates-2026-10-01-v2
RCP-TMDB-52819,5,flour tortilla,8,,,,blocked,bahan/bentuk/komposisi belum dipetakan; tidak dibuang dari perhitungan,,https://realfood.tesco.com/recipes/cajun-spiced-fish-tacos.html,takarkuy-estimates-2026-10-01-v2
RCP-TMDB-52819,6,avocado,1 sliced,,,,blocked,bahan/bentuk/komposisi belum dipetakan; tidak dibuang dari perhitungan,,https://realfood.tesco.com/recipes/cajun-spiced-fish-tacos.html,takarkuy-estimates-2026-10-01-v2
RCP-TMDB-52819,7,little gem lettuce,2 shredded,,,,blocked,bahan/bentuk/komposisi belum dipetakan; tidak dibuang dari perhitungan,,https://realfood.tesco.com/recipes/cajun-spiced-fish-tacos.html,takarkuy-estimates-2026-10-01-v2
RCP-TMDB-52819,8,Spring Onions,4 shredded,ING-DAUN-BAWANG,,,blocked,satuan/format belum dipetakan: shredded,,https://realfood.tesco.com/recipes/cajun-spiced-fish-tacos.html,takarkuy-estimates-2026-10-01-v2
RCP-TMDB-52819,9,salsa,1 x 300ml,,,,blocked,bahan/bentuk/komposisi belum dipetakan; tidak dibuang dari perhitungan,,https://realfood.tesco.com/recipes/cajun-spiced-fish-tacos.html,takarkuy-estimates-2026-10-01-v2
RCP-TMDB-52819,10,sour cream,1 pot,,,,blocked,bahan/bentuk/komposisi belum dipetakan; tidak dibuang dari perhitungan,,https://realfood.tesco.com/recipes/cajun-spiced-fish-tacos.html,takarkuy-estimates-2026-10-01-v2
RCP-TMDB-52819,11,lemon,1,ING-LEMON,58.0,58.0,estimated,"asumsi TAKARKUY berat bagian termakan per unit 58 g; mengacu ukuran USDA, bukan bobot pasti produk",https://fdc.nal.usda.gov/download-datasets/,https://realfood.tesco.com/recipes/cajun-spiced-fish-tacos.html,takarkuy-estimates-2026-10-01-v2
RCP-TMDB-52819,12,garlic,1 clove finely chopped,ING-BAWANG-PUTIH,3.0,3.0,estimated,"asumsi TAKARKUY berat bagian termakan per unit 3 g; mengacu ukuran USDA, bukan bobot pasti produk",https://fdc.nal.usda.gov/download-datasets/,https://realfood.tesco.com/recipes/cajun-spiced-fish-tacos.html,takarkuy-estimates-2026-10-01-v2
RCP-TMDB-53536,1,Black Beans,400g,,400.0,,blocked,bahan/bentuk/komposisi belum dipetakan; tidak dibuang dari perhitungan; konversi massa g → g,https://www.nist.gov/pml/owm/metric-si/unit-conversion/approximate-conversions-us-customary-measures-metric,https://www.recipesfromcostarica.com/recipes,takarkuy-estimates-2026-10-01-v2
RCP-TMDB-53536,2,Onion,1 large,ING-BAWANG-BOMBAY,137.5,137.5,estimated,"asumsi TAKARKUY berat bagian termakan per unit 110 g; mengacu ukuran USDA, bukan bobot pasti produk",https://fdc.nal.usda.gov/download-datasets/,https://www.recipesfromcostarica.com/recipes,takarkuy-estimates-2026-10-01-v2
RCP-TMDB-53536,3,Green Pepper,1,ING-PAPRIKA-HIJAU,119.0,119.0,estimated,"asumsi TAKARKUY berat bagian termakan per unit 119 g; mengacu ukuran USDA, bukan bobot pasti produk",https://fdc.nal.usda.gov/download-datasets/,https://www.recipesfromcostarica.com/recipes,takarkuy-estimates-2026-10-01-v2
RCP-TMDB-53536,4,Red Pepper,1,ING-PAPRIKA-MERAH,119.0,119.0,estimated,"asumsi TAKARKUY berat bagian termakan per unit 119 g; mengacu ukuran USDA, bukan bobot pasti produk",https://fdc.nal.usda.gov/download-datasets/,https://www.recipesfromcostarica.com/recipes,takarkuy-estimates-2026-10-01-v2
RCP-TMDB-53536,5,Celery,1/3 cup,ING-SELEDRI,33.667,33.667,estimated,"perkiraan cup; massa khusus bahan, cup ≈ 240 ml",https://fdc.nal.usda.gov/download-datasets/; https://www.kingarthurbaking.com/learn/ingredient-weight-chart,https://www.recipesfromcostarica.com/recipes,takarkuy-estimates-2026-10-01-v2
RCP-TMDB-53536,6,Garlic,4 Cloves Crushed,ING-BAWANG-PUTIH,12.0,12.0,estimated,"asumsi TAKARKUY berat bagian termakan per unit 3 g; mengacu ukuran USDA, bukan bobot pasti produk",https://fdc.nal.usda.gov/download-datasets/,https://www.recipesfromcostarica.com/recipes,takarkuy-estimates-2026-10-01-v2
RCP-TMDB-53536,7,Ground Cumin,1 1/2 tsp,ING-CUMIN,3.0,3.0,estimated,"perkiraan tsp; massa khusus bahan, cup ≈ 240 ml",https://fdc.nal.usda.gov/download-datasets/; https://www.kingarthurbaking.com/learn/ingredient-weight-chart,https://www.recipesfromcostarica.com/recipes,takarkuy-estimates-2026-10-01-v2
RCP-TMDB-53536,8,Oregano,1 tablespoon,,,,blocked,bahan/bentuk/komposisi belum dipetakan; tidak dibuang dari perhitungan,,https://www.recipesfromcostarica.com/recipes,takarkuy-estimates-2026-10-01-v2
RCP-TMDB-53536,9,Salt,1 1/2 tsp,ING-GARAM,9.125,9.125,estimated,"perkiraan tsp; massa khusus bahan, cup ≈ 240 ml",https://fdc.nal.usda.gov/download-datasets/; https://www.kingarthurbaking.com/learn/ingredient-weight-chart,https://www.recipesfromcostarica.com/recipes,takarkuy-estimates-2026-10-01-v2
RCP-TMDB-53536,10,Black Pepper,2 tsp,ING-MERICA,4.583,4.583,estimated,"perkiraan tsp; massa khusus bahan, cup ≈ 240 ml",https://fdc.nal.usda.gov/download-datasets/; https://www.kingarthurbaking.com/learn/ingredient-weight-chart,https://www.recipesfromcostarica.com/recipes,takarkuy-estimates-2026-10-01-v2
RCP-TMDB-53536,11,Water,5 Cups,,,,excluded_utility,air/alat/pembungkus masak di luar gizi dan biaya bahan termakan,,https://www.recipesfromcostarica.com/recipes,takarkuy-estimates-2026-10-01-v2
RCP-TMDB-52982,1,Spaghetti,320g,,320.0,,blocked,bahan/bentuk/komposisi belum dipetakan; tidak dibuang dari perhitungan; konversi massa g → g,https://www.nist.gov/pml/owm/metric-si/unit-conversion/approximate-conversions-us-customary-measures-metric,https://www.bbcgoodfood.com/recipes/ultimate-spaghetti-carbonara-recipe,takarkuy-estimates-2026-10-01-v2
RCP-TMDB-52982,2,Egg Yolks,6,,,,blocked,bahan/bentuk/komposisi belum dipetakan; tidak dibuang dari perhitungan,,https://www.bbcgoodfood.com/recipes/ultimate-spaghetti-carbonara-recipe,takarkuy-estimates-2026-10-01-v2
RCP-TMDB-52982,3,Salt,As required,ING-GARAM,3,3,estimated,asumsi TAKARKUY untuk batch: 3 g; sumber tidak memberi angka pasti,,https://www.bbcgoodfood.com/recipes/ultimate-spaghetti-carbonara-recipe,takarkuy-estimates-2026-10-01-v2
RCP-TMDB-52982,4,Bacon,150g,,150.0,,blocked,bahan/bentuk/komposisi belum dipetakan; tidak dibuang dari perhitungan; konversi massa g → g,https://www.nist.gov/pml/owm/metric-si/unit-conversion/approximate-conversions-us-customary-measures-metric,https://www.bbcgoodfood.com/recipes/ultimate-spaghetti-carbonara-recipe,takarkuy-estimates-2026-10-01-v2
RCP-TMDB-52982,5,Pecorino,50g,,50.0,,blocked,bahan/bentuk/komposisi belum dipetakan; tidak dibuang dari perhitungan; konversi massa g → g,https://www.nist.gov/pml/owm/metric-si/unit-conversion/approximate-conversions-us-customary-measures-metric,https://www.bbcgoodfood.com/recipes/ultimate-spaghetti-carbonara-recipe,takarkuy-estimates-2026-10-01-v2
RCP-TMDB-52982,6,Black Pepper,As required,ING-MERICA,1,1,estimated,asumsi TAKARKUY untuk batch: 1 g; sumber tidak memberi angka pasti,,https://www.bbcgoodfood.com/recipes/ultimate-spaghetti-carbonara-recipe,takarkuy-estimates-2026-10-01-v2
RCP-TMDB-52915,1,Eggs,3,ING-TELUR-AYAM-BROILER,150.0,150.0,estimated,"asumsi TAKARKUY berat bagian termakan per unit 50 g; mengacu ukuran USDA, bukan bobot pasti produk",https://fdc.nal.usda.gov/download-datasets/,https://www.bbcgoodfood.com/recipes/1669/ultimate-french-omelette,takarkuy-estimates-2026-10-01-v2
RCP-TMDB-52915,2,Butter,2 knobs,ING-MENTEGA,,,blocked,satuan/format belum dipetakan: knobs,,https://www.bbcgoodfood.com/recipes/1669/ultimate-french-omelette,takarkuy-estimates-2026-10-01-v2
RCP-TMDB-52915,3,Parmesan,1 tsp,,,,blocked,bahan/bentuk/komposisi belum dipetakan; tidak dibuang dari perhitungan,,https://www.bbcgoodfood.com/recipes/1669/ultimate-french-omelette,takarkuy-estimates-2026-10-01-v2
RCP-TMDB-52915,4,Tarragon Leaves,3 chopped,,,,blocked,bahan/bentuk/komposisi belum dipetakan; tidak dibuang dari perhitungan,,https://www.bbcgoodfood.com/recipes/1669/ultimate-french-omelette,takarkuy-estimates-2026-10-01-v2
RCP-TMDB-52915,5,Parsley,1 tbs chopped,ING-PARSLEY,3.75,3.75,estimated,"perkiraan tbs; massa khusus bahan, cup ≈ 240 ml",https://fdc.nal.usda.gov/download-datasets/; https://www.kingarthurbaking.com/learn/ingredient-weight-chart,https://www.bbcgoodfood.com/recipes/1669/ultimate-french-omelette,takarkuy-estimates-2026-10-01-v2
RCP-TMDB-52915,6,Chives,1 tbs chopped,,,,blocked,bahan/bentuk/komposisi belum dipetakan; tidak dibuang dari perhitungan,,https://www.bbcgoodfood.com/recipes/1669/ultimate-french-omelette,takarkuy-estimates-2026-10-01-v2
RCP-TMDB-52915,7,Gruyère,4 tbs,,,,blocked,bahan/bentuk/komposisi belum dipetakan; tidak dibuang dari perhitungan,,https://www.bbcgoodfood.com/recipes/1669/ultimate-french-omelette,takarkuy-estimates-2026-10-01-v2
RCP-TMDB-53257,1,Lamb,1kg,,1000.0,,blocked,bahan/bentuk/komposisi belum dipetakan; tidak dibuang dari perhitungan; konversi massa kg → g,https://www.nist.gov/pml/owm/metric-si/unit-conversion/approximate-conversions-us-customary-measures-metric,https://www.bbcgoodfood.com/recipes/diy-kofta-burgers,takarkuy-estimates-2026-10-01-v2
RCP-TMDB-53257,2,Onion,2,ING-BAWANG-BOMBAY,220.0,220.0,estimated,"asumsi TAKARKUY berat bagian termakan per unit 110 g; mengacu ukuran USDA, bukan bobot pasti produk",https://fdc.nal.usda.gov/download-datasets/,https://www.bbcgoodfood.com/recipes/diy-kofta-burgers,takarkuy-estimates-2026-10-01-v2
RCP-TMDB-53257,3,Garlic Bulb,1,,,,blocked,bahan/bentuk/komposisi belum dipetakan; tidak dibuang dari perhitungan,,https://www.bbcgoodfood.com/recipes/diy-kofta-burgers,takarkuy-estimates-2026-10-01-v2
RCP-TMDB-53257,4,Garam Masala,6 tablespoons,,,,blocked,bahan/bentuk/komposisi belum dipetakan; tidak dibuang dari perhitungan,,https://www.bbcgoodfood.com/recipes/diy-kofta-burgers,takarkuy-estimates-2026-10-01-v2
RCP-TMDB-53257,5,Coriander,Bunch,ING-KETUMBAR-BIJI,,,blocked,takaran belum dapat diperkirakan dengan aturan bahan,,https://www.bbcgoodfood.com/recipes/diy-kofta-burgers,takarkuy-estimates-2026-10-01-v2
RCP-TMDB-53257,6,Chilli Sauce,1 tablespoon,,,,blocked,bahan/bentuk/komposisi belum dipetakan; tidak dibuang dari perhitungan,,https://www.bbcgoodfood.com/recipes/diy-kofta-burgers,takarkuy-estimates-2026-10-01-v2
RCP-TMDB-53257,7,Pita Bread,8,,,,blocked,bahan/bentuk/komposisi belum dipetakan; tidak dibuang dari perhitungan,,https://www.bbcgoodfood.com/recipes/diy-kofta-burgers,takarkuy-estimates-2026-10-01-v2
RCP-TMDB-53257,8,Tomato,4 sliced,ING-TOMAT,492.0,492.0,estimated,"asumsi TAKARKUY berat bagian termakan per unit 123 g; mengacu ukuran USDA, bukan bobot pasti produk",https://fdc.nal.usda.gov/download-datasets/,https://www.bbcgoodfood.com/recipes/diy-kofta-burgers,takarkuy-estimates-2026-10-01-v2
RCP-TMDB-53257,9,Red Cabbage,1/2,,,,blocked,bahan/bentuk/komposisi belum dipetakan; tidak dibuang dari perhitungan,,https://www.bbcgoodfood.com/recipes/diy-kofta-burgers,takarkuy-estimates-2026-10-01-v2
RCP-TMDB-53257,10,Red Onions,1 sliced,ING-BAWANG-BOMBAY,110.0,110.0,estimated,"asumsi TAKARKUY berat bagian termakan per unit 110 g; mengacu ukuran USDA, bukan bobot pasti produk",https://fdc.nal.usda.gov/download-datasets/,https://www.bbcgoodfood.com/recipes/diy-kofta-burgers,takarkuy-estimates-2026-10-01-v2
RCP-TMDB-53257,11,Yogurt,Small pack,,,,blocked,bahan/bentuk/komposisi belum dipetakan; tidak dibuang dari perhitungan,,https://www.bbcgoodfood.com/recipes/diy-kofta-burgers,takarkuy-estimates-2026-10-01-v2
RCP-TMDB-52997,1,Rice,White,ING-BERAS-MEDIUM,,,blocked,takaran belum dapat diperkirakan dengan aturan bahan,,https://www.themealdb.com/meal/52997,takarkuy-estimates-2026-10-01-v2
RCP-TMDB-52997,2,Onion,1,ING-BAWANG-BOMBAY,110.0,110.0,estimated,"asumsi TAKARKUY berat bagian termakan per unit 110 g; mengacu ukuran USDA, bukan bobot pasti produk",https://fdc.nal.usda.gov/download-datasets/,https://www.themealdb.com/meal/52997,takarkuy-estimates-2026-10-01-v2
RCP-TMDB-52997,3,Lime,1,ING-JERUK-NIPIS,44.0,44.0,estimated,"asumsi TAKARKUY berat bagian termakan per unit 44 g; mengacu ukuran USDA, bukan bobot pasti produk",https://fdc.nal.usda.gov/download-datasets/,https://www.themealdb.com/meal/52997,takarkuy-estimates-2026-10-01-v2
RCP-TMDB-52997,4,Garlic Clove,3,ING-BAWANG-PUTIH,9.0,9.0,estimated,"asumsi TAKARKUY berat bagian termakan per unit 3 g; mengacu ukuran USDA, bukan bobot pasti produk",https://fdc.nal.usda.gov/download-datasets/,https://www.themealdb.com/meal/52997,takarkuy-estimates-2026-10-01-v2
RCP-TMDB-52997,5,Cucumber,1,ING-MENTIMUN,200.0,200.0,estimated,"asumsi TAKARKUY berat bagian termakan per unit 200 g; mengacu ukuran USDA, bukan bobot pasti produk",https://fdc.nal.usda.gov/download-datasets/,https://www.themealdb.com/meal/52997,takarkuy-estimates-2026-10-01-v2
RCP-TMDB-52997,6,Carrots,3 oz,ING-WORTEL,85.049,85.049,estimated,konversi massa oz → g,https://www.nist.gov/pml/owm/metric-si/unit-conversion/approximate-conversions-us-customary-measures-metric,https://www.themealdb.com/meal/52997,takarkuy-estimates-2026-10-01-v2
RCP-TMDB-52997,7,Ground Beef,1 lb,ING-DAGING-SAPI,453.592,453.592,estimated,konversi massa lb → g,https://www.nist.gov/pml/owm/metric-si/unit-conversion/approximate-conversions-us-customary-measures-metric,https://www.themealdb.com/meal/52997,takarkuy-estimates-2026-10-01-v2
RCP-TMDB-52997,8,Soy Sauce,2 oz,ING-KECAP-ASIN,56.699,56.699,estimated,konversi massa oz → g,https://www.nist.gov/pml/owm/metric-si/unit-conversion/approximate-conversions-us-customary-measures-metric,https://www.themealdb.com/meal/52997,takarkuy-estimates-2026-10-01-v2
